employee_id,name,company,ticker,department,level,performance_score,total_compensation_usd,tenure_years,potential_index,origin_region,socioeconomic_origin,first_generation_professional,adversity_origin_score,mental_strength
GOOG-0001,Daniel Chen,Alphabet (Google),GOOG,People/HR,Senior,87.5,490900,5.8,67.9,North America,Upper-middle,No,24.0,55.3
GOOG-0002,Wei Khan,Alphabet (Google),GOOG,Research & AI,Principal,97.9,726700,8.1,82.8,East Asia,Middle,No,51.3,70.1
GOOG-0003,Fatima Chen,Alphabet (Google),GOOG,Engineering,Staff,83.0,296200,6.6,62.5,Oceania,Middle,No,42.6,68.7
GOOG-0004,Samuel Johnson,Alphabet (Google),GOOG,Design,Senior,87.8,244300,3.8,57.0,North America,Middle,No,44.9,61.6
GOOG-0005,Yuki Martinez,Alphabet (Google),GOOG,Engineering,Senior,78.0,186600,12.4,67.3,North America,Middle,No,47.5,60.4
GOOG-0006,Priya Johnson,Alphabet (Google),GOOG,Engineering,Staff,70.2,291300,8.0,57.7,Europe,Upper-middle,Yes,52.1,62.8
GOOG-0007,Kevin Nguyen,Alphabet (Google),GOOG,Research & AI,Senior,83.9,216000,13.0,71.1,South Asia,Working class,Yes,99.1,73.7
GOOG-0008,Zoe Anderson,Alphabet (Google),GOOG,Sales & GTM,Staff,86.8,310500,10.3,64.5,South Asia,Affluent,No,19.6,73.2
GOOG-0009,Nina Park,Alphabet (Google),GOOG,Operations,Staff,96.5,293000,10.5,74.7,North America,Middle,No,45.6,60.9
GOOG-0010,Linda Brown,Alphabet (Google),GOOG,Engineering,Senior,78.7,407900,7.6,59.8,North America,Upper-middle,No,38.2,59.6
GOOG-0011,David Nguyen,Alphabet (Google),GOOG,Engineering,Staff,75.2,859800,9.8,64.2,North America,Lower-middle,Yes,70.1,82.9
GOOG-0012,Kevin Brown,Alphabet (Google),GOOG,Legal & Policy,Staff,58.4,156200,5.3,70.3,North America,Working class,No,78.3,60.0
GOOG-0013,Hannah Brown,Alphabet (Google),GOOG,Research & AI,VP,90.2,1094100,12.0,66.6,South Asia,Lower-middle,No,62.7,84.5
GOOG-0014,Maria Smith,Alphabet (Google),GOOG,Sales & GTM,Staff,89.2,1365800,12.1,61.9,North America,Middle,Yes,74.7,67.5
GOOG-0015,Hiroshi Yamamoto,Alphabet (Google),GOOG,Engineering,Staff,78.9,366100,9.2,66.3,Europe,Working class,Yes,87.7,63.9
GOOG-0016,Sofia Tanaka,Alphabet (Google),GOOG,Engineering,Staff,92.7,506600,8.6,63.3,North America,Lower-middle,Yes,72.8,72.3
GOOG-0017,Zoe Garcia,Alphabet (Google),GOOG,Research & AI,Principal,70.5,175500,15.2,67.4,South Asia,Middle,No,62.5,78.5
GOOG-0018,Fatima Smith,Alphabet (Google),GOOG,Sales & GTM,Senior,82.2,229300,3.8,60.3,North America,Upper-middle,No,37.9,57.1
GOOG-0019,Raj Wilson,Alphabet (Google),GOOG,Sales & GTM,Staff,58.1,323000,8.3,77.6,South Asia,Working class,Yes,91.5,75.5
GOOG-0020,Maria Anderson,Alphabet (Google),GOOG,Research & AI,Director,93.1,1097800,8.5,73.7,North America,Middle,Yes,59.1,68.1
GOOG-0021,Kevin Schmidt,Alphabet (Google),GOOG,Research & AI,Principal,94.5,1477200,13.9,71.1,Africa,Affluent,No,32.8,59.4
GOOG-0022,John Lee,Alphabet (Google),GOOG,Engineering,Senior,82.5,485600,3.8,57.6,Africa,Lower-middle,Yes,73.5,78.0
GOOG-0023,Hannah Murphy,Alphabet (Google),GOOG,Product,Senior,77.2,157400,7.2,63.8,East Asia,Middle,No,53.7,67.0
GOOG-0024,James Silva,Alphabet (Google),GOOG,Engineering,Director,70.2,526500,10.8,70.5,Latin America,Upper-middle,No,32.1,72.1
GOOG-0025,Mary Ali,Alphabet (Google),GOOG,Engineering,Staff,66.1,368400,16.2,71.7,East Asia,Working class,Yes,90.3,71.0
GOOG-0026,Hiroshi Chen,Alphabet (Google),GOOG,Sales & GTM,Director,85.7,1286800,12.3,68.6,North America,Lower-middle,Yes,58.2,73.7
GOOG-0027,Thomas Davis,Alphabet (Google),GOOG,Marketing,Senior,92.2,334700,5.2,64.0,South Asia,Working class,Yes,92.3,76.5
GOOG-0028,Olivia Johnson,Alphabet (Google),GOOG,Legal & Policy,Principal,95.6,266300,4.7,73.9,North America,Lower-middle,Yes,96.9,77.6
GOOG-0029,Priya Wang,Alphabet (Google),GOOG,Finance,Director,80.9,1664900,7.9,80.7,Southeast Asia,Lower-middle,No,73.0,73.1
GOOG-0030,Daniel Rossi,Alphabet (Google),GOOG,People/HR,Staff,86.4,398600,6.6,67.2,South Asia,Upper-middle,No,31.2,68.4
GOOG-0031,Mary Schmidt,Alphabet (Google),GOOG,Engineering,Senior,75.7,268700,7.6,62.8,Latin America,Working class,No,99.7,66.3
GOOG-0032,Grace Chen,Alphabet (Google),GOOG,Engineering,Director,98.9,359500,4.8,73.0,North America,Lower-middle,No,77.8,82.6
GOOG-0033,James Murphy,Alphabet (Google),GOOG,People/HR,Principal,94.9,1066400,9.6,74.0,North America,Middle,No,55.7,62.4
GOOG-0034,Maria Yamamoto,Alphabet (Google),GOOG,Design,SVP,84.4,1399100,9.1,72.2,Europe,Middle,No,42.2,67.5
GOOG-0035,Wei Chen,Alphabet (Google),GOOG,Research & AI,Senior,78.2,275200,3.3,64.5,East Asia,Upper-middle,No,31.5,52.2
GOOG-0036,David Wilson,Alphabet (Google),GOOG,Product,Staff,78.4,237000,2.6,69.0,North America,Affluent,No,17.4,51.5
GOOG-0037,Nina Murphy,Alphabet (Google),GOOG,Research & AI,Director,78.1,437400,3.4,72.7,North America,Middle,No,55.7,74.3
GOOG-0038,Yuki Yamamoto,Alphabet (Google),GOOG,Sales & GTM,Staff,65.9,155400,5.3,69.3,North America,Upper-middle,No,47.8,77.6
GOOG-0039,Michael Patel,Alphabet (Google),GOOG,Legal & Policy,Director,73.7,331300,12.0,74.2,East Asia,Upper-middle,No,43.4,77.6
GOOG-0040,Carlos Okafor,Alphabet (Google),GOOG,Engineering,Principal,77.6,450700,4.4,64.7,South Asia,Working class,Yes,98.9,66.2
GOOG-0041,Grace Yamamoto,Alphabet (Google),GOOG,Engineering,Staff,86.7,459400,11.3,63.5,South Asia,Upper-middle,No,42.4,59.1
GOOG-0042,Thomas Patel,Alphabet (Google),GOOG,Engineering,Senior,76.6,436800,13.4,57.5,North America,Upper-middle,No,52.9,84.0
GOOG-0043,Grace Cohen,Alphabet (Google),GOOG,Engineering,Principal,80.1,633000,4.3,64.9,Africa,Middle,No,56.0,61.2
GOOG-0044,Thomas Murphy,Alphabet (Google),GOOG,Engineering,Staff,73.1,179000,9.9,71.5,East Asia,Lower-middle,No,49.3,58.6
GOOG-0045,Mary Murphy,Alphabet (Google),GOOG,Legal & Policy,Senior,86.2,166600,4.3,40.4,South Asia,Middle,No,51.9,57.0
GOOG-0046,Ahmed Chen,Alphabet (Google),GOOG,Product,Staff,70.3,569200,12.3,70.4,East Asia,Middle,Yes,56.9,82.1
GOOG-0047,Thomas Wilson,Alphabet (Google),GOOG,Engineering,Staff,79.6,348900,20.8,53.8,East Asia,Working class,Yes,85.8,78.6
GOOG-0048,Zoe Patel,Alphabet (Google),GOOG,Operations,Senior,71.6,261000,2.3,70.8,Latin America,Middle,No,43.6,94.9
GOOG-0049,Elena Silva,Alphabet (Google),GOOG,Sales & GTM,Principal,79.6,307600,3.8,68.6,North America,Upper-middle,Yes,38.5,63.7
GOOG-0050,Aisha Singh,Alphabet (Google),GOOG,Sales & GTM,Staff,89.5,336900,9.2,71.5,North America,Working class,No,89.9,78.7
GOOG-0051,Thomas Lee,Alphabet (Google),GOOG,Research & AI,Senior,71.4,269400,3.6,59.2,South Asia,Middle,Yes,62.1,70.8
GOOG-0052,Grace Smith,Alphabet (Google),GOOG,Research & AI,Senior,77.9,324500,12.0,63.2,North America,Working class,Yes,86.0,90.1
GOOG-0053,Maria Martinez,Alphabet (Google),GOOG,Research & AI,Principal,95.9,388900,6.1,67.6,East Asia,Middle,No,46.1,56.9
GOOG-0054,Samuel Okafor,Alphabet (Google),GOOG,Research & AI,Principal,74.6,1194200,5.1,59.4,North America,Affluent,No,26.6,60.9
GOOG-0055,Maria Hassan,Alphabet (Google),GOOG,Engineering,Director,80.7,689900,25.4,62.9,North America,Middle,No,52.5,61.4
GOOG-0056,Arjun Brown,Alphabet (Google),GOOG,Engineering,VP,90.9,1038600,12.4,77.6,East Asia,Lower-middle,Yes,84.8,80.2
GOOG-0057,Wei Wilson,Alphabet (Google),GOOG,Design,Staff,65.1,366300,2.6,59.2,Southeast Asia,Working class,No,72.5,57.2
GOOG-0058,Emily Patel,Alphabet (Google),GOOG,Engineering,Staff,73.9,394900,1.7,65.4,North America,Working class,Yes,89.7,72.5
GOOG-0059,Kevin Wang,Alphabet (Google),GOOG,Design,Senior,97.7,103600,5.7,59.4,North America,Upper-middle,No,30.0,61.0
GOOG-0060,Michael Patel,Alphabet (Google),GOOG,Engineering,Principal,80.8,382600,7.6,79.6,North America,Upper-middle,No,40.0,69.0
GOOG-0061,Arjun Patel,Alphabet (Google),GOOG,Product,Senior,65.1,277800,4.0,71.6,North America,Lower-middle,Yes,82.6,67.8
GOOG-0062,Hannah Anderson,Alphabet (Google),GOOG,Product,Director,79.6,1162000,5.0,69.4,East Asia,Affluent,No,26.9,55.0
GOOG-0063,Daniel Lee,Alphabet (Google),GOOG,Product,Director,85.2,249100,13.7,67.5,South Asia,Working class,Yes,94.8,74.2
GOOG-0064,Daniel Garcia,Alphabet (Google),GOOG,Operations,Senior,75.7,326200,11.5,62.8,East Asia,Upper-middle,No,35.0,64.1
GOOG-0065,Raj Brown,Alphabet (Google),GOOG,Sales & GTM,Senior,75.2,367100,10.4,72.9,South Asia,Working class,Yes,92.1,71.9
GOOG-0066,Yuki Davis,Alphabet (Google),GOOG,People/HR,Staff,81.4,258000,22.0,56.8,Africa,Middle,No,51.8,67.1
GOOG-0067,Priya Petrov,Alphabet (Google),GOOG,Product,Staff,83.0,684200,12.6,76.5,Europe,Middle,No,51.8,67.5
GOOG-0068,John Schmidt,Alphabet (Google),GOOG,Engineering,Senior,91.4,284600,6.8,67.3,East Asia,Affluent,No,26.6,74.1
GOOG-0069,Kevin Ali,Alphabet (Google),GOOG,Research & AI,Senior,77.8,188900,2.7,68.3,Latin America,Working class,Yes,100.0,73.3
GOOG-0070,Mary Singh,Alphabet (Google),GOOG,Design,Director,78.0,720400,4.2,60.1,East Asia,Upper-middle,No,37.5,70.1
GOOG-0071,Priya Wilson,Alphabet (Google),GOOG,Engineering,Director,100.0,769700,5.7,85.4,South Asia,Middle,No,53.0,88.1
GOOG-0072,Linda Singh,Alphabet (Google),GOOG,Engineering,Senior,87.1,137000,12.1,65.6,North America,Middle,Yes,61.2,62.7
GOOG-0073,Michael Nguyen,Alphabet (Google),GOOG,Research & AI,Director,79.7,1809700,10.2,72.8,North America,Middle,No,54.6,60.3
GOOG-0074,Priya Chen,Alphabet (Google),GOOG,Engineering,Staff,93.2,566700,1.3,70.0,South Asia,Middle,No,56.8,79.5
GOOG-0075,Carlos Johnson,Alphabet (Google),GOOG,Finance,Senior,75.4,173500,6.7,58.5,North America,Working class,Yes,95.0,71.3
GOOG-0076,Sofia Khan,Alphabet (Google),GOOG,Engineering,Senior,88.3,114100,4.6,58.5,Latin America,Lower-middle,Yes,64.8,69.7
GOOG-0077,John Petrov,Alphabet (Google),GOOG,Research & AI,Senior,71.1,140800,13.0,74.3,Oceania,Lower-middle,Yes,68.1,80.9
GOOG-0078,Aisha Lopez,Alphabet (Google),GOOG,People/HR,Staff,97.9,323300,9.7,67.6,East Asia,Upper-middle,No,37.6,68.2
GOOG-0079,John Lopez,Alphabet (Google),GOOG,Finance,Senior,80.1,664900,9.3,61.9,South Asia,Upper-middle,No,47.2,73.7
GOOG-0080,Mary Garcia,Alphabet (Google),GOOG,Product,Principal,74.4,743500,7.7,78.1,Europe,Lower-middle,Yes,77.2,75.7
GOOG-0081,Kevin Anderson,Alphabet (Google),GOOG,Marketing,Staff,87.9,792300,3.4,63.9,North America,Affluent,No,24.8,54.6
GOOG-0082,Elena Davis,Alphabet (Google),GOOG,Engineering,VP,67.1,924300,10.5,72.1,Europe,Middle,No,53.3,81.0
GOOG-0083,Priya Brown,Alphabet (Google),GOOG,Product,Senior,78.6,222800,10.5,65.2,South Asia,Middle,Yes,55.4,73.7
GOOG-0084,Fatima Cohen,Alphabet (Google),GOOG,Engineering,VP,95.3,506200,10.1,76.9,South Asia,Lower-middle,Yes,62.9,66.4
GOOG-0085,Michael Wilson,Alphabet (Google),GOOG,Operations,Director,69.1,170000,4.2,68.3,North America,Working class,No,72.5,84.9
GOOG-0086,Arjun Brown,Alphabet (Google),GOOG,Product,Staff,62.4,218300,8.9,67.5,South Asia,Middle,No,34.3,80.2
GOOG-0087,Aisha Schmidt,Alphabet (Google),GOOG,Marketing,VP,88.0,683400,16.7,75.3,North America,Lower-middle,Yes,57.9,72.6
GOOG-0088,Samuel Garcia,Alphabet (Google),GOOG,Product,Staff,81.7,693100,4.4,77.3,North America,Upper-middle,No,37.2,75.6
GOOG-0089,Nina Johnson,Alphabet (Google),GOOG,Operations,Principal,91.6,342700,13.5,65.6,South Asia,Upper-middle,No,35.5,71.7
GOOG-0090,Sofia Murphy,Alphabet (Google),GOOG,Product,SVP,81.6,1954600,12.9,81.2,North America,Lower-middle,Yes,71.8,65.4
GOOG-0091,Olivia Reyes,Alphabet (Google),GOOG,Finance,VP,100.0,2603900,10.4,75.0,East Asia,Lower-middle,No,73.6,90.1
GOOG-0092,Arjun Cohen,Alphabet (Google),GOOG,Engineering,Senior,65.9,219300,3.5,56.2,Europe,Working class,Yes,100.0,91.3
GOOG-0093,Priya Johnson,Alphabet (Google),GOOG,Engineering,Staff,76.3,141900,10.2,70.5,East Asia,Middle,No,63.0,62.7
GOOG-0094,Michael Wilson,Alphabet (Google),GOOG,Engineering,Staff,68.4,438800,8.6,74.5,North America,Lower-middle,No,71.8,78.6
GOOG-0095,James Tanaka,Alphabet (Google),GOOG,Engineering,Senior,88.6,502400,6.3,62.5,North America,Upper-middle,No,33.1,77.2
GOOG-0096,Fatima Nguyen,Alphabet (Google),GOOG,Engineering,Staff,86.1,631000,8.8,76.5,East Asia,Lower-middle,Yes,74.5,64.7
GOOG-0097,Ahmed Silva,Alphabet (Google),GOOG,People/HR,Staff,92.7,233100,3.0,70.5,North America,Lower-middle,No,72.1,76.6
GOOG-0098,Wei Tanaka,Alphabet (Google),GOOG,Engineering,Staff,82.1,248900,4.0,84.6,North America,Lower-middle,No,60.6,80.7
GOOG-0099,Fatima Brown,Alphabet (Google),GOOG,Operations,Senior Director,90.3,490200,10.1,77.7,North America,Working class,Yes,88.6,84.6
GOOG-0100,Sofia Johnson,Alphabet (Google),GOOG,People/HR,Senior,57.6,270100,5.1,66.9,Latin America,Upper-middle,No,28.3,40.8
GOOG-0101,Carlos Patel,Alphabet (Google),GOOG,Sales & GTM,Staff,61.5,317400,12.8,61.0,Europe,Lower-middle,No,69.7,53.6
GOOG-0102,Thomas Petrov,Alphabet (Google),GOOG,Product,Principal,76.3,285600,3.9,64.7,North America,Middle,No,41.3,60.7
GOOG-0103,David Garcia,Alphabet (Google),GOOG,Engineering,Senior,72.7,161400,3.4,67.0,North America,Lower-middle,No,79.3,71.6
GOOG-0104,Mary Lopez,Alphabet (Google),GOOG,Sales & GTM,Senior Director,88.1,1186900,16.8,61.1,East Asia,Middle,Yes,62.9,74.1
GOOG-0105,Priya Schmidt,Alphabet (Google),GOOG,Engineering,Senior,82.2,295100,12.4,55.3,South Asia,Upper-middle,No,32.2,64.6
GOOG-0106,Yuki Davis,Alphabet (Google),GOOG,Legal & Policy,Director,79.5,494300,10.8,67.8,North America,Affluent,No,22.9,65.9
GOOG-0107,David Wang,Alphabet (Google),GOOG,Legal & Policy,Principal,82.1,1159600,7.0,73.6,South Asia,Lower-middle,No,65.9,80.7
GOOG-0108,Emily Davis,Alphabet (Google),GOOG,Research & AI,VP,85.5,2356200,9.0,78.8,East Asia,Middle,No,51.0,80.3
GOOG-0109,Zoe Silva,Alphabet (Google),GOOG,Research & AI,Senior,85.9,200800,3.3,65.8,North America,Working class,Yes,96.0,65.3
GOOG-0110,Mary Kim,Alphabet (Google),GOOG,Legal & Policy,Senior,85.4,427900,10.8,67.0,Latin America,Middle,No,46.6,82.8
GOOG-0111,Emily Okafor,Alphabet (Google),GOOG,Research & AI,Senior,74.1,275500,5.1,66.8,East Asia,Middle,Yes,66.0,80.1
GOOG-0112,Daniel Patel,Alphabet (Google),GOOG,Research & AI,Staff,67.5,684100,5.0,61.6,South Asia,Upper-middle,No,29.9,43.2
GOOG-0113,Zoe Yamamoto,Alphabet (Google),GOOG,Research & AI,Principal,86.6,479400,13.3,61.0,North America,Middle,Yes,59.9,79.4
GOOG-0114,Elena Smith,Alphabet (Google),GOOG,Research & AI,Senior,66.1,419300,2.8,67.9,East Asia,Middle,No,58.4,63.1
GOOG-0115,Aisha Nguyen,Alphabet (Google),GOOG,Research & AI,Director,78.7,750800,8.7,66.1,South Asia,Affluent,No,13.2,56.1
GOOG-0116,Wei Schmidt,Alphabet (Google),GOOG,Engineering,Director,71.9,1380200,5.1,81.1,North America,Lower-middle,Yes,78.4,73.2
GOOG-0117,Wei Tanaka,Alphabet (Google),GOOG,Engineering,Director,96.7,524700,9.0,82.6,Southeast Asia,Upper-middle,No,36.6,69.2
GOOG-0118,Carlos Smith,Alphabet (Google),GOOG,Research & AI,Staff,79.1,835700,6.3,66.3,Latin America,Middle,No,67.1,73.0
GOOG-0119,Ahmed Silva,Alphabet (Google),GOOG,Product,Director,72.3,489700,3.6,77.6,South Asia,Working class,Yes,86.0,85.6
GOOG-0120,Mary Schmidt,Alphabet (Google),GOOG,Design,Senior,77.9,115200,5.5,66.8,North America,Lower-middle,No,66.3,56.8
GOOG-0121,Aisha Yamamoto,Alphabet (Google),GOOG,Product,Staff,85.3,622500,8.8,62.2,Europe,Middle,Yes,72.7,67.9
GOOG-0122,Ahmed Lopez,Alphabet (Google),GOOG,Engineering,Senior,84.7,273500,11.9,73.5,South Asia,Affluent,No,18.8,75.2
GOOG-0123,Mary Hassan,Alphabet (Google),GOOG,Operations,Senior,67.6,145500,18.4,52.6,Middle East,Upper-middle,Yes,37.7,57.5
GOOG-0124,Priya Okafor,Alphabet (Google),GOOG,Research & AI,Staff,85.0,186800,3.7,69.8,South Asia,Lower-middle,No,56.4,60.5
GOOG-0125,James Park,Alphabet (Google),GOOG,Marketing,Senior,79.4,204200,7.4,71.5,North America,Lower-middle,Yes,84.3,68.7
GOOG-0126,Thomas Schmidt,Alphabet (Google),GOOG,Product,Senior,79.5,290100,3.5,70.2,North America,Affluent,No,32.8,59.6
GOOG-0127,Maria Tanaka,Alphabet (Google),GOOG,Engineering,Senior,68.8,231000,9.4,57.1,Africa,Middle,No,48.5,66.9
GOOG-0128,Zoe Okafor,Alphabet (Google),GOOG,Engineering,Staff,69.6,235600,8.3,59.5,North America,Middle,No,60.4,58.2
GOOG-0129,Daniel Rossi,Alphabet (Google),GOOG,Research & AI,Director,81.6,329200,5.3,77.1,North America,Middle,No,43.9,62.1
GOOG-0130,Aisha Yamamoto,Alphabet (Google),GOOG,Design,Senior,89.9,682000,6.1,71.9,Africa,Lower-middle,No,64.5,79.4
GOOG-0131,Yuki Lee,Alphabet (Google),GOOG,Product,Principal,68.2,682200,2.5,54.4,East Asia,Middle,No,52.0,39.4
GOOG-0132,Chen Murphy,Alphabet (Google),GOOG,Research & AI,Senior,84.4,454800,12.2,66.3,Middle East,Lower-middle,Yes,81.0,72.9
GOOG-0133,Zoe Cohen,Alphabet (Google),GOOG,People/HR,Staff,81.0,401200,10.8,50.2,South Asia,Middle,No,58.8,65.7
GOOG-0134,Raj Nguyen,Alphabet (Google),GOOG,Operations,Senior,58.3,210500,5.0,67.5,North America,Lower-middle,No,73.5,58.0
GOOG-0135,David Reyes,Alphabet (Google),GOOG,Design,SVP,89.0,1981600,11.9,75.3,East Asia,Working class,Yes,88.8,78.9
GOOG-0136,Wei Ali,Alphabet (Google),GOOG,Research & AI,Principal,77.1,2369800,18.1,64.6,North America,Middle,No,52.9,76.1
GOOG-0137,Wei Lee,Alphabet (Google),GOOG,Product,Principal,80.7,217100,4.7,71.6,Latin America,Upper-middle,No,39.5,58.6
GOOG-0138,Grace Smith,Alphabet (Google),GOOG,Engineering,Senior,82.6,282900,4.8,72.1,East Asia,Middle,Yes,62.4,61.9
GOOG-0139,Wei Davis,Alphabet (Google),GOOG,Engineering,Senior,90.9,345800,4.5,68.0,North America,Upper-middle,No,31.8,59.1
GOOG-0140,Grace Brown,Alphabet (Google),GOOG,Engineering,Senior,79.9,1630100,10.1,68.2,South Asia,Working class,Yes,97.2,82.2
GOOG-0141,Emily Kim,Alphabet (Google),GOOG,Research & AI,Principal,94.3,278500,8.9,65.4,North America,Affluent,No,22.7,51.1
GOOG-0142,Hiroshi Brown,Alphabet (Google),GOOG,Marketing,Director,89.0,388200,6.8,72.1,South Asia,Middle,No,53.9,71.2
GOOG-0143,Ahmed Okafor,Alphabet (Google),GOOG,Operations,Staff,67.1,369200,3.7,64.0,North America,Lower-middle,Yes,76.6,79.5
GOOG-0144,Elena Tanaka,Alphabet (Google),GOOG,Engineering,Staff,86.9,334600,12.0,66.3,North America,Working class,No,85.0,82.9
GOOG-0145,Raj Wang,Alphabet (Google),GOOG,Engineering,Staff,77.5,328800,15.5,68.0,East Asia,Working class,Yes,92.1,61.3
GOOG-0146,James Wang,Alphabet (Google),GOOG,Finance,Principal,75.6,165300,19.0,67.3,North America,Working class,No,73.3,67.8
GOOG-0147,Samuel Wilson,Alphabet (Google),GOOG,Research & AI,Senior,79.2,262700,5.7,82.1,South Asia,Lower-middle,Yes,92.6,93.0
GOOG-0148,Hannah Davis,Alphabet (Google),GOOG,Engineering,Staff,69.3,151300,9.5,64.8,East Asia,Lower-middle,Yes,67.1,75.2
GOOG-0149,David Lee,Alphabet (Google),GOOG,Product,Principal,72.9,383300,3.4,59.3,Southeast Asia,Middle,Yes,62.6,69.8
GOOG-0150,Chen Hassan,Alphabet (Google),GOOG,Research & AI,Staff,83.7,635000,5.1,70.9,Latin America,Lower-middle,Yes,74.6,69.5
GOOG-0151,Raj Smith,Alphabet (Google),GOOG,Engineering,Senior,99.8,171600,3.1,63.9,North America,Affluent,No,12.0,49.6
GOOG-0152,Nina Brown,Alphabet (Google),GOOG,Finance,C-Suite,70.4,1145800,9.2,74.8,Southeast Asia,Lower-middle,Yes,77.6,60.0
GOOG-0153,Samuel Singh,Alphabet (Google),GOOG,Engineering,Director,92.2,568000,9.7,66.8,North America,Affluent,No,15.4,69.9
GOOG-0154,Grace Nguyen,Alphabet (Google),GOOG,Marketing,Principal,68.6,456000,6.1,73.8,North America,Working class,No,78.8,74.7
GOOG-0155,Chen Johnson,Alphabet (Google),GOOG,Product,Principal,70.1,717200,5.0,63.5,South Asia,Working class,Yes,90.9,75.2
GOOG-0156,Ahmed Reyes,Alphabet (Google),GOOG,Engineering,Senior,88.2,190500,8.5,68.0,North America,Upper-middle,No,34.1,68.6
GOOG-0157,Chen Nguyen,Alphabet (Google),GOOG,Research & AI,Senior,89.6,501100,8.2,66.6,North America,Upper-middle,No,37.8,54.5
GOOG-0158,Fatima Martinez,Alphabet (Google),GOOG,Engineering,Senior,63.9,137000,2.9,59.1,North America,Middle,No,48.4,70.4
GOOG-0159,Yuki Wilson,Alphabet (Google),GOOG,Design,Principal,64.9,620200,7.3,69.8,Europe,Working class,Yes,94.0,80.1
GOOG-0160,Thomas Khan,Alphabet (Google),GOOG,Product,Principal,77.2,560300,5.7,62.7,North America,Middle,No,49.9,63.1
GOOG-0161,Daniel Johnson,Alphabet (Google),GOOG,Marketing,Principal,88.4,1399200,12.6,60.5,South Asia,Upper-middle,Yes,67.1,51.5
GOOG-0162,James Petrov,Alphabet (Google),GOOG,Engineering,VP,81.7,1403000,7.0,69.7,North America,Affluent,No,21.6,57.6
GOOG-0163,Yuki Martinez,Alphabet (Google),GOOG,Product,Principal,78.1,882100,8.1,61.0,North America,Lower-middle,Yes,73.4,54.6
GOOG-0164,Olivia Garcia,Alphabet (Google),GOOG,Marketing,Principal,57.9,323400,5.6,62.7,North America,Upper-middle,No,37.4,65.5
GOOG-0165,James Park,Alphabet (Google),GOOG,Finance,Senior,84.0,182300,2.8,74.4,North America,Middle,Yes,62.4,71.1
GOOG-0166,Mary Smith,Alphabet (Google),GOOG,Design,Principal,81.4,283500,6.1,79.9,North America,Lower-middle,Yes,74.9,79.8
GOOG-0167,Priya Smith,Alphabet (Google),GOOG,Marketing,Principal,71.5,553800,6.7,70.3,Europe,Middle,No,54.2,79.4
GOOG-0168,Maria Wang,Alphabet (Google),GOOG,Engineering,VP,94.7,1464100,11.3,79.0,North America,Middle,No,60.4,59.6
GOOG-0169,Michael Anderson,Alphabet (Google),GOOG,Research & AI,Principal,81.0,388200,8.4,64.1,North America,Upper-middle,No,33.3,54.5
GOOG-0170,Michael Yamamoto,Alphabet (Google),GOOG,Finance,Staff,73.8,500900,6.3,65.1,East Asia,Working class,Yes,92.1,71.2
GOOG-0171,Arjun Lee,Alphabet (Google),GOOG,Engineering,Staff,73.5,327100,17.0,51.0,North America,Working class,Yes,79.4,71.0
GOOG-0172,Mary Reyes,Alphabet (Google),GOOG,Engineering,Principal,84.2,323000,9.2,73.9,North America,Affluent,No,23.7,66.9
GOOG-0173,Priya Patel,Alphabet (Google),GOOG,Engineering,Staff,87.6,527600,4.7,78.6,Middle East,Affluent,No,20.8,80.6
GOOG-0174,Raj Lee,Alphabet (Google),GOOG,Engineering,Principal,54.3,938500,14.3,79.8,South Asia,Working class,Yes,88.6,58.0
GOOG-0175,Zoe Chen,Alphabet (Google),GOOG,Sales & GTM,Principal,88.1,296800,7.4,69.6,East Asia,Affluent,No,33.9,68.2
GOOG-0176,Chen Johnson,Alphabet (Google),GOOG,Engineering,Director,74.9,697100,8.7,69.7,Middle East,Working class,Yes,90.3,76.8
GOOG-0177,Priya Murphy,Alphabet (Google),GOOG,Sales & GTM,SVP,88.2,1782500,12.8,84.1,North America,Affluent,No,22.5,55.7
GOOG-0178,Raj Martinez,Alphabet (Google),GOOG,Product,Principal,82.6,512200,10.2,76.9,North America,Lower-middle,No,76.9,64.8
GOOG-0179,Chen Singh,Alphabet (Google),GOOG,Sales & GTM,Staff,74.5,507200,20.6,58.3,Europe,Affluent,No,33.8,74.9
GOOG-0180,Linda Lee,Alphabet (Google),GOOG,Operations,Senior,81.5,298100,10.1,64.5,Southeast Asia,Middle,No,55.3,55.4
GOOG-0181,David Wang,Alphabet (Google),GOOG,Finance,Staff,82.4,326900,5.7,60.1,Middle East,Middle,No,37.3,62.3
GOOG-0182,Grace Khan,Alphabet (Google),GOOG,Product,Principal,71.2,799700,6.6,69.4,East Asia,Middle,No,52.0,70.1
GOOG-0183,Yuki Lopez,Alphabet (Google),GOOG,Sales & GTM,Senior,80.1,353000,4.8,68.5,North America,Affluent,No,40.8,60.6
GOOG-0184,Arjun Anderson,Alphabet (Google),GOOG,Engineering,Staff,80.8,116800,10.5,62.5,Southeast Asia,Lower-middle,No,65.1,69.4
GOOG-0185,Maria Cohen,Alphabet (Google),GOOG,Research & AI,Senior,87.1,300500,12.9,47.9,North America,Middle,No,65.5,61.6
GOOG-0186,Raj Johnson,Alphabet (Google),GOOG,Research & AI,Senior,85.0,281000,7.8,67.4,East Asia,Middle,Yes,57.4,74.9
GOOG-0187,Maria Park,Alphabet (Google),GOOG,Engineering,Staff,65.6,256400,5.3,68.9,South Asia,Middle,Yes,72.8,77.5
GOOG-0188,Maria Hassan,Alphabet (Google),GOOG,Engineering,Senior,94.4,245200,9.6,60.4,East Asia,Working class,Yes,91.6,78.7
GOOG-0189,Arjun Kim,Alphabet (Google),GOOG,Engineering,Principal,86.7,1028800,5.1,64.0,North America,Middle,No,62.6,88.7
GOOG-0190,Aisha Hassan,Alphabet (Google),GOOG,People/HR,Senior,82.7,603600,3.6,72.9,East Asia,Lower-middle,Yes,62.3,91.3
GOOG-0191,Mary Cohen,Alphabet (Google),GOOG,Engineering,Director,97.8,877100,7.0,77.9,East Asia,Lower-middle,No,66.4,77.0
GOOG-0192,Daniel Chen,Alphabet (Google),GOOG,Sales & GTM,Director,82.7,747000,9.0,68.6,North America,Upper-middle,No,28.3,67.9
GOOG-0193,Aisha Petrov,Alphabet (Google),GOOG,Engineering,Senior,76.9,202900,5.2,65.0,Southeast Asia,Upper-middle,No,29.8,54.7
GOOG-0194,Sofia Khan,Alphabet (Google),GOOG,People/HR,Director,72.3,593300,6.0,74.6,Middle East,Middle,No,55.0,74.3
GOOG-0195,David Lee,Alphabet (Google),GOOG,Research & AI,SVP,76.1,1673100,8.1,79.7,South Asia,Affluent,No,33.5,61.0
GOOG-0196,Elena Tanaka,Alphabet (Google),GOOG,Engineering,Senior Director,87.9,1112800,11.2,61.6,East Asia,Lower-middle,No,69.4,68.0
GOOG-0197,Olivia Hassan,Alphabet (Google),GOOG,Sales & GTM,Principal,92.9,622600,6.9,75.0,North America,Middle,No,54.8,65.2
GOOG-0198,Sofia Kim,Alphabet (Google),GOOG,Product,Senior,84.6,350800,3.1,77.3,North America,Working class,Yes,90.5,69.5
GOOG-0199,Hiroshi Kim,Alphabet (Google),GOOG,Sales & GTM,SVP,99.0,516400,8.3,77.0,Africa,Upper-middle,No,38.0,76.7
GOOG-0200,Hiroshi Okafor,Alphabet (Google),GOOG,Engineering,Senior,84.7,169500,6.2,64.4,East Asia,Upper-middle,No,42.8,58.2
GOOG-0201,Nina Schmidt,Alphabet (Google),GOOG,Engineering,Senior,79.7,202500,2.0,65.0,North America,Lower-middle,No,77.8,70.1
GOOG-0202,Aisha Okafor,Alphabet (Google),GOOG,Research & AI,Senior,79.5,397200,10.1,58.3,North America,Working class,Yes,83.3,81.7
GOOG-0203,Yuki Hassan,Alphabet (Google),GOOG,Marketing,Staff,84.1,174400,8.1,78.9,North America,Working class,Yes,85.8,82.4
GOOG-0204,Mary Rossi,Alphabet (Google),GOOG,People/HR,Staff,63.3,126300,7.8,73.6,North America,Affluent,No,35.0,71.4
GOOG-0205,Yuki Okafor,Alphabet (Google),GOOG,Operations,Staff,77.6,365700,8.4,80.7,North America,Working class,Yes,84.0,71.6
GOOG-0206,Chen Park,Alphabet (Google),GOOG,Research & AI,VP,69.5,998000,19.0,68.0,North America,Working class,No,75.7,79.4
GOOG-0207,Olivia Murphy,Alphabet (Google),GOOG,People/HR,Principal,89.3,1112400,6.4,72.2,East Asia,Middle,No,44.8,69.4
GOOG-0208,Grace Murphy,Alphabet (Google),GOOG,Engineering,Director,80.5,477000,5.1,62.3,North America,Middle,Yes,54.6,73.7
GOOG-0209,Aisha Nguyen,Alphabet (Google),GOOG,Engineering,Staff,89.1,316900,9.0,56.9,Latin America,Working class,Yes,86.4,69.6
GOOG-0210,Aisha Park,Alphabet (Google),GOOG,Product,Principal,84.4,155700,10.8,58.1,South Asia,Upper-middle,No,37.5,55.5
GOOG-0211,Elena Okafor,Alphabet (Google),GOOG,Engineering,Senior Director,100.0,458500,9.2,77.4,North America,Lower-middle,Yes,71.5,76.6
GOOG-0212,Daniel Petrov,Alphabet (Google),GOOG,Engineering,Staff,76.9,620300,11.6,69.9,North America,Middle,No,61.5,71.9
GOOG-0213,Zoe Garcia,Alphabet (Google),GOOG,Product,Senior,83.7,77700,1.7,65.5,South Asia,Middle,No,52.3,75.2
GOOG-0214,Yuki Patel,Alphabet (Google),GOOG,Engineering,Staff,85.6,393800,13.7,68.2,North America,Middle,Yes,52.5,75.1
GOOG-0215,Zoe Davis,Alphabet (Google),GOOG,Research & AI,Senior Director,92.5,928000,8.6,65.0,North America,Middle,No,44.2,76.1
GOOG-0216,Hannah Nguyen,Alphabet (Google),GOOG,Finance,Senior Director,81.9,1451200,9.2,75.0,East Asia,Upper-middle,No,28.3,64.6
GOOG-0217,Daniel Murphy,Alphabet (Google),GOOG,Product,Staff,81.1,246600,7.1,61.1,Europe,Lower-middle,Yes,68.4,75.1
GOOG-0218,Fatima Schmidt,Alphabet (Google),GOOG,Engineering,Senior,66.2,81500,9.6,50.9,Europe,Middle,No,63.5,67.0
GOOG-0219,Michael Brown,Alphabet (Google),GOOG,Engineering,Staff,91.8,292700,4.9,77.6,North America,Middle,No,45.5,58.8
GOOG-0220,Elena Wilson,Alphabet (Google),GOOG,Sales & GTM,Senior Director,87.6,1152500,8.4,63.1,Africa,Lower-middle,Yes,69.0,63.7
GOOG-0221,Kevin Murphy,Alphabet (Google),GOOG,Sales & GTM,Senior,79.0,479700,2.6,76.1,North America,Affluent,No,30.1,78.7
GOOG-0222,Emily Petrov,Alphabet (Google),GOOG,Engineering,Senior,81.9,227800,5.4,53.3,East Asia,Working class,Yes,87.7,72.2
GOOG-0223,Thomas Garcia,Alphabet (Google),GOOG,Research & AI,Senior Director,87.3,710800,10.9,67.6,Europe,Lower-middle,Yes,77.9,83.1
GOOG-0224,Thomas Johnson,Alphabet (Google),GOOG,Marketing,VP,76.9,955900,14.6,75.4,North America,Lower-middle,No,58.5,61.5
GOOG-0225,Carlos Lee,Alphabet (Google),GOOG,People/HR,Staff,76.9,196400,7.0,68.6,East Asia,Middle,Yes,59.6,71.3
GOOG-0226,Daniel Lopez,Alphabet (Google),GOOG,Engineering,Senior,76.0,234000,3.4,55.0,North America,Middle,Yes,63.0,52.4
GOOG-0227,Chen Ali,Alphabet (Google),GOOG,Sales & GTM,Senior,77.8,147100,2.4,66.4,North America,Lower-middle,Yes,73.2,81.3
GOOG-0228,Wei Patel,Alphabet (Google),GOOG,Sales & GTM,VP,80.4,1024600,11.0,64.2,North America,Lower-middle,Yes,69.7,77.1
GOOG-0229,Linda Rossi,Alphabet (Google),GOOG,Sales & GTM,VP,89.5,1323300,12.1,67.9,Africa,Lower-middle,Yes,82.8,87.4
GOOG-0230,Thomas Murphy,Alphabet (Google),GOOG,Engineering,Staff,88.8,578400,6.4,65.6,South Asia,Working class,Yes,90.8,77.8
GOOG-0231,Yuki Yamamoto,Alphabet (Google),GOOG,Engineering,Director,69.8,688200,11.1,84.2,North America,Middle,Yes,67.8,92.9
GOOG-0232,Mary Patel,Alphabet (Google),GOOG,Legal & Policy,Director,81.6,290600,6.1,62.7,East Asia,Middle,Yes,59.4,47.0
GOOG-0233,Zoe Hassan,Alphabet (Google),GOOG,Finance,Senior,86.8,334000,2.9,67.9,East Asia,Middle,No,55.4,76.5
GOOG-0234,Arjun Kim,Alphabet (Google),GOOG,Engineering,Director,64.5,184700,8.4,71.0,Latin America,Middle,Yes,60.3,70.5
GOOG-0235,Olivia Anderson,Alphabet (Google),GOOG,Operations,Staff,100.0,727000,2.6,59.2,Latin America,Affluent,No,8.2,64.1
GOOG-0236,Michael Lee,Alphabet (Google),GOOG,Marketing,Senior,72.1,172000,16.9,56.9,South Asia,Working class,Yes,100.0,56.6
GOOG-0237,Kevin Singh,Alphabet (Google),GOOG,Sales & GTM,Principal,91.1,491400,8.2,71.9,South Asia,Upper-middle,No,41.5,66.2
GOOG-0238,John Wilson,Alphabet (Google),GOOG,Research & AI,Senior,76.7,272100,7.5,70.6,North America,Middle,No,60.7,84.1
GOOG-0239,Nina Schmidt,Alphabet (Google),GOOG,Finance,Principal,84.0,710700,10.5,67.3,North America,Lower-middle,No,74.7,55.3
GOOG-0240,Sofia Cohen,Alphabet (Google),GOOG,Finance,VP,88.2,2166000,8.9,86.4,South Asia,Working class,Yes,88.8,84.3
GOOG-0241,Ahmed Schmidt,Alphabet (Google),GOOG,Sales & GTM,Senior Director,74.1,227100,7.1,78.4,North America,Middle,No,54.7,56.8
GOOG-0242,Elena Reyes,Alphabet (Google),GOOG,Engineering,Staff,67.5,511200,5.3,71.3,Oceania,Upper-middle,No,28.7,67.4
GOOG-0243,Aisha Park,Alphabet (Google),GOOG,Product,Principal,87.6,707200,5.2,66.6,Middle East,Working class,Yes,99.7,61.1
GOOG-0244,Raj Brown,Alphabet (Google),GOOG,People/HR,Principal,70.1,625000,6.7,70.9,North America,Working class,No,92.0,79.3
GOOG-0245,Samuel Okafor,Alphabet (Google),GOOG,Engineering,Senior,70.9,328900,4.1,71.3,Latin America,Middle,No,51.0,65.1
GOOG-0246,David Cohen,Alphabet (Google),GOOG,People/HR,Director,72.5,531700,8.7,71.1,North America,Affluent,No,12.3,69.3
GOOG-0247,Chen Tanaka,Alphabet (Google),GOOG,Sales & GTM,Senior,79.7,186800,16.1,63.8,East Asia,Middle,No,49.0,73.6
GOOG-0248,Zoe Tanaka,Alphabet (Google),GOOG,Sales & GTM,Principal,77.9,994700,8.7,73.8,East Asia,Affluent,No,29.0,69.2
GOOG-0249,Mary Khan,Alphabet (Google),GOOG,Sales & GTM,Principal,87.2,470500,2.6,69.4,North America,Lower-middle,No,54.3,54.9
GOOG-0250,Elena Smith,Alphabet (Google),GOOG,Finance,Staff,79.1,1059800,2.3,60.7,North America,Lower-middle,No,71.6,63.9
GOOG-0251,Carlos Kim,Alphabet (Google),GOOG,Engineering,Principal,76.4,2493500,6.9,68.6,East Asia,Middle,Yes,63.5,75.0
GOOG-0252,Hannah Wilson,Alphabet (Google),GOOG,Engineering,Senior,77.0,249900,5.6,62.7,North America,Middle,No,66.1,56.0
GOOG-0253,Elena Khan,Alphabet (Google),GOOG,Marketing,Senior Director,77.1,709100,9.8,68.2,South Asia,Working class,No,69.7,89.4
GOOG-0254,Ahmed Garcia,Alphabet (Google),GOOG,Engineering,Staff,79.6,366200,2.1,77.7,North America,Lower-middle,Yes,64.3,74.8
GOOG-0255,Emily Wilson,Alphabet (Google),GOOG,Engineering,Staff,82.7,191300,5.9,64.8,North America,Middle,Yes,58.0,69.5
GOOG-0256,Chen Park,Alphabet (Google),GOOG,Research & AI,Staff,64.3,121400,6.3,74.1,North America,Lower-middle,No,67.4,81.4
GOOG-0257,Elena Cohen,Alphabet (Google),GOOG,Finance,Principal,97.5,809600,6.2,69.4,North America,Working class,Yes,84.1,92.9
GOOG-0258,Ahmed Park,Alphabet (Google),GOOG,Finance,Senior Director,90.0,1077700,7.8,76.2,South Asia,Working class,Yes,95.4,82.7
GOOG-0259,Wei Hassan,Alphabet (Google),GOOG,Product,Director,81.5,766400,8.0,65.4,North America,Working class,Yes,99.8,76.1
GOOG-0260,Sofia Yamamoto,Alphabet (Google),GOOG,Engineering,Staff,73.7,343800,4.7,56.6,North America,Middle,No,51.3,73.6
GOOG-0261,Nina Nguyen,Alphabet (Google),GOOG,Engineering,Senior Director,74.2,223400,20.8,69.6,North America,Upper-middle,No,39.8,58.9
GOOG-0262,James Ali,Alphabet (Google),GOOG,Engineering,Director,100.0,1274100,5.9,77.1,Europe,Working class,No,92.7,77.5
GOOG-0263,Chen Khan,Alphabet (Google),GOOG,Operations,Senior,76.9,163000,2.3,62.8,Europe,Working class,No,89.9,81.7
GOOG-0264,Michael Tanaka,Alphabet (Google),GOOG,Sales & GTM,Director,76.8,708200,12.0,75.3,Latin America,Working class,Yes,81.6,85.0
GOOG-0265,Emily Ali,Alphabet (Google),GOOG,Engineering,Staff,70.9,292900,17.8,65.6,North America,Working class,No,82.0,68.5
GOOG-0266,Fatima Lee,Alphabet (Google),GOOG,Product,Director,84.3,483400,11.3,67.6,North America,Lower-middle,Yes,71.5,77.8
GOOG-0267,Michael Yamamoto,Alphabet (Google),GOOG,Engineering,SVP,92.4,845300,15.7,64.9,East Asia,Upper-middle,Yes,49.7,70.1
GOOG-0268,Maria Khan,Alphabet (Google),GOOG,Design,Director,80.3,626200,6.6,68.4,North America,Middle,No,57.3,75.2
GOOG-0269,John Patel,Alphabet (Google),GOOG,Engineering,Principal,68.6,183600,4.9,59.7,North America,Affluent,No,30.3,62.8
GOOG-0270,Ahmed Tanaka,Alphabet (Google),GOOG,Legal & Policy,Staff,92.3,722300,11.2,62.9,Europe,Working class,Yes,86.4,72.3
GOOG-0271,Nina Johnson,Alphabet (Google),GOOG,Product,Senior,69.7,436000,6.5,60.3,South Asia,Middle,No,39.6,53.1
GOOG-0272,Maria Smith,Alphabet (Google),GOOG,Operations,Principal,87.5,710200,6.6,54.2,South Asia,Lower-middle,Yes,69.4,69.0
GOOG-0273,Hannah Hassan,Alphabet (Google),GOOG,Operations,Senior Director,81.8,580000,5.7,67.3,Latin America,Upper-middle,No,38.9,62.1
GOOG-0274,Priya Rossi,Alphabet (Google),GOOG,Engineering,Senior,73.5,257700,2.5,66.2,Latin America,Lower-middle,No,65.9,69.2
GOOG-0275,Emily Petrov,Alphabet (Google),GOOG,Research & AI,Principal,86.6,178300,5.0,73.0,Europe,Lower-middle,Yes,69.3,82.8
GOOG-0276,Mary Okafor,Alphabet (Google),GOOG,Sales & GTM,Senior,72.1,230400,3.6,68.6,Middle East,Upper-middle,No,40.7,58.6
GOOG-0277,Wei Schmidt,Alphabet (Google),GOOG,Marketing,Staff,74.6,230000,5.5,68.2,North America,Lower-middle,No,59.3,47.0
GOOG-0278,Arjun Schmidt,Alphabet (Google),GOOG,Finance,Director,96.3,605700,3.7,67.6,North America,Lower-middle,No,71.6,82.9
GOOG-0279,Thomas Patel,Alphabet (Google),GOOG,Engineering,C-Suite,67.2,1985700,20.5,68.9,North America,Middle,No,56.5,66.3
GOOG-0280,Elena Brown,Alphabet (Google),GOOG,Engineering,Staff,55.6,693400,3.2,58.7,North America,Lower-middle,Yes,72.4,66.1
GOOG-0281,John Johnson,Alphabet (Google),GOOG,Sales & GTM,Director,90.2,1097500,11.9,68.5,Europe,Lower-middle,No,53.8,65.2
GOOG-0282,Yuki Lopez,Alphabet (Google),GOOG,Engineering,Principal,74.8,728500,8.0,65.6,North America,Upper-middle,No,37.7,62.7
GOOG-0283,Hiroshi Ali,Alphabet (Google),GOOG,Product,Senior,74.7,315900,10.7,59.4,North America,Working class,Yes,99.3,70.4
GOOG-0284,Linda Martinez,Alphabet (Google),GOOG,Research & AI,Staff,72.4,101400,3.3,55.4,North America,Upper-middle,No,25.8,64.4
GOOG-0285,Samuel Silva,Alphabet (Google),GOOG,Engineering,Senior,80.8,124400,14.4,57.8,South Asia,Working class,Yes,82.1,70.9
GOOG-0286,Fatima Murphy,Alphabet (Google),GOOG,Sales & GTM,Principal,83.3,312600,7.4,69.6,South Asia,Upper-middle,No,40.2,67.2
GOOG-0287,Aisha Rossi,Alphabet (Google),GOOG,Finance,Senior,84.5,539300,2.5,63.0,North America,Lower-middle,Yes,76.6,61.1
GOOG-0288,Kevin Lee,Alphabet (Google),GOOG,Legal & Policy,Senior,68.1,397800,0.9,62.1,South Asia,Middle,No,54.1,60.3
GOOG-0289,Zoe Yamamoto,Alphabet (Google),GOOG,People/HR,Staff,84.9,226900,5.0,55.8,Latin America,Lower-middle,Yes,68.2,76.6
GOOG-0290,David Khan,Alphabet (Google),GOOG,Engineering,Director,64.3,271100,18.4,55.7,Southeast Asia,Lower-middle,No,56.2,50.5
GOOG-0291,Emily Yamamoto,Alphabet (Google),GOOG,Engineering,Senior Director,82.3,864500,8.4,77.0,Europe,Affluent,No,22.8,65.6
GOOG-0292,Hiroshi Park,Alphabet (Google),GOOG,Operations,VP,79.9,613300,8.3,66.8,North America,Upper-middle,No,38.4,63.0
GOOG-0293,John Martinez,Alphabet (Google),GOOG,Product,Director,67.3,198000,9.5,68.0,South Asia,Lower-middle,Yes,80.4,73.5
GOOG-0294,Raj Wilson,Alphabet (Google),GOOG,Research & AI,Staff,99.6,547800,5.1,81.3,Southeast Asia,Lower-middle,No,57.3,87.5
GOOG-0295,Maria Johnson,Alphabet (Google),GOOG,Engineering,Senior,83.0,182500,4.8,68.4,North America,Middle,Yes,50.6,60.9
GOOG-0296,Carlos Ali,Alphabet (Google),GOOG,Engineering,Principal,83.7,267900,5.9,68.4,North America,Working class,No,96.6,76.3
GOOG-0297,Yuki Wang,Alphabet (Google),GOOG,Engineering,Principal,92.4,274200,14.6,66.2,Africa,Upper-middle,Yes,46.8,72.9
GOOG-0298,James Cohen,Alphabet (Google),GOOG,Operations,Staff,79.2,509500,5.4,70.6,East Asia,Middle,Yes,62.6,88.2
GOOG-0299,Raj Johnson,Alphabet (Google),GOOG,Engineering,Director,82.8,330700,9.2,84.2,North America,Affluent,No,30.7,67.7
GOOG-0300,Ahmed Martinez,Alphabet (Google),GOOG,Engineering,Staff,68.3,156100,11.8,60.4,Middle East,Working class,Yes,73.2,74.8
GOOG-0301,Nina Nguyen,Alphabet (Google),GOOG,Engineering,Principal,88.4,805700,7.5,57.2,North America,Working class,Yes,93.0,63.0
GOOG-0302,Aisha Smith,Alphabet (Google),GOOG,Product,Director,83.1,537400,4.4,81.2,South Asia,Upper-middle,No,56.0,86.1
GOOG-0303,David Tanaka,Alphabet (Google),GOOG,People/HR,Senior,68.7,113100,10.0,58.2,South Asia,Middle,Yes,67.3,85.3
GOOG-0304,Hiroshi Lee,Alphabet (Google),GOOG,Design,Staff,73.8,422100,11.4,58.5,Europe,Upper-middle,No,34.8,57.3
GOOG-0305,Priya Ali,Alphabet (Google),GOOG,Research & AI,Staff,67.2,409600,3.4,75.8,North America,Upper-middle,No,41.8,66.9
GOOG-0306,Samuel Nguyen,Alphabet (Google),GOOG,Marketing,Director,83.1,698500,5.3,74.9,South Asia,Middle,Yes,54.2,61.9
GOOG-0307,Aisha Johnson,Alphabet (Google),GOOG,Finance,Director,91.0,561800,9.4,80.1,North America,Middle,No,54.8,67.6
GOOG-0308,Yuki Wilson,Alphabet (Google),GOOG,People/HR,Senior Director,72.5,747700,7.6,64.0,South Asia,Working class,Yes,81.6,78.1
GOOG-0309,Priya Davis,Alphabet (Google),GOOG,Operations,Principal,64.5,647900,8.0,67.7,Southeast Asia,Working class,Yes,97.9,89.1
GOOG-0310,Hannah Garcia,Alphabet (Google),GOOG,Research & AI,Senior Director,85.3,2990600,8.2,62.1,South Asia,Working class,Yes,90.0,66.8
GOOG-0311,Carlos Martinez,Alphabet (Google),GOOG,Engineering,Staff,83.8,744100,16.3,59.6,Europe,Working class,No,83.4,71.7
GOOG-0312,Olivia Ali,Alphabet (Google),GOOG,Research & AI,Staff,70.1,158400,16.5,51.9,Latin America,Working class,Yes,84.7,50.3
GOOG-0313,Wei Garcia,Alphabet (Google),GOOG,Operations,Staff,87.9,510900,7.4,71.9,Africa,Lower-middle,Yes,74.1,73.6
GOOG-0314,Hannah Rossi,Alphabet (Google),GOOG,Operations,Director,83.5,2120200,4.1,70.8,Middle East,Lower-middle,Yes,75.2,68.1
GOOG-0315,Kevin Kim,Alphabet (Google),GOOG,Research & AI,Senior,87.3,317100,15.7,55.3,South Asia,Affluent,No,43.6,59.8
GOOG-0316,Hannah Davis,Alphabet (Google),GOOG,Research & AI,Staff,82.5,496600,4.1,71.4,South Asia,Working class,Yes,94.3,75.4
GOOG-0317,Nina Wang,Alphabet (Google),GOOG,Engineering,Staff,65.0,249700,3.8,68.6,South Asia,Middle,Yes,55.4,67.1
GOOG-0318,Ahmed Reyes,Alphabet (Google),GOOG,Engineering,Senior,87.6,355800,6.0,62.8,East Asia,Working class,Yes,95.6,71.5
GOOG-0319,Thomas Garcia,Alphabet (Google),GOOG,Research & AI,Principal,80.3,773100,11.2,75.3,East Asia,Lower-middle,Yes,73.8,66.6
GOOG-0320,Chen Schmidt,Alphabet (Google),GOOG,Marketing,Senior,92.2,157300,2.1,57.2,South Asia,Upper-middle,No,29.7,61.2
GOOG-0321,Raj Singh,Alphabet (Google),GOOG,Research & AI,Senior,71.5,471900,1.3,71.0,North America,Working class,Yes,86.7,63.5
GOOG-0322,Daniel Chen,Alphabet (Google),GOOG,Engineering,Senior,77.5,127000,14.0,64.5,North America,Middle,Yes,76.6,79.9
GOOG-0323,Michael Wilson,Alphabet (Google),GOOG,Research & AI,Staff,88.6,472700,9.1,64.2,East Asia,Middle,No,52.0,51.3
GOOG-0324,Thomas Wang,Alphabet (Google),GOOG,Operations,Staff,86.7,274000,9.2,71.6,Middle East,Middle,No,44.8,77.8
GOOG-0325,Elena Schmidt,Alphabet (Google),GOOG,Legal & Policy,Staff,64.7,274300,6.8,62.4,North America,Middle,No,57.2,66.5
GOOG-0326,Ahmed Martinez,Alphabet (Google),GOOG,Engineering,C-Suite,80.3,4205200,9.6,69.0,East Asia,Middle,No,45.3,69.5
GOOG-0327,Nina Yamamoto,Alphabet (Google),GOOG,Legal & Policy,Director,86.7,470100,7.2,77.1,North America,Middle,No,40.9,74.5
GOOG-0328,Elena Garcia,Alphabet (Google),GOOG,Operations,Staff,83.3,333700,9.4,57.5,North America,Lower-middle,Yes,70.2,85.6
GOOG-0329,Carlos Murphy,Alphabet (Google),GOOG,Engineering,Senior,83.8,185000,6.5,59.2,South Asia,Lower-middle,Yes,83.4,80.2
GOOG-0330,Sofia Rossi,Alphabet (Google),GOOG,Engineering,Principal,71.9,458200,9.3,62.2,South Asia,Working class,Yes,93.4,73.0
GOOG-0331,Daniel Reyes,Alphabet (Google),GOOG,Engineering,Senior,76.4,140800,7.6,67.3,North America,Working class,Yes,94.7,87.5
GOOG-0332,Kevin Yamamoto,Alphabet (Google),GOOG,Engineering,C-Suite,97.7,979400,11.7,79.5,Southeast Asia,Affluent,Yes,27.8,69.0
GOOG-0333,Samuel Davis,Alphabet (Google),GOOG,Product,VP,79.4,527100,16.8,67.9,North America,Upper-middle,No,37.3,68.9
GOOG-0334,Hiroshi Nguyen,Alphabet (Google),GOOG,Engineering,VP,70.2,752700,12.7,66.5,North America,Lower-middle,No,62.5,53.9
GOOG-0335,Aisha Patel,Alphabet (Google),GOOG,Product,Staff,73.3,216500,5.9,67.5,North America,Upper-middle,No,32.6,59.3
GOOG-0336,Priya Okafor,Alphabet (Google),GOOG,Engineering,Director,65.1,513700,10.1,67.8,North America,Upper-middle,No,28.8,52.9
GOOG-0337,David Rossi,Alphabet (Google),GOOG,Design,Staff,100.0,226100,7.5,65.2,Europe,Lower-middle,Yes,69.7,68.1
GOOG-0338,Fatima Hassan,Alphabet (Google),GOOG,Product,Senior Director,75.7,576300,8.6,81.6,North America,Middle,No,50.1,55.4
GOOG-0339,Daniel Park,Alphabet (Google),GOOG,Engineering,Staff,61.1,563400,2.4,74.9,South Asia,Working class,Yes,93.7,64.5
GOOG-0340,Kevin Lee,Alphabet (Google),GOOG,Design,Director,73.0,350100,5.4,60.3,North America,Middle,No,59.4,60.9
GOOG-0341,James Rossi,Alphabet (Google),GOOG,Engineering,Senior,70.3,227500,12.2,64.8,North America,Lower-middle,No,58.7,62.3
GOOG-0342,John Kim,Alphabet (Google),GOOG,Engineering,Senior,77.1,328800,15.9,52.3,North America,Affluent,No,34.7,55.0
GOOG-0343,Samuel Wilson,Alphabet (Google),GOOG,Product,Principal,82.6,1024100,8.4,69.7,North America,Middle,No,51.1,86.4
GOOG-0344,Maria Chen,Alphabet (Google),GOOG,Engineering,Senior Director,82.6,393800,13.1,68.8,South Asia,Upper-middle,No,7.4,55.7
GOOG-0345,Maria Hassan,Alphabet (Google),GOOG,Engineering,Staff,72.4,267300,5.6,54.5,East Asia,Lower-middle,Yes,71.0,72.5
GOOG-0346,Zoe Chen,Alphabet (Google),GOOG,Engineering,Principal,88.7,298200,6.9,58.8,Europe,Lower-middle,No,55.6,48.5
GOOG-0347,John Martinez,Alphabet (Google),GOOG,Research & AI,Senior,77.9,337300,9.2,66.2,South Asia,Lower-middle,No,66.4,95.2
GOOG-0348,Arjun Kim,Alphabet (Google),GOOG,Marketing,Staff,81.3,372400,6.9,76.6,South Asia,Working class,Yes,89.8,94.1
GOOG-0349,Fatima Murphy,Alphabet (Google),GOOG,Operations,Principal,55.3,514900,8.6,59.6,South Asia,Upper-middle,No,40.4,61.5
GOOG-0350,Linda Schmidt,Alphabet (Google),GOOG,Engineering,Director,84.6,313400,8.0,72.3,North America,Lower-middle,Yes,79.7,76.4
GOOG-0351,Yuki Hassan,Alphabet (Google),GOOG,Product,Senior,84.7,177100,3.3,58.2,Southeast Asia,Upper-middle,No,30.0,65.8
GOOG-0352,Emily Petrov,Alphabet (Google),GOOG,Engineering,C-Suite,94.1,6548500,13.8,56.6,Latin America,Lower-middle,No,67.3,52.9
GOOG-0353,Kevin Rossi,Alphabet (Google),GOOG,Sales & GTM,Senior,87.5,570500,11.4,68.3,East Asia,Working class,Yes,90.7,59.4
GOOG-0354,Zoe Nguyen,Alphabet (Google),GOOG,Legal & Policy,Senior,87.6,244200,4.3,58.7,North America,Affluent,Yes,36.3,49.2
GOOG-0355,Daniel Yamamoto,Alphabet (Google),GOOG,Engineering,Staff,86.7,544600,15.7,60.7,South Asia,Middle,Yes,67.0,62.9
GOOG-0356,Linda Johnson,Alphabet (Google),GOOG,Engineering,Principal,91.3,948000,8.4,68.1,Southeast Asia,Middle,No,51.6,77.3
GOOG-0357,Emily Schmidt,Alphabet (Google),GOOG,Operations,Principal,59.4,362900,9.7,70.5,North America,Upper-middle,No,37.7,59.9
GOOG-0358,Maria Hassan,Alphabet (Google),GOOG,Design,Staff,76.0,541700,7.5,67.4,East Asia,Middle,No,48.3,71.3
GOOG-0359,Olivia Lopez,Alphabet (Google),GOOG,Product,Senior,76.4,275000,7.6,57.8,Oceania,Upper-middle,No,42.0,61.3
GOOG-0360,James Brown,Alphabet (Google),GOOG,Engineering,Staff,97.5,159900,11.7,55.1,North America,Upper-middle,Yes,44.0,56.6
GOOG-0361,Ahmed Ali,Alphabet (Google),GOOG,Design,Principal,74.6,546200,8.4,65.8,Latin America,Upper-middle,No,38.7,69.5
GOOG-0362,Olivia Wang,Alphabet (Google),GOOG,Product,C-Suite,94.5,1897100,10.6,73.5,North America,Middle,Yes,55.7,41.8
GOOG-0363,Ahmed Khan,Alphabet (Google),GOOG,Engineering,Senior,61.4,129400,1.1,71.9,North America,Lower-middle,Yes,77.6,85.1
GOOG-0364,Carlos Garcia,Alphabet (Google),GOOG,Research & AI,Staff,88.1,1144300,3.9,68.2,Latin America,Middle,No,61.4,66.6
GOOG-0365,Hiroshi Khan,Alphabet (Google),GOOG,Sales & GTM,Senior,71.3,458700,1.8,65.2,South Asia,Middle,Yes,60.3,64.4
GOOG-0366,Kevin Khan,Alphabet (Google),GOOG,Product,Senior,75.8,208700,10.6,57.6,North America,Working class,Yes,91.6,66.2
GOOG-0367,Hannah Cohen,Alphabet (Google),GOOG,Legal & Policy,Senior Director,84.2,962400,5.4,66.0,North America,Middle,No,49.4,54.5
GOOG-0368,Yuki Okafor,Alphabet (Google),GOOG,Design,Senior Director,84.4,1536900,21.4,68.2,North America,Middle,No,51.2,65.4
GOOG-0369,Michael Garcia,Alphabet (Google),GOOG,People/HR,Principal,73.4,323700,6.5,77.7,North America,Lower-middle,Yes,83.2,67.2
GOOG-0370,Olivia Singh,Alphabet (Google),GOOG,Sales & GTM,Director,70.8,202100,16.0,68.3,Europe,Middle,No,46.3,79.0
GOOG-0371,David Kim,Alphabet (Google),GOOG,Sales & GTM,Staff,72.0,320000,8.6,74.4,North America,Middle,No,50.9,76.2
GOOG-0372,Emily Singh,Alphabet (Google),GOOG,Engineering,Senior,74.4,634000,14.0,64.2,South Asia,Lower-middle,Yes,72.3,81.9
GOOG-0373,Elena Schmidt,Alphabet (Google),GOOG,Research & AI,Senior,77.0,224300,3.2,59.5,North America,Upper-middle,No,45.0,63.2
GOOG-0374,Olivia Park,Alphabet (Google),GOOG,Engineering,Senior Director,94.4,1290700,8.8,70.0,South Asia,Working class,Yes,88.2,69.2
GOOG-0375,Fatima Ali,Alphabet (Google),GOOG,Engineering,VP,81.4,1344500,13.8,79.9,Africa,Middle,No,52.6,79.7
GOOG-0376,Priya Hassan,Alphabet (Google),GOOG,Product,Staff,94.7,473600,5.5,57.5,Europe,Middle,Yes,67.2,76.7
GOOG-0377,Carlos Ali,Alphabet (Google),GOOG,Engineering,Staff,83.2,231700,6.5,78.4,Europe,Working class,No,78.2,53.8
GOOG-0378,Yuki Singh,Alphabet (Google),GOOG,Product,Senior,86.2,263200,19.4,67.9,Latin America,Lower-middle,Yes,70.5,79.3
GOOG-0379,Zoe Rossi,Alphabet (Google),GOOG,Sales & GTM,VP,82.9,365900,16.6,63.2,South Asia,Middle,Yes,62.8,70.9
GOOG-0380,Aisha Davis,Alphabet (Google),GOOG,Sales & GTM,Staff,77.1,359700,6.6,74.9,East Asia,Upper-middle,No,41.0,82.5
GOOG-0381,Aisha Martinez,Alphabet (Google),GOOG,People/HR,SVP,77.9,2240800,8.2,66.7,South Asia,Lower-middle,Yes,74.8,75.0
GOOG-0382,Linda Silva,Alphabet (Google),GOOG,Sales & GTM,Staff,73.6,483400,3.8,66.6,North America,Middle,No,45.6,50.4
GOOG-0383,Olivia Rossi,Alphabet (Google),GOOG,Research & AI,Principal,81.2,1202700,10.0,57.9,North America,Middle,No,47.5,64.4
GOOG-0384,Daniel Garcia,Alphabet (Google),GOOG,Marketing,Senior,94.5,280700,13.6,73.1,North America,Working class,Yes,98.6,87.7
GOOG-0385,Hannah Garcia,Alphabet (Google),GOOG,Engineering,Principal,88.2,636700,8.4,62.1,South Asia,Middle,No,43.6,63.1
GOOG-0386,Ahmed Garcia,Alphabet (Google),GOOG,Engineering,Staff,92.3,614600,8.7,67.3,East Asia,Upper-middle,No,49.7,65.4
GOOG-0387,Linda Park,Alphabet (Google),GOOG,Product,SVP,97.0,1548100,16.0,73.0,South Asia,Working class,Yes,78.8,77.1
GOOG-0388,Fatima Smith,Alphabet (Google),GOOG,Engineering,Director,68.2,966400,6.4,58.1,South Asia,Lower-middle,Yes,80.6,61.9
GOOG-0389,Kevin Garcia,Alphabet (Google),GOOG,Operations,Senior,78.7,666400,3.7,69.4,South Asia,Middle,No,73.9,71.5
GOOG-0390,Zoe Murphy,Alphabet (Google),GOOG,Engineering,Senior,70.1,278200,2.7,64.2,Southeast Asia,Working class,Yes,87.8,77.4
GOOG-0391,Elena Tanaka,Alphabet (Google),GOOG,Legal & Policy,Staff,86.6,638800,8.2,64.1,North America,Middle,No,54.1,80.1
GOOG-0392,Grace Smith,Alphabet (Google),GOOG,Engineering,Director,87.8,797100,4.5,73.6,South Asia,Upper-middle,No,43.8,67.9
GOOG-0393,Wei Patel,Alphabet (Google),GOOG,Engineering,Senior,94.5,469000,1.1,72.9,Europe,Middle,No,53.2,65.9
GOOG-0394,Maria Brown,Alphabet (Google),GOOG,Engineering,Director,92.7,479400,11.8,74.2,North America,Middle,No,58.6,81.0
GOOG-0395,Priya Cohen,Alphabet (Google),GOOG,Engineering,Staff,76.7,338400,13.9,57.4,East Asia,Working class,Yes,91.0,67.0
GOOG-0396,Yuki Murphy,Alphabet (Google),GOOG,Operations,Staff,76.7,341900,14.3,64.7,North America,Affluent,No,24.4,68.3
GOOG-0397,Samuel Wang,Alphabet (Google),GOOG,Research & AI,Staff,84.6,222600,5.7,69.3,North America,Upper-middle,No,44.0,83.2
GOOG-0398,Olivia Smith,Alphabet (Google),GOOG,Operations,Principal,86.4,987200,7.5,75.9,South Asia,Middle,Yes,67.7,53.0
GOOG-0399,James Brown,Alphabet (Google),GOOG,Sales & GTM,Principal,86.0,443400,11.0,69.6,North America,Working class,Yes,100.0,83.0
GOOG-0400,Elena Brown,Alphabet (Google),GOOG,People/HR,Senior,75.5,266600,3.2,64.4,South Asia,Middle,Yes,62.7,79.8
GOOG-0401,Fatima Kim,Alphabet (Google),GOOG,Design,Senior,94.2,362900,9.8,75.2,Latin America,Middle,No,49.0,67.9
GOOG-0402,Zoe Wilson,Alphabet (Google),GOOG,Sales & GTM,VP,66.8,2454400,7.7,69.3,North America,Lower-middle,No,55.5,64.2
GOOG-0403,Mary Kim,Alphabet (Google),GOOG,Engineering,Staff,71.6,101100,12.9,69.6,South Asia,Middle,No,53.2,62.5
GOOG-0404,Aisha Nguyen,Alphabet (Google),GOOG,Operations,Staff,77.1,265500,9.7,79.7,North America,Lower-middle,Yes,79.5,76.7
GOOG-0405,Yuki Park,Alphabet (Google),GOOG,Engineering,Director,66.9,356600,11.3,70.0,North America,Lower-middle,No,79.3,77.1
GOOG-0406,Ahmed Petrov,Alphabet (Google),GOOG,Engineering,Director,70.8,301200,5.5,77.7,South Asia,Working class,No,86.4,74.5
GOOG-0407,Elena Silva,Alphabet (Google),GOOG,Research & AI,Senior,73.9,452500,0.6,70.1,Latin America,Middle,No,52.6,68.1
GOOG-0408,Daniel Rossi,Alphabet (Google),GOOG,Engineering,Senior Director,89.8,584800,5.4,75.2,East Asia,Lower-middle,Yes,80.9,73.5
GOOG-0409,Mary Silva,Alphabet (Google),GOOG,Legal & Policy,Senior,76.2,457600,2.4,60.2,North America,Middle,No,51.2,62.6
GOOG-0410,Daniel Patel,Alphabet (Google),GOOG,Finance,Senior,74.4,238200,3.6,64.4,East Asia,Lower-middle,No,67.7,55.4
GOOG-0411,Raj Park,Alphabet (Google),GOOG,Engineering,VP,94.4,836400,7.2,70.8,Europe,Middle,Yes,58.9,51.4
GOOG-0412,Priya Murphy,Alphabet (Google),GOOG,Engineering,Principal,76.4,284400,4.7,61.4,North America,Upper-middle,No,48.6,59.8
GOOG-0413,Ahmed Yamamoto,Alphabet (Google),GOOG,Research & AI,Senior,60.3,197900,16.5,63.9,South Asia,Middle,Yes,59.2,74.5
GOOG-0414,Priya Rossi,Alphabet (Google),GOOG,Engineering,Staff,65.9,428900,13.8,65.4,North America,Middle,No,52.8,71.2
GOOG-0415,Michael Nguyen,Alphabet (Google),GOOG,Product,Principal,80.4,359500,19.2,65.7,Africa,Working class,Yes,100.0,81.9
GOOG-0416,Fatima Tanaka,Alphabet (Google),GOOG,Sales & GTM,Senior,75.1,250200,2.4,43.8,South Asia,Middle,No,48.7,57.1
GOOG-0417,Thomas Kim,Alphabet (Google),GOOG,Design,Principal,72.5,365600,12.7,74.0,North America,Working class,Yes,96.8,74.3
GOOG-0418,David Lopez,Alphabet (Google),GOOG,Operations,Senior,59.6,132100,7.9,61.2,Latin America,Lower-middle,No,61.8,66.1
GOOG-0419,Michael Lee,Alphabet (Google),GOOG,Engineering,Senior,69.6,177400,8.9,74.9,North America,Working class,Yes,94.8,73.3
GOOG-0420,John Smith,Alphabet (Google),GOOG,People/HR,Staff,66.3,358800,7.3,71.2,East Asia,Middle,No,44.1,63.3
GOOG-0421,Raj Martinez,Alphabet (Google),GOOG,Design,Senior,89.4,311100,8.5,66.0,North America,Working class,Yes,100.0,60.6
GOOG-0422,Linda Khan,Alphabet (Google),GOOG,Research & AI,Senior Director,83.7,903000,15.1,72.1,Europe,Lower-middle,No,72.1,93.3
GOOG-0423,Arjun Brown,Alphabet (Google),GOOG,Engineering,Principal,87.7,872200,16.7,58.3,Latin America,Lower-middle,No,69.3,55.9
GOOG-0424,Grace Yamamoto,Alphabet (Google),GOOG,Research & AI,Senior,84.1,192800,1.0,65.9,North America,Middle,Yes,66.9,89.0
GOOG-0425,Linda Yamamoto,Alphabet (Google),GOOG,Sales & GTM,Director,86.1,964800,7.2,59.7,South Asia,Working class,No,85.9,72.0
GOOG-0426,Arjun Khan,Alphabet (Google),GOOG,Sales & GTM,Senior,66.2,393500,7.6,56.6,North America,Middle,Yes,72.2,73.0
GOOG-0427,Elena Tanaka,Alphabet (Google),GOOG,Research & AI,Principal,88.0,552200,10.5,68.7,North America,Lower-middle,Yes,73.4,98.9
GOOG-0428,Linda Patel,Alphabet (Google),GOOG,Operations,Senior,69.6,228500,4.6,60.4,South Asia,Upper-middle,No,54.1,63.5
GOOG-0429,Fatima Petrov,Alphabet (Google),GOOG,Product,Senior,91.8,346800,5.8,67.5,North America,Middle,No,45.9,70.3
GOOG-0430,Hiroshi Khan,Alphabet (Google),GOOG,Research & AI,Staff,98.7,227400,5.2,76.5,North America,Lower-middle,Yes,70.4,86.9
GOOG-0431,Ahmed Patel,Alphabet (Google),GOOG,Engineering,Senior,79.7,372900,3.8,61.6,South Asia,Working class,Yes,78.9,84.5
GOOG-0432,Sofia Garcia,Alphabet (Google),GOOG,Sales & GTM,Principal,95.4,872700,6.5,64.7,North America,Middle,Yes,52.5,67.2
GOOG-0433,Emily Hassan,Alphabet (Google),GOOG,Sales & GTM,Senior,87.1,292800,5.4,71.9,South Asia,Working class,Yes,85.7,68.2
GOOG-0434,David Garcia,Alphabet (Google),GOOG,Sales & GTM,Principal,86.9,385400,4.2,71.4,South Asia,Lower-middle,No,64.1,69.9
GOOG-0435,Raj Cohen,Alphabet (Google),GOOG,Product,Staff,77.2,223200,3.3,56.9,North America,Lower-middle,Yes,81.3,66.3
GOOG-0436,Hannah Reyes,Alphabet (Google),GOOG,Finance,Senior Director,86.1,1539200,8.8,70.9,Oceania,Working class,Yes,82.0,65.7
GOOG-0437,Samuel Kim,Alphabet (Google),GOOG,Finance,Senior Director,88.2,486500,8.6,62.6,North America,Middle,No,59.4,70.0
GOOG-0438,Olivia Patel,Alphabet (Google),GOOG,Product,Principal,79.8,1074500,10.7,71.9,Southeast Asia,Middle,Yes,63.5,59.3
GOOG-0439,Sofia Chen,Alphabet (Google),GOOG,Engineering,Senior,59.5,350700,6.0,55.1,East Asia,Middle,No,50.6,61.4
GOOG-0440,David Patel,Alphabet (Google),GOOG,Engineering,Staff,93.6,214000,15.7,58.3,Europe,Lower-middle,No,59.9,69.2
GOOG-0441,Emily Wang,Alphabet (Google),GOOG,Research & AI,Staff,86.2,170900,20.3,57.4,East Asia,Upper-middle,No,41.4,75.5
GOOG-0442,Samuel Singh,Alphabet (Google),GOOG,Research & AI,Principal,68.9,175600,7.8,59.7,Europe,Middle,No,49.7,77.7
GOOG-0443,Arjun Martinez,Alphabet (Google),GOOG,Research & AI,Senior,94.6,173500,3.3,68.9,Europe,Affluent,No,26.6,56.2
GOOG-0444,Zoe Tanaka,Alphabet (Google),GOOG,Engineering,Staff,79.0,149800,9.1,55.3,North America,Middle,No,45.2,65.6
GOOG-0445,Sofia Lopez,Alphabet (Google),GOOG,Legal & Policy,Senior,79.7,356200,5.7,58.2,North America,Affluent,No,28.0,62.6
GOOG-0446,Arjun Reyes,Alphabet (Google),GOOG,Engineering,SVP,99.9,2593900,16.1,83.6,North America,Lower-middle,Yes,74.7,79.9
GOOG-0447,Daniel Lopez,Alphabet (Google),GOOG,Operations,Staff,86.5,336900,7.4,69.8,North America,Affluent,No,25.5,86.1
GOOG-0448,Raj Petrov,Alphabet (Google),GOOG,Product,Senior,54.4,57400,12.3,60.6,North America,Middle,Yes,67.9,63.3
GOOG-0449,Zoe Nguyen,Alphabet (Google),GOOG,Legal & Policy,Principal,59.8,198500,6.9,60.9,North America,Middle,Yes,66.1,65.0
GOOG-0450,Maria Chen,Alphabet (Google),GOOG,Engineering,Staff,76.8,342400,13.8,66.2,North America,Lower-middle,Yes,69.7,67.0
GOOG-0451,Zoe Yamamoto,Alphabet (Google),GOOG,Marketing,Senior,71.5,305700,8.3,54.4,North America,Upper-middle,No,41.9,53.7
GOOG-0452,Linda Silva,Alphabet (Google),GOOG,Engineering,Senior Director,85.1,2003000,8.3,62.0,East Asia,Middle,Yes,65.5,67.1
GOOG-0453,Maria Khan,Alphabet (Google),GOOG,Engineering,VP,90.4,794200,8.7,87.3,South Asia,Working class,Yes,91.0,74.1
GOOG-0454,Arjun Garcia,Alphabet (Google),GOOG,Research & AI,Senior Director,98.9,864100,7.0,70.4,Southeast Asia,Affluent,No,15.9,65.9
GOOG-0455,Yuki Tanaka,Alphabet (Google),GOOG,Design,Director,73.2,209000,6.8,82.8,Middle East,Upper-middle,No,37.4,68.4
GOOG-0456,Thomas Chen,Alphabet (Google),GOOG,Sales & GTM,SVP,82.8,1768000,9.7,80.1,Europe,Lower-middle,Yes,76.2,71.1
GOOG-0457,Grace Khan,Alphabet (Google),GOOG,People/HR,SVP,84.5,792100,9.6,61.5,Europe,Affluent,No,34.1,53.0
GOOG-0458,Linda Khan,Alphabet (Google),GOOG,Sales & GTM,VP,94.9,2203300,10.7,63.7,East Asia,Middle,Yes,58.5,60.5
GOOG-0459,David Smith,Alphabet (Google),GOOG,Design,Principal,68.0,464400,4.5,64.8,North America,Middle,No,54.3,55.1
GOOG-0460,Samuel Johnson,Alphabet (Google),GOOG,Engineering,Senior Director,69.2,711900,15.3,59.3,South Asia,Working class,Yes,85.4,52.1
GOOG-0461,Yuki Davis,Alphabet (Google),GOOG,Product,Director,70.9,221200,7.3,69.5,South Asia,Lower-middle,No,60.9,56.2
GOOG-0462,Yuki Davis,Alphabet (Google),GOOG,Sales & GTM,Principal,88.2,464900,8.0,71.2,North America,Lower-middle,Yes,85.3,74.1
GOOG-0463,Wei Cohen,Alphabet (Google),GOOG,Product,Senior,71.6,564600,20.6,58.0,North America,Lower-middle,Yes,75.1,76.2
GOOG-0464,Zoe Lopez,Alphabet (Google),GOOG,Marketing,Staff,74.3,361200,13.7,61.8,North America,Middle,Yes,66.8,60.4
GOOG-0465,Aisha Ali,Alphabet (Google),GOOG,Research & AI,Director,92.6,1069900,10.9,70.3,North America,Lower-middle,Yes,60.2,70.4
GOOG-0466,Emily Wang,Alphabet (Google),GOOG,Legal & Policy,Principal,97.5,394400,8.2,80.6,North America,Lower-middle,Yes,80.9,74.1
GOOG-0467,Wei Cohen,Alphabet (Google),GOOG,Design,Principal,80.8,315600,6.6,83.8,South Asia,Working class,Yes,100.0,84.1
GOOG-0468,Mary Hassan,Alphabet (Google),GOOG,Product,Senior,87.3,341300,3.4,66.3,South Asia,Upper-middle,No,29.1,61.4
GOOG-0469,David Garcia,Alphabet (Google),GOOG,Product,Senior,74.6,263800,7.3,74.7,North America,Middle,No,53.1,71.4
GOOG-0470,Zoe Okafor,Alphabet (Google),GOOG,Design,Staff,85.0,170800,16.9,53.5,South Asia,Middle,Yes,65.3,83.0
GOOG-0471,Maria Yamamoto,Alphabet (Google),GOOG,Design,Staff,91.3,483300,8.7,72.8,North America,Upper-middle,No,28.9,69.6
GOOG-0472,Thomas Rossi,Alphabet (Google),GOOG,Legal & Policy,Director,80.9,584400,6.3,67.3,Southeast Asia,Lower-middle,Yes,74.1,66.0
GOOG-0473,Samuel Singh,Alphabet (Google),GOOG,Sales & GTM,Director,85.4,302400,5.2,58.5,Middle East,Working class,Yes,84.2,62.3
GOOG-0474,Zoe Nguyen,Alphabet (Google),GOOG,Sales & GTM,Senior,67.1,263400,9.2,58.3,Southeast Asia,Lower-middle,Yes,61.8,66.4
GOOG-0475,Priya Patel,Alphabet (Google),GOOG,Sales & GTM,Staff,91.7,533600,4.1,69.2,North America,Working class,Yes,91.4,65.0
GOOG-0476,Nina Petrov,Alphabet (Google),GOOG,Sales & GTM,Senior,74.5,248900,5.4,64.4,North America,Lower-middle,No,73.7,83.7
GOOG-0477,Fatima Smith,Alphabet (Google),GOOG,Operations,Senior,90.1,315600,1.7,65.8,Latin America,Working class,Yes,96.4,64.8
GOOG-0478,Emily Nguyen,Alphabet (Google),GOOG,Research & AI,Principal,56.8,733800,8.6,71.4,North America,Working class,Yes,93.6,81.2
GOOG-0479,Zoe Khan,Alphabet (Google),GOOG,People/HR,Director,66.9,234400,7.3,77.5,North America,Upper-middle,No,36.2,72.5
GOOG-0480,Arjun Davis,Alphabet (Google),GOOG,Engineering,Senior,82.5,961700,9.3,62.9,Europe,Working class,Yes,87.5,83.2
GOOG-0481,Maria Ali,Alphabet (Google),GOOG,Product,C-Suite,73.6,3442400,8.7,66.3,Middle East,Middle,No,65.8,57.9
GOOG-0482,James Brown,Alphabet (Google),GOOG,Sales & GTM,Senior Director,79.5,595500,14.2,64.2,Latin America,Lower-middle,Yes,81.4,62.8
GOOG-0483,Grace Nguyen,Alphabet (Google),GOOG,Product,VP,83.6,823100,9.9,77.8,North America,Lower-middle,No,67.9,67.9
GOOG-0484,Elena Schmidt,Alphabet (Google),GOOG,Engineering,Director,73.0,457500,6.6,72.2,North America,Affluent,No,23.2,56.1
GOOG-0485,Samuel Lee,Alphabet (Google),GOOG,Research & AI,Senior,73.4,695200,4.6,60.2,North America,Lower-middle,No,63.3,66.9
GOOG-0486,Yuki Petrov,Alphabet (Google),GOOG,Legal & Policy,Senior,72.4,103500,3.2,60.0,Latin America,Middle,Yes,50.9,78.3
GOOG-0487,Wei Rossi,Alphabet (Google),GOOG,Engineering,Senior,98.7,379200,8.9,61.8,South Asia,Upper-middle,No,39.3,72.2
GOOG-0488,Raj Lopez,Alphabet (Google),GOOG,Product,Staff,82.2,274700,4.9,60.1,South Asia,Affluent,No,33.2,58.1
GOOG-0489,Nina Patel,Alphabet (Google),GOOG,Operations,VP,86.8,1091400,17.2,67.9,North America,Working class,Yes,81.9,70.0
GOOG-0490,Hiroshi Park,Alphabet (Google),GOOG,Operations,Senior Director,64.9,889300,8.8,66.3,North America,Lower-middle,No,60.0,67.1
GOOG-0491,Mary Wilson,Alphabet (Google),GOOG,Engineering,Senior,96.1,587900,8.0,69.1,North America,Middle,No,62.8,86.7
GOOG-0492,Wei Okafor,Alphabet (Google),GOOG,Research & AI,Senior,99.2,325900,6.4,53.6,South Asia,Upper-middle,No,40.3,60.2
GOOG-0493,John Lopez,Alphabet (Google),GOOG,Marketing,Staff,69.0,241100,1.9,78.4,North America,Affluent,No,26.7,72.2
GOOG-0494,John Wang,Alphabet (Google),GOOG,Operations,Staff,80.4,330800,7.3,73.7,North America,Middle,No,53.2,79.4
GOOG-0495,Aisha Wilson,Alphabet (Google),GOOG,Design,Senior Director,92.8,792800,12.3,80.1,Europe,Upper-middle,No,24.3,61.6
GOOG-0496,Hiroshi Davis,Alphabet (Google),GOOG,Engineering,Senior,81.2,433400,8.4,64.7,Latin America,Middle,No,45.5,74.8
GOOG-0497,Maria Wang,Alphabet (Google),GOOG,Engineering,Director,82.9,719000,18.6,72.7,Latin America,Working class,Yes,89.1,81.1
GOOG-0498,Sofia Reyes,Alphabet (Google),GOOG,People/HR,Director,74.0,1209000,11.1,64.9,South Asia,Middle,No,47.9,66.7
GOOG-0499,Maria Anderson,Alphabet (Google),GOOG,Engineering,Staff,92.0,282500,3.4,71.4,East Asia,Middle,No,48.9,79.5
GOOG-0500,John Chen,Alphabet (Google),GOOG,Product,Senior,87.9,301200,0.8,68.6,East Asia,Working class,Yes,98.8,82.4
GOOG-0501,Zoe Tanaka,Alphabet (Google),GOOG,Operations,Senior,76.7,155200,5.0,76.4,North America,Working class,Yes,100.0,89.0
GOOG-0502,Linda Singh,Alphabet (Google),GOOG,Finance,Senior,99.2,783100,5.5,74.1,South Asia,Lower-middle,Yes,80.8,82.2
GOOG-0503,Mary Silva,Alphabet (Google),GOOG,Operations,Senior Director,76.8,844700,13.0,74.6,North America,Lower-middle,Yes,74.9,79.6
GOOG-0504,Daniel Lopez,Alphabet (Google),GOOG,Operations,VP,74.9,1094300,8.7,79.4,South Asia,Working class,Yes,83.9,75.9
GOOG-0505,John Singh,Alphabet (Google),GOOG,Research & AI,Director,88.9,792800,6.6,71.6,South Asia,Affluent,No,30.0,74.1
GOOG-0506,Nina Hassan,Alphabet (Google),GOOG,Operations,Staff,67.0,109300,3.8,67.6,North America,Lower-middle,No,66.9,73.3
GOOG-0507,Fatima Patel,Alphabet (Google),GOOG,Product,VP,86.3,576500,9.2,72.3,Southeast Asia,Middle,No,45.7,65.5
GOOG-0508,Ahmed Nguyen,Alphabet (Google),GOOG,Engineering,Staff,86.8,284400,15.7,50.2,Latin America,Upper-middle,No,22.7,56.9
GOOG-0509,Grace Wang,Alphabet (Google),GOOG,Design,Staff,87.9,217400,6.2,73.5,Europe,Working class,Yes,99.8,67.6
GOOG-0510,Olivia Wang,Alphabet (Google),GOOG,Engineering,Principal,72.0,322200,13.2,64.0,North America,Middle,No,55.7,70.1
GOOG-0511,Emily Nguyen,Alphabet (Google),GOOG,Sales & GTM,Staff,89.3,396900,2.3,67.1,North America,Upper-middle,No,53.0,71.2
GOOG-0512,James Ali,Alphabet (Google),GOOG,Research & AI,Senior Director,75.5,551400,9.7,68.9,East Asia,Upper-middle,No,26.1,59.4
GOOG-0513,Yuki Martinez,Alphabet (Google),GOOG,Engineering,Staff,79.5,328700,4.4,68.4,North America,Middle,No,54.6,53.1
GOOG-0514,Nina Anderson,Alphabet (Google),GOOG,Engineering,Senior,81.6,446700,8.3,76.2,East Asia,Middle,Yes,52.8,86.5
GOOG-0515,Michael Reyes,Alphabet (Google),GOOG,Research & AI,Staff,71.9,441100,3.7,64.8,Latin America,Upper-middle,No,46.3,67.9
GOOG-0516,Thomas Silva,Alphabet (Google),GOOG,Product,Staff,84.3,551100,8.3,73.6,North America,Lower-middle,Yes,75.5,67.2
GOOG-0517,Elena Rossi,Alphabet (Google),GOOG,Research & AI,Staff,79.9,309900,13.5,71.6,East Asia,Middle,Yes,59.9,74.8
GOOG-0518,Hiroshi Brown,Alphabet (Google),GOOG,Sales & GTM,SVP,69.9,882300,14.3,68.8,North America,Upper-middle,Yes,33.1,72.1
GOOG-0519,Grace Singh,Alphabet (Google),GOOG,People/HR,Staff,87.4,349400,3.9,82.1,North America,Middle,No,59.0,63.7
GOOG-0520,John Schmidt,Alphabet (Google),GOOG,Engineering,Senior,74.0,148000,3.8,73.5,East Asia,Lower-middle,Yes,86.7,73.1
GOOG-0521,Sofia Petrov,Alphabet (Google),GOOG,Engineering,Senior,94.8,254800,4.9,66.3,South Asia,Lower-middle,Yes,67.2,65.6
GOOG-0522,Hannah Lee,Alphabet (Google),GOOG,Sales & GTM,Principal,78.4,354700,6.0,75.1,Middle East,Affluent,No,19.2,77.9
GOOG-0523,Elena Wilson,Alphabet (Google),GOOG,Engineering,Principal,69.6,954400,4.5,70.1,North America,Middle,Yes,68.3,69.7
GOOG-0524,James Khan,Alphabet (Google),GOOG,Product,Principal,84.1,813200,19.8,76.3,South Asia,Working class,Yes,96.3,72.3
GOOG-0525,Hannah Martinez,Alphabet (Google),GOOG,Marketing,Senior Director,87.8,1146100,6.6,67.6,North America,Middle,Yes,58.0,73.3
GOOG-0526,Aisha Park,Alphabet (Google),GOOG,Research & AI,Staff,58.2,514800,1.3,58.1,Latin America,Lower-middle,Yes,67.4,63.5
GOOG-0527,Elena Brown,Alphabet (Google),GOOG,Marketing,Senior,51.1,152200,8.3,62.1,Middle East,Working class,Yes,90.8,62.4
GOOG-0528,Arjun Reyes,Alphabet (Google),GOOG,Engineering,Principal,72.7,211800,5.8,78.6,South Asia,Lower-middle,No,65.9,73.3
GOOG-0529,Fatima Smith,Alphabet (Google),GOOG,Sales & GTM,Senior,75.6,91800,4.5,62.3,North America,Middle,No,45.8,60.8
GOOG-0530,Thomas Wilson,Alphabet (Google),GOOG,Research & AI,Senior Director,81.5,665300,9.3,78.8,North America,Middle,Yes,66.8,67.5
GOOG-0531,Wei Garcia,Alphabet (Google),GOOG,Legal & Policy,VP,85.0,1201200,8.0,61.5,North America,Middle,No,50.0,66.3
GOOG-0532,Fatima Lee,Alphabet (Google),GOOG,Marketing,Principal,75.3,117800,7.4,75.1,North America,Middle,No,62.3,61.0
GOOG-0533,Mary Anderson,Alphabet (Google),GOOG,Research & AI,Senior Director,89.5,855400,12.8,76.0,Europe,Middle,No,52.6,77.5
GOOG-0534,Nina Smith,Alphabet (Google),GOOG,Finance,Director,70.7,1489500,16.8,85.3,North America,Lower-middle,Yes,76.3,89.0
GOOG-0535,Samuel Silva,Alphabet (Google),GOOG,Product,Senior,66.0,143800,1.1,63.4,North America,Middle,No,34.3,57.1
GOOG-0536,Mary Martinez,Alphabet (Google),GOOG,Research & AI,Principal,71.1,304800,8.1,74.5,North America,Working class,Yes,94.2,78.4
GOOG-0537,Yuki Rossi,Alphabet (Google),GOOG,Design,Staff,79.3,345400,7.5,57.9,North America,Middle,No,51.0,76.8
GOOG-0538,Linda Kim,Alphabet (Google),GOOG,Engineering,Senior,59.2,262000,2.7,64.7,Southeast Asia,Middle,No,42.1,63.3
GOOG-0539,Fatima Anderson,Alphabet (Google),GOOG,Design,Senior,84.0,298400,1.8,74.8,North America,Lower-middle,Yes,80.7,77.0
GOOG-0540,Maria Cohen,Alphabet (Google),GOOG,Engineering,Director,76.0,506400,16.0,76.2,South Asia,Middle,No,44.5,70.0
GOOG-0541,Elena Nguyen,Alphabet (Google),GOOG,Engineering,Senior Director,90.5,1488000,8.8,68.4,North America,Working class,Yes,98.6,70.3
GOOG-0542,Nina Yamamoto,Alphabet (Google),GOOG,Product,Director,78.6,664800,8.5,69.3,Latin America,Lower-middle,Yes,82.3,88.0
GOOG-0543,Arjun Silva,Alphabet (Google),GOOG,Legal & Policy,Principal,84.0,192400,9.5,72.1,Latin America,Working class,Yes,90.1,88.2
GOOG-0544,Elena Petrov,Alphabet (Google),GOOG,Engineering,Senior,72.3,198600,4.4,63.8,North America,Affluent,No,26.8,76.1
GOOG-0545,David Anderson,Alphabet (Google),GOOG,Engineering,Principal,83.9,654400,5.2,79.7,East Asia,Upper-middle,No,35.5,59.9
GOOG-0546,Raj Cohen,Alphabet (Google),GOOG,Research & AI,Principal,75.4,829900,17.8,67.5,South Asia,Working class,No,80.1,65.3
GOOG-0547,Emily Garcia,Alphabet (Google),GOOG,Engineering,Senior Director,81.1,841700,16.3,65.4,South Asia,Lower-middle,No,75.8,77.6
GOOG-0548,Yuki Lee,Alphabet (Google),GOOG,Research & AI,Staff,79.2,445500,7.3,71.7,South Asia,Upper-middle,No,44.1,61.4
GOOG-0549,Maria Davis,Alphabet (Google),GOOG,Operations,Senior Director,84.4,478200,6.2,68.9,Africa,Middle,Yes,60.0,74.3
GOOG-0550,Samuel Martinez,Alphabet (Google),GOOG,Engineering,Principal,72.8,728700,7.9,59.0,North America,Lower-middle,No,58.3,73.1
GOOG-0551,Thomas Brown,Alphabet (Google),GOOG,Product,Senior,81.9,484300,8.9,71.5,North America,Upper-middle,No,36.7,71.0
GOOG-0552,Zoe Garcia,Alphabet (Google),GOOG,Engineering,Principal,74.2,275800,4.2,69.7,East Asia,Working class,No,84.2,81.1
GOOG-0553,Elena Khan,Alphabet (Google),GOOG,Operations,Director,70.9,685200,10.7,70.7,South Asia,Upper-middle,No,31.8,71.2
GOOG-0554,Linda Reyes,Alphabet (Google),GOOG,Research & AI,Senior Director,78.1,1091100,8.2,72.9,North America,Affluent,No,22.7,70.2
GOOG-0555,Chen Cohen,Alphabet (Google),GOOG,Research & AI,Senior,71.0,217200,12.2,65.2,North America,Middle,No,57.9,81.3
GOOG-0556,Nina Ali,Alphabet (Google),GOOG,Research & AI,VP,87.4,525600,5.9,69.1,North America,Middle,Yes,56.9,80.8
GOOG-0557,Kevin Martinez,Alphabet (Google),GOOG,Engineering,Senior,83.3,309900,2.4,65.8,North America,Upper-middle,No,43.9,58.0
GOOG-0558,Nina Nguyen,Alphabet (Google),GOOG,Sales & GTM,Principal,90.0,277800,6.1,62.3,South Asia,Middle,No,59.3,69.2
GOOG-0559,Linda Wilson,Alphabet (Google),GOOG,Research & AI,Senior,82.9,684000,7.9,63.8,South Asia,Working class,No,79.2,66.8
GOOG-0560,Raj Garcia,Alphabet (Google),GOOG,Finance,Staff,86.0,565800,17.4,66.5,North America,Lower-middle,No,63.4,72.3
GOOG-0561,Zoe Johnson,Alphabet (Google),GOOG,Engineering,Director,88.5,528100,13.5,73.6,North America,Lower-middle,No,74.1,73.9
GOOG-0562,Carlos Martinez,Alphabet (Google),GOOG,Operations,Director,83.6,1078200,20.6,71.1,South Asia,Middle,No,58.2,72.8
GOOG-0563,Olivia Lee,Alphabet (Google),GOOG,Engineering,Principal,89.7,381500,3.4,67.1,East Asia,Working class,Yes,76.7,67.9
GOOG-0564,Kevin Wilson,Alphabet (Google),GOOG,Research & AI,Principal,77.0,1134000,7.6,71.6,North America,Working class,Yes,79.8,72.9
GOOG-0565,John Brown,Alphabet (Google),GOOG,Research & AI,Staff,79.6,980300,6.7,65.3,North America,Middle,Yes,63.1,77.0
GOOG-0566,Olivia Schmidt,Alphabet (Google),GOOG,Engineering,Senior,70.4,261800,3.8,68.6,Southeast Asia,Middle,No,57.5,67.1
GOOG-0567,John Wang,Alphabet (Google),GOOG,Research & AI,Principal,79.0,292900,9.5,66.8,North America,Lower-middle,Yes,70.2,60.6
GOOG-0568,John Park,Alphabet (Google),GOOG,People/HR,Director,90.6,2588200,5.8,73.8,Europe,Upper-middle,No,40.7,78.8
GOOG-0569,Fatima Khan,Alphabet (Google),GOOG,People/HR,Senior,73.0,151800,3.3,70.3,North America,Upper-middle,No,26.5,52.2
GOOG-0570,Kevin Petrov,Alphabet (Google),GOOG,Engineering,Staff,78.2,199500,13.1,57.8,Middle East,Lower-middle,Yes,88.8,65.8
GOOG-0571,Maria Schmidt,Alphabet (Google),GOOG,Research & AI,Senior,81.7,220000,3.1,68.3,North America,Affluent,No,31.5,63.4
GOOG-0572,Elena Smith,Alphabet (Google),GOOG,Engineering,Director,74.6,268500,6.4,74.6,Europe,Middle,No,54.6,74.8
GOOG-0573,Samuel Singh,Alphabet (Google),GOOG,Engineering,Staff,70.7,609200,5.3,63.6,North America,Working class,Yes,87.7,80.6
GOOG-0574,Sofia Davis,Alphabet (Google),GOOG,Product,Staff,64.6,251100,1.4,63.9,South Asia,Affluent,No,32.5,60.2
GOOG-0575,Aisha Yamamoto,Alphabet (Google),GOOG,Legal & Policy,Senior,68.4,258100,2.2,57.9,North America,Lower-middle,No,60.4,72.8
GOOG-0576,Arjun Johnson,Alphabet (Google),GOOG,Research & AI,Principal,97.9,320400,9.9,72.1,South Asia,Upper-middle,No,33.4,45.8
GOOG-0577,Aisha Silva,Alphabet (Google),GOOG,Design,Staff,81.4,247800,7.5,63.7,Southeast Asia,Middle,Yes,61.5,76.7
GOOG-0578,Olivia Lee,Alphabet (Google),GOOG,People/HR,Senior,74.9,420900,7.2,67.0,North America,Lower-middle,Yes,82.8,75.1
GOOG-0579,John Johnson,Alphabet (Google),GOOG,Engineering,Staff,82.9,307200,2.3,54.6,Middle East,Working class,Yes,87.4,73.8
GOOG-0580,Hiroshi Yamamoto,Alphabet (Google),GOOG,Operations,VP,100.0,1670600,18.7,60.9,North America,Lower-middle,Yes,80.1,84.3
GOOG-0581,James Brown,Alphabet (Google),GOOG,Engineering,Staff,64.7,136600,7.7,67.1,Europe,Working class,Yes,91.3,71.4
GOOG-0582,Thomas Park,Alphabet (Google),GOOG,Engineering,Principal,77.1,400400,4.1,68.5,North America,Lower-middle,No,57.1,69.3
GOOG-0583,Chen Patel,Alphabet (Google),GOOG,Finance,Director,79.3,827900,10.8,70.3,Southeast Asia,Affluent,No,27.5,56.4
GOOG-0584,Raj Singh,Alphabet (Google),GOOG,Finance,Staff,82.8,459700,5.0,66.9,North America,Working class,Yes,97.9,70.2
GOOG-0585,Grace Johnson,Alphabet (Google),GOOG,Research & AI,Senior,70.7,311000,4.4,49.8,North America,Upper-middle,No,35.2,48.0
GOOG-0586,Wei Rossi,Alphabet (Google),GOOG,Engineering,Staff,71.2,173300,5.9,72.2,Oceania,Middle,No,53.8,69.1
GOOG-0587,Mary Chen,Alphabet (Google),GOOG,Product,Senior,85.0,258400,3.7,66.9,Europe,Lower-middle,Yes,76.4,62.2
GOOG-0588,Hiroshi Patel,Alphabet (Google),GOOG,Research & AI,SVP,82.1,1012400,12.6,69.3,North America,Middle,Yes,62.1,65.1
GOOG-0589,Grace Martinez,Alphabet (Google),GOOG,Engineering,Staff,88.2,159900,9.5,67.0,North America,Upper-middle,No,31.6,95.6
GOOG-0590,John Park,Alphabet (Google),GOOG,Research & AI,Director,68.3,882600,7.7,74.5,North America,Middle,Yes,59.0,63.1
GOOG-0591,Grace Cohen,Alphabet (Google),GOOG,Operations,Staff,89.2,501300,15.5,57.2,North America,Lower-middle,No,52.9,70.5
GOOG-0592,James Garcia,Alphabet (Google),GOOG,Design,Staff,72.6,501000,3.9,76.8,Europe,Affluent,No,36.1,63.4
GOOG-0593,Michael Ali,Alphabet (Google),GOOG,Operations,VP,77.2,1236200,10.1,83.2,North America,Upper-middle,No,45.5,75.8
GOOG-0594,Wei Johnson,Alphabet (Google),GOOG,Product,Director,82.0,374500,14.8,66.5,South Asia,Working class,Yes,98.5,83.3
GOOG-0595,Linda Cohen,Alphabet (Google),GOOG,Engineering,Director,75.6,620900,12.0,65.2,North America,Affluent,No,24.9,51.8
GOOG-0596,David Nguyen,Alphabet (Google),GOOG,Legal & Policy,Director,84.0,643400,5.3,68.1,North America,Middle,No,54.7,62.1
GOOG-0597,Mary Reyes,Alphabet (Google),GOOG,Operations,Director,71.4,815800,5.8,74.3,Europe,Middle,No,52.4,69.3
GOOG-0598,Raj Yamamoto,Alphabet (Google),GOOG,Engineering,Senior Director,86.0,690700,9.2,72.7,Europe,Middle,No,40.4,58.9
GOOG-0599,Emily Smith,Alphabet (Google),GOOG,Operations,Director,91.7,775700,5.4,79.1,North America,Working class,No,79.7,69.2
GOOG-0600,Priya Anderson,Alphabet (Google),GOOG,Research & AI,Senior,72.6,94400,3.4,72.1,North America,Lower-middle,Yes,72.0,90.0
GOOG-0601,Michael Martinez,Alphabet (Google),GOOG,Research & AI,Staff,86.5,328300,7.8,65.8,North America,Lower-middle,No,71.0,70.7
GOOG-0602,Michael Anderson,Alphabet (Google),GOOG,Operations,Staff,78.8,240900,4.9,65.5,East Asia,Upper-middle,No,42.3,72.0
GOOG-0603,Linda Park,Alphabet (Google),GOOG,Engineering,Director,91.4,418200,11.6,73.5,North America,Lower-middle,No,69.7,81.4
GOOG-0604,David Davis,Alphabet (Google),GOOG,People/HR,Staff,88.3,427500,15.3,70.1,North America,Middle,No,60.6,65.8
GOOG-0605,James Chen,Alphabet (Google),GOOG,Engineering,Senior,92.4,395400,4.7,62.2,South Asia,Lower-middle,Yes,59.2,73.2
GOOG-0606,David Martinez,Alphabet (Google),GOOG,Operations,Senior,74.2,128300,10.6,67.3,South Asia,Middle,No,56.2,74.9
GOOG-0607,Zoe Park,Alphabet (Google),GOOG,Research & AI,Senior,73.3,161900,1.5,65.2,North America,Working class,Yes,91.4,69.8
GOOG-0608,Carlos Singh,Alphabet (Google),GOOG,Legal & Policy,Senior,84.0,87900,14.2,60.0,South Asia,Lower-middle,Yes,72.8,57.0
GOOG-0609,Priya Lee,Alphabet (Google),GOOG,Operations,Principal,84.8,569800,13.6,73.0,South Asia,Affluent,No,33.4,62.7
GOOG-0610,Emily Wang,Alphabet (Google),GOOG,Research & AI,Senior,64.3,253600,4.1,62.7,North America,Middle,Yes,48.4,71.1
GOOG-0611,Zoe Petrov,Alphabet (Google),GOOG,Research & AI,Staff,83.7,459700,9.2,60.6,North America,Lower-middle,No,64.6,61.6
GOOG-0612,Grace Johnson,Alphabet (Google),GOOG,Finance,Director,75.7,1151800,8.8,64.9,East Asia,Middle,No,48.3,71.4
GOOG-0613,Samuel Wang,Alphabet (Google),GOOG,Engineering,Staff,70.1,164300,4.9,69.2,North America,Lower-middle,No,61.5,51.9
GOOG-0614,Olivia Murphy,Alphabet (Google),GOOG,Product,Director,97.7,937400,4.5,63.7,Europe,Middle,Yes,72.8,58.9
GOOG-0615,Grace Khan,Alphabet (Google),GOOG,Engineering,Senior,73.3,258400,15.4,52.9,North America,Middle,No,47.9,76.8
GOOG-0616,Mary Khan,Alphabet (Google),GOOG,Legal & Policy,Staff,81.0,391300,3.6,69.8,Oceania,Working class,Yes,92.4,82.4
GOOG-0617,Hannah Silva,Alphabet (Google),GOOG,Engineering,Senior,95.3,169700,21.6,47.5,North America,Lower-middle,Yes,70.0,51.6
GOOG-0618,Priya Park,Alphabet (Google),GOOG,Sales & GTM,Staff,100.0,610800,11.2,68.3,Europe,Upper-middle,No,47.2,70.6
GOOG-0619,Wei Silva,Alphabet (Google),GOOG,Design,Senior,92.7,313600,5.7,71.5,South Asia,Lower-middle,No,69.2,73.2
GOOG-0620,Priya Cohen,Alphabet (Google),GOOG,Research & AI,Staff,89.8,261200,6.2,68.6,North America,Middle,No,52.4,78.3
GOOG-0621,Hannah Johnson,Alphabet (Google),GOOG,Sales & GTM,Senior,82.3,161300,18.8,56.6,North America,Middle,No,50.0,66.7
GOOG-0622,Arjun Hassan,Alphabet (Google),GOOG,Marketing,Principal,100.0,664800,6.9,51.1,South Asia,Lower-middle,No,58.0,46.3
GOOG-0623,David Chen,Alphabet (Google),GOOG,Engineering,Senior Director,82.8,1765800,8.4,72.6,South Asia,Working class,Yes,84.1,67.5
GOOG-0624,Linda Silva,Alphabet (Google),GOOG,Product,Senior,78.0,113900,1.7,60.8,South Asia,Working class,Yes,97.2,66.7
GOOG-0625,Samuel Murphy,Alphabet (Google),GOOG,Research & AI,VP,66.7,1511500,6.7,67.0,Europe,Working class,Yes,81.8,58.0
GOOG-0626,Elena Khan,Alphabet (Google),GOOG,Engineering,Director,75.8,317400,6.2,71.8,Europe,Working class,No,77.6,44.8
GOOG-0627,Samuel Garcia,Alphabet (Google),GOOG,Product,Staff,87.5,235900,4.1,58.7,East Asia,Middle,No,56.0,70.0
GOOG-0628,James Ali,Alphabet (Google),GOOG,Operations,Senior,100.0,220100,5.1,60.8,East Asia,Lower-middle,Yes,68.5,71.4
GOOG-0629,Priya Martinez,Alphabet (Google),GOOG,Engineering,Senior Director,71.3,627300,8.1,66.2,North America,Middle,No,65.0,53.5
GOOG-0630,Arjun Hassan,Alphabet (Google),GOOG,Legal & Policy,Principal,77.2,193700,12.6,66.2,East Asia,Middle,No,47.9,79.7
GOOG-0631,Sofia Ali,Alphabet (Google),GOOG,Operations,Senior Director,77.5,569700,6.2,79.9,North America,Middle,No,49.1,74.8
GOOG-0632,Aisha Patel,Alphabet (Google),GOOG,Engineering,Staff,95.8,792300,4.1,78.2,North America,Middle,No,45.3,55.0
GOOG-0633,Chen Silva,Alphabet (Google),GOOG,Sales & GTM,Staff,78.9,157600,9.2,71.5,North America,Working class,Yes,93.3,74.6
GOOG-0634,David Kim,Alphabet (Google),GOOG,Design,Senior,72.0,281400,4.4,56.8,South Asia,Affluent,No,37.4,67.6
GOOG-0635,Olivia Murphy,Alphabet (Google),GOOG,Engineering,Senior,87.6,631800,2.2,62.6,Europe,Affluent,No,22.0,62.6
GOOG-0636,Emily Rossi,Alphabet (Google),GOOG,Product,Staff,82.8,690300,11.0,68.1,Europe,Upper-middle,No,34.1,73.4
GOOG-0637,Yuki Murphy,Alphabet (Google),GOOG,Product,Staff,74.3,331800,3.6,70.7,North America,Lower-middle,Yes,78.2,61.7
GOOG-0638,Priya Lee,Alphabet (Google),GOOG,Research & AI,Staff,85.8,561000,1.5,57.4,South Asia,Middle,No,44.6,45.8
GOOG-0639,Nina Petrov,Alphabet (Google),GOOG,Engineering,Senior,92.7,497300,5.1,63.7,North America,Middle,No,33.6,69.6
GOOG-0640,Wei Martinez,Alphabet (Google),GOOG,Operations,Senior,88.2,543400,13.7,54.6,South Asia,Upper-middle,No,43.3,68.8
GOOG-0641,Wei Petrov,Alphabet (Google),GOOG,Marketing,Staff,73.4,205600,2.9,65.6,North America,Upper-middle,No,37.8,76.5
GOOG-0642,Yuki Smith,Alphabet (Google),GOOG,Engineering,Principal,100.0,384400,3.8,60.6,North America,Affluent,No,31.1,54.9
GOOG-0643,Ahmed Lopez,Alphabet (Google),GOOG,Research & AI,Staff,100.0,419200,3.0,69.9,North America,Middle,Yes,66.7,66.1
GOOG-0644,Maria Nguyen,Alphabet (Google),GOOG,Research & AI,Principal,80.9,296600,8.3,64.4,Latin America,Middle,No,49.6,59.7
GOOG-0645,Michael Martinez,Alphabet (Google),GOOG,Engineering,Senior,66.3,240600,16.1,52.5,South Asia,Middle,No,53.0,56.0
GOOG-0646,Arjun Davis,Alphabet (Google),GOOG,Research & AI,VP,93.6,1416800,7.3,76.1,North America,Middle,Yes,58.5,73.1
GOOG-0647,Zoe Garcia,Alphabet (Google),GOOG,Sales & GTM,Senior,70.6,65900,12.7,62.0,South Asia,Middle,No,57.0,52.1
GOOG-0648,Arjun Petrov,Alphabet (Google),GOOG,People/HR,Senior,90.8,157400,3.7,75.1,Middle East,Working class,Yes,100.0,85.8
GOOG-0649,Emily Hassan,Alphabet (Google),GOOG,Marketing,Director,67.6,756700,5.5,73.9,East Asia,Upper-middle,No,40.2,51.3
GOOG-0650,Michael Lopez,Alphabet (Google),GOOG,Design,Principal,97.8,447900,6.2,67.9,North America,Middle,No,52.4,65.8
GOOG-0651,Arjun Hassan,Alphabet (Google),GOOG,Engineering,Senior,85.8,630400,1.5,68.3,North America,Affluent,No,13.3,71.7
GOOG-0652,Zoe Park,Alphabet (Google),GOOG,Research & AI,Senior,81.8,118100,10.8,66.2,East Asia,Middle,Yes,65.5,62.6
GOOG-0653,Mary Schmidt,Alphabet (Google),GOOG,Operations,Senior,80.8,172100,8.3,73.4,North America,Upper-middle,No,34.2,82.4
GOOG-0654,Hannah Petrov,Alphabet (Google),GOOG,Finance,Senior,73.5,271600,9.0,70.2,East Asia,Working class,Yes,92.3,63.8
GOOG-0655,Sofia Johnson,Alphabet (Google),GOOG,Marketing,Staff,85.4,94600,3.4,73.7,South Asia,Working class,No,93.6,78.6
GOOG-0656,Elena Lopez,Alphabet (Google),GOOG,Operations,Director,95.6,669300,13.0,78.0,North America,Lower-middle,No,61.9,68.2
GOOG-0657,Samuel Martinez,Alphabet (Google),GOOG,Sales & GTM,Staff,80.9,409500,7.5,59.8,Europe,Middle,No,48.5,64.8
GOOG-0658,Elena Nguyen,Alphabet (Google),GOOG,Engineering,Senior,47.4,132600,3.4,61.0,North America,Upper-middle,Yes,40.4,54.6
GOOG-0659,Chen Lopez,Alphabet (Google),GOOG,Product,Director,91.6,1661600,5.0,64.4,North America,Working class,Yes,97.8,80.8
GOOG-0660,Ahmed Anderson,Alphabet (Google),GOOG,Research & AI,Senior,77.9,408000,13.0,53.9,South Asia,Middle,No,47.8,76.6
GOOG-0661,Nina Smith,Alphabet (Google),GOOG,Finance,SVP,74.9,2520500,7.4,85.2,Middle East,Middle,Yes,62.5,72.0
GOOG-0662,Chen Kim,Alphabet (Google),GOOG,Design,Director,96.7,388600,14.3,64.2,South Asia,Middle,No,40.7,79.8
GOOG-0663,Samuel Tanaka,Alphabet (Google),GOOG,Research & AI,Director,90.2,653800,10.5,77.5,North America,Middle,Yes,70.4,71.2
GOOG-0664,Maria Yamamoto,Alphabet (Google),GOOG,Design,Principal,77.4,325400,13.4,75.3,East Asia,Lower-middle,Yes,71.4,72.3
GOOG-0665,Thomas Khan,Alphabet (Google),GOOG,Engineering,Staff,76.6,247000,4.4,65.3,South Asia,Affluent,No,32.9,84.2
GOOG-0666,Chen Garcia,Alphabet (Google),GOOG,Product,Senior Director,88.5,702300,13.6,77.6,Latin America,Middle,No,59.0,76.4
GOOG-0667,Emily Anderson,Alphabet (Google),GOOG,Product,Senior,86.8,278000,7.7,58.0,North America,Middle,Yes,56.6,67.8
GOOG-0668,Chen Lee,Alphabet (Google),GOOG,Sales & GTM,Principal,84.8,337500,9.0,77.3,East Asia,Working class,Yes,78.2,64.9
GOOG-0669,Wei Chen,Alphabet (Google),GOOG,Product,Principal,96.9,916800,8.5,76.5,East Asia,Upper-middle,No,45.6,80.4
GOOG-0670,Linda Lee,Alphabet (Google),GOOG,Research & AI,Staff,99.0,189900,7.1,57.6,North America,Middle,No,58.3,63.6
GOOG-0671,Michael Schmidt,Alphabet (Google),GOOG,Finance,Senior,81.6,234100,8.9,59.9,South Asia,Lower-middle,Yes,74.5,96.7
GOOG-0672,David Silva,Alphabet (Google),GOOG,Finance,Staff,62.1,302100,9.8,65.0,Middle East,Working class,Yes,100.0,76.7
GOOG-0673,Wei Wilson,Alphabet (Google),GOOG,Research & AI,Senior,91.9,304500,7.6,71.5,East Asia,Affluent,No,33.7,78.8
GOOG-0674,Arjun Wang,Alphabet (Google),GOOG,Operations,Senior,92.2,274700,2.4,66.7,North America,Middle,Yes,61.2,80.6
GOOG-0675,Hiroshi Martinez,Alphabet (Google),GOOG,Engineering,Senior Director,83.7,602700,7.9,62.2,North America,Middle,No,56.4,59.9
GOOG-0676,Arjun Petrov,Alphabet (Google),GOOG,Engineering,Staff,74.7,178100,4.2,67.3,East Asia,Working class,Yes,94.1,77.6
GOOG-0677,Grace Kim,Alphabet (Google),GOOG,Operations,Staff,54.6,131900,9.8,63.0,South Asia,Lower-middle,No,57.0,69.5
GOOG-0678,Sofia Tanaka,Alphabet (Google),GOOG,Sales & GTM,VP,91.0,1199100,7.3,73.0,South Asia,Affluent,Yes,33.6,64.7
GOOG-0679,Linda Silva,Alphabet (Google),GOOG,Operations,Director,81.1,511700,6.9,66.0,North America,Upper-middle,No,36.9,64.8
GOOG-0680,Zoe Lee,Alphabet (Google),GOOG,Finance,Staff,71.6,364900,10.8,69.1,North America,Lower-middle,Yes,76.0,72.1
GOOG-0681,Elena Wang,Alphabet (Google),GOOG,Engineering,Senior Director,75.0,567500,6.5,64.8,South Asia,Upper-middle,No,21.2,55.5
GOOG-0682,Arjun Wang,Alphabet (Google),GOOG,Engineering,Senior,78.8,143800,7.9,72.0,South Asia,Working class,Yes,96.0,69.8
GOOG-0683,Arjun Lopez,Alphabet (Google),GOOG,Product,Director,71.7,929800,4.6,77.8,East Asia,Lower-middle,Yes,77.5,83.6
GOOG-0684,Grace Brown,Alphabet (Google),GOOG,Research & AI,Staff,82.5,801300,2.4,58.1,Latin America,Middle,Yes,51.7,68.5
GOOG-0685,Hiroshi Brown,Alphabet (Google),GOOG,Engineering,Principal,66.3,417500,6.8,57.8,North America,Lower-middle,Yes,78.2,72.8
GOOG-0686,Aisha Wang,Alphabet (Google),GOOG,Operations,Principal,75.5,1152800,14.1,74.1,North America,Lower-middle,No,55.5,71.5
GOOG-0687,Maria Kim,Alphabet (Google),GOOG,Finance,Senior Director,84.0,1786200,11.8,78.1,South Asia,Lower-middle,Yes,78.8,66.8
GOOG-0688,Thomas Johnson,Alphabet (Google),GOOG,Marketing,Staff,67.1,1300200,3.7,59.5,Africa,Upper-middle,No,43.3,60.7
GOOG-0689,Mary Ali,Alphabet (Google),GOOG,Engineering,VP,75.1,1264200,12.0,68.5,North America,Middle,No,51.0,72.7
GOOG-0690,Daniel Tanaka,Alphabet (Google),GOOG,Sales & GTM,Senior,78.5,182700,4.7,62.8,South Asia,Working class,Yes,94.8,79.6
GOOG-0691,Grace Lee,Alphabet (Google),GOOG,Research & AI,Director,79.2,533100,15.6,76.8,Europe,Working class,Yes,93.7,75.8
GOOG-0692,Nina Nguyen,Alphabet (Google),GOOG,Product,Principal,68.0,301100,12.1,78.0,East Asia,Working class,Yes,85.4,75.6
GOOG-0693,Hannah Tanaka,Alphabet (Google),GOOG,People/HR,Director,77.4,607400,6.7,66.9,East Asia,Working class,Yes,85.8,64.9
GOOG-0694,Arjun Tanaka,Alphabet (Google),GOOG,Finance,Senior,62.6,428700,1.4,73.4,Europe,Middle,Yes,64.5,73.3
GOOG-0695,Ahmed Garcia,Alphabet (Google),GOOG,Legal & Policy,Director,93.6,1591800,8.1,68.1,North America,Lower-middle,No,58.4,69.6
GOOG-0696,David Ali,Alphabet (Google),GOOG,Finance,Senior,90.9,219900,3.9,72.8,North America,Working class,Yes,100.0,85.1
GOOG-0697,Hiroshi Smith,Alphabet (Google),GOOG,Engineering,Senior,60.5,201800,2.6,79.6,Middle East,Middle,Yes,61.3,71.9
GOOG-0698,Mary Tanaka,Alphabet (Google),GOOG,Sales & GTM,Staff,92.9,431300,7.1,63.0,Europe,Middle,No,60.8,66.5
GOOG-0699,Mary Martinez,Alphabet (Google),GOOG,Engineering,C-Suite,92.2,2255000,17.3,69.3,North America,Affluent,No,27.0,61.0
GOOG-0700,James Ali,Alphabet (Google),GOOG,Engineering,Staff,88.0,373000,13.3,60.8,North America,Working class,No,81.6,57.5
GOOG-0701,Sofia Lopez,Alphabet (Google),GOOG,Engineering,Staff,100.0,566800,6.2,56.6,Southeast Asia,Lower-middle,No,67.8,74.7
GOOG-0702,Wei Cohen,Alphabet (Google),GOOG,Product,VP,94.2,2311400,7.3,64.8,Africa,Upper-middle,No,49.1,63.8
GOOG-0703,Kevin Chen,Alphabet (Google),GOOG,Sales & GTM,Senior,72.0,373200,0.6,54.0,South Asia,Working class,Yes,92.3,71.8
GOOG-0704,James Murphy,Alphabet (Google),GOOG,Product,Senior,86.2,105700,3.6,61.8,North America,Middle,No,44.0,76.8
GOOG-0705,Zoe Schmidt,Alphabet (Google),GOOG,Marketing,Staff,71.9,834400,5.9,72.2,North America,Affluent,No,25.6,77.3
GOOG-0706,Ahmed Rossi,Alphabet (Google),GOOG,Engineering,Staff,78.4,387700,7.1,69.0,North America,Middle,No,57.8,73.4
GOOG-0707,Grace Anderson,Alphabet (Google),GOOG,Sales & GTM,Principal,94.9,520100,8.2,70.2,Europe,Affluent,No,31.1,68.5
GOOG-0708,Daniel Silva,Alphabet (Google),GOOG,Engineering,Senior,88.5,191800,5.2,68.6,North America,Working class,Yes,91.0,69.7
GOOG-0709,Thomas Reyes,Alphabet (Google),GOOG,Engineering,Principal,86.7,263700,4.3,73.4,North America,Upper-middle,No,49.0,71.6
GOOG-0710,Raj Yamamoto,Alphabet (Google),GOOG,Engineering,Principal,74.2,229100,7.5,65.9,North America,Affluent,No,24.2,53.0
GOOG-0711,Michael Patel,Alphabet (Google),GOOG,Engineering,Staff,77.9,342700,5.7,68.1,North America,Lower-middle,No,66.9,66.0
GOOG-0712,Chen Nguyen,Alphabet (Google),GOOG,Operations,Senior,82.5,495800,8.2,66.7,East Asia,Working class,Yes,78.1,62.4
GOOG-0713,Grace Yamamoto,Alphabet (Google),GOOG,Legal & Policy,Staff,78.7,494700,5.2,70.2,East Asia,Middle,Yes,74.1,66.4
GOOG-0714,Wei Tanaka,Alphabet (Google),GOOG,Engineering,Senior,85.1,152500,4.9,58.1,Africa,Middle,Yes,69.3,77.5
GOOG-0715,Ahmed Kim,Alphabet (Google),GOOG,Marketing,Director,89.3,398900,9.1,71.6,Middle East,Middle,No,52.0,71.4
GOOG-0716,Chen Garcia,Alphabet (Google),GOOG,Engineering,Staff,82.9,752800,3.7,68.2,South Asia,Upper-middle,Yes,40.1,53.7
GOOG-0717,Chen Lopez,Alphabet (Google),GOOG,People/HR,Senior,79.4,710600,8.6,64.7,North America,Working class,No,93.7,56.9
GOOG-0718,John Ali,Alphabet (Google),GOOG,Legal & Policy,Principal,62.6,525300,10.5,59.9,South Asia,Middle,No,48.4,78.9
GOOG-0719,Hannah Cohen,Alphabet (Google),GOOG,Sales & GTM,C-Suite,90.4,1971600,16.2,65.9,North America,Middle,No,53.9,67.6
GOOG-0720,Chen Lopez,Alphabet (Google),GOOG,Research & AI,Staff,78.6,263400,11.9,65.7,Africa,Working class,Yes,97.5,87.7
GOOG-0721,Fatima Patel,Alphabet (Google),GOOG,Operations,Senior Director,92.5,394100,11.8,83.1,South Asia,Upper-middle,No,21.6,68.7
GOOG-0722,Aisha Chen,Alphabet (Google),GOOG,Product,Senior,78.2,327600,6.0,65.1,South Asia,Middle,No,50.9,62.1
GOOG-0723,Grace Smith,Alphabet (Google),GOOG,Sales & GTM,Senior,77.9,358400,11.0,72.6,Middle East,Working class,Yes,100.0,71.9
GOOG-0724,Arjun Reyes,Alphabet (Google),GOOG,Engineering,Senior Director,70.1,684700,7.6,75.9,Southeast Asia,Working class,No,80.8,82.1
GOOG-0725,Linda Anderson,Alphabet (Google),GOOG,Engineering,Staff,67.3,180400,2.4,45.7,Africa,Affluent,No,21.0,68.2
GOOG-0726,Priya Chen,Alphabet (Google),GOOG,Product,Principal,80.4,659200,6.9,72.1,South Asia,Upper-middle,No,40.5,58.3
GOOG-0727,Maria Davis,Alphabet (Google),GOOG,Research & AI,Staff,79.5,369000,2.0,69.2,East Asia,Lower-middle,No,63.4,66.3
GOOG-0728,Samuel Murphy,Alphabet (Google),GOOG,Sales & GTM,Staff,89.5,396800,5.5,68.8,North America,Lower-middle,No,65.1,71.2
GOOG-0729,Nina Brown,Alphabet (Google),GOOG,Engineering,Senior,66.0,105000,1.3,77.6,North America,Working class,Yes,87.5,57.8
GOOG-0730,Nina Reyes,Alphabet (Google),GOOG,Design,Director,75.4,591900,6.7,74.4,North America,Affluent,No,22.7,53.4
GOOG-0731,James Wilson,Alphabet (Google),GOOG,Engineering,Staff,96.3,350800,5.9,60.4,North America,Lower-middle,Yes,84.3,81.1
GOOG-0732,Ahmed Petrov,Alphabet (Google),GOOG,Research & AI,Senior Director,78.4,552100,5.1,63.0,Latin America,Middle,No,55.6,75.4
GOOG-0733,Emily Park,Alphabet (Google),GOOG,Operations,Senior,74.1,119000,4.0,62.2,North America,Middle,No,46.0,71.0
GOOG-0734,Mary Lopez,Alphabet (Google),GOOG,Product,Principal,85.0,1005700,13.0,67.6,North America,Lower-middle,No,63.5,63.3
GOOG-0735,Arjun Wang,Alphabet (Google),GOOG,Engineering,Principal,80.0,372800,15.1,72.8,North America,Upper-middle,No,35.2,69.5
GOOG-0736,Wei Brown,Alphabet (Google),GOOG,Legal & Policy,Staff,82.0,311900,4.3,67.8,North America,Upper-middle,Yes,42.1,59.3
GOOG-0737,Kevin Silva,Alphabet (Google),GOOG,Research & AI,Staff,82.2,606000,8.9,49.8,North America,Middle,Yes,58.4,60.8
GOOG-0738,John Lopez,Alphabet (Google),GOOG,Research & AI,Director,93.8,631200,5.2,71.0,North America,Middle,Yes,69.7,78.3
GOOG-0739,Aisha Khan,Alphabet (Google),GOOG,Engineering,Staff,69.5,632700,8.2,65.1,East Asia,Middle,No,49.7,57.7
GOOG-0740,David Garcia,Alphabet (Google),GOOG,People/HR,Staff,81.4,451100,7.6,66.2,North America,Middle,No,33.9,85.8
GOOG-0741,Zoe Silva,Alphabet (Google),GOOG,Legal & Policy,Principal,92.4,922100,8.6,68.4,Latin America,Upper-middle,No,42.3,65.7
GOOG-0742,Kevin Smith,Alphabet (Google),GOOG,Operations,Senior,99.1,524200,6.0,73.1,North America,Middle,No,48.5,50.3
GOOG-0743,Elena Yamamoto,Alphabet (Google),GOOG,People/HR,Staff,73.6,422100,9.3,58.9,Middle East,Lower-middle,Yes,73.0,64.8
GOOG-0744,Daniel Johnson,Alphabet (Google),GOOG,Engineering,Senior Director,89.8,592200,18.1,62.5,North America,Affluent,No,26.7,74.9
GOOG-0745,Yuki Wang,Alphabet (Google),GOOG,Sales & GTM,Staff,83.9,472200,2.4,64.8,North America,Upper-middle,No,31.1,65.1
GOOG-0746,Mary Park,Alphabet (Google),GOOG,Engineering,Senior,65.8,239000,9.9,58.8,Europe,Middle,No,46.0,60.4
GOOG-0747,Nina Khan,Alphabet (Google),GOOG,Product,Senior,73.6,170800,11.6,61.0,North America,Working class,No,86.9,77.6
GOOG-0748,Grace Garcia,Alphabet (Google),GOOG,Design,Principal,77.2,267600,15.2,60.8,North America,Lower-middle,No,64.8,61.1
GOOG-0749,Aisha Anderson,Alphabet (Google),GOOG,Marketing,Senior Director,94.6,1090300,12.5,80.0,North America,Working class,Yes,86.7,75.8
GOOG-0750,Grace Johnson,Alphabet (Google),GOOG,Product,Senior,80.6,408600,6.2,57.9,South Asia,Working class,Yes,81.5,70.4
GOOG-0751,Mary Martinez,Alphabet (Google),GOOG,Engineering,Principal,76.9,272400,6.3,61.4,South Asia,Lower-middle,No,65.1,78.4
GOOG-0752,Carlos Tanaka,Alphabet (Google),GOOG,Legal & Policy,Staff,77.8,158300,5.6,56.2,North America,Working class,Yes,89.5,77.8
GOOG-0753,Elena Park,Alphabet (Google),GOOG,Product,Staff,68.1,959500,4.8,66.2,South Asia,Upper-middle,No,26.8,57.9
GOOG-0754,Raj Davis,Alphabet (Google),GOOG,Legal & Policy,Senior,86.6,280200,7.1,67.5,North America,Upper-middle,No,39.5,59.3
GOOG-0755,Hiroshi Chen,Alphabet (Google),GOOG,Legal & Policy,Principal,70.6,184000,3.6,72.9,Middle East,Lower-middle,No,58.9,72.6
GOOG-0756,Mary Garcia,Alphabet (Google),GOOG,Sales & GTM,Principal,85.2,838400,9.0,58.1,South Asia,Upper-middle,No,27.0,51.2
GOOG-0757,James Lee,Alphabet (Google),GOOG,Sales & GTM,Senior Director,96.1,1356500,11.3,69.1,South Asia,Working class,Yes,86.9,78.2
GOOG-0758,Chen Brown,Alphabet (Google),GOOG,Sales & GTM,Director,54.1,202500,4.2,56.6,Middle East,Lower-middle,No,72.6,65.3
GOOG-0759,Hannah Wilson,Alphabet (Google),GOOG,Marketing,Senior,77.2,264100,2.8,60.1,North America,Working class,Yes,90.4,72.2
GOOG-0760,Daniel Rossi,Alphabet (Google),GOOG,Engineering,Senior,73.6,96800,5.9,70.4,Europe,Affluent,No,18.0,62.7
GOOG-0761,Michael Reyes,Alphabet (Google),GOOG,Engineering,Staff,80.3,431500,3.7,64.6,Latin America,Lower-middle,Yes,76.9,80.2
GOOG-0762,Kevin Reyes,Alphabet (Google),GOOG,Marketing,Senior,84.2,150900,2.1,61.3,Europe,Lower-middle,No,69.0,66.1
GOOG-0763,Carlos Lopez,Alphabet (Google),GOOG,Sales & GTM,Senior,66.3,943800,5.5,61.3,Southeast Asia,Middle,Yes,51.4,58.1
GOOG-0764,Kevin Kim,Alphabet (Google),GOOG,Marketing,Principal,91.0,833000,9.7,64.8,North America,Upper-middle,No,44.0,58.5
GOOG-0765,Chen Johnson,Alphabet (Google),GOOG,Engineering,Staff,83.8,313500,2.9,66.1,South Asia,Middle,No,58.7,67.2
GOOG-0766,John Cohen,Alphabet (Google),GOOG,Sales & GTM,Principal,71.5,338400,5.2,76.1,North America,Middle,No,52.2,82.1
GOOG-0767,Michael Anderson,Alphabet (Google),GOOG,Research & AI,Staff,66.1,151000,6.1,69.0,South Asia,Upper-middle,No,37.2,62.7
GOOG-0768,Priya Murphy,Alphabet (Google),GOOG,Engineering,Director,85.8,1245800,12.1,71.9,Europe,Lower-middle,No,56.3,70.6
GOOG-0769,Linda Murphy,Alphabet (Google),GOOG,Marketing,Senior,76.7,502300,2.4,74.4,North America,Middle,No,52.8,74.9
GOOG-0770,Emily Kim,Alphabet (Google),GOOG,Sales & GTM,Senior Director,89.0,948000,9.1,64.9,East Asia,Upper-middle,No,46.9,56.0
GOOG-0771,Priya Silva,Alphabet (Google),GOOG,Legal & Policy,Senior,82.0,113300,7.6,63.0,North America,Lower-middle,No,60.3,68.3
GOOG-0772,Sofia Johnson,Alphabet (Google),GOOG,Sales & GTM,Senior,67.8,204800,5.1,62.3,Latin America,Upper-middle,No,29.1,68.8
GOOG-0773,Raj Wang,Alphabet (Google),GOOG,Engineering,Staff,81.3,177000,7.7,59.4,Europe,Working class,No,81.9,64.9
GOOG-0774,Arjun Yamamoto,Alphabet (Google),GOOG,Legal & Policy,Senior,86.6,257700,1.1,69.2,South Asia,Working class,No,79.7,64.8
GOOG-0775,Samuel Tanaka,Alphabet (Google),GOOG,Engineering,VP,79.2,904000,8.7,73.5,South Asia,Affluent,No,27.2,56.6
GOOG-0776,Grace Garcia,Alphabet (Google),GOOG,Engineering,VP,75.9,2291500,12.3,63.8,North America,Working class,Yes,92.6,75.8
GOOG-0777,Ahmed Kim,Alphabet (Google),GOOG,Engineering,Principal,81.1,444200,9.5,62.5,Middle East,Upper-middle,Yes,44.1,74.2
GOOG-0778,Nina Smith,Alphabet (Google),GOOG,Research & AI,Principal,73.6,762400,13.2,70.2,North America,Middle,No,53.8,89.7
GOOG-0779,Sofia Yamamoto,Alphabet (Google),GOOG,Research & AI,Staff,87.6,258400,9.8,73.1,North America,Lower-middle,Yes,67.2,77.9
GOOG-0780,Ahmed Schmidt,Alphabet (Google),GOOG,Research & AI,Staff,86.1,266400,4.8,71.4,North America,Affluent,No,21.6,68.7
GOOG-0781,Samuel Garcia,Alphabet (Google),GOOG,Operations,Principal,62.6,1041400,6.0,67.7,South Asia,Upper-middle,No,43.6,68.6
GOOG-0782,Arjun Schmidt,Alphabet (Google),GOOG,Engineering,Staff,70.5,172200,5.8,63.7,North America,Lower-middle,Yes,67.0,79.6
GOOG-0783,Grace Cohen,Alphabet (Google),GOOG,Finance,VP,75.4,489600,10.0,77.9,Oceania,Upper-middle,No,40.3,63.2
GOOG-0784,Yuki Rossi,Alphabet (Google),GOOG,Engineering,Staff,78.3,511400,6.4,69.2,Europe,Working class,No,87.6,62.1
GOOG-0785,David Silva,Alphabet (Google),GOOG,Sales & GTM,Senior,88.9,168700,5.2,70.5,North America,Lower-middle,Yes,72.2,55.8
GOOG-0786,Fatima Wilson,Alphabet (Google),GOOG,Marketing,Senior,77.7,381900,10.1,49.7,North America,Affluent,No,22.8,49.8
GOOG-0787,Priya Khan,Alphabet (Google),GOOG,People/HR,Staff,66.8,823600,4.7,56.2,Europe,Lower-middle,Yes,75.8,87.7
GOOG-0788,Zoe Davis,Alphabet (Google),GOOG,Engineering,Staff,70.7,227000,6.8,68.6,North America,Upper-middle,No,36.7,68.9
GOOG-0789,Raj Smith,Alphabet (Google),GOOG,Operations,VP,69.8,2428400,15.0,71.4,South Asia,Middle,No,49.6,60.9
GOOG-0790,Arjun Davis,Alphabet (Google),GOOG,Research & AI,Senior,71.3,526600,1.2,68.8,North America,Upper-middle,No,35.0,55.5
GOOG-0791,Nina Singh,Alphabet (Google),GOOG,Product,Staff,67.7,332100,5.3,55.0,Middle East,Lower-middle,Yes,72.8,40.4
GOOG-0792,Kevin Singh,Alphabet (Google),GOOG,Operations,Staff,99.5,512500,8.9,72.3,Europe,Middle,Yes,66.5,81.3
GOOG-0793,Zoe Yamamoto,Alphabet (Google),GOOG,Sales & GTM,Senior,67.0,285400,8.9,59.6,Southeast Asia,Lower-middle,No,68.6,64.3
GOOG-0794,Priya Tanaka,Alphabet (Google),GOOG,Research & AI,VP,76.8,2436100,6.0,79.4,Africa,Working class,Yes,83.7,62.8
GOOG-0795,Fatima Brown,Alphabet (Google),GOOG,Engineering,Staff,60.4,517500,6.1,57.9,North America,Lower-middle,Yes,72.0,63.6
GOOG-0796,Kevin Wilson,Alphabet (Google),GOOG,Operations,Staff,80.3,257100,8.1,60.4,North America,Lower-middle,Yes,75.1,67.9
GOOG-0797,Ahmed Kim,Alphabet (Google),GOOG,Design,VP,82.3,938300,13.0,78.0,North America,Working class,Yes,88.5,75.0
GOOG-0798,Nina Johnson,Alphabet (Google),GOOG,People/HR,Senior,81.6,551700,1.5,73.7,Latin America,Upper-middle,No,46.3,74.4
GOOG-0799,Samuel Wilson,Alphabet (Google),GOOG,Finance,Senior,74.3,185800,8.9,58.0,South Asia,Lower-middle,Yes,66.0,74.3
GOOG-0800,Elena Patel,Alphabet (Google),GOOG,Engineering,Principal,62.5,525400,6.3,61.0,South Asia,Middle,No,55.1,70.2
GOOG-0801,Arjun Wang,Alphabet (Google),GOOG,Research & AI,Principal,84.8,596400,5.2,69.7,North America,Middle,No,61.5,68.5
GOOG-0802,Hiroshi Davis,Alphabet (Google),GOOG,Product,Senior,81.8,352700,4.7,55.4,North America,Middle,No,46.3,62.5
GOOG-0803,Arjun Park,Alphabet (Google),GOOG,Sales & GTM,Director,86.7,809700,11.3,70.8,Latin America,Middle,No,60.6,69.7
GOOG-0804,Olivia Schmidt,Alphabet (Google),GOOG,Sales & GTM,Staff,88.7,528300,7.5,69.2,South Asia,Middle,No,53.1,79.2
GOOG-0805,Chen Nguyen,Alphabet (Google),GOOG,Research & AI,Principal,88.4,390800,8.5,79.7,South Asia,Working class,Yes,98.9,85.2
GOOG-0806,Fatima Murphy,Alphabet (Google),GOOG,Design,Senior Director,80.8,501100,11.1,67.4,Europe,Lower-middle,Yes,72.5,67.3
GOOG-0807,Priya Kim,Alphabet (Google),GOOG,Design,Director,97.5,522500,5.8,70.2,South Asia,Lower-middle,Yes,76.5,67.2
GOOG-0808,Ahmed Patel,Alphabet (Google),GOOG,Operations,Principal,91.3,659100,7.4,67.8,North America,Upper-middle,No,39.9,77.9
GOOG-0809,David Wang,Alphabet (Google),GOOG,Engineering,Director,73.8,419600,6.3,73.8,Latin America,Working class,Yes,100.0,63.1
GOOG-0810,Carlos Petrov,Alphabet (Google),GOOG,Engineering,Staff,75.9,390000,4.4,63.6,East Asia,Lower-middle,Yes,80.2,68.5
GOOG-0811,Aisha Lee,Alphabet (Google),GOOG,People/HR,Senior,78.5,499000,10.8,60.9,North America,Lower-middle,No,67.6,68.1
GOOG-0812,Zoe Rossi,Alphabet (Google),GOOG,Engineering,Director,79.5,528700,9.0,59.2,East Asia,Working class,Yes,87.9,67.5
GOOG-0813,Wei Lee,Alphabet (Google),GOOG,Research & AI,Staff,87.1,246100,14.8,67.8,North America,Lower-middle,No,67.1,61.3
GOOG-0814,Grace Hassan,Alphabet (Google),GOOG,Operations,Principal,79.0,514500,3.4,65.1,East Asia,Middle,No,44.7,60.5
GOOG-0815,Fatima Martinez,Alphabet (Google),GOOG,Sales & GTM,Senior,73.9,659400,3.2,62.0,Middle East,Middle,No,43.0,77.3
GOOG-0816,Michael Silva,Alphabet (Google),GOOG,Engineering,Senior,74.5,115600,4.5,59.8,Europe,Working class,Yes,93.1,68.2
GOOG-0817,Samuel Singh,Alphabet (Google),GOOG,Marketing,Senior,63.7,258300,8.6,59.7,East Asia,Middle,No,51.7,64.6
GOOG-0818,Linda Murphy,Alphabet (Google),GOOG,Design,Principal,88.3,556400,2.3,60.7,South Asia,Working class,No,82.1,71.8
GOOG-0819,Raj Garcia,Alphabet (Google),GOOG,Legal & Policy,SVP,76.4,1038400,8.8,69.2,South Asia,Lower-middle,Yes,73.3,76.7
GOOG-0820,Hiroshi Chen,Alphabet (Google),GOOG,Sales & GTM,Senior,66.8,191200,3.7,68.8,Europe,Middle,No,41.4,72.2
GOOG-0821,Mary Wang,Alphabet (Google),GOOG,People/HR,Director,79.9,964000,8.3,66.3,North America,Affluent,No,25.0,55.8
GOOG-0822,Mary Khan,Alphabet (Google),GOOG,Product,Principal,78.2,403500,4.4,76.2,East Asia,Middle,No,55.3,52.0
GOOG-0823,Sofia Park,Alphabet (Google),GOOG,Finance,Staff,76.2,652600,18.1,58.3,North America,Middle,No,39.5,58.0
GOOG-0824,Michael Chen,Alphabet (Google),GOOG,Operations,Senior,71.8,116400,9.9,71.5,North America,Lower-middle,Yes,79.0,66.5
GOOG-0825,Maria Ali,Alphabet (Google),GOOG,Engineering,Staff,78.8,206900,6.5,65.6,South Asia,Working class,Yes,81.5,72.0
GOOG-0826,Olivia Patel,Alphabet (Google),GOOG,Engineering,Senior,69.3,201500,4.1,68.9,Middle East,Lower-middle,No,69.3,64.8
GOOG-0827,Michael Davis,Alphabet (Google),GOOG,Engineering,Staff,72.2,282000,8.7,67.3,Europe,Affluent,No,20.6,87.1
GOOG-0828,John Reyes,Alphabet (Google),GOOG,Engineering,Director,100.0,575800,7.5,82.4,Southeast Asia,Lower-middle,No,64.0,73.9
GOOG-0829,Hannah Okafor,Alphabet (Google),GOOG,Research & AI,Staff,81.9,155100,5.3,73.4,Europe,Middle,No,51.7,70.1
GOOG-0830,Emily Yamamoto,Alphabet (Google),GOOG,Engineering,Senior,67.6,219700,11.3,61.8,East Asia,Upper-middle,No,36.8,67.3
GOOG-0831,Maria Okafor,Alphabet (Google),GOOG,Engineering,Senior,66.1,667900,10.2,67.2,North America,Lower-middle,No,64.3,79.8
GOOG-0832,Emily Singh,Alphabet (Google),GOOG,Marketing,Principal,83.1,304400,6.1,78.0,North America,Lower-middle,Yes,73.3,71.7
GOOG-0833,Hannah Khan,Alphabet (Google),GOOG,Sales & GTM,VP,87.1,808400,11.1,72.3,North America,Middle,No,46.4,73.8
GOOG-0834,Sofia Wang,Alphabet (Google),GOOG,Research & AI,Senior,99.3,293900,6.1,68.6,South Asia,Middle,Yes,71.1,82.8
GOOG-0835,Mary Garcia,Alphabet (Google),GOOG,Product,Senior,89.6,233700,13.9,67.2,North America,Lower-middle,Yes,81.7,69.2
GOOG-0836,Daniel Davis,Alphabet (Google),GOOG,Sales & GTM,Senior Director,81.2,475400,8.7,62.4,North America,Lower-middle,Yes,81.2,87.7
GOOG-0837,Nina Murphy,Alphabet (Google),GOOG,Design,Staff,74.4,361600,10.9,79.4,Latin America,Lower-middle,Yes,71.7,85.8
GOOG-0838,Carlos Garcia,Alphabet (Google),GOOG,Operations,Senior,100.0,328700,3.8,58.9,North America,Middle,No,51.2,63.9
GOOG-0839,Elena Martinez,Alphabet (Google),GOOG,Design,Principal,90.2,698000,4.8,67.0,Africa,Affluent,No,37.8,67.5
GOOG-0840,Thomas Tanaka,Alphabet (Google),GOOG,Design,Staff,71.8,77500,3.6,60.0,Europe,Upper-middle,Yes,46.7,55.1
GOOG-0841,Carlos Okafor,Alphabet (Google),GOOG,Sales & GTM,Director,82.9,1022900,6.5,69.7,East Asia,Upper-middle,No,34.5,80.7
GOOG-0842,James Singh,Alphabet (Google),GOOG,Legal & Policy,Staff,73.8,272800,10.0,54.0,Middle East,Middle,No,47.8,56.3
GOOG-0843,Aisha Khan,Alphabet (Google),GOOG,Product,Senior Director,63.6,314500,13.0,63.4,North America,Lower-middle,Yes,81.8,74.7
GOOG-0844,Maria Lopez,Alphabet (Google),GOOG,People/HR,Staff,84.5,306500,12.4,63.8,North America,Lower-middle,Yes,76.3,75.4
GOOG-0845,Emily Schmidt,Alphabet (Google),GOOG,Design,VP,99.3,1101100,8.6,83.9,North America,Middle,No,58.4,55.4
GOOG-0846,Elena Murphy,Alphabet (Google),GOOG,Legal & Policy,Staff,73.5,278900,13.5,69.9,North America,Working class,No,86.4,62.4
GOOG-0847,Zoe Ali,Alphabet (Google),GOOG,Engineering,Principal,81.2,1321200,12.6,60.9,South Asia,Lower-middle,No,65.6,65.6
GOOG-0848,Emily Lopez,Alphabet (Google),GOOG,Product,Director,89.1,557300,15.5,71.8,East Asia,Middle,Yes,59.7,70.2
GOOG-0849,David Wang,Alphabet (Google),GOOG,People/HR,Senior,84.5,601500,3.8,63.6,South Asia,Middle,No,54.4,59.5
GOOG-0850,Priya Murphy,Alphabet (Google),GOOG,Sales & GTM,Staff,88.1,102500,3.1,76.0,Latin America,Affluent,No,27.6,74.1
GOOG-0851,James Park,Alphabet (Google),GOOG,Marketing,Staff,81.2,633700,2.0,67.9,North America,Lower-middle,Yes,72.2,68.7
GOOG-0852,Elena Wang,Alphabet (Google),GOOG,Engineering,Staff,71.7,438300,18.9,61.4,Europe,Lower-middle,Yes,74.6,70.1
GOOG-0853,James Wilson,Alphabet (Google),GOOG,Engineering,Principal,67.2,888100,16.8,65.7,Europe,Middle,No,40.9,76.4
GOOG-0854,Raj Tanaka,Alphabet (Google),GOOG,Engineering,Staff,79.0,612000,9.6,62.9,Middle East,Working class,Yes,100.0,69.1
GOOG-0855,Elena Davis,Alphabet (Google),GOOG,Engineering,SVP,82.6,569800,12.4,91.6,Europe,Lower-middle,Yes,75.7,74.5
GOOG-0856,Ahmed Anderson,Alphabet (Google),GOOG,Engineering,Staff,86.8,482600,4.6,68.7,Europe,Middle,No,58.7,70.8
GOOG-0857,Raj Okafor,Alphabet (Google),GOOG,Sales & GTM,Senior,66.4,129300,2.1,55.2,North America,Middle,No,55.8,58.4
GOOG-0858,Mary Cohen,Alphabet (Google),GOOG,Engineering,Staff,79.5,474000,10.0,58.1,East Asia,Affluent,No,25.6,62.0
GOOG-0859,John Petrov,Alphabet (Google),GOOG,Engineering,VP,74.9,302400,10.0,80.5,North America,Middle,Yes,56.2,75.7
GOOG-0860,Hannah Rossi,Alphabet (Google),GOOG,Research & AI,Director,90.4,626100,8.0,71.6,North America,Lower-middle,Yes,72.6,62.9
GOOG-0861,Michael Schmidt,Alphabet (Google),GOOG,Engineering,Senior Director,76.7,295300,5.7,87.7,Southeast Asia,Upper-middle,No,59.7,84.1
GOOG-0862,Aisha Brown,Alphabet (Google),GOOG,Research & AI,Director,84.3,404200,17.4,57.5,Europe,Working class,Yes,87.0,65.7
GOOG-0863,Kevin Johnson,Alphabet (Google),GOOG,Design,Director,71.2,728600,8.8,74.4,North America,Middle,No,48.9,45.7
GOOG-0864,Thomas Rossi,Alphabet (Google),GOOG,Research & AI,Senior Director,83.4,1518600,23.0,61.5,Middle East,Lower-middle,Yes,73.2,62.8
GOOG-0865,James Martinez,Alphabet (Google),GOOG,Research & AI,Senior,92.3,164900,9.1,67.9,South Asia,Working class,Yes,100.0,81.5
GOOG-0866,David Tanaka,Alphabet (Google),GOOG,Sales & GTM,Director,86.3,703400,4.9,57.7,South Asia,Middle,Yes,67.3,73.7
GOOG-0867,Kevin Okafor,Alphabet (Google),GOOG,People/HR,Senior,60.0,188800,5.8,63.4,Latin America,Upper-middle,No,34.0,68.4
GOOG-0868,John Chen,Alphabet (Google),GOOG,Engineering,Senior,94.1,199200,3.9,61.9,East Asia,Lower-middle,Yes,72.6,63.9
GOOG-0869,Emily Silva,Alphabet (Google),GOOG,Engineering,VP,76.6,1002600,10.9,61.1,East Asia,Middle,No,40.3,81.0
GOOG-0870,Daniel Hassan,Alphabet (Google),GOOG,Research & AI,Director,96.2,920600,5.6,74.1,South Asia,Lower-middle,No,71.8,64.9
GOOG-0871,Hiroshi Murphy,Alphabet (Google),GOOG,Research & AI,Principal,74.6,458900,21.7,54.0,East Asia,Working class,Yes,88.3,67.6
GOOG-0872,Linda Rossi,Alphabet (Google),GOOG,Design,Director,79.4,612900,8.8,63.6,North America,Middle,No,51.3,72.6
GOOG-0873,Nina Chen,Alphabet (Google),GOOG,Product,Senior,72.7,319100,10.7,72.6,North America,Working class,Yes,93.8,70.6
GOOG-0874,Mary Yamamoto,Alphabet (Google),GOOG,Product,Principal,72.7,882500,17.4,68.2,East Asia,Working class,Yes,99.2,66.6
GOOG-0875,Arjun Tanaka,Alphabet (Google),GOOG,Research & AI,Senior,85.0,329600,2.1,57.7,North America,Middle,No,50.9,76.4
GOOG-0876,John Singh,Alphabet (Google),GOOG,Product,Principal,84.1,723900,11.5,68.4,South Asia,Working class,Yes,86.9,87.6
GOOG-0877,Kevin Rossi,Alphabet (Google),GOOG,Operations,Senior,92.3,309200,4.0,60.5,Oceania,Working class,No,79.7,62.6
GOOG-0878,John Cohen,Alphabet (Google),GOOG,Design,Staff,82.3,608600,1.8,69.5,North America,Middle,No,49.0,55.4
GOOG-0879,Arjun Silva,Alphabet (Google),GOOG,Marketing,Senior,100.0,282300,5.2,63.0,East Asia,Upper-middle,No,35.2,75.5
GOOG-0880,Raj Ali,Alphabet (Google),GOOG,Operations,SVP,84.6,2128100,14.0,78.2,North America,Middle,No,39.8,50.5
GOOG-0881,Chen Silva,Alphabet (Google),GOOG,Research & AI,Senior,77.9,194600,3.9,68.5,East Asia,Lower-middle,Yes,79.7,79.1
GOOG-0882,Nina Kim,Alphabet (Google),GOOG,Engineering,Senior,88.6,349400,7.7,69.7,North America,Upper-middle,Yes,32.8,57.9
GOOG-0883,Samuel Nguyen,Alphabet (Google),GOOG,Research & AI,Staff,78.5,540700,12.5,66.3,Southeast Asia,Working class,Yes,94.7,90.9
GOOG-0884,John Chen,Alphabet (Google),GOOG,Operations,Principal,88.1,223400,6.4,71.0,Africa,Affluent,No,7.6,65.4
GOOG-0885,Nina Martinez,Alphabet (Google),GOOG,Engineering,Principal,74.3,599800,6.3,75.2,South Asia,Working class,Yes,100.0,70.5
GOOG-0886,Hannah Silva,Alphabet (Google),GOOG,Sales & GTM,Senior,74.1,336000,10.8,62.9,North America,Middle,Yes,66.6,71.5
GOOG-0887,Zoe Smith,Alphabet (Google),GOOG,Product,VP,64.6,1771500,14.3,67.4,Europe,Middle,No,67.9,62.0
GOOG-0888,Priya Okafor,Alphabet (Google),GOOG,Engineering,Director,65.2,498400,5.9,67.0,South Asia,Middle,No,44.5,57.4
GOOG-0889,Hannah Smith,Alphabet (Google),GOOG,Sales & GTM,Senior,83.1,393700,16.4,58.0,North America,Working class,Yes,86.3,88.3
GOOG-0890,Michael Ali,Alphabet (Google),GOOG,Operations,Senior,65.6,147900,3.9,72.0,South Asia,Upper-middle,No,25.2,60.4
GOOG-0891,Fatima Patel,Alphabet (Google),GOOG,Research & AI,Staff,67.9,276000,6.6,77.8,East Asia,Middle,Yes,68.8,75.7
GOOG-0892,Priya Chen,Alphabet (Google),GOOG,Sales & GTM,Senior,62.0,1053400,9.3,56.5,South Asia,Lower-middle,Yes,87.1,74.9
GOOG-0893,Zoe Rossi,Alphabet (Google),GOOG,Research & AI,Staff,86.2,561600,5.1,62.3,North America,Middle,No,41.1,66.3
GOOG-0894,Hannah Wilson,Alphabet (Google),GOOG,Research & AI,Staff,97.9,89500,6.8,60.4,Southeast Asia,Working class,No,70.4,73.2
GOOG-0895,Raj Petrov,Alphabet (Google),GOOG,Marketing,Senior,77.5,223500,0.6,74.9,South Asia,Lower-middle,No,63.1,72.4
GOOG-0896,Emily Kim,Alphabet (Google),GOOG,Engineering,Director,86.3,384400,4.0,74.1,Europe,Working class,No,90.3,71.5
GOOG-0897,Chen Wilson,Alphabet (Google),GOOG,Research & AI,Senior,87.8,448600,11.7,73.6,South Asia,Upper-middle,Yes,56.6,60.7
GOOG-0898,Linda Brown,Alphabet (Google),GOOG,Product,Senior,91.0,125700,13.3,73.2,North America,Lower-middle,Yes,74.3,73.3
GOOG-0899,Carlos Reyes,Alphabet (Google),GOOG,Research & AI,Principal,63.5,463700,2.0,74.9,South Asia,Upper-middle,No,49.2,57.8
GOOG-0900,Emily Lopez,Alphabet (Google),GOOG,Research & AI,Senior Director,58.8,238000,5.6,69.5,East Asia,Middle,Yes,71.3,81.2
GOOG-0901,Chen Kim,Alphabet (Google),GOOG,Research & AI,Senior,87.3,629600,10.8,64.5,East Asia,Affluent,No,19.2,78.8
GOOG-0902,Thomas Cohen,Alphabet (Google),GOOG,Engineering,Senior,89.7,292200,3.7,64.0,Europe,Lower-middle,No,66.9,89.7
GOOG-0903,Chen Park,Alphabet (Google),GOOG,Finance,Senior,76.8,220900,8.4,73.8,South Asia,Lower-middle,No,71.2,65.4
GOOG-0904,Maria Chen,Alphabet (Google),GOOG,Operations,Senior Director,86.1,1349300,10.3,75.6,Africa,Upper-middle,No,45.6,65.3
GOOG-0905,James Garcia,Alphabet (Google),GOOG,Engineering,Director,94.7,569100,5.1,79.6,North America,Working class,Yes,88.4,78.6
GOOG-0906,John Garcia,Alphabet (Google),GOOG,Research & AI,Senior,80.8,339500,11.3,72.4,East Asia,Upper-middle,No,38.8,60.6
GOOG-0907,Emily Khan,Alphabet (Google),GOOG,Finance,Director,99.2,1669700,15.8,69.6,North America,Middle,No,47.3,75.4
GOOG-0908,Mary Patel,Alphabet (Google),GOOG,Research & AI,Director,79.3,564500,4.0,63.6,South Asia,Lower-middle,No,67.0,67.0
GOOG-0909,Sofia Garcia,Alphabet (Google),GOOG,Research & AI,Senior,72.6,299700,3.4,53.1,South Asia,Middle,Yes,62.4,57.0
GOOG-0910,Fatima Lee,Alphabet (Google),GOOG,Marketing,Principal,85.3,647100,18.1,58.5,South Asia,Lower-middle,Yes,90.8,75.3
GOOG-0911,Arjun Rossi,Alphabet (Google),GOOG,Engineering,Senior Director,90.3,1279200,8.8,73.6,Europe,Middle,No,58.3,81.6
GOOG-0912,James Petrov,Alphabet (Google),GOOG,Engineering,Senior,69.6,344600,3.6,60.6,North America,Middle,No,48.5,79.4
GOOG-0913,James Lee,Alphabet (Google),GOOG,Engineering,C-Suite,88.7,3348600,8.4,88.5,North America,Middle,No,48.7,78.0
GOOG-0914,Daniel Schmidt,Alphabet (Google),GOOG,Research & AI,Director,65.2,594100,13.2,78.0,East Asia,Upper-middle,No,31.4,43.4
GOOG-0915,Carlos Davis,Alphabet (Google),GOOG,Engineering,Principal,85.7,578200,6.7,67.7,Latin America,Lower-middle,Yes,80.9,75.4
GOOG-0916,Nina Park,Alphabet (Google),GOOG,Product,Senior Director,78.9,563000,6.2,69.6,Africa,Working class,No,78.9,72.5
GOOG-0917,Wei Wilson,Alphabet (Google),GOOG,Sales & GTM,Staff,79.8,778100,5.3,66.0,South Asia,Upper-middle,No,39.3,82.2
GOOG-0918,Arjun Brown,Alphabet (Google),GOOG,Engineering,Senior,80.0,205800,4.3,70.3,North America,Lower-middle,Yes,64.8,79.8
GOOG-0919,Grace Schmidt,Alphabet (Google),GOOG,Marketing,VP,80.2,1360600,16.4,63.2,Europe,Working class,Yes,95.9,84.6
GOOG-0920,Arjun Reyes,Alphabet (Google),GOOG,Research & AI,Staff,94.2,183300,12.8,76.4,Oceania,Middle,Yes,56.5,76.9
GOOG-0921,Daniel Martinez,Alphabet (Google),GOOG,Engineering,Director,75.2,304000,9.5,69.5,South Asia,Upper-middle,No,43.7,65.3
GOOG-0922,Michael Park,Alphabet (Google),GOOG,Research & AI,Senior,67.8,356700,6.1,65.2,South Asia,Middle,No,39.9,65.2
GOOG-0923,Michael Yamamoto,Alphabet (Google),GOOG,Engineering,Senior,84.9,136400,5.9,73.2,East Asia,Working class,Yes,78.8,80.5
GOOG-0924,Carlos Petrov,Alphabet (Google),GOOG,Design,Senior,80.8,196600,2.9,72.2,Africa,Working class,Yes,77.4,68.2
GOOG-0925,Yuki Lee,Alphabet (Google),GOOG,Marketing,Principal,62.6,1348100,3.9,60.8,North America,Upper-middle,No,49.8,62.6
GOOG-0926,Chen Reyes,Alphabet (Google),GOOG,Sales & GTM,Senior,79.4,378900,12.9,61.7,South Asia,Middle,No,58.6,70.1
GOOG-0927,Maria Brown,Alphabet (Google),GOOG,Engineering,Senior,93.1,189500,6.0,59.0,South Asia,Middle,No,55.2,72.3
GOOG-0928,Carlos Schmidt,Alphabet (Google),GOOG,Engineering,Staff,92.7,194600,5.0,78.3,South Asia,Middle,Yes,66.1,70.2
GOOG-0929,James Rossi,Alphabet (Google),GOOG,Legal & Policy,Director,79.3,399900,7.4,82.4,North America,Lower-middle,Yes,77.1,70.9
GOOG-0930,Maria Khan,Alphabet (Google),GOOG,Marketing,Senior,66.4,141400,2.4,66.3,North America,Upper-middle,No,33.6,55.9
GOOG-0931,David Cohen,Alphabet (Google),GOOG,Engineering,Senior Director,83.6,464900,7.1,67.9,Latin America,Working class,Yes,86.1,74.7
GOOG-0932,Hiroshi Hassan,Alphabet (Google),GOOG,Finance,Director,81.5,522800,11.8,69.9,North America,Affluent,No,32.2,76.9
GOOG-0933,Linda Park,Alphabet (Google),GOOG,Sales & GTM,Senior,68.5,180300,3.5,66.1,North America,Upper-middle,No,32.3,66.6
GOOG-0934,Linda Nguyen,Alphabet (Google),GOOG,Engineering,Director,100.0,561300,6.4,67.0,South Asia,Middle,No,58.4,51.0
GOOG-0935,Olivia Khan,Alphabet (Google),GOOG,Engineering,Staff,76.9,278800,5.3,68.6,North America,Middle,No,41.9,53.2
GOOG-0936,Elena Kim,Alphabet (Google),GOOG,Research & AI,Director,79.2,1792700,4.6,65.7,North America,Lower-middle,Yes,75.2,73.4
GOOG-0937,Elena Petrov,Alphabet (Google),GOOG,Engineering,Senior,74.8,174700,12.7,60.4,North America,Lower-middle,No,73.1,71.8
GOOG-0938,Emily Garcia,Alphabet (Google),GOOG,Engineering,Principal,69.6,173000,6.6,64.0,North America,Middle,Yes,64.6,56.8
GOOG-0939,Thomas Lopez,Alphabet (Google),GOOG,Engineering,Senior,62.6,158300,9.5,65.3,South Asia,Lower-middle,No,76.9,67.4
GOOG-0940,Kevin Wang,Alphabet (Google),GOOG,Engineering,Principal,89.2,459900,4.2,70.7,South Asia,Affluent,No,24.3,66.6
GOOG-0941,Wei Silva,Alphabet (Google),GOOG,Finance,Senior,84.3,308900,5.8,75.2,East Asia,Upper-middle,No,27.0,67.1
GOOG-0942,Carlos Singh,Alphabet (Google),GOOG,Legal & Policy,Senior Director,90.3,831600,9.7,74.5,South Asia,Affluent,No,8.7,44.1
GOOG-0943,James Lee,Alphabet (Google),GOOG,Research & AI,Senior Director,95.9,700100,13.2,70.6,Southeast Asia,Middle,No,52.6,60.5
GOOG-0944,Thomas Rossi,Alphabet (Google),GOOG,Finance,Director,100.0,1222300,5.9,69.9,North America,Middle,No,56.2,85.7
GOOG-0945,Wei Lee,Alphabet (Google),GOOG,Engineering,Director,83.7,1612200,5.9,71.7,East Asia,Middle,No,41.1,83.8
GOOG-0946,Nina Park,Alphabet (Google),GOOG,Sales & GTM,Director,100.0,1293400,6.2,69.1,South Asia,Upper-middle,No,47.8,82.6
GOOG-0947,John Hassan,Alphabet (Google),GOOG,Design,Senior,74.8,230600,4.6,68.0,North America,Lower-middle,Yes,65.5,65.3
GOOG-0948,John Yamamoto,Alphabet (Google),GOOG,Research & AI,Staff,78.1,200300,11.3,71.5,Southeast Asia,Lower-middle,Yes,74.5,61.6
GOOG-0949,Raj Rossi,Alphabet (Google),GOOG,Design,Senior,82.8,524100,5.3,60.0,South Asia,Lower-middle,No,59.5,65.1
GOOG-0950,Wei Kim,Alphabet (Google),GOOG,Sales & GTM,Staff,86.3,874000,4.6,68.6,South Asia,Middle,Yes,56.0,64.9
GOOG-0951,Aisha Murphy,Alphabet (Google),GOOG,Design,Staff,83.2,213400,11.3,67.1,Europe,Lower-middle,No,58.9,74.2
GOOG-0952,Maria Okafor,Alphabet (Google),GOOG,People/HR,Principal,89.6,649500,3.7,60.8,Latin America,Working class,Yes,95.1,71.0
GOOG-0953,Samuel Smith,Alphabet (Google),GOOG,Engineering,Staff,93.8,1791900,9.7,70.9,Latin America,Middle,Yes,60.5,88.9
GOOG-0954,Emily Silva,Alphabet (Google),GOOG,Operations,Senior,57.7,393800,6.5,66.4,Latin America,Lower-middle,Yes,74.0,57.8
GOOG-0955,Raj Petrov,Alphabet (Google),GOOG,People/HR,Principal,87.7,1010900,12.6,65.5,Europe,Affluent,No,16.0,60.1
GOOG-0956,Olivia Wang,Alphabet (Google),GOOG,Engineering,Principal,66.1,281900,4.9,73.7,North America,Affluent,No,29.3,59.9
GOOG-0957,Samuel Garcia,Alphabet (Google),GOOG,Engineering,Senior Director,86.1,687800,12.6,67.7,North America,Middle,Yes,57.1,86.8
GOOG-0958,Wei Murphy,Alphabet (Google),GOOG,Research & AI,Senior,82.9,385500,16.5,62.5,South Asia,Working class,No,73.7,61.8
GOOG-0959,Zoe Reyes,Alphabet (Google),GOOG,Finance,Principal,86.4,459600,3.3,76.5,South Asia,Lower-middle,Yes,79.4,82.7
GOOG-0960,Arjun Tanaka,Alphabet (Google),GOOG,Sales & GTM,Principal,89.6,418300,14.9,65.0,Europe,Working class,Yes,95.3,74.8
GOOG-0961,Thomas Patel,Alphabet (Google),GOOG,People/HR,Senior,90.2,571300,14.9,77.9,North America,Working class,No,82.2,78.6
GOOG-0962,Samuel Ali,Alphabet (Google),GOOG,Operations,SVP,74.9,2458100,6.7,65.6,North America,Middle,No,48.6,63.4
GOOG-0963,Fatima Tanaka,Alphabet (Google),GOOG,Engineering,Staff,64.4,232400,3.9,56.8,East Asia,Upper-middle,No,37.1,55.2
GOOG-0964,Thomas Murphy,Alphabet (Google),GOOG,Operations,Staff,84.4,464500,3.5,64.9,North America,Middle,No,47.9,68.5
GOOG-0965,Nina Johnson,Alphabet (Google),GOOG,Engineering,Staff,69.1,361200,7.5,74.4,East Asia,Middle,No,56.6,83.4
GOOG-0966,Chen Wilson,Alphabet (Google),GOOG,Sales & GTM,Senior,86.0,661100,15.9,68.5,Middle East,Lower-middle,No,58.3,66.0
GOOG-0967,Linda Okafor,Alphabet (Google),GOOG,Design,Senior Director,74.9,1326000,13.1,63.2,North America,Affluent,No,19.3,71.5
GOOG-0968,Yuki Reyes,Alphabet (Google),GOOG,Operations,Senior,92.3,253800,3.1,61.7,Africa,Working class,Yes,81.7,61.8
GOOG-0969,Kevin Tanaka,Alphabet (Google),GOOG,Research & AI,Staff,79.6,691600,5.1,57.3,South Asia,Middle,Yes,63.4,76.7
GOOG-0970,Raj Brown,Alphabet (Google),GOOG,Research & AI,Director,68.6,748000,11.3,60.9,North America,Upper-middle,No,29.6,56.9
GOOG-0971,Emily Reyes,Alphabet (Google),GOOG,Research & AI,Senior,72.9,261400,11.8,58.5,South Asia,Working class,Yes,97.9,52.9
GOOG-0972,Kevin Murphy,Alphabet (Google),GOOG,Engineering,Principal,89.0,299500,7.9,65.0,North America,Upper-middle,No,35.4,72.6
GOOG-0973,Ahmed Cohen,Alphabet (Google),GOOG,Product,Senior Director,83.0,509200,11.6,64.8,South Asia,Middle,Yes,51.6,55.1
GOOG-0974,Hannah Reyes,Alphabet (Google),GOOG,Design,Staff,80.4,319700,10.4,61.3,North America,Working class,Yes,85.9,74.5
GOOG-0975,Raj Tanaka,Alphabet (Google),GOOG,Engineering,Principal,72.0,568900,7.8,69.1,East Asia,Lower-middle,No,64.3,80.0
GOOG-0976,John Smith,Alphabet (Google),GOOG,Engineering,Senior Director,69.5,1483900,16.1,70.7,North America,Working class,Yes,94.8,84.1
GOOG-0977,Michael Anderson,Alphabet (Google),GOOG,Engineering,Principal,97.8,937900,4.8,67.5,North America,Upper-middle,No,47.6,84.2
GOOG-0978,Raj Patel,Alphabet (Google),GOOG,Finance,Director,93.2,680200,9.8,74.2,Europe,Lower-middle,Yes,73.8,79.9
GOOG-0979,Hiroshi Wilson,Alphabet (Google),GOOG,Marketing,Principal,81.0,768300,4.3,78.9,North America,Lower-middle,Yes,71.1,68.9
GOOG-0980,Yuki Smith,Alphabet (Google),GOOG,People/HR,Principal,70.1,175100,8.1,63.0,East Asia,Upper-middle,No,45.4,56.5
GOOG-0981,John Petrov,Alphabet (Google),GOOG,Engineering,Senior,62.2,371200,11.4,70.5,North America,Middle,Yes,71.3,71.0
GOOG-0982,Chen Patel,Alphabet (Google),GOOG,Design,Principal,100.0,322400,11.6,58.1,Latin America,Middle,No,60.9,76.1
GOOG-0983,Samuel Petrov,Alphabet (Google),GOOG,Research & AI,Director,84.0,1587000,8.5,75.2,North America,Upper-middle,No,35.0,66.7
GOOG-0984,Grace Chen,Alphabet (Google),GOOG,Research & AI,Senior,93.3,793800,6.8,63.3,Europe,Upper-middle,No,46.5,72.7
GOOG-0985,John Silva,Alphabet (Google),GOOG,Finance,Senior,91.3,182800,0.7,76.4,Latin America,Middle,No,50.5,71.2
GOOG-0986,Elena Okafor,Alphabet (Google),GOOG,Engineering,Principal,61.9,901700,3.7,65.5,North America,Lower-middle,Yes,64.0,60.0
GOOG-0987,Raj Okafor,Alphabet (Google),GOOG,Marketing,Senior,69.7,412300,7.6,69.6,North America,Upper-middle,No,41.2,53.6
GOOG-0988,Priya Petrov,Alphabet (Google),GOOG,Marketing,Senior,86.7,526100,1.4,64.2,South Asia,Working class,Yes,85.5,65.4
GOOG-0989,Emily Silva,Alphabet (Google),GOOG,Research & AI,VP,74.3,606300,14.3,66.0,North America,Middle,No,53.1,68.7
GOOG-0990,Arjun Lopez,Alphabet (Google),GOOG,Research & AI,Staff,72.5,132300,5.1,66.3,North America,Middle,No,48.8,70.0
GOOG-0991,Samuel Kim,Alphabet (Google),GOOG,Research & AI,Principal,77.6,195400,5.8,74.3,North America,Working class,Yes,95.4,73.5
GOOG-0992,Hiroshi Murphy,Alphabet (Google),GOOG,Operations,Staff,78.6,523100,2.8,70.6,North America,Lower-middle,Yes,65.8,66.8
GOOG-0993,Daniel Park,Alphabet (Google),GOOG,Engineering,Staff,83.0,1532600,10.6,74.5,North America,Upper-middle,No,41.1,68.6
GOOG-0994,Samuel Rossi,Alphabet (Google),GOOG,Engineering,VP,81.2,286400,8.3,75.2,South Asia,Upper-middle,No,40.1,81.4
GOOG-0995,James Patel,Alphabet (Google),GOOG,Engineering,Senior,77.0,225600,6.5,66.2,North America,Upper-middle,No,39.1,58.3
GOOG-0996,Fatima Lopez,Alphabet (Google),GOOG,Marketing,Staff,78.8,407800,8.2,57.7,North America,Lower-middle,No,69.4,81.1
GOOG-0997,Fatima Tanaka,Alphabet (Google),GOOG,Engineering,Principal,99.1,449500,4.8,62.1,North America,Upper-middle,No,30.5,56.6
GOOG-0998,Zoe Park,Alphabet (Google),GOOG,Product,Staff,91.7,500600,15.0,59.1,East Asia,Middle,Yes,44.4,55.8
GOOG-0999,Sofia Singh,Alphabet (Google),GOOG,Marketing,Principal,81.5,687600,8.6,67.5,North America,Working class,Yes,91.7,70.2
GOOG-1000,John Schmidt,Alphabet (Google),GOOG,Design,Senior Director,80.9,2023300,11.1,62.8,North America,Middle,No,47.3,54.5
