employee_id,name,company,ticker,department,level,performance_score,total_compensation_usd,tenure_years,potential_index,origin_region,socioeconomic_origin,first_generation_professional,adversity_origin_score,mental_strength
TSLA-0001,David Garcia,Tesla,TSLA,Sales & Service,Principal,74.0,857200,4.2,72.5,Europe,Upper-middle,No,39.4,64.1
TSLA-0002,David Rossi,Tesla,TSLA,Sales & Service,Principal,98.0,569300,7.9,64.0,North America,Middle,Yes,70.7,82.8
TSLA-0003,Fatima Hassan,Tesla,TSLA,Engineering,Principal,85.4,342400,8.1,61.7,North America,Middle,No,39.8,60.1
TSLA-0004,Daniel Silva,Tesla,TSLA,Engineering,Principal,80.4,121700,2.6,74.2,North America,Middle,No,45.9,66.0
TSLA-0005,Daniel Nguyen,Tesla,TSLA,Energy/Charging,Principal,70.5,436900,9.2,72.2,North America,Middle,No,60.9,88.2
TSLA-0006,Sofia Hassan,Tesla,TSLA,Operations,Staff,81.4,168800,18.6,75.3,East Asia,Working class,Yes,92.9,75.7
TSLA-0007,John Singh,Tesla,TSLA,Operations,Senior,72.6,102400,2.0,59.1,Africa,Working class,No,86.0,71.2
TSLA-0008,Grace Park,Tesla,TSLA,Design,Senior Director,94.3,405900,5.2,82.8,South Asia,Lower-middle,No,60.0,84.5
TSLA-0009,Hiroshi Kim,Tesla,TSLA,Legal & Policy,Director,77.3,212700,20.1,72.4,North America,Lower-middle,Yes,75.7,98.0
TSLA-0010,Daniel Kim,Tesla,TSLA,Design,Staff,79.6,296800,6.3,74.5,North America,Working class,Yes,88.2,73.7
TSLA-0011,Daniel Park,Tesla,TSLA,Engineering,Senior,95.9,185000,12.0,64.4,North America,Working class,Yes,99.3,91.8
TSLA-0012,Grace Lopez,Tesla,TSLA,Engineering,Senior,64.2,188200,16.1,68.8,South Asia,Middle,No,48.8,67.8
TSLA-0013,Hannah Murphy,Tesla,TSLA,Engineering,Principal,85.8,464900,6.1,80.3,North America,Working class,Yes,92.2,89.6
TSLA-0014,Mary Nguyen,Tesla,TSLA,Engineering,Principal,81.0,303600,2.1,67.8,North America,Working class,No,81.7,76.4
TSLA-0015,Nina Wilson,Tesla,TSLA,Engineering,Staff,92.9,183100,1.9,54.5,North America,Affluent,No,32.0,71.1
TSLA-0016,Samuel Smith,Tesla,TSLA,Engineering,Senior Director,83.2,821900,18.8,78.5,Oceania,Upper-middle,No,38.0,77.7
TSLA-0017,Emily Johnson,Tesla,TSLA,Engineering,Staff,69.5,252300,2.6,60.6,East Asia,Middle,Yes,62.6,61.7
TSLA-0018,Grace Kim,Tesla,TSLA,People/HR,SVP,66.5,972800,9.5,71.2,North America,Affluent,No,17.9,72.0
TSLA-0019,Thomas Hassan,Tesla,TSLA,Sales & Service,Director,97.7,786100,4.0,80.2,South Asia,Lower-middle,Yes,68.6,66.3
TSLA-0020,Raj Patel,Tesla,TSLA,Legal & Policy,Senior,74.2,454800,1.3,68.5,Europe,Middle,No,41.2,54.5
TSLA-0021,Carlos Nguyen,Tesla,TSLA,Engineering,Senior,71.3,50300,8.8,71.2,South Asia,Working class,Yes,87.2,90.7
TSLA-0022,Fatima Hassan,Tesla,TSLA,Manufacturing,Senior,85.2,292100,3.6,63.4,Africa,Affluent,No,21.4,56.8
TSLA-0023,Kevin Hassan,Tesla,TSLA,Autonomy & AI,SVP,72.6,626100,11.0,67.2,South Asia,Middle,No,58.1,73.0
TSLA-0024,Mary Rossi,Tesla,TSLA,Operations,Staff,93.8,430600,5.0,75.7,Middle East,Middle,No,42.9,81.4
TSLA-0025,Grace Davis,Tesla,TSLA,Engineering,Principal,70.6,239600,3.5,54.9,Africa,Lower-middle,No,64.5,54.5
TSLA-0026,Samuel Singh,Tesla,TSLA,Operations,Principal,80.7,611100,5.5,70.7,South Asia,Working class,Yes,78.4,87.8
TSLA-0027,Hiroshi Yamamoto,Tesla,TSLA,Engineering,SVP,75.9,1843400,7.0,85.6,Europe,Lower-middle,Yes,80.1,84.7
TSLA-0028,James Lee,Tesla,TSLA,Engineering,Staff,91.2,243600,3.2,57.9,North America,Lower-middle,Yes,73.5,71.2
TSLA-0029,Hiroshi Silva,Tesla,TSLA,Engineering,Senior,66.6,90300,2.1,72.2,North America,Lower-middle,Yes,70.5,82.1
TSLA-0030,Hiroshi Lee,Tesla,TSLA,Sales & Service,Principal,100.0,268100,4.1,72.0,East Asia,Affluent,Yes,39.3,66.4
TSLA-0031,Zoe Tanaka,Tesla,TSLA,Energy/Charging,Director,80.3,136100,10.8,68.8,South Asia,Middle,No,55.9,72.4
TSLA-0032,Nina Reyes,Tesla,TSLA,Engineering,Principal,88.9,612600,2.5,70.9,South Asia,Upper-middle,No,50.9,68.0
TSLA-0033,James Davis,Tesla,TSLA,Engineering,Principal,66.6,416200,3.0,86.3,North America,Lower-middle,No,71.9,79.7
TSLA-0034,Aisha Singh,Tesla,TSLA,Design,Senior,73.4,86900,5.5,48.8,South Asia,Upper-middle,No,23.8,70.3
TSLA-0035,Yuki Murphy,Tesla,TSLA,Engineering,Senior Director,65.8,327200,4.6,72.9,Europe,Lower-middle,Yes,77.0,87.2
TSLA-0036,Yuki Murphy,Tesla,TSLA,Engineering,Director,86.0,255800,4.6,73.3,North America,Upper-middle,No,39.6,69.8
TSLA-0037,John Davis,Tesla,TSLA,Operations,Principal,82.9,551800,7.8,63.7,East Asia,Lower-middle,Yes,69.7,76.7
TSLA-0038,Carlos Garcia,Tesla,TSLA,Design,VP,74.3,2356800,5.0,77.5,North America,Middle,No,51.2,70.4
TSLA-0039,Thomas Davis,Tesla,TSLA,Energy/Charging,Staff,74.1,128800,1.5,63.0,North America,Middle,No,53.6,63.5
TSLA-0040,Hiroshi Hassan,Tesla,TSLA,Engineering,VP,92.9,6732100,6.0,81.8,East Asia,Working class,Yes,89.9,86.8
TSLA-0041,Wei Schmidt,Tesla,TSLA,Engineering,Principal,59.7,272700,2.4,65.6,Africa,Middle,No,41.6,75.2
TSLA-0042,Wei Tanaka,Tesla,TSLA,Engineering,Senior Director,80.6,185100,6.0,77.4,Middle East,Middle,No,55.9,73.0
TSLA-0043,Sofia Anderson,Tesla,TSLA,Autonomy & AI,Staff,53.8,431600,0.6,62.1,South Asia,Working class,Yes,89.2,100.0
TSLA-0044,Zoe Lee,Tesla,TSLA,Engineering,Staff,94.3,148800,3.9,64.4,South Asia,Middle,No,57.6,78.2
TSLA-0045,Carlos Chen,Tesla,TSLA,Operations,Principal,97.0,658900,3.3,67.4,South Asia,Upper-middle,No,45.2,75.6
TSLA-0046,Thomas Lopez,Tesla,TSLA,Energy/Charging,Principal,62.4,90700,3.4,73.3,South Asia,Working class,Yes,94.0,82.3
TSLA-0047,David Davis,Tesla,TSLA,Manufacturing,Principal,56.3,392600,4.2,76.4,East Asia,Middle,No,48.8,74.4
TSLA-0048,Michael Yamamoto,Tesla,TSLA,Autonomy & AI,Senior Director,71.3,514700,9.9,87.3,South Asia,Lower-middle,No,67.9,80.0
TSLA-0049,Kevin Anderson,Tesla,TSLA,Energy/Charging,Senior,85.8,131900,3.1,74.1,North America,Middle,Yes,69.8,59.8
TSLA-0050,Zoe Martinez,Tesla,TSLA,Engineering,Staff,75.0,625000,5.5,80.0,North America,Middle,No,55.8,78.9
TSLA-0051,Nina Ali,Tesla,TSLA,Sales & Service,Senior,83.6,76300,4.2,62.1,Southeast Asia,Lower-middle,No,46.5,69.7
TSLA-0052,Yuki Nguyen,Tesla,TSLA,Autonomy & AI,Staff,90.8,146600,6.2,64.3,North America,Middle,Yes,51.3,59.0
TSLA-0053,John Lopez,Tesla,TSLA,Engineering,Staff,94.6,395800,1.6,75.1,Middle East,Affluent,No,32.4,63.1
TSLA-0054,Wei Ali,Tesla,TSLA,Engineering,VP,77.0,759400,9.2,76.5,South Asia,Middle,No,56.6,68.6
TSLA-0055,Hiroshi Wang,Tesla,TSLA,Sales & Service,Senior,62.9,176700,8.8,72.1,North America,Middle,No,50.7,80.3
TSLA-0056,Fatima Tanaka,Tesla,TSLA,Manufacturing,Director,65.4,343700,6.4,67.6,North America,Affluent,No,26.3,63.1
TSLA-0057,Priya Garcia,Tesla,TSLA,Autonomy & AI,Senior,92.5,290500,1.1,53.9,Latin America,Upper-middle,No,38.3,59.4
TSLA-0058,Yuki Brown,Tesla,TSLA,Operations,Senior,76.2,620700,4.7,58.8,North America,Upper-middle,No,39.2,64.6
TSLA-0059,Hannah Wang,Tesla,TSLA,Energy/Charging,Senior,70.0,165400,2.0,64.5,North America,Middle,No,60.3,62.1
TSLA-0060,Grace Cohen,Tesla,TSLA,Energy/Charging,Staff,50.5,357400,0.6,68.6,North America,Upper-middle,No,41.8,60.6
TSLA-0061,Kevin Anderson,Tesla,TSLA,Operations,Senior,79.6,257800,2.6,61.7,South Asia,Lower-middle,No,64.8,86.0
TSLA-0062,Yuki Reyes,Tesla,TSLA,Engineering,Senior,63.2,579100,10.5,59.2,South Asia,Lower-middle,No,60.4,82.8
TSLA-0063,Ahmed Murphy,Tesla,TSLA,Energy/Charging,Senior,84.2,154400,1.5,69.7,South Asia,Lower-middle,No,55.7,74.4
TSLA-0064,Mary Lee,Tesla,TSLA,Engineering,Principal,65.0,295500,5.3,59.9,South Asia,Lower-middle,Yes,71.7,76.8
TSLA-0065,Hiroshi Silva,Tesla,TSLA,Engineering,Senior,65.9,469300,1.3,83.0,North America,Upper-middle,No,28.8,65.8
TSLA-0066,Daniel Garcia,Tesla,TSLA,Energy/Charging,Director,100.0,641000,4.0,77.0,Latin America,Upper-middle,No,35.9,64.6
TSLA-0067,John Yamamoto,Tesla,TSLA,Engineering,SVP,96.6,687300,7.2,73.6,North America,Middle,Yes,52.7,74.8
TSLA-0068,Sofia Smith,Tesla,TSLA,Engineering,Senior,72.6,332800,9.4,64.8,Latin America,Middle,No,50.8,67.1
TSLA-0069,Ahmed Brown,Tesla,TSLA,Operations,Senior Director,88.8,477100,6.3,83.0,East Asia,Upper-middle,No,35.2,76.9
TSLA-0070,Daniel Schmidt,Tesla,TSLA,Operations,Principal,88.0,306100,9.0,77.0,South Asia,Working class,Yes,88.0,93.3
TSLA-0071,Olivia Hassan,Tesla,TSLA,Autonomy & AI,Senior Director,72.2,475000,11.6,80.5,North America,Lower-middle,No,69.6,73.9
TSLA-0072,Mary Murphy,Tesla,TSLA,Sales & Service,Senior Director,73.4,427600,16.8,64.1,Europe,Working class,Yes,93.8,72.5
TSLA-0073,Michael Reyes,Tesla,TSLA,Manufacturing,Senior Director,72.0,391300,6.9,69.0,North America,Middle,Yes,46.1,66.6
TSLA-0074,James Anderson,Tesla,TSLA,Design,Senior,62.3,99300,3.4,56.4,East Asia,Middle,Yes,63.9,69.0
TSLA-0075,Chen Petrov,Tesla,TSLA,Energy/Charging,Senior,77.5,305300,4.5,73.6,North America,Lower-middle,Yes,77.3,84.8
TSLA-0076,Zoe Singh,Tesla,TSLA,Engineering,Senior,91.9,152100,5.2,65.8,East Asia,Upper-middle,No,36.5,69.7
TSLA-0077,James Khan,Tesla,TSLA,Operations,Staff,78.3,154100,0.9,62.6,Latin America,Affluent,No,26.6,51.1
TSLA-0078,James Johnson,Tesla,TSLA,Manufacturing,Staff,81.5,617400,2.2,76.4,North America,Middle,No,50.1,88.6
TSLA-0079,Kevin Cohen,Tesla,TSLA,Autonomy & AI,VP,63.7,326200,12.8,69.2,North America,Upper-middle,No,32.5,59.1
TSLA-0080,Carlos Lee,Tesla,TSLA,Sales & Service,Senior Director,80.0,583500,9.7,87.2,North America,Working class,Yes,87.5,78.5
TSLA-0081,David Tanaka,Tesla,TSLA,Manufacturing,Principal,76.3,453300,6.0,75.8,North America,Lower-middle,No,57.8,79.2
TSLA-0082,Nina Wang,Tesla,TSLA,Operations,Director,80.6,220100,5.6,71.5,North America,Working class,No,84.4,77.1
TSLA-0083,Sofia Reyes,Tesla,TSLA,Manufacturing,Director,75.9,337300,4.8,70.3,South Asia,Middle,No,44.8,65.1
TSLA-0084,Fatima Davis,Tesla,TSLA,Sales & Service,Director,87.2,675400,5.0,68.2,Southeast Asia,Middle,No,47.9,58.5
TSLA-0085,Linda Lopez,Tesla,TSLA,Engineering,Director,81.3,306000,7.6,72.5,Europe,Lower-middle,No,71.7,74.3
TSLA-0086,Emily Park,Tesla,TSLA,Autonomy & AI,Senior,82.3,183400,2.4,68.4,North America,Middle,Yes,55.8,68.8
TSLA-0087,Hiroshi Martinez,Tesla,TSLA,Legal & Policy,Staff,72.3,298900,1.9,57.6,South Asia,Working class,Yes,89.5,75.0
TSLA-0088,Wei Silva,Tesla,TSLA,Engineering,Staff,70.3,255700,4.8,62.8,North America,Affluent,No,25.1,69.6
TSLA-0089,Linda Silva,Tesla,TSLA,Sales & Service,Staff,53.8,126700,4.6,79.9,Europe,Affluent,Yes,37.9,53.0
TSLA-0090,Hiroshi Lopez,Tesla,TSLA,Sales & Service,Director,79.4,549800,4.7,77.6,South Asia,Working class,No,80.3,66.1
TSLA-0091,Priya Lopez,Tesla,TSLA,Engineering,SVP,72.1,2172900,11.5,76.6,North America,Middle,No,46.9,86.6
TSLA-0092,Grace Silva,Tesla,TSLA,Operations,Staff,64.4,88700,7.9,62.7,North America,Middle,No,63.6,74.2
TSLA-0093,Wei Chen,Tesla,TSLA,People/HR,Senior,83.6,263500,8.0,71.5,Southeast Asia,Middle,No,52.0,61.4
TSLA-0094,Elena Rossi,Tesla,TSLA,Manufacturing,Staff,80.7,298000,4.7,78.8,North America,Middle,No,51.7,78.2
TSLA-0095,Ahmed Wilson,Tesla,TSLA,Design,Principal,68.5,329700,9.0,64.9,North America,Middle,No,62.6,64.7
TSLA-0096,Hannah Johnson,Tesla,TSLA,Manufacturing,Staff,64.7,111700,7.1,62.8,Southeast Asia,Middle,No,55.8,79.5
TSLA-0097,Kevin Davis,Tesla,TSLA,Engineering,Staff,72.3,196300,3.0,65.9,North America,Lower-middle,Yes,77.4,83.4
TSLA-0098,David Johnson,Tesla,TSLA,Manufacturing,Senior,66.6,189100,9.6,68.2,North America,Affluent,No,35.6,65.4
TSLA-0099,Elena Nguyen,Tesla,TSLA,Engineering,Director,72.5,317900,7.5,53.1,Latin America,Middle,No,42.0,68.9
TSLA-0100,Nina Chen,Tesla,TSLA,Engineering,Principal,75.2,298200,9.2,66.1,North America,Middle,Yes,62.5,67.7
TSLA-0101,John Brown,Tesla,TSLA,Energy/Charging,Principal,57.6,143700,8.5,73.0,North America,Lower-middle,No,69.0,79.2
TSLA-0102,Zoe Wilson,Tesla,TSLA,Operations,Staff,78.7,462400,6.0,62.2,North America,Lower-middle,Yes,82.1,72.9
TSLA-0103,Priya Lee,Tesla,TSLA,Engineering,Staff,92.6,416900,3.4,71.6,North America,Affluent,No,22.4,70.2
TSLA-0104,Wei Chen,Tesla,TSLA,Engineering,Staff,72.8,249600,4.0,70.5,North America,Upper-middle,No,40.4,70.9
TSLA-0105,Daniel Nguyen,Tesla,TSLA,Engineering,Senior,79.2,180800,1.3,57.3,South Asia,Upper-middle,No,44.1,54.0
TSLA-0106,Hiroshi Park,Tesla,TSLA,Engineering,Staff,61.2,220800,1.6,65.6,East Asia,Working class,Yes,88.5,75.8
TSLA-0107,Kevin Chen,Tesla,TSLA,Manufacturing,Staff,94.4,667500,8.9,64.9,North America,Middle,No,57.7,77.8
TSLA-0108,Grace Chen,Tesla,TSLA,Autonomy & AI,Senior Director,76.1,981600,4.7,73.9,Latin America,Upper-middle,No,32.7,59.9
TSLA-0109,Mary Chen,Tesla,TSLA,Sales & Service,Senior,87.4,68800,1.1,63.7,Africa,Working class,Yes,91.9,88.8
TSLA-0110,Yuki Hassan,Tesla,TSLA,Sales & Service,Director,86.5,3458500,8.1,73.0,South Asia,Working class,No,76.4,74.2
TSLA-0111,Samuel Murphy,Tesla,TSLA,Operations,Principal,89.7,1197400,11.8,82.0,North America,Lower-middle,Yes,79.8,80.0
TSLA-0112,Priya Rossi,Tesla,TSLA,Manufacturing,Senior,62.2,56000,3.7,53.8,South Asia,Lower-middle,Yes,75.4,70.3
TSLA-0113,John Wang,Tesla,TSLA,Energy/Charging,Director,76.0,294300,7.0,72.7,East Asia,Middle,Yes,67.9,79.8
TSLA-0114,Yuki Kim,Tesla,TSLA,Manufacturing,Director,80.2,1106100,10.2,64.3,North America,Middle,No,63.0,67.0
TSLA-0115,Daniel Petrov,Tesla,TSLA,Engineering,Director,100.0,1681800,6.0,66.3,North America,Middle,No,55.6,67.9
TSLA-0116,Nina Smith,Tesla,TSLA,Engineering,Staff,88.6,144600,5.6,69.9,South Asia,Affluent,No,13.0,67.0
TSLA-0117,Hannah Smith,Tesla,TSLA,Engineering,Senior,70.6,69500,10.4,66.7,South Asia,Working class,Yes,90.0,81.1
TSLA-0118,Zoe Cohen,Tesla,TSLA,Operations,Principal,84.9,459900,4.3,62.8,North America,Working class,Yes,91.1,75.7
TSLA-0119,Zoe Cohen,Tesla,TSLA,Manufacturing,Director,61.8,402100,4.7,78.1,South Asia,Working class,Yes,83.5,78.6
TSLA-0120,Grace Johnson,Tesla,TSLA,Engineering,Senior,78.2,495100,4.5,63.6,Southeast Asia,Lower-middle,Yes,76.0,99.3
TSLA-0121,Fatima Lee,Tesla,TSLA,Autonomy & AI,Principal,77.8,327300,4.4,81.0,North America,Upper-middle,No,40.3,81.0
TSLA-0122,Nina Hassan,Tesla,TSLA,Engineering,Senior,71.2,130400,2.1,77.8,North America,Lower-middle,Yes,75.2,96.5
TSLA-0123,Zoe Martinez,Tesla,TSLA,Energy/Charging,Senior,95.9,340600,11.4,66.9,South Asia,Middle,No,52.6,66.8
TSLA-0124,Thomas Yamamoto,Tesla,TSLA,Operations,Senior,79.7,328400,3.8,62.1,South Asia,Working class,No,76.4,83.0
TSLA-0125,Ahmed Murphy,Tesla,TSLA,Engineering,Director,67.0,315800,7.4,74.9,Africa,Working class,Yes,84.5,91.8
TSLA-0126,Carlos Petrov,Tesla,TSLA,Operations,Principal,54.0,1192200,5.0,66.5,Europe,Middle,No,46.2,69.8
TSLA-0127,Olivia Anderson,Tesla,TSLA,Operations,C-Suite,80.7,1582200,7.4,83.0,South Asia,Working class,Yes,79.8,91.4
TSLA-0128,Chen Smith,Tesla,TSLA,Engineering,Senior,70.8,246900,3.1,74.8,Latin America,Lower-middle,No,68.6,81.6
TSLA-0129,Linda Kim,Tesla,TSLA,Operations,Senior,89.5,250300,5.1,62.5,Southeast Asia,Middle,No,57.3,69.0
TSLA-0130,Zoe Murphy,Tesla,TSLA,Sales & Service,Director,77.2,662900,4.2,77.4,North America,Middle,Yes,63.4,79.3
TSLA-0131,John Schmidt,Tesla,TSLA,Autonomy & AI,Senior,80.3,260600,18.0,68.0,East Asia,Upper-middle,No,47.4,82.0
TSLA-0132,Carlos Davis,Tesla,TSLA,Engineering,Senior,73.2,474400,2.1,64.1,North America,Lower-middle,No,70.1,86.6
TSLA-0133,James Wilson,Tesla,TSLA,Engineering,Staff,62.5,278400,12.1,68.4,North America,Affluent,No,26.6,82.3
TSLA-0134,Fatima Davis,Tesla,TSLA,Engineering,Senior,69.2,101600,5.7,64.2,North America,Working class,Yes,94.6,69.8
TSLA-0135,Aisha Reyes,Tesla,TSLA,Finance,Senior,73.6,107300,4.1,71.9,North America,Middle,Yes,59.4,92.0
TSLA-0136,Chen Yamamoto,Tesla,TSLA,Engineering,Senior,48.5,195900,3.6,63.6,North America,Lower-middle,Yes,68.9,70.9
TSLA-0137,Aisha Chen,Tesla,TSLA,Sales & Service,Staff,72.5,154700,0.7,68.2,North America,Middle,No,58.0,85.9
TSLA-0138,Sofia Singh,Tesla,TSLA,Energy/Charging,Principal,58.1,459600,9.3,68.5,North America,Lower-middle,Yes,65.0,91.2
TSLA-0139,Wei Brown,Tesla,TSLA,Sales & Service,Director,86.9,739200,7.7,70.0,North America,Middle,No,54.9,76.4
TSLA-0140,Carlos Davis,Tesla,TSLA,Manufacturing,Principal,71.6,827100,5.1,71.9,East Asia,Middle,No,43.6,43.9
TSLA-0141,Thomas Murphy,Tesla,TSLA,Engineering,Director,88.6,167900,7.4,71.4,North America,Lower-middle,No,70.1,75.2
TSLA-0142,Samuel Singh,Tesla,TSLA,Sales & Service,Staff,72.9,137200,1.4,80.0,East Asia,Middle,No,52.3,76.2
TSLA-0143,Linda Schmidt,Tesla,TSLA,Sales & Service,Principal,82.8,490900,2.9,62.9,North America,Middle,No,55.8,79.4
TSLA-0144,Arjun Schmidt,Tesla,TSLA,Operations,Principal,77.4,1034400,2.2,71.7,North America,Middle,No,38.8,64.6
TSLA-0145,David Hassan,Tesla,TSLA,Operations,Principal,89.6,435700,3.4,85.1,North America,Affluent,No,17.8,91.4
TSLA-0146,Yuki Yamamoto,Tesla,TSLA,Sales & Service,Senior,67.5,54300,3.8,65.5,East Asia,Lower-middle,Yes,75.9,68.2
TSLA-0147,Sofia Reyes,Tesla,TSLA,Sales & Service,Director,78.6,698500,2.8,90.7,North America,Lower-middle,Yes,83.2,94.6
TSLA-0148,Aisha Okafor,Tesla,TSLA,Engineering,Senior Director,95.9,624100,8.9,79.0,East Asia,Lower-middle,No,71.6,77.0
TSLA-0149,Daniel Ali,Tesla,TSLA,Engineering,Director,90.9,507400,4.1,76.7,North America,Affluent,No,28.1,75.8
TSLA-0150,Grace Schmidt,Tesla,TSLA,Autonomy & AI,Principal,72.1,308200,7.0,73.3,North America,Lower-middle,Yes,82.8,86.0
TSLA-0151,Maria Reyes,Tesla,TSLA,Finance,Staff,61.1,302100,0.8,56.4,North America,Lower-middle,Yes,79.6,79.2
TSLA-0152,Daniel Wilson,Tesla,TSLA,Manufacturing,Staff,79.0,351500,3.6,74.2,South Asia,Middle,Yes,60.9,90.4
TSLA-0153,Nina Lopez,Tesla,TSLA,Manufacturing,Director,69.5,444000,9.0,64.1,North America,Upper-middle,No,30.5,64.0
TSLA-0154,Sofia Kim,Tesla,TSLA,Autonomy & AI,Staff,99.9,126200,3.9,77.4,East Asia,Middle,No,57.2,84.6
TSLA-0155,Raj Patel,Tesla,TSLA,Operations,Senior,86.3,619000,2.2,80.7,South Asia,Upper-middle,No,29.9,72.2
TSLA-0156,Yuki Wang,Tesla,TSLA,Manufacturing,Senior,62.5,112900,0.2,60.3,Latin America,Working class,Yes,100.0,68.3
TSLA-0157,Hiroshi Murphy,Tesla,TSLA,Engineering,Senior Director,64.6,297800,7.0,81.7,North America,Lower-middle,No,66.2,69.0
TSLA-0158,Hannah Smith,Tesla,TSLA,Manufacturing,Director,66.8,1042800,3.7,79.7,Middle East,Upper-middle,No,41.0,73.5
TSLA-0159,James Park,Tesla,TSLA,Manufacturing,Staff,94.4,274100,10.2,71.3,South Asia,Working class,Yes,78.7,61.4
TSLA-0160,Raj Davis,Tesla,TSLA,Operations,Director,84.3,1038600,7.9,64.0,Oceania,Middle,No,56.0,79.4
TSLA-0161,Carlos Okafor,Tesla,TSLA,Energy/Charging,Senior,84.1,103400,1.2,49.1,South Asia,Lower-middle,No,57.6,65.5
TSLA-0162,Raj Yamamoto,Tesla,TSLA,Manufacturing,Staff,88.3,260000,1.7,81.5,South Asia,Working class,No,88.4,100.0
TSLA-0163,Sofia Wilson,Tesla,TSLA,Finance,Senior Director,72.8,315900,6.5,76.6,North America,Middle,No,54.5,70.7
TSLA-0164,Hannah Patel,Tesla,TSLA,Manufacturing,Staff,79.3,390200,1.9,76.8,East Asia,Upper-middle,No,25.9,68.2
TSLA-0165,Nina Anderson,Tesla,TSLA,Manufacturing,Senior,65.4,296700,2.8,70.8,North America,Upper-middle,No,54.5,84.4
TSLA-0166,Priya Reyes,Tesla,TSLA,Finance,Senior Director,44.7,298000,6.6,78.2,East Asia,Working class,Yes,90.3,67.2
TSLA-0167,Arjun Kim,Tesla,TSLA,Autonomy & AI,Senior,100.0,125200,2.1,51.6,North America,Working class,Yes,91.0,88.1
TSLA-0168,Michael Hassan,Tesla,TSLA,Manufacturing,Staff,79.0,271600,3.3,70.9,North America,Working class,Yes,84.0,77.3
TSLA-0169,Mary Murphy,Tesla,TSLA,Manufacturing,Staff,67.0,77200,2.6,57.7,Africa,Middle,No,46.4,77.0
TSLA-0170,Hiroshi Patel,Tesla,TSLA,Engineering,Staff,61.7,388000,4.0,64.3,Southeast Asia,Upper-middle,No,40.4,66.4
TSLA-0171,Carlos Davis,Tesla,TSLA,Manufacturing,Staff,82.3,172700,3.4,69.8,North America,Lower-middle,No,70.4,91.8
TSLA-0172,Mary Lopez,Tesla,TSLA,Manufacturing,Staff,83.8,186000,2.0,73.5,North America,Middle,No,54.4,83.9
TSLA-0173,Sofia Petrov,Tesla,TSLA,Operations,Staff,68.8,121000,4.7,70.1,East Asia,Upper-middle,No,22.2,70.5
TSLA-0174,Ahmed Okafor,Tesla,TSLA,Manufacturing,Senior,76.9,204100,1.8,58.8,North America,Lower-middle,No,68.0,82.4
TSLA-0175,Daniel Schmidt,Tesla,TSLA,Manufacturing,Director,67.4,214000,5.1,78.3,Oceania,Lower-middle,Yes,77.7,74.0
TSLA-0176,Ahmed Brown,Tesla,TSLA,Operations,Senior,77.2,330700,7.7,57.5,East Asia,Middle,No,50.2,80.9
TSLA-0177,Raj Lee,Tesla,TSLA,Operations,Senior,50.7,70700,4.0,68.1,East Asia,Lower-middle,Yes,77.7,76.3
TSLA-0178,Yuki Lopez,Tesla,TSLA,Sales & Service,Senior,78.3,757000,3.1,66.0,South Asia,Lower-middle,No,73.0,78.1
TSLA-0179,Hannah Ali,Tesla,TSLA,Manufacturing,Senior,63.5,163600,8.4,67.4,North America,Middle,Yes,52.2,80.0
TSLA-0180,Yuki Wilson,Tesla,TSLA,Sales & Service,SVP,100.0,920800,10.2,96.7,Southeast Asia,Middle,No,57.9,87.7
TSLA-0181,Sofia Okafor,Tesla,TSLA,Engineering,Principal,71.6,326400,2.8,73.6,North America,Working class,Yes,81.4,83.0
TSLA-0182,Kevin Smith,Tesla,TSLA,Engineering,Staff,80.0,727900,0.7,68.7,Latin America,Lower-middle,Yes,72.5,65.6
TSLA-0183,David Tanaka,Tesla,TSLA,Energy/Charging,Director,58.6,185200,12.7,57.2,South Asia,Lower-middle,Yes,74.6,51.6
TSLA-0184,Aisha Wilson,Tesla,TSLA,Engineering,Senior,65.4,356900,0.9,76.6,South Asia,Middle,No,56.1,62.3
TSLA-0185,Carlos Anderson,Tesla,TSLA,Manufacturing,Director,86.0,425900,9.0,74.0,North America,Upper-middle,No,45.6,65.2
TSLA-0186,Zoe Brown,Tesla,TSLA,Engineering,Principal,81.2,325000,1.8,74.2,South Asia,Working class,Yes,97.1,85.6
TSLA-0187,John Ali,Tesla,TSLA,Autonomy & AI,Staff,85.0,408600,2.5,64.5,North America,Upper-middle,No,44.5,83.5
TSLA-0188,Michael Yamamoto,Tesla,TSLA,Manufacturing,Staff,98.4,854200,3.6,67.5,South Asia,Middle,No,52.0,79.5
TSLA-0189,Kevin Davis,Tesla,TSLA,Legal & Policy,VP,77.4,1868800,7.7,72.2,North America,Middle,No,51.8,44.3
TSLA-0190,Samuel Johnson,Tesla,TSLA,Autonomy & AI,Senior Director,70.9,230500,4.5,83.1,North America,Middle,No,64.6,83.9
TSLA-0191,Linda Wilson,Tesla,TSLA,Manufacturing,Senior,65.7,277000,0.7,61.5,Europe,Working class,Yes,100.0,74.3
TSLA-0192,Emily Schmidt,Tesla,TSLA,Autonomy & AI,Staff,69.8,165200,3.6,76.2,North America,Working class,Yes,94.9,72.5
TSLA-0193,Arjun Park,Tesla,TSLA,Engineering,Principal,74.6,337600,5.7,62.8,Oceania,Working class,No,86.5,67.2
TSLA-0194,Grace Singh,Tesla,TSLA,Legal & Policy,Staff,79.9,399700,5.1,65.1,North America,Upper-middle,Yes,51.7,64.3
TSLA-0195,Yuki Wilson,Tesla,TSLA,Sales & Service,Senior,90.0,140200,1.4,72.8,North America,Lower-middle,Yes,84.6,82.3
TSLA-0196,Grace Hassan,Tesla,TSLA,Engineering,Staff,78.7,444100,5.4,74.3,Europe,Working class,Yes,98.0,81.2
TSLA-0197,David Wang,Tesla,TSLA,Design,Staff,94.9,576200,4.0,72.2,North America,Middle,No,51.8,64.8
TSLA-0198,David Chen,Tesla,TSLA,Engineering,Principal,76.2,227900,11.6,63.3,North America,Lower-middle,No,66.5,73.6
TSLA-0199,Kevin Garcia,Tesla,TSLA,Energy/Charging,Principal,80.1,393900,7.8,65.8,South Asia,Lower-middle,No,69.7,91.6
TSLA-0200,David Davis,Tesla,TSLA,Autonomy & AI,Senior,81.8,176100,1.4,67.1,North America,Lower-middle,No,62.0,69.9
TSLA-0201,Grace Cohen,Tesla,TSLA,Legal & Policy,Director,86.2,179400,3.5,72.2,South Asia,Middle,Yes,70.9,94.5
TSLA-0202,James Singh,Tesla,TSLA,Manufacturing,Senior,73.6,206800,8.6,75.5,Europe,Lower-middle,Yes,74.1,68.0
TSLA-0203,David Silva,Tesla,TSLA,Sales & Service,Senior,74.1,132200,5.9,74.5,North America,Upper-middle,Yes,47.8,78.9
TSLA-0204,Wei Rossi,Tesla,TSLA,Engineering,Staff,61.1,117400,5.0,75.4,South Asia,Affluent,No,26.2,61.6
TSLA-0205,Arjun Garcia,Tesla,TSLA,Autonomy & AI,Staff,74.4,58600,2.9,68.9,East Asia,Lower-middle,Yes,77.5,73.9
TSLA-0206,Sofia Tanaka,Tesla,TSLA,Manufacturing,Senior Director,67.7,907500,4.8,72.4,Europe,Working class,Yes,97.9,76.6
TSLA-0207,John Lopez,Tesla,TSLA,Autonomy & AI,Principal,79.7,483800,2.8,75.0,North America,Working class,No,75.7,50.6
TSLA-0208,Samuel Wang,Tesla,TSLA,Energy/Charging,Principal,81.7,859900,4.8,65.0,North America,Upper-middle,No,45.8,71.2
TSLA-0209,Thomas Silva,Tesla,TSLA,Engineering,Senior,83.9,269100,11.9,58.2,North America,Lower-middle,No,65.5,82.8
TSLA-0210,Elena Johnson,Tesla,TSLA,Autonomy & AI,Director,67.5,1044100,11.9,63.9,Europe,Upper-middle,No,27.1,73.9
TSLA-0211,Mary Rossi,Tesla,TSLA,Manufacturing,Senior,78.2,127700,3.5,75.3,North America,Lower-middle,Yes,77.7,71.7
TSLA-0212,Elena Yamamoto,Tesla,TSLA,Engineering,Principal,75.8,165100,6.9,64.8,South Asia,Upper-middle,No,37.6,66.1
TSLA-0213,Aisha Garcia,Tesla,TSLA,Sales & Service,Senior,75.9,417800,5.1,66.3,East Asia,Middle,Yes,66.6,83.4
TSLA-0214,Ahmed Park,Tesla,TSLA,Sales & Service,Principal,96.0,229800,4.2,65.7,Latin America,Lower-middle,Yes,67.1,63.5
TSLA-0215,Sofia Lee,Tesla,TSLA,Finance,Director,82.4,1824500,5.2,74.5,North America,Lower-middle,Yes,82.0,86.0
TSLA-0216,Ahmed Yamamoto,Tesla,TSLA,Autonomy & AI,Senior Director,97.9,638000,7.5,75.7,Oceania,Upper-middle,No,33.3,66.7
TSLA-0217,Mary Anderson,Tesla,TSLA,Operations,Staff,64.3,152800,2.1,61.2,South Asia,Lower-middle,Yes,71.7,66.7
TSLA-0218,Hannah Silva,Tesla,TSLA,Energy/Charging,Senior Director,78.3,513900,9.4,78.6,South Asia,Middle,No,46.0,52.7
TSLA-0219,Nina Yamamoto,Tesla,TSLA,Engineering,Staff,61.9,586500,1.7,67.8,North America,Upper-middle,No,28.6,55.7
TSLA-0220,Chen Lee,Tesla,TSLA,Engineering,Senior,91.7,162700,7.7,70.3,South Asia,Lower-middle,No,79.6,84.7
TSLA-0221,Daniel Park,Tesla,TSLA,Engineering,Director,90.8,265800,3.7,67.0,North America,Lower-middle,Yes,81.8,82.7
TSLA-0222,Maria Hassan,Tesla,TSLA,Engineering,Principal,66.4,1060700,4.2,75.2,Europe,Lower-middle,Yes,77.8,83.5
TSLA-0223,Linda Reyes,Tesla,TSLA,Manufacturing,VP,74.5,501400,6.3,70.6,North America,Upper-middle,No,37.0,64.2
TSLA-0224,Raj Reyes,Tesla,TSLA,Sales & Service,VP,71.8,419900,5.6,72.3,South Asia,Lower-middle,Yes,72.5,75.1
TSLA-0225,Hannah Brown,Tesla,TSLA,Energy/Charging,Senior,65.8,85800,5.5,72.4,South Asia,Upper-middle,No,38.7,69.4
TSLA-0226,Daniel Cohen,Tesla,TSLA,Sales & Service,Principal,70.9,816600,3.3,60.3,North America,Upper-middle,No,31.9,78.3
TSLA-0227,Emily Brown,Tesla,TSLA,Engineering,Staff,73.1,194000,2.5,71.5,Middle East,Affluent,No,23.3,82.3
TSLA-0228,Daniel Silva,Tesla,TSLA,Autonomy & AI,Senior,87.9,384500,5.4,62.4,North America,Upper-middle,No,35.5,82.9
TSLA-0229,Aisha Patel,Tesla,TSLA,Autonomy & AI,Staff,56.3,135700,3.0,68.3,North America,Middle,Yes,55.2,70.9
TSLA-0230,Elena Davis,Tesla,TSLA,Operations,Director,82.6,1925700,8.6,70.4,North America,Lower-middle,No,65.5,83.8
TSLA-0231,Samuel Brown,Tesla,TSLA,Engineering,Senior,64.9,132200,2.1,55.7,South Asia,Working class,Yes,97.4,75.0
TSLA-0232,Chen Nguyen,Tesla,TSLA,Manufacturing,VP,60.2,436100,5.9,69.3,North America,Affluent,No,23.3,67.3
TSLA-0233,Arjun Cohen,Tesla,TSLA,Manufacturing,Senior,82.3,232200,2.1,62.1,East Asia,Middle,No,55.9,76.7
TSLA-0234,Kevin Ali,Tesla,TSLA,Engineering,Senior,66.5,138500,4.4,80.5,South Asia,Lower-middle,No,63.0,92.6
TSLA-0235,Raj Lee,Tesla,TSLA,Engineering,Director,91.7,532600,6.6,69.0,South Asia,Lower-middle,Yes,76.2,58.3
TSLA-0236,Sofia Reyes,Tesla,TSLA,Manufacturing,Staff,75.6,198600,5.1,79.7,South Asia,Working class,No,88.5,85.2
TSLA-0237,Fatima Lopez,Tesla,TSLA,Engineering,Senior,91.3,90900,6.3,59.6,South Asia,Affluent,No,32.1,68.2
TSLA-0238,Elena Silva,Tesla,TSLA,Manufacturing,Senior,82.1,188600,3.1,59.3,Middle East,Middle,Yes,56.5,74.5
TSLA-0239,Ahmed Khan,Tesla,TSLA,Engineering,Principal,78.4,311500,10.6,74.5,North America,Middle,Yes,53.6,87.3
TSLA-0240,David Brown,Tesla,TSLA,Manufacturing,Senior,82.4,239100,6.9,71.9,North America,Middle,No,45.9,89.9
TSLA-0241,Priya Martinez,Tesla,TSLA,Autonomy & AI,Staff,90.9,645400,2.7,67.7,North America,Middle,No,55.9,88.5
TSLA-0242,James Lee,Tesla,TSLA,Engineering,Staff,80.0,213900,3.4,76.2,South Asia,Working class,Yes,81.7,71.4
TSLA-0243,Chen Lee,Tesla,TSLA,Energy/Charging,Director,58.0,255600,5.5,65.5,North America,Lower-middle,No,62.2,85.0
TSLA-0244,Kevin Okafor,Tesla,TSLA,Manufacturing,Director,79.3,606300,3.6,60.2,East Asia,Upper-middle,No,43.0,71.4
TSLA-0245,Daniel Garcia,Tesla,TSLA,Manufacturing,VP,56.6,274700,6.3,69.0,South Asia,Affluent,No,26.7,73.8
TSLA-0246,Thomas Rossi,Tesla,TSLA,Autonomy & AI,Staff,72.9,185700,2.1,75.0,North America,Upper-middle,No,44.3,95.4
TSLA-0247,Emily Silva,Tesla,TSLA,Engineering,Senior Director,74.2,1514300,9.8,62.1,East Asia,Lower-middle,Yes,83.9,73.6
TSLA-0248,Mary Lee,Tesla,TSLA,Autonomy & AI,Principal,94.3,319500,8.2,71.4,North America,Working class,No,81.8,83.3
TSLA-0249,Emily Ali,Tesla,TSLA,Operations,Senior,57.5,360700,0.3,63.5,East Asia,Affluent,No,23.4,61.1
TSLA-0250,Hannah Wang,Tesla,TSLA,Sales & Service,Senior,61.7,180200,0.9,69.7,Middle East,Middle,No,52.9,80.0
TSLA-0251,David Wang,Tesla,TSLA,Engineering,Director,86.4,336700,8.4,81.2,North America,Upper-middle,No,33.8,87.4
TSLA-0252,James Lee,Tesla,TSLA,Autonomy & AI,VP,68.2,224700,8.0,73.5,South Asia,Lower-middle,No,68.6,84.5
TSLA-0253,Chen Yamamoto,Tesla,TSLA,Autonomy & AI,Principal,63.6,393000,8.0,56.3,South Asia,Middle,No,49.5,61.6
TSLA-0254,Arjun Brown,Tesla,TSLA,Engineering,Senior,76.4,269900,1.0,58.2,North America,Working class,Yes,86.0,74.1
TSLA-0255,Priya Tanaka,Tesla,TSLA,Engineering,Director,92.0,316200,3.3,73.6,North America,Middle,No,46.6,49.6
TSLA-0256,Kevin Murphy,Tesla,TSLA,Manufacturing,Director,68.3,968900,6.1,70.8,East Asia,Lower-middle,Yes,70.1,62.0
TSLA-0257,Emily Wilson,Tesla,TSLA,Manufacturing,Senior,90.0,272200,5.5,76.2,East Asia,Middle,No,48.0,75.4
TSLA-0258,Mary Cohen,Tesla,TSLA,Manufacturing,Principal,85.3,191600,4.8,62.9,North America,Affluent,No,38.6,70.7
TSLA-0259,Zoe Lopez,Tesla,TSLA,Manufacturing,Senior,100.0,196300,7.3,77.9,East Asia,Affluent,No,21.7,69.6
TSLA-0260,Ahmed Schmidt,Tesla,TSLA,Autonomy & AI,Senior,59.8,128600,2.3,70.1,Europe,Upper-middle,No,20.4,78.0
TSLA-0261,Carlos Singh,Tesla,TSLA,Engineering,Senior,55.0,100200,0.7,61.3,North America,Affluent,No,23.4,54.7
TSLA-0262,Fatima Rossi,Tesla,TSLA,Manufacturing,Senior,61.2,339200,3.3,58.0,North America,Middle,No,49.4,68.0
TSLA-0263,Linda Petrov,Tesla,TSLA,Manufacturing,Principal,72.9,373700,5.0,72.2,North America,Affluent,No,26.2,55.5
TSLA-0264,Carlos Khan,Tesla,TSLA,Engineering,Staff,74.1,455200,2.1,68.2,North America,Lower-middle,No,67.4,86.7
TSLA-0265,John Nguyen,Tesla,TSLA,Energy/Charging,Staff,93.4,654900,2.4,68.6,North America,Middle,No,45.3,88.7
TSLA-0266,John Murphy,Tesla,TSLA,Engineering,VP,61.0,308800,14.9,66.3,North America,Affluent,No,30.2,75.1
TSLA-0267,David Khan,Tesla,TSLA,Finance,Director,99.7,265600,8.4,72.5,North America,Affluent,No,22.9,76.5
TSLA-0268,Olivia Hassan,Tesla,TSLA,People/HR,Staff,100.0,623800,4.6,75.6,Southeast Asia,Affluent,No,22.7,61.3
TSLA-0269,Hannah Cohen,Tesla,TSLA,Energy/Charging,Senior,71.9,87000,3.5,63.5,North America,Upper-middle,No,30.9,65.6
TSLA-0270,Yuki Johnson,Tesla,TSLA,Autonomy & AI,Staff,78.7,383800,4.9,71.0,North America,Working class,Yes,96.6,86.3
TSLA-0271,James Petrov,Tesla,TSLA,Energy/Charging,Principal,83.8,310500,9.7,57.7,South Asia,Middle,No,54.4,69.2
TSLA-0272,Hiroshi Wang,Tesla,TSLA,Operations,VP,93.7,1831700,8.0,75.7,South Asia,Middle,No,34.1,71.7
TSLA-0273,Olivia Lopez,Tesla,TSLA,Engineering,Director,64.2,329400,3.9,72.2,East Asia,Middle,No,55.7,70.6
TSLA-0274,Michael Schmidt,Tesla,TSLA,Manufacturing,Director,83.0,880300,2.7,81.4,South Asia,Working class,No,88.6,99.9
TSLA-0275,Aisha Patel,Tesla,TSLA,Legal & Policy,Staff,96.1,329200,5.4,79.0,South Asia,Lower-middle,Yes,61.8,73.8
TSLA-0276,Hiroshi Petrov,Tesla,TSLA,Manufacturing,Staff,67.9,209700,7.8,71.7,South Asia,Upper-middle,Yes,49.7,79.4
TSLA-0277,Carlos Patel,Tesla,TSLA,Autonomy & AI,Director,80.6,298200,3.9,70.6,North America,Middle,Yes,67.2,71.4
TSLA-0278,Daniel Lee,Tesla,TSLA,Autonomy & AI,Staff,63.5,440000,6.8,61.8,North America,Upper-middle,No,37.0,50.4
TSLA-0279,Linda Park,Tesla,TSLA,Manufacturing,Principal,100.0,457500,8.4,87.1,North America,Lower-middle,Yes,69.5,97.7
TSLA-0280,James Chen,Tesla,TSLA,Engineering,Principal,70.1,290100,2.0,74.9,North America,Middle,Yes,64.0,94.0
TSLA-0281,Wei Martinez,Tesla,TSLA,Engineering,Principal,53.6,213800,6.2,64.4,South Asia,Middle,Yes,59.8,63.8
TSLA-0282,Ahmed Singh,Tesla,TSLA,Design,Senior,90.4,238300,6.7,62.1,North America,Lower-middle,Yes,83.7,81.3
TSLA-0283,Ahmed Garcia,Tesla,TSLA,Autonomy & AI,VP,75.5,293100,7.1,69.5,East Asia,Lower-middle,No,54.8,62.1
TSLA-0284,Nina Davis,Tesla,TSLA,Design,Principal,73.6,622500,10.2,72.3,Latin America,Upper-middle,No,27.9,67.2
TSLA-0285,Michael Brown,Tesla,TSLA,Manufacturing,SVP,69.4,1493600,17.3,59.9,Africa,Middle,Yes,62.6,70.4
TSLA-0286,John Nguyen,Tesla,TSLA,Engineering,Staff,93.8,168100,2.8,63.4,North America,Middle,No,52.9,75.4
TSLA-0287,Raj Patel,Tesla,TSLA,Autonomy & AI,Staff,69.9,304400,5.3,63.5,Europe,Middle,No,69.4,85.8
TSLA-0288,Mary Chen,Tesla,TSLA,Autonomy & AI,Senior,73.5,247500,2.0,69.7,North America,Lower-middle,No,72.4,76.2
TSLA-0289,David Brown,Tesla,TSLA,Engineering,Principal,85.6,499600,4.2,74.7,Europe,Lower-middle,Yes,74.6,87.0
TSLA-0290,Zoe Kim,Tesla,TSLA,Engineering,Staff,96.0,66800,11.4,53.6,South Asia,Affluent,No,36.3,70.9
TSLA-0291,Olivia Ali,Tesla,TSLA,Legal & Policy,Principal,87.2,454500,2.9,62.7,East Asia,Middle,No,48.9,62.8
TSLA-0292,Hannah Silva,Tesla,TSLA,Manufacturing,Staff,89.8,342800,2.1,62.5,East Asia,Upper-middle,No,40.2,71.3
TSLA-0293,Mary Okafor,Tesla,TSLA,Manufacturing,VP,78.0,1217100,9.9,75.4,North America,Middle,No,57.6,68.5
TSLA-0294,Ahmed Khan,Tesla,TSLA,Sales & Service,SVP,81.5,1783800,9.7,78.0,North America,Lower-middle,No,62.5,68.4
TSLA-0295,Fatima Kim,Tesla,TSLA,Engineering,Director,85.6,649500,4.7,73.2,South Asia,Working class,Yes,89.0,85.1
TSLA-0296,Priya Ali,Tesla,TSLA,Engineering,Staff,76.8,913100,4.5,70.4,Europe,Lower-middle,No,61.4,89.5
TSLA-0297,Elena Davis,Tesla,TSLA,Finance,Senior Director,96.4,668400,5.6,78.5,East Asia,Working class,Yes,77.1,92.9
TSLA-0298,Carlos Silva,Tesla,TSLA,Design,Principal,91.0,318700,3.3,75.2,North America,Middle,Yes,62.9,85.4
TSLA-0299,James Patel,Tesla,TSLA,Engineering,Director,86.6,498100,7.1,82.2,North America,Middle,No,55.6,79.9
TSLA-0300,Linda Cohen,Tesla,TSLA,Engineering,Principal,78.4,201400,10.0,70.8,North America,Working class,No,71.9,89.4
TSLA-0301,Daniel Cohen,Tesla,TSLA,Engineering,Staff,80.8,242400,2.5,64.5,Europe,Working class,Yes,100.0,81.1
TSLA-0302,Zoe Chen,Tesla,TSLA,Autonomy & AI,Senior,82.6,179500,13.5,71.2,Latin America,Middle,No,50.9,87.8
TSLA-0303,Arjun Patel,Tesla,TSLA,Sales & Service,Senior Director,54.3,248000,4.3,76.8,North America,Upper-middle,No,38.2,80.0
TSLA-0304,Aisha Wilson,Tesla,TSLA,Engineering,Staff,61.5,163900,1.9,66.1,North America,Upper-middle,No,54.7,61.7
TSLA-0305,Fatima Murphy,Tesla,TSLA,Manufacturing,Principal,93.3,417100,4.6,68.5,North America,Working class,No,81.0,79.4
TSLA-0306,Michael Park,Tesla,TSLA,Engineering,Senior,75.7,94100,0.4,66.4,South Asia,Middle,No,61.6,68.6
TSLA-0307,Raj Khan,Tesla,TSLA,Operations,Senior,76.4,143700,4.3,71.4,South Asia,Lower-middle,No,69.0,99.3
TSLA-0308,Ahmed Lee,Tesla,TSLA,Engineering,Staff,48.8,162700,2.7,72.0,North America,Affluent,No,18.5,48.2
TSLA-0309,Raj Kim,Tesla,TSLA,Operations,Principal,64.4,113400,4.8,59.9,North America,Middle,No,43.9,82.5
TSLA-0310,Zoe Park,Tesla,TSLA,Operations,Senior,61.9,89000,0.6,74.6,North America,Working class,Yes,89.8,63.3
TSLA-0311,Wei Hassan,Tesla,TSLA,Sales & Service,Staff,87.5,656600,1.3,76.4,North America,Working class,Yes,93.3,84.1
TSLA-0312,Emily Cohen,Tesla,TSLA,Operations,Staff,90.4,419500,4.8,62.8,South Asia,Middle,No,52.1,78.3
TSLA-0313,Chen Ali,Tesla,TSLA,Operations,Senior Director,74.8,458400,7.7,91.0,South Asia,Middle,No,61.4,87.9
TSLA-0314,Michael Tanaka,Tesla,TSLA,Sales & Service,Senior,56.1,164700,2.0,58.4,Europe,Lower-middle,No,71.8,59.3
TSLA-0315,Raj Anderson,Tesla,TSLA,Engineering,Senior,100.0,210300,0.7,71.8,Southeast Asia,Lower-middle,Yes,81.1,99.0
TSLA-0316,Zoe Tanaka,Tesla,TSLA,Engineering,Staff,73.0,178700,1.5,68.8,South Asia,Working class,Yes,87.1,83.5
TSLA-0317,Sofia Park,Tesla,TSLA,Energy/Charging,Senior,84.7,123900,10.6,56.4,North America,Affluent,No,25.5,76.6
TSLA-0318,Linda Reyes,Tesla,TSLA,Autonomy & AI,Senior,58.5,79900,2.5,69.6,South Asia,Affluent,No,14.4,63.0
TSLA-0319,James Schmidt,Tesla,TSLA,Engineering,Staff,94.7,233000,5.1,78.5,Europe,Affluent,No,26.5,91.0
TSLA-0320,Grace Smith,Tesla,TSLA,Design,Director,57.7,152500,4.6,69.5,Latin America,Upper-middle,No,36.9,65.7
TSLA-0321,Raj Silva,Tesla,TSLA,People/HR,Principal,81.4,495300,6.8,79.8,East Asia,Lower-middle,No,64.7,83.4
TSLA-0322,Arjun Nguyen,Tesla,TSLA,Sales & Service,Director,65.5,681900,6.2,75.8,South Asia,Working class,Yes,85.7,78.1
TSLA-0323,Linda Cohen,Tesla,TSLA,Design,Senior,71.9,614200,3.8,68.0,North America,Lower-middle,No,67.4,71.5
TSLA-0324,Raj Wang,Tesla,TSLA,Manufacturing,Senior,70.7,293400,6.9,58.8,North America,Working class,Yes,87.8,65.0
TSLA-0325,Elena Wilson,Tesla,TSLA,Manufacturing,Staff,73.0,171100,2.2,59.2,Europe,Upper-middle,No,33.7,79.5
TSLA-0326,Maria Anderson,Tesla,TSLA,Operations,Staff,57.5,61800,4.1,73.1,South Asia,Middle,No,68.3,100.0
TSLA-0327,Elena Silva,Tesla,TSLA,Operations,VP,93.5,1622200,10.2,81.5,North America,Middle,No,53.4,79.7
TSLA-0328,Michael Yamamoto,Tesla,TSLA,Energy/Charging,Staff,61.3,176000,1.9,75.9,East Asia,Middle,No,44.3,80.5
TSLA-0329,Emily Lee,Tesla,TSLA,Engineering,Senior,89.9,195300,0.4,69.5,North America,Lower-middle,No,63.5,76.4
TSLA-0330,Emily Khan,Tesla,TSLA,Manufacturing,Principal,75.6,336800,2.4,83.3,South Asia,Working class,Yes,100.0,99.9
TSLA-0331,Emily Rossi,Tesla,TSLA,Operations,Staff,89.2,203100,5.8,74.6,East Asia,Lower-middle,No,65.9,75.7
TSLA-0332,David Park,Tesla,TSLA,Manufacturing,Senior,94.8,101200,5.7,68.1,East Asia,Middle,Yes,72.5,75.9
TSLA-0333,Daniel Nguyen,Tesla,TSLA,Energy/Charging,Director,61.1,1126400,12.3,74.6,South Asia,Upper-middle,No,38.5,85.3
TSLA-0334,Michael Tanaka,Tesla,TSLA,Energy/Charging,Director,80.7,1115900,5.7,77.9,South Asia,Lower-middle,Yes,67.3,69.7
TSLA-0335,Ahmed Khan,Tesla,TSLA,Autonomy & AI,Senior,88.6,316900,3.7,73.7,North America,Working class,Yes,93.0,91.3
TSLA-0336,Thomas Silva,Tesla,TSLA,Operations,Principal,93.9,482300,9.6,76.4,Europe,Middle,No,43.0,71.7
TSLA-0337,Michael Petrov,Tesla,TSLA,Engineering,Senior Director,95.0,823400,5.6,73.4,South Asia,Affluent,No,30.5,87.3
TSLA-0338,Thomas Silva,Tesla,TSLA,Operations,Director,97.9,1611500,5.0,62.2,North America,Upper-middle,No,35.3,62.4
TSLA-0339,Samuel Ali,Tesla,TSLA,Sales & Service,Staff,71.1,151300,5.2,90.4,South Asia,Middle,No,46.4,81.1
TSLA-0340,Grace Ali,Tesla,TSLA,Engineering,Principal,52.3,269200,2.3,65.0,North America,Middle,No,60.2,65.6
TSLA-0341,Zoe Ali,Tesla,TSLA,Operations,Director,69.0,261500,5.1,67.1,North America,Working class,Yes,90.5,67.1
TSLA-0342,Yuki Lee,Tesla,TSLA,Engineering,Director,70.3,178200,7.7,68.0,North America,Lower-middle,Yes,72.3,72.7
TSLA-0343,Kevin Patel,Tesla,TSLA,Manufacturing,Principal,84.2,197500,3.8,60.2,Latin America,Middle,No,55.5,69.1
TSLA-0344,John Khan,Tesla,TSLA,Engineering,Staff,51.4,400300,4.9,70.1,North America,Working class,Yes,87.7,77.0
TSLA-0345,Wei Cohen,Tesla,TSLA,Operations,Principal,79.2,563400,3.1,77.8,South Asia,Middle,Yes,66.8,89.9
TSLA-0346,Emily Reyes,Tesla,TSLA,Engineering,VP,72.6,1467900,7.1,70.5,Latin America,Middle,No,56.1,88.2
TSLA-0347,Priya Garcia,Tesla,TSLA,Operations,Senior,79.5,166300,2.6,79.0,Europe,Middle,Yes,67.6,95.6
TSLA-0348,Linda Anderson,Tesla,TSLA,Autonomy & AI,Director,82.5,614400,4.2,66.3,North America,Middle,Yes,56.4,80.0
TSLA-0349,Hannah Davis,Tesla,TSLA,Operations,Senior,74.7,203600,5.2,76.9,South Asia,Middle,Yes,66.9,83.4
TSLA-0350,Elena Rossi,Tesla,TSLA,Finance,Director,98.1,810400,7.2,79.8,East Asia,Working class,Yes,83.1,84.7
TSLA-0351,David Garcia,Tesla,TSLA,Engineering,Staff,92.9,411200,11.6,63.5,Africa,Lower-middle,Yes,82.2,68.0
TSLA-0352,Thomas Petrov,Tesla,TSLA,Sales & Service,Principal,72.1,339500,6.7,76.5,North America,Middle,No,53.7,74.8
TSLA-0353,Hiroshi Tanaka,Tesla,TSLA,Engineering,VP,97.4,3769000,9.3,75.6,Latin America,Lower-middle,No,72.7,92.7
TSLA-0354,Elena Lopez,Tesla,TSLA,Engineering,Senior,76.4,297600,3.5,52.5,Africa,Working class,Yes,85.1,76.9
TSLA-0355,Elena Patel,Tesla,TSLA,Engineering,SVP,58.7,1165300,8.4,72.9,North America,Lower-middle,Yes,78.6,73.6
TSLA-0356,Linda Lee,Tesla,TSLA,Engineering,Senior,69.8,168200,1.0,75.7,North America,Upper-middle,No,37.1,84.3
TSLA-0357,Wei Khan,Tesla,TSLA,Autonomy & AI,Senior,81.8,337400,6.7,64.8,East Asia,Middle,No,45.0,52.8
TSLA-0358,Linda Garcia,Tesla,TSLA,Manufacturing,VP,62.7,285000,7.6,72.0,North America,Lower-middle,No,56.1,73.4
TSLA-0359,Emily Reyes,Tesla,TSLA,Sales & Service,Director,74.0,536000,3.9,67.2,East Asia,Middle,No,62.1,64.7
TSLA-0360,Zoe Martinez,Tesla,TSLA,Manufacturing,Senior Director,58.2,609100,4.8,70.9,North America,Upper-middle,No,30.8,70.8
TSLA-0361,Hannah Singh,Tesla,TSLA,Engineering,Principal,53.4,175700,5.9,74.2,North America,Upper-middle,No,26.8,68.5
TSLA-0362,Fatima Rossi,Tesla,TSLA,Autonomy & AI,Senior Director,62.3,1008500,5.5,64.3,North America,Working class,Yes,94.8,87.7
TSLA-0363,Samuel Smith,Tesla,TSLA,Sales & Service,Director,77.4,464000,10.0,64.6,North America,Middle,No,56.2,74.0
TSLA-0364,Elena Davis,Tesla,TSLA,Engineering,Senior,75.2,233500,2.6,83.8,North America,Working class,No,72.8,89.2
TSLA-0365,Zoe Anderson,Tesla,TSLA,Manufacturing,Principal,84.4,242800,12.1,56.6,East Asia,Working class,Yes,90.2,60.5
TSLA-0366,Kevin Cohen,Tesla,TSLA,Autonomy & AI,Principal,84.6,99400,6.9,57.9,North America,Middle,Yes,68.2,74.9
TSLA-0367,Elena Schmidt,Tesla,TSLA,Manufacturing,Staff,74.3,336200,10.1,67.8,Southeast Asia,Working class,Yes,86.2,74.4
TSLA-0368,Priya Park,Tesla,TSLA,Finance,Staff,77.1,339100,5.4,68.4,Europe,Affluent,No,19.5,64.5
TSLA-0369,Aisha Kim,Tesla,TSLA,Manufacturing,Staff,79.5,174800,1.5,56.4,North America,Working class,Yes,94.8,73.5
TSLA-0370,Kevin Tanaka,Tesla,TSLA,Engineering,Senior Director,90.4,1160000,3.8,71.7,North America,Working class,No,74.2,65.9
TSLA-0371,Grace Brown,Tesla,TSLA,People/HR,Senior,73.7,80800,2.8,76.7,South Asia,Lower-middle,Yes,83.5,76.2
TSLA-0372,Elena Park,Tesla,TSLA,Design,C-Suite,89.4,1873400,11.1,84.7,South Asia,Middle,No,45.6,83.4
TSLA-0373,Raj Wang,Tesla,TSLA,Manufacturing,Senior,68.6,340600,7.1,70.5,North America,Lower-middle,Yes,87.9,87.2
TSLA-0374,Daniel Patel,Tesla,TSLA,Sales & Service,Staff,82.5,260900,8.2,73.9,South Asia,Lower-middle,No,80.1,83.0
TSLA-0375,Hiroshi Schmidt,Tesla,TSLA,Sales & Service,Staff,84.5,163500,8.4,63.6,Middle East,Working class,Yes,88.1,78.5
TSLA-0376,Samuel Smith,Tesla,TSLA,Sales & Service,Principal,81.4,931500,7.8,60.1,East Asia,Upper-middle,No,39.2,69.1
TSLA-0377,Maria Rossi,Tesla,TSLA,Finance,Senior,78.2,178200,12.5,76.2,South Asia,Lower-middle,Yes,78.5,83.0
TSLA-0378,John Martinez,Tesla,TSLA,Engineering,Director,67.6,503300,6.0,74.7,North America,Affluent,No,32.7,58.8
TSLA-0379,Zoe Kim,Tesla,TSLA,Engineering,Senior,52.1,141000,2.6,73.6,Africa,Working class,No,70.3,79.4
TSLA-0380,Emily Wilson,Tesla,TSLA,People/HR,Staff,66.3,640300,3.9,69.9,North America,Affluent,No,34.4,67.1
TSLA-0381,Hannah Ali,Tesla,TSLA,Manufacturing,Staff,75.4,61400,4.7,71.3,North America,Upper-middle,No,33.6,63.0
TSLA-0382,Elena Nguyen,Tesla,TSLA,Manufacturing,Senior,59.3,171900,8.8,59.0,North America,Middle,No,61.8,79.8
TSLA-0383,Daniel Patel,Tesla,TSLA,Autonomy & AI,Staff,71.1,165000,2.7,75.4,North America,Lower-middle,No,56.8,72.6
TSLA-0384,Elena Khan,Tesla,TSLA,Design,Senior,85.9,122400,1.8,72.0,North America,Middle,No,58.7,69.4
TSLA-0385,Zoe Lopez,Tesla,TSLA,Energy/Charging,Director,82.7,349500,4.2,80.7,Europe,Upper-middle,No,43.0,72.8
TSLA-0386,Michael Petrov,Tesla,TSLA,Manufacturing,Staff,69.1,325500,6.8,73.4,East Asia,Lower-middle,Yes,66.9,91.0
TSLA-0387,Wei Johnson,Tesla,TSLA,Operations,Staff,93.0,70000,6.5,83.0,North America,Working class,No,76.9,82.3
TSLA-0388,Aisha Anderson,Tesla,TSLA,Sales & Service,Principal,97.1,382500,2.6,54.3,Latin America,Working class,Yes,99.2,90.1
TSLA-0389,David Tanaka,Tesla,TSLA,Engineering,VP,75.1,514700,6.2,80.0,North America,Working class,Yes,92.8,81.8
TSLA-0390,Grace Chen,Tesla,TSLA,Sales & Service,Staff,72.3,139000,2.9,71.6,North America,Middle,No,51.0,62.1
TSLA-0391,Fatima Patel,Tesla,TSLA,Engineering,Senior,88.2,114800,3.0,58.2,South Asia,Middle,No,40.1,76.2
TSLA-0392,Arjun Cohen,Tesla,TSLA,Finance,Director,76.8,258200,3.7,82.4,South Asia,Middle,No,57.1,77.7
TSLA-0393,John Yamamoto,Tesla,TSLA,Engineering,Senior,74.3,484300,0.9,72.0,Africa,Middle,No,47.2,79.4
TSLA-0394,Nina Schmidt,Tesla,TSLA,Engineering,Principal,82.9,696700,3.5,85.2,North America,Upper-middle,No,41.7,69.3
TSLA-0395,Chen Singh,Tesla,TSLA,Operations,VP,77.7,1042100,6.7,69.2,North America,Middle,No,54.7,81.3
TSLA-0396,Wei Tanaka,Tesla,TSLA,Engineering,Director,87.2,1197700,7.1,74.0,North America,Affluent,No,22.1,86.4
TSLA-0397,Wei Chen,Tesla,TSLA,Autonomy & AI,Senior,48.8,55700,2.6,65.1,Europe,Working class,No,83.1,79.4
TSLA-0398,Zoe Davis,Tesla,TSLA,Manufacturing,Senior,77.4,232800,10.5,72.2,Latin America,Middle,Yes,73.9,81.8
TSLA-0399,David Brown,Tesla,TSLA,Engineering,Senior,81.2,85700,6.2,72.6,Oceania,Affluent,No,26.7,49.3
TSLA-0400,James Reyes,Tesla,TSLA,Manufacturing,Staff,60.0,157700,6.1,77.6,South Asia,Middle,No,45.4,69.1
TSLA-0401,Kevin Anderson,Tesla,TSLA,Engineering,VP,72.4,937200,5.1,67.6,Latin America,Middle,Yes,66.5,67.8
TSLA-0402,Raj Murphy,Tesla,TSLA,Engineering,VP,93.4,1074400,11.9,71.3,Middle East,Working class,No,80.5,75.3
TSLA-0403,Wei Singh,Tesla,TSLA,Manufacturing,Principal,65.7,99400,3.7,78.7,South Asia,Upper-middle,No,43.6,70.5
TSLA-0404,Thomas Singh,Tesla,TSLA,Sales & Service,Senior Director,71.0,440400,10.6,67.3,South Asia,Working class,Yes,93.9,66.0
TSLA-0405,Zoe Yamamoto,Tesla,TSLA,Engineering,Staff,63.2,146800,6.9,64.9,East Asia,Affluent,Yes,37.7,83.4
TSLA-0406,Grace Tanaka,Tesla,TSLA,Operations,SVP,86.7,635000,26.1,75.3,North America,Middle,No,51.9,81.1
TSLA-0407,Chen Chen,Tesla,TSLA,Operations,Principal,88.9,303800,2.6,75.8,Europe,Affluent,No,24.2,62.1
TSLA-0408,Zoe Silva,Tesla,TSLA,Engineering,Senior,64.7,200700,3.0,74.6,North America,Lower-middle,Yes,77.3,86.5
TSLA-0409,Ahmed Anderson,Tesla,TSLA,Manufacturing,Staff,77.4,438700,3.8,66.8,East Asia,Middle,No,64.3,77.8
TSLA-0410,Wei Khan,Tesla,TSLA,Manufacturing,Principal,100.0,574500,3.9,65.8,East Asia,Middle,No,33.3,88.5
TSLA-0411,Kevin Wang,Tesla,TSLA,Engineering,Principal,78.6,451000,2.4,70.3,South Asia,Upper-middle,No,42.3,78.3
TSLA-0412,Maria Ali,Tesla,TSLA,Energy/Charging,Senior,72.2,311400,5.1,63.9,North America,Upper-middle,Yes,50.7,53.5
TSLA-0413,Grace Lee,Tesla,TSLA,Autonomy & AI,Director,63.7,1843000,9.0,65.8,North America,Working class,Yes,80.9,90.5
TSLA-0414,Linda Wilson,Tesla,TSLA,Operations,Director,86.4,233600,5.7,72.0,East Asia,Working class,No,80.5,70.7
TSLA-0415,Zoe Schmidt,Tesla,TSLA,Manufacturing,SVP,72.9,542000,6.8,69.8,North America,Working class,Yes,90.7,79.0
TSLA-0416,Nina Martinez,Tesla,TSLA,Engineering,Director,81.4,1185900,15.1,79.9,North America,Lower-middle,Yes,71.9,95.0
TSLA-0417,Olivia Rossi,Tesla,TSLA,People/HR,Senior,58.6,456100,1.7,59.4,East Asia,Middle,No,55.8,79.0
TSLA-0418,Grace Lopez,Tesla,TSLA,Engineering,Senior Director,100.0,1342900,4.3,68.6,North America,Upper-middle,No,39.1,70.5
TSLA-0419,Raj Martinez,Tesla,TSLA,Design,Staff,79.2,190700,2.1,68.7,Europe,Middle,Yes,70.8,72.6
TSLA-0420,Zoe Anderson,Tesla,TSLA,Engineering,Senior,59.9,151700,3.1,65.7,South Asia,Lower-middle,Yes,66.6,86.6
TSLA-0421,Daniel Davis,Tesla,TSLA,Engineering,Director,93.3,568100,4.3,80.7,Europe,Upper-middle,No,40.5,85.9
TSLA-0422,Aisha Singh,Tesla,TSLA,Engineering,Senior,67.2,139100,2.2,62.4,North America,Upper-middle,No,36.6,64.6
TSLA-0423,Emily Lee,Tesla,TSLA,Legal & Policy,Staff,77.5,991600,1.3,64.5,Europe,Working class,Yes,91.8,88.3
TSLA-0424,Zoe Anderson,Tesla,TSLA,Design,Staff,67.8,211000,4.1,71.9,Middle East,Affluent,No,27.9,58.7
TSLA-0425,Yuki Reyes,Tesla,TSLA,Engineering,Principal,76.4,513700,8.1,67.4,Middle East,Upper-middle,No,59.5,79.4
TSLA-0426,Linda Brown,Tesla,TSLA,Engineering,Principal,69.2,219100,2.8,64.5,South Asia,Middle,No,50.7,53.6
TSLA-0427,Carlos Lopez,Tesla,TSLA,Engineering,SVP,78.6,1620700,8.1,66.5,East Asia,Lower-middle,No,63.0,70.5
TSLA-0428,Raj Martinez,Tesla,TSLA,Autonomy & AI,Staff,68.1,353900,8.2,68.4,Europe,Upper-middle,No,30.3,75.1
TSLA-0429,Hiroshi Murphy,Tesla,TSLA,Sales & Service,Senior,75.9,548200,3.4,57.4,South Asia,Middle,Yes,62.4,77.5
TSLA-0430,Emily Kim,Tesla,TSLA,Engineering,Director,67.8,1284700,5.0,75.4,Middle East,Middle,No,45.6,83.5
TSLA-0431,John Wilson,Tesla,TSLA,Engineering,Senior,74.7,242800,0.9,78.7,South Asia,Lower-middle,No,67.7,66.6
TSLA-0432,Ahmed Rossi,Tesla,TSLA,Engineering,Staff,87.5,383300,4.0,70.4,Southeast Asia,Working class,No,85.0,88.0
TSLA-0433,Elena Johnson,Tesla,TSLA,Engineering,Senior,53.7,59200,0.4,68.6,South Asia,Lower-middle,No,56.5,67.3
TSLA-0434,Priya Schmidt,Tesla,TSLA,Engineering,Senior Director,67.0,1417700,5.3,88.7,South Asia,Affluent,No,30.3,65.6
TSLA-0435,Fatima Chen,Tesla,TSLA,People/HR,Senior,71.9,348100,2.0,83.7,South Asia,Lower-middle,No,81.3,94.3
TSLA-0436,Fatima Tanaka,Tesla,TSLA,Manufacturing,Staff,87.4,479600,3.0,72.4,East Asia,Middle,No,56.6,76.4
TSLA-0437,Mary Johnson,Tesla,TSLA,Design,Senior Director,82.8,454000,9.9,74.2,North America,Lower-middle,No,72.2,84.4
TSLA-0438,Emily Chen,Tesla,TSLA,Engineering,VP,74.5,1021500,5.5,88.3,North America,Middle,Yes,67.0,86.8
TSLA-0439,Priya Wilson,Tesla,TSLA,Engineering,Principal,97.6,735000,4.3,65.5,Middle East,Lower-middle,Yes,62.2,64.7
TSLA-0440,James Chen,Tesla,TSLA,Manufacturing,Staff,57.4,280000,8.3,58.2,North America,Affluent,No,13.8,56.7
TSLA-0441,Wei Cohen,Tesla,TSLA,Autonomy & AI,Senior,90.2,71000,5.9,65.9,East Asia,Lower-middle,Yes,81.4,86.1
TSLA-0442,Hannah Lopez,Tesla,TSLA,Manufacturing,Senior,52.1,184100,5.8,70.0,North America,Middle,No,58.3,83.5
TSLA-0443,Elena Lee,Tesla,TSLA,Manufacturing,Director,80.3,565900,2.7,66.7,North America,Middle,Yes,58.8,79.3
TSLA-0444,Hannah Rossi,Tesla,TSLA,Manufacturing,Senior,65.2,123800,0.6,69.1,South Asia,Affluent,No,31.4,62.7
TSLA-0445,Thomas Yamamoto,Tesla,TSLA,People/HR,Senior,76.9,203700,11.2,62.6,Europe,Lower-middle,No,60.2,57.4
TSLA-0446,Raj Lee,Tesla,TSLA,Manufacturing,Director,68.3,287600,10.8,72.5,North America,Lower-middle,Yes,58.8,65.1
TSLA-0447,Sofia Cohen,Tesla,TSLA,Finance,Staff,82.2,186100,4.5,67.9,Africa,Middle,No,52.5,80.5
TSLA-0448,Olivia Reyes,Tesla,TSLA,Autonomy & AI,Staff,77.2,408200,3.8,67.2,Latin America,Middle,No,43.6,65.7
TSLA-0449,Sofia Lopez,Tesla,TSLA,Manufacturing,Senior,74.1,162600,1.2,66.3,North America,Working class,No,82.5,93.8
TSLA-0450,Raj Okafor,Tesla,TSLA,Autonomy & AI,Staff,75.1,358300,5.5,69.0,Southeast Asia,Upper-middle,No,35.8,82.8
TSLA-0451,Priya Patel,Tesla,TSLA,Sales & Service,Senior,91.2,334800,3.1,79.1,Africa,Working class,Yes,97.3,71.6
TSLA-0452,Aisha Anderson,Tesla,TSLA,Design,Staff,85.9,397600,6.9,75.4,East Asia,Lower-middle,Yes,78.1,75.1
TSLA-0453,Fatima Brown,Tesla,TSLA,Engineering,Senior,90.0,137100,7.7,62.7,North America,Middle,No,56.0,82.1
TSLA-0454,Hannah Reyes,Tesla,TSLA,Sales & Service,Senior,69.5,116800,2.8,56.8,Europe,Working class,Yes,78.0,70.2
TSLA-0455,Wei Murphy,Tesla,TSLA,Design,VP,64.2,1865200,6.7,68.7,North America,Working class,Yes,85.8,64.0
TSLA-0456,Thomas Hassan,Tesla,TSLA,People/HR,Senior,65.2,401400,3.6,62.9,East Asia,Affluent,No,34.6,64.0
TSLA-0457,Grace Schmidt,Tesla,TSLA,Manufacturing,Staff,70.5,229100,2.5,68.1,North America,Middle,Yes,53.0,71.2
TSLA-0458,David Okafor,Tesla,TSLA,Sales & Service,Principal,70.1,146700,2.2,66.4,North America,Middle,Yes,56.4,64.6
TSLA-0459,Kevin Kim,Tesla,TSLA,Finance,Staff,89.8,773600,6.0,73.0,Latin America,Working class,Yes,100.0,85.8
TSLA-0460,Michael Ali,Tesla,TSLA,Manufacturing,Staff,65.3,224900,1.7,75.6,South Asia,Lower-middle,Yes,75.2,86.1
TSLA-0461,Ahmed Anderson,Tesla,TSLA,Engineering,Director,70.3,804700,7.9,67.4,Middle East,Lower-middle,No,72.5,64.8
TSLA-0462,Emily Anderson,Tesla,TSLA,Manufacturing,Senior,81.4,125000,8.5,76.3,East Asia,Middle,No,51.3,65.3
TSLA-0463,Michael Johnson,Tesla,TSLA,Sales & Service,Senior,71.4,91600,5.8,58.3,South Asia,Affluent,No,33.9,74.5
TSLA-0464,Kevin Tanaka,Tesla,TSLA,Finance,Staff,64.5,321200,2.9,56.0,North America,Middle,No,59.5,79.8
TSLA-0465,Kevin Johnson,Tesla,TSLA,Sales & Service,Senior,66.0,238400,5.0,49.1,South Asia,Middle,Yes,61.2,64.5
TSLA-0466,Maria Cohen,Tesla,TSLA,Autonomy & AI,Senior,83.3,76800,4.2,58.2,Middle East,Middle,No,46.5,63.5
TSLA-0467,Daniel Ali,Tesla,TSLA,Sales & Service,Principal,68.6,387700,2.9,78.3,North America,Middle,No,51.6,69.1
TSLA-0468,Sofia Lopez,Tesla,TSLA,Manufacturing,Senior Director,97.3,218000,4.4,68.5,Europe,Working class,No,85.7,72.7
TSLA-0469,Zoe Hassan,Tesla,TSLA,Engineering,VP,89.8,586800,6.2,74.4,South Asia,Middle,No,51.1,69.2
TSLA-0470,Mary Wilson,Tesla,TSLA,Energy/Charging,Director,78.0,398200,3.5,80.1,North America,Middle,No,46.9,83.9
TSLA-0471,Sofia Ali,Tesla,TSLA,Engineering,Senior,83.8,137900,3.4,76.5,Southeast Asia,Lower-middle,Yes,80.9,83.0
TSLA-0472,Elena Rossi,Tesla,TSLA,Design,SVP,75.5,702700,11.1,53.6,North America,Middle,No,48.8,67.1
TSLA-0473,James Chen,Tesla,TSLA,Operations,Senior Director,88.6,294900,8.4,79.1,North America,Middle,No,56.9,80.4
TSLA-0474,David Chen,Tesla,TSLA,People/HR,Director,78.8,517000,4.4,72.7,North America,Middle,No,47.0,82.2
TSLA-0475,Fatima Kim,Tesla,TSLA,Engineering,Senior,51.9,61600,1.9,62.0,Latin America,Middle,No,51.9,64.7
TSLA-0476,Arjun Garcia,Tesla,TSLA,Engineering,Senior,67.9,185100,3.4,66.4,South Asia,Lower-middle,Yes,71.3,81.0
TSLA-0477,Emily Johnson,Tesla,TSLA,Engineering,Staff,59.8,311800,5.1,59.5,East Asia,Upper-middle,No,37.1,62.9
TSLA-0478,Aisha Hassan,Tesla,TSLA,Legal & Policy,Principal,72.4,109600,5.5,81.4,South Asia,Working class,Yes,98.9,77.7
TSLA-0479,Mary Reyes,Tesla,TSLA,Sales & Service,Staff,69.9,386600,2.3,61.4,North America,Middle,No,58.5,80.0
TSLA-0480,James Murphy,Tesla,TSLA,Design,Senior,61.1,124400,3.3,67.8,Europe,Middle,Yes,58.7,81.0
TSLA-0481,Thomas Tanaka,Tesla,TSLA,Operations,Senior,52.6,181700,7.5,71.1,East Asia,Lower-middle,Yes,81.0,67.4
TSLA-0482,David Martinez,Tesla,TSLA,Manufacturing,Senior Director,64.3,593900,5.5,92.4,East Asia,Middle,No,61.9,81.0
TSLA-0483,Michael Schmidt,Tesla,TSLA,Engineering,Principal,82.0,148500,3.4,75.1,North America,Upper-middle,No,31.4,76.7
TSLA-0484,Zoe Yamamoto,Tesla,TSLA,Sales & Service,Principal,91.5,131000,6.4,77.0,North America,Working class,Yes,90.9,63.0
TSLA-0485,Olivia Okafor,Tesla,TSLA,Energy/Charging,VP,64.7,2652900,13.7,74.0,North America,Affluent,No,21.7,77.6
TSLA-0486,Aisha Rossi,Tesla,TSLA,Operations,Senior,89.4,391900,1.1,71.7,Europe,Lower-middle,No,67.1,72.6
TSLA-0487,Michael Garcia,Tesla,TSLA,Design,Staff,83.8,82100,1.7,69.3,North America,Working class,No,99.3,84.5
TSLA-0488,Daniel Ali,Tesla,TSLA,Manufacturing,Staff,70.9,371600,4.2,68.1,Middle East,Upper-middle,Yes,53.0,81.4
TSLA-0489,Kevin Lee,Tesla,TSLA,Engineering,Senior,72.4,90700,3.5,72.9,East Asia,Working class,No,82.2,84.8
TSLA-0490,Carlos Nguyen,Tesla,TSLA,Autonomy & AI,Senior,58.4,82100,2.7,71.5,South Asia,Lower-middle,Yes,74.5,73.7
TSLA-0491,Kevin Okafor,Tesla,TSLA,Engineering,Senior Director,89.7,253000,4.4,87.2,Middle East,Working class,No,88.1,91.9
TSLA-0492,Maria Lopez,Tesla,TSLA,Autonomy & AI,Principal,59.1,334400,4.6,70.6,North America,Lower-middle,No,60.0,58.9
TSLA-0493,Hiroshi Johnson,Tesla,TSLA,Autonomy & AI,Principal,92.8,270200,3.1,65.5,South Asia,Lower-middle,No,53.6,68.4
TSLA-0494,Raj Silva,Tesla,TSLA,Manufacturing,Senior,62.8,198600,9.3,75.5,East Asia,Working class,Yes,100.0,81.4
TSLA-0495,Nina Lee,Tesla,TSLA,Autonomy & AI,Director,98.0,692500,8.6,75.8,South Asia,Working class,Yes,77.4,87.3
TSLA-0496,Thomas Schmidt,Tesla,TSLA,Operations,Senior,49.8,200100,2.2,76.6,South Asia,Middle,No,48.0,78.5
TSLA-0497,Arjun Nguyen,Tesla,TSLA,Operations,Senior,71.1,169700,4.5,74.8,East Asia,Working class,Yes,92.7,78.6
TSLA-0498,James Garcia,Tesla,TSLA,Engineering,Staff,63.0,74200,3.8,69.3,Southeast Asia,Middle,No,41.3,71.5
TSLA-0499,Nina Rossi,Tesla,TSLA,Sales & Service,Senior,78.9,342100,0.4,78.1,North America,Middle,No,60.1,76.9
TSLA-0500,John Wilson,Tesla,TSLA,Engineering,Staff,79.7,279500,5.8,68.8,South Asia,Lower-middle,Yes,80.1,84.6
TSLA-0501,Nina Wang,Tesla,TSLA,Engineering,Principal,81.7,484500,4.5,74.9,Middle East,Middle,Yes,61.4,70.2
TSLA-0502,Fatima Wilson,Tesla,TSLA,Autonomy & AI,Staff,60.3,364300,13.8,61.7,North America,Upper-middle,No,34.9,71.7
TSLA-0503,Hiroshi Patel,Tesla,TSLA,Operations,Director,76.7,718700,4.9,74.5,South Asia,Middle,No,54.4,57.9
TSLA-0504,Grace Khan,Tesla,TSLA,Manufacturing,Senior,78.2,112200,5.0,66.8,South Asia,Middle,No,56.8,87.7
TSLA-0505,Sofia Martinez,Tesla,TSLA,Engineering,C-Suite,99.9,3514400,9.2,76.4,Latin America,Middle,No,53.8,76.0
TSLA-0506,Nina Lopez,Tesla,TSLA,Manufacturing,Director,66.4,436000,6.6,74.9,North America,Working class,Yes,91.2,73.5
TSLA-0507,Sofia Nguyen,Tesla,TSLA,Autonomy & AI,Senior,69.7,359900,3.3,60.4,South Asia,Upper-middle,No,29.5,65.0
TSLA-0508,Elena Davis,Tesla,TSLA,Operations,VP,93.0,2445800,5.9,83.5,South Asia,Lower-middle,Yes,72.4,77.6
TSLA-0509,Yuki Nguyen,Tesla,TSLA,Manufacturing,Principal,61.5,96400,2.3,58.6,North America,Lower-middle,Yes,89.0,73.2
TSLA-0510,Emily Davis,Tesla,TSLA,Energy/Charging,Senior,74.2,312300,4.6,71.0,North America,Upper-middle,No,37.1,62.3
TSLA-0511,Priya Lee,Tesla,TSLA,Finance,Principal,81.2,172300,5.9,71.8,North America,Middle,No,46.0,76.4
TSLA-0512,Mary Lee,Tesla,TSLA,Engineering,Senior,73.5,133100,4.0,66.5,South Asia,Middle,No,46.9,81.0
TSLA-0513,Yuki Garcia,Tesla,TSLA,Manufacturing,Principal,88.2,387300,3.1,63.7,North America,Lower-middle,Yes,74.3,66.8
TSLA-0514,Linda Lopez,Tesla,TSLA,Engineering,Staff,56.2,427600,6.3,59.7,Middle East,Middle,No,62.0,66.0
TSLA-0515,Hiroshi Silva,Tesla,TSLA,Autonomy & AI,Senior,76.9,181500,6.8,59.3,South Asia,Middle,No,57.4,66.8
TSLA-0516,Thomas Anderson,Tesla,TSLA,Manufacturing,Senior Director,76.6,1338400,5.2,73.4,North America,Lower-middle,No,65.7,64.7
TSLA-0517,Thomas Brown,Tesla,TSLA,Operations,Staff,69.3,202400,2.3,61.1,Europe,Working class,Yes,89.0,80.6
TSLA-0518,Nina Ali,Tesla,TSLA,Engineering,Senior,77.9,147900,4.0,62.6,North America,Upper-middle,No,42.0,57.7
TSLA-0519,Michael Hassan,Tesla,TSLA,Engineering,Staff,74.1,196600,9.2,76.8,North America,Working class,Yes,100.0,99.7
TSLA-0520,Thomas Nguyen,Tesla,TSLA,Manufacturing,Staff,68.2,1070100,1.8,58.7,East Asia,Upper-middle,No,41.5,74.6
TSLA-0521,James Okafor,Tesla,TSLA,Engineering,VP,100.0,802100,7.0,75.8,South Asia,Lower-middle,No,70.3,82.5
TSLA-0522,Elena Ali,Tesla,TSLA,Engineering,Director,79.0,153600,2.5,59.0,North America,Working class,Yes,82.6,78.2
TSLA-0523,Linda Garcia,Tesla,TSLA,Manufacturing,Principal,65.8,314200,4.2,82.4,North America,Lower-middle,Yes,65.1,84.3
TSLA-0524,Michael Park,Tesla,TSLA,Operations,Director,94.8,374400,7.4,74.0,North America,Upper-middle,No,31.4,64.2
TSLA-0525,David Kim,Tesla,TSLA,Engineering,Principal,55.8,311800,1.7,65.6,North America,Affluent,No,18.3,57.5
TSLA-0526,Mary Reyes,Tesla,TSLA,Engineering,Senior,63.1,101700,0.5,62.9,Middle East,Middle,No,58.7,72.0
TSLA-0527,Ahmed Yamamoto,Tesla,TSLA,Engineering,Senior,70.2,186600,1.6,57.4,North America,Lower-middle,No,69.3,73.9
TSLA-0528,Yuki Smith,Tesla,TSLA,Engineering,SVP,90.8,1736900,8.8,71.7,South Asia,Lower-middle,Yes,66.4,94.4
TSLA-0529,Priya Schmidt,Tesla,TSLA,Engineering,Senior,63.2,495100,10.9,50.0,East Asia,Working class,No,85.1,88.2
TSLA-0530,Elena Lopez,Tesla,TSLA,Sales & Service,Principal,100.0,137800,5.3,64.6,North America,Middle,No,57.2,58.6
TSLA-0531,Raj Cohen,Tesla,TSLA,Autonomy & AI,Staff,100.0,248200,3.0,64.4,North America,Working class,No,68.0,95.1
TSLA-0532,Elena Yamamoto,Tesla,TSLA,People/HR,Staff,65.2,545700,3.6,69.5,North America,Middle,No,54.9,60.7
TSLA-0533,Grace Silva,Tesla,TSLA,Design,Staff,99.0,610500,1.7,64.5,North America,Working class,Yes,98.9,63.2
TSLA-0534,Hannah Wilson,Tesla,TSLA,Finance,Senior,58.1,56800,7.1,52.9,North America,Lower-middle,No,61.4,71.9
TSLA-0535,Hannah Silva,Tesla,TSLA,Engineering,Senior,52.1,50100,1.1,60.7,North America,Working class,Yes,88.6,91.9
TSLA-0536,Linda Garcia,Tesla,TSLA,Autonomy & AI,Senior Director,70.0,254300,11.2,74.4,East Asia,Working class,No,76.2,97.0
TSLA-0537,Thomas Petrov,Tesla,TSLA,Autonomy & AI,Senior,90.2,191800,2.1,71.3,South Asia,Upper-middle,No,31.9,77.7
TSLA-0538,Grace Yamamoto,Tesla,TSLA,Engineering,Staff,85.3,470300,9.2,75.0,North America,Lower-middle,No,73.9,72.7
TSLA-0539,Fatima Lopez,Tesla,TSLA,Operations,Principal,85.3,783700,3.0,72.8,South Asia,Working class,Yes,89.6,75.0
TSLA-0540,David Park,Tesla,TSLA,Operations,Principal,86.2,357200,8.3,77.6,South Asia,Lower-middle,No,71.5,85.6
TSLA-0541,Emily Murphy,Tesla,TSLA,Design,Senior,66.3,172100,3.7,78.8,North America,Middle,No,40.4,72.2
TSLA-0542,Emily Lopez,Tesla,TSLA,Sales & Service,Principal,62.4,329800,4.0,63.2,South Asia,Middle,Yes,45.0,61.3
TSLA-0543,Samuel Rossi,Tesla,TSLA,Engineering,Staff,69.5,520700,6.0,64.3,Latin America,Affluent,No,24.2,59.5
TSLA-0544,Wei Nguyen,Tesla,TSLA,Engineering,Senior,97.7,488300,2.2,64.6,South Asia,Affluent,No,27.9,60.6
TSLA-0545,Thomas Cohen,Tesla,TSLA,Manufacturing,Director,93.5,711300,11.5,75.7,East Asia,Middle,Yes,65.4,86.4
TSLA-0546,Emily Hassan,Tesla,TSLA,Manufacturing,Staff,54.2,238200,2.8,69.9,East Asia,Working class,Yes,85.8,79.3
TSLA-0547,Thomas Ali,Tesla,TSLA,Energy/Charging,Senior,81.4,281700,1.6,61.9,North America,Affluent,No,21.2,64.7
TSLA-0548,Daniel Cohen,Tesla,TSLA,Sales & Service,VP,64.8,492300,7.3,71.7,North America,Lower-middle,Yes,73.1,69.0
TSLA-0549,Hannah Ali,Tesla,TSLA,Engineering,Staff,100.0,918100,9.6,73.5,Europe,Middle,Yes,58.4,63.1
TSLA-0550,Emily Wilson,Tesla,TSLA,Engineering,Staff,57.0,332000,4.7,65.8,North America,Lower-middle,Yes,55.1,78.0
TSLA-0551,Samuel Petrov,Tesla,TSLA,Engineering,Senior Director,57.1,181400,5.4,76.2,South Asia,Affluent,No,36.5,68.0
TSLA-0552,Michael Khan,Tesla,TSLA,Autonomy & AI,Senior,53.6,181800,5.4,67.7,Latin America,Lower-middle,Yes,73.1,81.4
TSLA-0553,Olivia Park,Tesla,TSLA,Engineering,Director,77.2,367300,14.6,71.2,North America,Working class,Yes,96.6,81.6
TSLA-0554,Samuel Chen,Tesla,TSLA,Autonomy & AI,Senior,60.1,56400,4.9,68.3,Latin America,Middle,No,56.9,67.8
TSLA-0555,James Murphy,Tesla,TSLA,Operations,Senior,80.8,156900,1.1,65.3,South Asia,Middle,No,63.0,77.0
TSLA-0556,Elena Anderson,Tesla,TSLA,Manufacturing,Staff,97.2,259900,4.5,68.3,North America,Working class,Yes,92.8,93.9
TSLA-0557,David Davis,Tesla,TSLA,Engineering,Principal,63.1,351300,5.7,52.6,North America,Working class,No,78.1,60.2
TSLA-0558,Fatima Davis,Tesla,TSLA,Operations,Senior,91.8,467300,12.5,69.3,North America,Lower-middle,No,60.4,66.6
TSLA-0559,Kevin Kim,Tesla,TSLA,Operations,Director,72.0,747100,5.2,63.4,South Asia,Lower-middle,No,71.9,80.1
TSLA-0560,Thomas Wilson,Tesla,TSLA,Manufacturing,Staff,73.0,235900,3.5,59.0,North America,Middle,No,43.4,65.6
TSLA-0561,Maria Wang,Tesla,TSLA,Engineering,C-Suite,75.6,2787300,7.3,74.1,South Asia,Middle,No,49.8,72.7
TSLA-0562,Wei Cohen,Tesla,TSLA,Sales & Service,Principal,71.0,290600,2.9,63.6,Europe,Working class,Yes,86.1,76.0
TSLA-0563,Aisha Park,Tesla,TSLA,Engineering,VP,61.6,381100,8.9,70.6,South Asia,Middle,No,49.8,76.6
TSLA-0564,David Ali,Tesla,TSLA,Autonomy & AI,Staff,63.4,164700,2.0,74.8,Oceania,Lower-middle,No,65.5,73.7
TSLA-0565,Raj Wilson,Tesla,TSLA,Engineering,Senior,79.4,517000,1.3,67.5,North America,Middle,No,52.4,63.1
TSLA-0566,Kevin Garcia,Tesla,TSLA,Manufacturing,Staff,63.3,822000,1.9,66.9,East Asia,Middle,No,49.9,78.4
TSLA-0567,Zoe Wilson,Tesla,TSLA,Autonomy & AI,Senior,56.3,123000,2.8,68.8,North America,Lower-middle,Yes,70.6,66.4
TSLA-0568,Aisha Singh,Tesla,TSLA,Manufacturing,Staff,81.7,361100,8.7,87.3,North America,Middle,Yes,79.1,85.2
TSLA-0569,Michael Lopez,Tesla,TSLA,Sales & Service,Senior,86.7,74700,5.1,65.4,North America,Lower-middle,No,56.0,79.1
TSLA-0570,Zoe Smith,Tesla,TSLA,Engineering,Principal,82.6,777200,3.8,70.5,North America,Middle,No,53.0,78.4
TSLA-0571,Maria Johnson,Tesla,TSLA,Engineering,Principal,67.7,125700,4.5,76.9,Europe,Upper-middle,No,39.3,65.9
TSLA-0572,Zoe Nguyen,Tesla,TSLA,Engineering,Senior,93.4,422600,2.4,64.5,North America,Lower-middle,No,69.6,97.1
TSLA-0573,Zoe Khan,Tesla,TSLA,Legal & Policy,Senior Director,71.2,451900,11.2,65.0,North America,Lower-middle,No,70.6,67.9
TSLA-0574,Wei Brown,Tesla,TSLA,Engineering,Principal,77.7,285200,8.6,77.6,South Asia,Middle,Yes,67.2,72.9
TSLA-0575,Mary Lopez,Tesla,TSLA,People/HR,Director,68.7,314400,3.0,58.7,North America,Middle,No,62.1,59.7
TSLA-0576,John Martinez,Tesla,TSLA,Operations,Senior,87.3,598400,2.3,58.2,South Asia,Lower-middle,No,59.3,73.4
TSLA-0577,Aisha Rossi,Tesla,TSLA,Manufacturing,Principal,88.9,228300,4.0,76.5,South Asia,Working class,Yes,90.5,81.6
TSLA-0578,Aisha Yamamoto,Tesla,TSLA,Engineering,Senior,73.7,191000,4.8,66.9,South Asia,Working class,Yes,100.0,90.6
TSLA-0579,Raj Nguyen,Tesla,TSLA,Engineering,Staff,85.3,408100,1.8,62.1,Southeast Asia,Middle,Yes,55.8,80.2
TSLA-0580,Carlos Wilson,Tesla,TSLA,Manufacturing,Staff,64.9,644400,4.0,78.1,North America,Middle,No,54.9,78.2
TSLA-0581,Wei Rossi,Tesla,TSLA,Manufacturing,Senior,76.3,161200,4.0,67.7,North America,Affluent,No,36.9,78.9
TSLA-0582,Daniel Hassan,Tesla,TSLA,Engineering,Senior Director,60.8,565800,9.6,70.4,South Asia,Lower-middle,Yes,67.1,66.2
TSLA-0583,Linda Schmidt,Tesla,TSLA,Design,Director,75.8,291900,2.8,71.4,Oceania,Lower-middle,Yes,76.0,73.0
TSLA-0584,Raj Nguyen,Tesla,TSLA,Engineering,Senior Director,77.7,1395100,5.5,75.9,Middle East,Upper-middle,No,37.3,77.2
TSLA-0585,Linda Ali,Tesla,TSLA,People/HR,VP,86.6,558800,13.2,74.7,Southeast Asia,Affluent,No,26.8,95.2
TSLA-0586,Samuel Wang,Tesla,TSLA,Manufacturing,Staff,80.0,84200,5.3,70.5,North America,Middle,No,49.5,69.0
TSLA-0587,Wei Nguyen,Tesla,TSLA,Operations,Director,88.0,934800,4.8,83.2,South Asia,Upper-middle,Yes,52.2,67.1
TSLA-0588,Mary Park,Tesla,TSLA,Legal & Policy,Principal,49.6,239500,2.9,67.2,Europe,Working class,Yes,93.7,92.1
TSLA-0589,Grace Johnson,Tesla,TSLA,Energy/Charging,Senior,44.6,404800,6.2,63.9,North America,Working class,Yes,95.2,75.1
TSLA-0590,Yuki Garcia,Tesla,TSLA,Sales & Service,Principal,100.0,230000,3.9,90.3,Europe,Affluent,No,31.7,76.0
TSLA-0591,Zoe Brown,Tesla,TSLA,Engineering,Staff,72.9,417000,2.0,55.6,North America,Working class,No,90.4,70.8
TSLA-0592,Carlos Smith,Tesla,TSLA,Energy/Charging,Director,94.7,163500,6.0,72.5,Europe,Working class,Yes,76.8,90.6
TSLA-0593,Olivia Chen,Tesla,TSLA,Engineering,Staff,73.9,187900,3.3,54.0,North America,Upper-middle,No,37.0,70.3
TSLA-0594,Thomas Petrov,Tesla,TSLA,Design,Staff,63.7,162800,8.4,72.9,South Asia,Upper-middle,No,42.2,80.3
TSLA-0595,Carlos Anderson,Tesla,TSLA,Autonomy & AI,Senior,68.7,243800,4.6,61.8,North America,Lower-middle,Yes,79.4,78.2
TSLA-0596,Aisha Brown,Tesla,TSLA,Energy/Charging,VP,85.9,701100,6.8,76.7,Southeast Asia,Affluent,No,19.8,62.6
TSLA-0597,Sofia Cohen,Tesla,TSLA,Finance,Senior,52.8,79800,2.6,65.4,North America,Upper-middle,No,41.2,73.1
TSLA-0598,Aisha Wilson,Tesla,TSLA,Engineering,C-Suite,82.2,1415500,8.0,85.2,North America,Upper-middle,No,32.2,80.9
TSLA-0599,Emily Wang,Tesla,TSLA,Energy/Charging,SVP,90.0,1184700,5.9,73.3,North America,Lower-middle,No,63.0,75.4
TSLA-0600,Kevin Martinez,Tesla,TSLA,Design,Principal,55.6,161500,6.4,69.6,South Asia,Lower-middle,Yes,64.5,75.3
TSLA-0601,Ahmed Reyes,Tesla,TSLA,Manufacturing,Senior,83.2,186300,4.5,55.4,North America,Middle,No,47.9,73.3
TSLA-0602,Raj Patel,Tesla,TSLA,Engineering,Senior,71.3,186900,1.3,72.0,North America,Upper-middle,No,29.1,72.6
TSLA-0603,Samuel Patel,Tesla,TSLA,Sales & Service,Staff,72.7,121700,11.1,61.2,North America,Affluent,No,15.9,51.6
TSLA-0604,Mary Garcia,Tesla,TSLA,Manufacturing,Senior,69.0,146600,10.2,68.5,North America,Working class,Yes,91.7,79.4
TSLA-0605,Fatima Schmidt,Tesla,TSLA,Manufacturing,Senior,54.3,257000,1.2,63.7,South Asia,Working class,No,83.1,72.4
TSLA-0606,Arjun Wang,Tesla,TSLA,Autonomy & AI,Senior,58.5,127400,2.3,71.5,South Asia,Lower-middle,No,73.0,72.2
TSLA-0607,Aisha Anderson,Tesla,TSLA,Manufacturing,Senior,86.3,140200,4.4,75.0,Europe,Middle,No,58.6,77.1
TSLA-0608,Chen Garcia,Tesla,TSLA,Operations,Director,82.9,992300,3.1,75.6,South Asia,Middle,No,41.6,86.3
TSLA-0609,Arjun Khan,Tesla,TSLA,Engineering,VP,65.8,438300,12.2,78.1,Africa,Working class,Yes,91.4,87.9
TSLA-0610,Zoe Yamamoto,Tesla,TSLA,Energy/Charging,Staff,66.0,680100,2.6,83.3,North America,Lower-middle,Yes,68.1,67.4
TSLA-0611,Thomas Wang,Tesla,TSLA,Finance,Staff,70.6,293000,4.2,80.6,East Asia,Working class,Yes,100.0,94.0
TSLA-0612,Emily Murphy,Tesla,TSLA,Sales & Service,Director,76.0,355300,4.7,64.2,North America,Middle,No,43.2,62.9
TSLA-0613,Fatima Silva,Tesla,TSLA,Sales & Service,Staff,90.7,445700,4.6,64.0,North America,Upper-middle,No,39.0,70.9
TSLA-0614,Elena Park,Tesla,TSLA,Design,Principal,71.1,587300,9.6,70.4,East Asia,Upper-middle,Yes,54.6,71.0
TSLA-0615,Mary Cohen,Tesla,TSLA,Autonomy & AI,Senior,73.5,130300,2.4,68.8,East Asia,Lower-middle,Yes,81.4,74.2
TSLA-0616,Samuel Cohen,Tesla,TSLA,Engineering,Senior,67.5,253400,7.7,66.8,East Asia,Upper-middle,No,32.0,69.9
TSLA-0617,Emily Reyes,Tesla,TSLA,Operations,Staff,76.9,549400,2.2,69.2,North America,Middle,Yes,59.5,76.3
TSLA-0618,Olivia Brown,Tesla,TSLA,People/HR,C-Suite,60.5,2044700,16.4,71.9,North America,Lower-middle,No,76.0,82.9
TSLA-0619,Fatima Smith,Tesla,TSLA,Engineering,Principal,79.9,375800,2.5,63.5,South Asia,Upper-middle,No,39.5,53.2
TSLA-0620,Wei Wilson,Tesla,TSLA,Engineering,Staff,89.5,197300,2.2,63.6,South Asia,Lower-middle,Yes,74.4,81.4
TSLA-0621,Raj Lopez,Tesla,TSLA,Legal & Policy,Senior,71.9,436200,3.3,72.3,Europe,Middle,No,37.7,63.5
TSLA-0622,Chen Brown,Tesla,TSLA,Engineering,Staff,85.9,286300,3.1,71.3,North America,Upper-middle,No,34.2,72.2
TSLA-0623,Maria Hassan,Tesla,TSLA,Operations,Principal,63.3,185700,3.2,80.4,South Asia,Upper-middle,No,35.5,74.1
TSLA-0624,Elena Johnson,Tesla,TSLA,Manufacturing,Staff,80.6,130700,3.4,63.2,North America,Upper-middle,No,33.0,76.8
TSLA-0625,Maria Lee,Tesla,TSLA,Energy/Charging,Senior Director,88.3,798900,11.0,72.7,South Asia,Lower-middle,No,64.5,78.7
TSLA-0626,Maria Schmidt,Tesla,TSLA,Operations,Principal,82.7,720900,3.2,83.9,North America,Lower-middle,Yes,88.4,80.0
TSLA-0627,Emily Wilson,Tesla,TSLA,Sales & Service,Staff,89.0,620500,6.0,80.0,North America,Working class,No,76.0,79.5
TSLA-0628,Elena Schmidt,Tesla,TSLA,Operations,Senior,81.8,346400,2.0,65.7,North America,Working class,Yes,100.0,81.9
TSLA-0629,Raj Reyes,Tesla,TSLA,Manufacturing,Director,72.4,57400,7.6,78.9,North America,Lower-middle,Yes,79.6,68.6
TSLA-0630,Maria Anderson,Tesla,TSLA,Operations,Principal,66.5,122600,2.6,70.4,North America,Working class,Yes,78.0,78.1
TSLA-0631,Yuki Nguyen,Tesla,TSLA,Manufacturing,Director,99.2,853100,4.2,77.9,North America,Middle,Yes,67.6,76.3
TSLA-0632,Elena Martinez,Tesla,TSLA,Manufacturing,Staff,88.3,246900,5.3,57.3,East Asia,Upper-middle,No,34.2,53.7
TSLA-0633,Samuel Wilson,Tesla,TSLA,Legal & Policy,Senior,64.5,332000,7.5,73.1,North America,Middle,No,51.4,73.9
TSLA-0634,Chen Yamamoto,Tesla,TSLA,Engineering,Director,80.2,307300,4.1,77.0,Europe,Lower-middle,Yes,82.1,79.9
TSLA-0635,Maria Cohen,Tesla,TSLA,Engineering,Senior Director,76.2,752900,7.2,58.3,South Asia,Working class,Yes,99.9,80.0
TSLA-0636,Aisha Reyes,Tesla,TSLA,Engineering,Staff,40.1,120200,6.3,62.4,Oceania,Upper-middle,No,33.6,56.3
TSLA-0637,Olivia Smith,Tesla,TSLA,Sales & Service,Staff,88.1,69800,8.2,72.0,South Asia,Affluent,No,20.8,90.6
TSLA-0638,Mary Nguyen,Tesla,TSLA,Energy/Charging,Director,86.8,520100,3.1,82.9,North America,Working class,Yes,93.2,81.6
TSLA-0639,Hiroshi Hassan,Tesla,TSLA,Autonomy & AI,Director,80.2,246900,13.9,66.2,North America,Lower-middle,Yes,70.8,66.9
TSLA-0640,Hannah Nguyen,Tesla,TSLA,Manufacturing,Principal,87.4,551200,4.9,63.9,Europe,Affluent,No,26.5,71.0
TSLA-0641,Michael Kim,Tesla,TSLA,Engineering,Senior Director,73.7,225900,3.9,90.6,North America,Middle,No,48.8,69.6
TSLA-0642,Olivia Brown,Tesla,TSLA,Sales & Service,VP,61.7,1061400,8.6,67.6,South Asia,Working class,Yes,100.0,84.6
TSLA-0643,Mary Schmidt,Tesla,TSLA,Manufacturing,Senior,72.5,425400,3.9,72.9,North America,Middle,No,65.1,77.2
TSLA-0644,Priya Johnson,Tesla,TSLA,Operations,Principal,90.1,600200,2.3,69.0,Southeast Asia,Lower-middle,No,64.9,77.1
TSLA-0645,Priya Martinez,Tesla,TSLA,Engineering,Staff,60.9,418100,3.6,85.7,Latin America,Lower-middle,No,66.0,81.7
TSLA-0646,Nina Yamamoto,Tesla,TSLA,Engineering,Staff,63.5,67200,20.2,67.9,Africa,Middle,No,57.7,70.3
TSLA-0647,Hiroshi Brown,Tesla,TSLA,Engineering,Senior Director,80.6,292800,8.1,70.6,North America,Working class,Yes,96.6,93.0
TSLA-0648,Nina Cohen,Tesla,TSLA,Energy/Charging,Senior,76.6,298200,0.7,56.0,East Asia,Upper-middle,No,49.7,71.4
TSLA-0649,Yuki Davis,Tesla,TSLA,Engineering,SVP,80.6,1010700,10.7,71.5,East Asia,Working class,No,63.7,68.3
TSLA-0650,Emily Rossi,Tesla,TSLA,Engineering,Senior Director,74.8,235700,10.6,72.3,North America,Middle,Yes,58.6,73.0
TSLA-0651,Nina Petrov,Tesla,TSLA,Manufacturing,Staff,65.9,175400,1.6,67.0,North America,Middle,No,49.4,81.4
TSLA-0652,Hannah Anderson,Tesla,TSLA,Manufacturing,Director,94.9,449000,4.7,66.5,East Asia,Working class,No,77.6,100.0
TSLA-0653,James Nguyen,Tesla,TSLA,Autonomy & AI,Principal,88.0,532800,7.7,67.1,North America,Upper-middle,No,32.5,69.9
TSLA-0654,Fatima Yamamoto,Tesla,TSLA,Engineering,Principal,84.7,250100,7.6,78.9,South Asia,Middle,Yes,57.7,87.6
TSLA-0655,Ahmed Chen,Tesla,TSLA,Engineering,Staff,72.0,338700,3.0,82.7,South Asia,Upper-middle,No,38.0,69.6
TSLA-0656,David Brown,Tesla,TSLA,Engineering,Senior,43.3,33000,2.4,70.3,South Asia,Lower-middle,No,60.1,65.3
TSLA-0657,Aisha Park,Tesla,TSLA,Operations,Director,67.1,531700,5.6,74.3,Europe,Middle,No,58.3,72.3
TSLA-0658,Zoe Chen,Tesla,TSLA,Manufacturing,SVP,63.4,622400,9.4,77.8,North America,Middle,No,50.6,83.1
TSLA-0659,Raj Kim,Tesla,TSLA,Engineering,Staff,88.6,375800,8.0,64.4,South Asia,Lower-middle,Yes,65.1,73.6
TSLA-0660,David Martinez,Tesla,TSLA,Manufacturing,Senior,78.2,115600,2.5,68.2,Latin America,Middle,No,64.1,71.3
TSLA-0661,Carlos Ali,Tesla,TSLA,Design,Principal,59.0,525300,7.1,75.4,East Asia,Working class,Yes,90.5,75.3
TSLA-0662,Raj Singh,Tesla,TSLA,Engineering,Senior,90.3,331200,7.3,74.0,South Asia,Lower-middle,Yes,76.6,76.4
TSLA-0663,Fatima Singh,Tesla,TSLA,Manufacturing,Staff,59.4,314000,3.1,72.0,North America,Working class,Yes,87.0,75.1
TSLA-0664,Raj Davis,Tesla,TSLA,Manufacturing,Senior,76.1,657700,0.5,62.4,North America,Working class,Yes,92.9,65.3
TSLA-0665,Michael Petrov,Tesla,TSLA,Autonomy & AI,Senior,100.0,110700,8.4,68.9,North America,Middle,No,58.6,91.8
TSLA-0666,Raj Johnson,Tesla,TSLA,Manufacturing,Staff,75.5,165800,1.2,68.7,North America,Working class,Yes,93.5,74.8
TSLA-0667,Kevin Reyes,Tesla,TSLA,Manufacturing,Principal,73.5,342700,2.4,73.5,North America,Middle,No,48.5,75.7
TSLA-0668,John Schmidt,Tesla,TSLA,Energy/Charging,Senior,86.9,76900,0.6,63.4,North America,Affluent,No,31.3,73.2
TSLA-0669,Arjun Park,Tesla,TSLA,Manufacturing,Principal,75.8,659600,2.3,84.4,South Asia,Middle,No,61.8,100.0
TSLA-0670,Linda Lopez,Tesla,TSLA,Manufacturing,Senior,64.9,324600,6.3,73.6,North America,Lower-middle,No,73.5,78.8
TSLA-0671,John Ali,Tesla,TSLA,Design,Staff,70.6,344400,5.7,62.1,North America,Affluent,No,19.0,66.5
TSLA-0672,John Kim,Tesla,TSLA,Manufacturing,Senior,62.0,152800,7.3,69.1,North America,Middle,No,41.4,88.8
TSLA-0673,Zoe Johnson,Tesla,TSLA,Manufacturing,Director,87.3,965800,9.6,63.6,East Asia,Upper-middle,No,34.4,77.2
TSLA-0674,Hiroshi Okafor,Tesla,TSLA,Manufacturing,Director,85.6,343700,7.6,63.0,North America,Upper-middle,No,33.4,63.1
TSLA-0675,Aisha Smith,Tesla,TSLA,Sales & Service,Senior,74.2,266400,7.1,72.7,North America,Working class,Yes,86.4,78.6
TSLA-0676,Thomas Smith,Tesla,TSLA,Engineering,Staff,100.0,106300,9.9,62.7,North America,Working class,Yes,87.9,91.7
TSLA-0677,Ahmed Petrov,Tesla,TSLA,Engineering,Staff,78.9,350500,8.2,63.5,North America,Upper-middle,No,33.5,69.7
TSLA-0678,David Murphy,Tesla,TSLA,People/HR,VP,60.0,346100,9.2,73.0,Europe,Middle,No,50.8,67.0
TSLA-0679,Mary Cohen,Tesla,TSLA,Engineering,Principal,74.1,343100,3.5,57.2,South Asia,Middle,No,64.0,55.7
TSLA-0680,Hiroshi Martinez,Tesla,TSLA,Energy/Charging,Senior,81.9,128900,11.9,85.4,North America,Middle,No,57.2,85.2
TSLA-0681,Wei Park,Tesla,TSLA,Engineering,Senior,70.2,667500,8.9,64.6,South Asia,Upper-middle,Yes,42.8,77.3
TSLA-0682,Linda Lopez,Tesla,TSLA,Energy/Charging,Principal,50.5,141700,1.7,74.2,South Asia,Upper-middle,No,38.7,83.9
TSLA-0683,Linda Garcia,Tesla,TSLA,Manufacturing,Senior,70.5,584200,0.4,59.3,South Asia,Middle,Yes,66.3,87.6
TSLA-0684,Emily Lee,Tesla,TSLA,Manufacturing,Senior,87.9,295300,2.2,74.3,North America,Lower-middle,No,54.4,71.8
TSLA-0685,Carlos Wilson,Tesla,TSLA,Manufacturing,Senior,92.8,204700,8.3,64.5,North America,Middle,No,47.3,82.0
TSLA-0686,Elena Rossi,Tesla,TSLA,Autonomy & AI,VP,83.0,320600,6.3,64.1,North America,Upper-middle,Yes,44.2,66.2
TSLA-0687,Emily Lopez,Tesla,TSLA,Sales & Service,Senior,53.5,570900,3.1,61.1,North America,Lower-middle,No,60.0,68.7
TSLA-0688,Yuki Murphy,Tesla,TSLA,Design,Principal,74.8,404600,2.2,65.9,South Asia,Lower-middle,Yes,79.6,85.9
TSLA-0689,Wei Wilson,Tesla,TSLA,Engineering,Senior,80.8,534600,4.0,69.6,North America,Middle,Yes,61.8,91.7
TSLA-0690,Olivia Tanaka,Tesla,TSLA,Autonomy & AI,Senior,67.0,785700,2.3,54.7,Europe,Middle,No,51.6,65.6
TSLA-0691,Mary Smith,Tesla,TSLA,Autonomy & AI,Staff,46.6,206200,1.6,75.8,North America,Lower-middle,Yes,63.6,82.8
TSLA-0692,Grace Schmidt,Tesla,TSLA,Design,Staff,71.4,178200,1.4,58.8,East Asia,Upper-middle,No,25.5,73.1
TSLA-0693,Maria Cohen,Tesla,TSLA,Legal & Policy,Staff,83.1,572000,2.9,67.2,North America,Working class,Yes,93.2,74.0
TSLA-0694,Raj Lee,Tesla,TSLA,Engineering,Principal,71.7,182000,4.3,64.5,North America,Lower-middle,No,56.4,84.5
TSLA-0695,Mary Petrov,Tesla,TSLA,Sales & Service,Senior,82.2,235200,3.7,71.2,East Asia,Working class,Yes,96.6,100.0
TSLA-0696,Grace Chen,Tesla,TSLA,Engineering,Senior,70.7,89200,3.6,69.5,South Asia,Lower-middle,No,68.4,60.7
TSLA-0697,John Kim,Tesla,TSLA,Sales & Service,Principal,76.2,224900,8.2,67.3,North America,Lower-middle,No,63.1,73.8
TSLA-0698,Chen Yamamoto,Tesla,TSLA,Operations,Staff,62.0,127700,3.7,60.9,Middle East,Middle,No,49.1,69.1
TSLA-0699,David Smith,Tesla,TSLA,Operations,Senior Director,91.2,261400,9.0,71.2,East Asia,Lower-middle,Yes,81.5,88.7
TSLA-0700,Elena Silva,Tesla,TSLA,Autonomy & AI,Director,83.7,202400,7.3,56.9,North America,Working class,Yes,98.3,61.2
TSLA-0701,Maria Garcia,Tesla,TSLA,Operations,Senior,75.3,277800,1.6,56.3,North America,Middle,Yes,67.5,79.6
TSLA-0702,Hannah Nguyen,Tesla,TSLA,Operations,Director,89.0,292900,8.1,72.5,Europe,Upper-middle,No,46.2,62.5
TSLA-0703,Wei Petrov,Tesla,TSLA,Manufacturing,Senior,62.3,201700,3.4,64.9,North America,Middle,No,56.1,87.6
TSLA-0704,Maria Yamamoto,Tesla,TSLA,Manufacturing,Director,85.6,337300,4.7,75.1,Europe,Lower-middle,No,64.0,79.2
TSLA-0705,Yuki Park,Tesla,TSLA,Manufacturing,Staff,100.0,199500,10.3,71.5,North America,Upper-middle,No,34.7,75.4
TSLA-0706,Ahmed Wilson,Tesla,TSLA,Engineering,Director,74.7,1089500,4.0,83.7,South Asia,Working class,No,75.8,86.7
TSLA-0707,Daniel Davis,Tesla,TSLA,Operations,VP,81.4,204000,4.9,71.6,South Asia,Upper-middle,No,46.1,72.9
TSLA-0708,Ahmed Okafor,Tesla,TSLA,Operations,VP,69.5,355100,11.8,75.6,Europe,Working class,Yes,96.1,96.2
TSLA-0709,Mary Johnson,Tesla,TSLA,Manufacturing,Senior Director,57.2,342700,7.8,70.7,North America,Upper-middle,No,44.3,68.0
TSLA-0710,Daniel Cohen,Tesla,TSLA,Sales & Service,Senior,80.4,328300,5.0,61.2,North America,Lower-middle,No,68.5,96.7
TSLA-0711,Grace Lee,Tesla,TSLA,Engineering,Senior,78.2,137900,1.9,66.9,South Asia,Upper-middle,No,32.9,58.1
TSLA-0712,John Garcia,Tesla,TSLA,Engineering,Senior Director,72.0,1340500,4.6,89.9,North America,Upper-middle,No,45.2,90.2
TSLA-0713,Grace Petrov,Tesla,TSLA,Engineering,Director,86.9,145600,12.7,73.6,South Asia,Lower-middle,Yes,78.9,71.0
TSLA-0714,David Cohen,Tesla,TSLA,Engineering,Staff,65.3,236300,2.6,74.7,North America,Middle,Yes,63.9,76.7
TSLA-0715,Samuel Murphy,Tesla,TSLA,Engineering,Staff,73.6,190200,7.4,69.8,North America,Lower-middle,Yes,73.8,77.9
TSLA-0716,Mary Patel,Tesla,TSLA,Engineering,Senior Director,90.9,593800,6.7,79.0,South Asia,Middle,No,37.8,67.5
TSLA-0717,Emily Chen,Tesla,TSLA,Finance,Senior Director,81.0,186400,9.3,72.7,North America,Upper-middle,No,39.4,66.2
TSLA-0718,Ahmed Nguyen,Tesla,TSLA,Manufacturing,Senior,93.8,203500,2.0,65.5,Europe,Middle,Yes,65.1,67.7
TSLA-0719,Wei Rossi,Tesla,TSLA,Energy/Charging,Senior,59.2,295100,2.0,82.7,South Asia,Middle,No,37.3,90.2
TSLA-0720,Mary Garcia,Tesla,TSLA,Sales & Service,Senior,79.8,1478500,4.8,56.6,North America,Lower-middle,Yes,71.0,75.0
TSLA-0721,Zoe Anderson,Tesla,TSLA,Manufacturing,Senior,76.0,74700,7.4,62.2,Middle East,Upper-middle,Yes,36.6,66.8
TSLA-0722,Grace Murphy,Tesla,TSLA,Manufacturing,Senior,89.3,320700,0.9,67.0,North America,Lower-middle,Yes,74.9,71.9
TSLA-0723,Kevin Johnson,Tesla,TSLA,Operations,VP,81.3,1075000,12.5,77.7,South Asia,Lower-middle,Yes,65.6,76.5
TSLA-0724,John Cohen,Tesla,TSLA,Engineering,Staff,61.4,233000,1.6,66.7,South Asia,Lower-middle,Yes,68.8,62.9
TSLA-0725,Sofia Murphy,Tesla,TSLA,Legal & Policy,Principal,85.8,501200,11.0,74.9,North America,Working class,Yes,100.0,77.1
TSLA-0726,Ahmed Anderson,Tesla,TSLA,Manufacturing,Senior,68.1,208700,2.2,71.8,Latin America,Affluent,No,33.5,75.6
TSLA-0727,John Tanaka,Tesla,TSLA,Engineering,Senior,80.3,123200,4.7,65.3,North America,Working class,Yes,98.0,92.0
TSLA-0728,Hannah Park,Tesla,TSLA,Engineering,Director,77.9,146200,7.6,86.1,East Asia,Upper-middle,No,36.7,78.7
TSLA-0729,Mary Wilson,Tesla,TSLA,Autonomy & AI,Principal,42.9,133900,1.8,61.2,North America,Middle,No,57.0,64.8
TSLA-0730,Kevin Davis,Tesla,TSLA,Engineering,Director,90.2,596300,7.3,71.2,North America,Middle,No,57.5,78.9
TSLA-0731,Thomas Lee,Tesla,TSLA,Engineering,Principal,63.1,189800,11.1,69.7,South Asia,Upper-middle,No,34.1,69.5
TSLA-0732,Hannah Chen,Tesla,TSLA,Manufacturing,Director,84.4,225800,10.1,69.4,North America,Lower-middle,Yes,68.1,72.8
TSLA-0733,David Patel,Tesla,TSLA,Engineering,Principal,88.1,565800,6.5,70.0,North America,Upper-middle,No,52.7,52.0
TSLA-0734,James Davis,Tesla,TSLA,Engineering,Senior,62.3,260300,6.8,87.9,Europe,Middle,No,51.7,86.2
TSLA-0735,Grace Okafor,Tesla,TSLA,Operations,SVP,52.5,987300,9.4,63.1,East Asia,Lower-middle,No,72.5,82.7
TSLA-0736,Wei Davis,Tesla,TSLA,Legal & Policy,Senior,70.0,159700,2.1,71.9,Latin America,Lower-middle,No,67.7,87.4
TSLA-0737,David Tanaka,Tesla,TSLA,Manufacturing,Staff,87.3,402500,5.1,73.0,Latin America,Middle,Yes,57.6,76.3
TSLA-0738,Priya Nguyen,Tesla,TSLA,Finance,Staff,75.5,128600,2.6,60.4,South Asia,Lower-middle,Yes,89.6,73.1
TSLA-0739,John Cohen,Tesla,TSLA,Engineering,Senior Director,100.0,719000,6.1,73.2,Europe,Middle,Yes,57.6,63.9
TSLA-0740,Olivia Rossi,Tesla,TSLA,Engineering,Senior,62.6,184500,12.2,65.3,South Asia,Upper-middle,No,40.7,85.7
TSLA-0741,Linda Park,Tesla,TSLA,Manufacturing,Staff,60.5,562400,2.2,75.5,Southeast Asia,Upper-middle,No,41.6,83.9
TSLA-0742,Raj Kim,Tesla,TSLA,Manufacturing,Staff,61.7,463900,1.4,61.9,East Asia,Middle,Yes,62.1,75.3
TSLA-0743,Samuel Martinez,Tesla,TSLA,Engineering,Senior,91.0,751600,2.5,62.3,Latin America,Middle,No,51.0,72.0
TSLA-0744,Emily Lopez,Tesla,TSLA,Engineering,VP,86.6,1894300,5.3,78.2,South Asia,Working class,Yes,91.6,82.3
TSLA-0745,Chen Reyes,Tesla,TSLA,Manufacturing,Director,83.3,510400,6.6,87.2,South Asia,Upper-middle,No,42.0,60.5
TSLA-0746,Elena Davis,Tesla,TSLA,Finance,Senior,74.1,94300,7.3,64.8,Oceania,Affluent,No,32.1,86.7
TSLA-0747,Elena Yamamoto,Tesla,TSLA,Autonomy & AI,VP,83.4,1266800,5.7,78.6,Europe,Working class,Yes,67.9,81.8
TSLA-0748,Mary Anderson,Tesla,TSLA,Manufacturing,Senior,70.1,393700,4.3,74.4,North America,Lower-middle,No,63.6,62.8
TSLA-0749,Hiroshi Johnson,Tesla,TSLA,Manufacturing,Senior,69.8,131000,0.3,73.3,North America,Lower-middle,Yes,71.4,71.9
TSLA-0750,Emily Silva,Tesla,TSLA,Engineering,Director,70.7,216700,23.5,64.1,North America,Lower-middle,No,78.6,78.7
TSLA-0751,Hannah Johnson,Tesla,TSLA,Manufacturing,Senior,69.6,245400,6.5,65.1,North America,Middle,No,51.5,67.3
TSLA-0752,Nina Okafor,Tesla,TSLA,Operations,Staff,74.0,195300,4.5,70.0,North America,Lower-middle,No,62.8,62.8
TSLA-0753,Priya Rossi,Tesla,TSLA,Engineering,Director,66.4,211200,7.9,63.2,East Asia,Upper-middle,No,38.7,58.2
TSLA-0754,Hannah Murphy,Tesla,TSLA,Engineering,Senior,76.0,523200,3.1,66.2,Europe,Middle,Yes,75.4,72.8
TSLA-0755,Linda Tanaka,Tesla,TSLA,Engineering,Senior Director,84.1,204800,14.2,73.6,North America,Upper-middle,No,52.0,64.4
TSLA-0756,Nina Wilson,Tesla,TSLA,Manufacturing,VP,73.7,482200,10.3,75.0,Middle East,Upper-middle,No,33.6,69.5
TSLA-0757,Carlos Park,Tesla,TSLA,Autonomy & AI,Principal,72.6,240100,7.7,65.6,North America,Working class,Yes,79.5,72.3
TSLA-0758,Chen Reyes,Tesla,TSLA,Engineering,Staff,62.7,229600,1.4,64.0,East Asia,Middle,No,51.1,58.1
TSLA-0759,Hiroshi Cohen,Tesla,TSLA,Sales & Service,Staff,84.7,152100,5.8,69.5,North America,Lower-middle,No,56.1,68.1
TSLA-0760,Priya Brown,Tesla,TSLA,Sales & Service,Principal,67.7,515600,2.0,62.4,South Asia,Middle,No,50.4,85.9
TSLA-0761,Raj Okafor,Tesla,TSLA,Operations,Director,70.3,506100,4.7,73.3,South Asia,Lower-middle,Yes,61.1,56.4
TSLA-0762,Sofia Lopez,Tesla,TSLA,Manufacturing,Senior Director,65.2,866500,5.8,78.7,South Asia,Affluent,No,29.6,70.2
TSLA-0763,Nina Petrov,Tesla,TSLA,Autonomy & AI,Senior Director,81.3,273200,4.2,66.3,Latin America,Middle,No,52.2,63.9
TSLA-0764,Grace Silva,Tesla,TSLA,Manufacturing,Senior,56.9,246400,0.2,65.4,South Asia,Lower-middle,No,62.7,72.7
TSLA-0765,James Khan,Tesla,TSLA,Sales & Service,Senior,84.4,456600,1.4,59.3,Oceania,Working class,Yes,89.9,68.7
TSLA-0766,Sofia Wang,Tesla,TSLA,Engineering,Staff,87.0,1180600,4.6,73.5,North America,Middle,No,45.3,74.9
TSLA-0767,Wei Schmidt,Tesla,TSLA,Manufacturing,Director,91.8,970500,3.0,57.6,South Asia,Middle,No,59.2,78.9
TSLA-0768,Olivia Tanaka,Tesla,TSLA,Finance,Principal,100.0,279600,5.8,66.3,Middle East,Middle,No,48.0,64.5
TSLA-0769,David Kim,Tesla,TSLA,Design,Director,93.7,157000,8.1,67.1,South Asia,Upper-middle,Yes,39.1,77.2
TSLA-0770,Kevin Lee,Tesla,TSLA,Engineering,Staff,66.2,519800,3.5,66.4,South Asia,Upper-middle,No,36.6,84.7
TSLA-0771,Chen Lopez,Tesla,TSLA,Engineering,C-Suite,95.2,1828300,11.5,88.4,North America,Affluent,Yes,36.3,88.1
TSLA-0772,Wei Lee,Tesla,TSLA,Energy/Charging,Senior,83.2,244400,2.9,74.6,South Asia,Middle,No,52.2,76.5
TSLA-0773,Chen Rossi,Tesla,TSLA,Engineering,Staff,77.9,438000,8.2,69.9,North America,Working class,No,88.2,72.3
TSLA-0774,Nina Okafor,Tesla,TSLA,Energy/Charging,SVP,94.9,1748900,11.0,76.0,North America,Lower-middle,No,63.7,65.4
TSLA-0775,Nina Chen,Tesla,TSLA,Operations,Principal,80.5,137000,10.4,68.5,South Asia,Upper-middle,No,42.2,66.9
TSLA-0776,David Park,Tesla,TSLA,Manufacturing,Staff,73.1,303600,2.5,58.1,South Asia,Working class,Yes,94.5,75.9
TSLA-0777,Mary Schmidt,Tesla,TSLA,Manufacturing,Director,72.1,106500,5.3,71.4,North America,Working class,Yes,96.2,75.3
TSLA-0778,Fatima Park,Tesla,TSLA,Engineering,Senior Director,69.7,220300,9.5,68.3,North America,Lower-middle,Yes,70.6,69.6
TSLA-0779,Grace Garcia,Tesla,TSLA,Manufacturing,Staff,81.7,128100,2.5,63.5,North America,Upper-middle,No,38.7,66.1
TSLA-0780,Raj Tanaka,Tesla,TSLA,Engineering,Principal,82.7,571900,9.8,83.3,Southeast Asia,Middle,No,59.9,79.7
TSLA-0781,Kevin Nguyen,Tesla,TSLA,Engineering,Director,71.7,756200,6.8,80.4,North America,Lower-middle,Yes,72.8,80.7
TSLA-0782,Maria Davis,Tesla,TSLA,Manufacturing,VP,79.3,1265400,10.0,71.5,East Asia,Lower-middle,No,65.8,87.5
TSLA-0783,Priya Cohen,Tesla,TSLA,Manufacturing,Senior,69.7,643300,0.9,69.6,North America,Middle,No,60.0,70.2
TSLA-0784,John Brown,Tesla,TSLA,Engineering,Senior,94.1,95300,0.3,60.6,East Asia,Working class,Yes,90.1,76.2
TSLA-0785,Kevin Smith,Tesla,TSLA,Autonomy & AI,Senior,92.2,314600,10.3,64.8,East Asia,Working class,Yes,100.0,81.6
TSLA-0786,Samuel Murphy,Tesla,TSLA,Engineering,Principal,70.8,754200,5.3,75.3,East Asia,Lower-middle,No,58.2,56.7
TSLA-0787,Nina Kim,Tesla,TSLA,Sales & Service,Senior Director,77.6,1096000,9.0,68.7,Europe,Lower-middle,No,68.1,66.6
TSLA-0788,Hannah Nguyen,Tesla,TSLA,Engineering,SVP,67.7,1955600,8.0,79.7,North America,Working class,Yes,85.6,79.4
TSLA-0789,Emily Reyes,Tesla,TSLA,Sales & Service,Senior,79.2,191300,6.9,63.1,Southeast Asia,Upper-middle,No,35.8,60.6
TSLA-0790,Wei Park,Tesla,TSLA,Sales & Service,Principal,78.8,538100,3.0,79.0,Africa,Middle,No,55.9,81.2
TSLA-0791,Chen Khan,Tesla,TSLA,Autonomy & AI,Senior Director,75.6,1022000,6.4,76.1,North America,Upper-middle,No,25.2,63.4
TSLA-0792,Zoe Patel,Tesla,TSLA,Engineering,Staff,69.6,574800,1.8,77.7,North America,Working class,No,76.9,96.9
TSLA-0793,Aisha Davis,Tesla,TSLA,Operations,Director,82.5,588200,4.0,73.4,North America,Upper-middle,No,10.9,72.8
TSLA-0794,Wei Garcia,Tesla,TSLA,Autonomy & AI,Staff,65.4,339200,4.7,76.2,North America,Working class,No,82.1,84.5
TSLA-0795,Nina Chen,Tesla,TSLA,Manufacturing,Staff,54.4,391800,6.3,76.4,Middle East,Lower-middle,No,68.6,88.9
TSLA-0796,Hannah Ali,Tesla,TSLA,Operations,SVP,82.4,949300,7.7,78.2,North America,Middle,No,51.6,95.2
TSLA-0797,Grace Wang,Tesla,TSLA,Manufacturing,VP,78.5,620100,8.5,80.2,East Asia,Upper-middle,No,33.8,70.6
TSLA-0798,David Petrov,Tesla,TSLA,Manufacturing,Senior Director,81.1,445400,5.0,78.4,Middle East,Affluent,No,28.1,81.4
TSLA-0799,Elena Cohen,Tesla,TSLA,Design,Staff,100.0,37500,4.0,72.7,North America,Middle,No,52.4,63.4
TSLA-0800,Fatima Brown,Tesla,TSLA,Energy/Charging,Staff,60.3,124800,0.7,68.3,North America,Middle,No,44.4,58.5
TSLA-0801,Hiroshi Martinez,Tesla,TSLA,Manufacturing,C-Suite,100.0,1079000,9.6,83.2,South Asia,Lower-middle,Yes,71.4,92.0
TSLA-0802,Hannah Brown,Tesla,TSLA,Manufacturing,Senior,65.3,63800,2.9,67.3,North America,Working class,Yes,78.3,60.5
TSLA-0803,David Park,Tesla,TSLA,Autonomy & AI,Principal,71.7,139800,6.0,74.4,Middle East,Lower-middle,Yes,63.6,71.7
TSLA-0804,Chen Garcia,Tesla,TSLA,Engineering,Staff,81.4,220200,3.1,74.9,South Asia,Middle,No,55.1,87.0
TSLA-0805,John Chen,Tesla,TSLA,Manufacturing,Principal,93.9,475600,10.4,60.8,North America,Affluent,No,19.7,64.3
TSLA-0806,Daniel Smith,Tesla,TSLA,Design,Staff,61.8,119900,1.7,65.0,North America,Lower-middle,Yes,66.4,71.0
TSLA-0807,Zoe Tanaka,Tesla,TSLA,Engineering,Senior Director,99.0,463800,4.0,60.8,North America,Middle,Yes,56.2,65.6
TSLA-0808,Elena Petrov,Tesla,TSLA,Manufacturing,Director,63.6,322300,4.3,83.0,South Asia,Upper-middle,No,40.2,72.9
TSLA-0809,James Anderson,Tesla,TSLA,Energy/Charging,VP,71.7,1701700,7.8,73.8,North America,Lower-middle,Yes,64.7,74.8
TSLA-0810,Carlos Yamamoto,Tesla,TSLA,Manufacturing,Senior,91.2,135400,2.3,63.6,North America,Affluent,No,26.5,80.7
TSLA-0811,Arjun Reyes,Tesla,TSLA,Operations,Senior,46.6,107700,0.3,67.2,North America,Working class,Yes,86.7,94.8
TSLA-0812,Maria Kim,Tesla,TSLA,Engineering,Senior,66.3,166100,5.5,73.5,East Asia,Middle,No,43.5,82.4
TSLA-0813,Daniel Murphy,Tesla,TSLA,Engineering,Principal,74.1,895800,3.3,66.1,Europe,Lower-middle,No,73.5,75.3
TSLA-0814,Linda Hassan,Tesla,TSLA,Operations,Staff,100.0,900900,1.4,79.1,Europe,Middle,No,52.1,65.0
TSLA-0815,Linda Khan,Tesla,TSLA,Operations,Staff,67.4,84700,5.6,70.0,South Asia,Working class,Yes,100.0,97.2
TSLA-0816,Grace Lee,Tesla,TSLA,Sales & Service,Senior,96.9,137400,6.1,49.9,North America,Lower-middle,Yes,67.2,89.7
TSLA-0817,Carlos Anderson,Tesla,TSLA,Design,Director,89.4,668100,9.6,67.4,South Asia,Middle,No,49.5,70.1
TSLA-0818,Linda Patel,Tesla,TSLA,Manufacturing,Staff,76.3,144800,2.2,71.2,Latin America,Upper-middle,No,37.2,76.2
TSLA-0819,Wei Hassan,Tesla,TSLA,Engineering,Staff,100.0,73000,3.1,82.1,Latin America,Middle,No,51.8,84.9
TSLA-0820,Linda Park,Tesla,TSLA,Engineering,Senior Director,65.7,2490100,6.2,78.3,Africa,Upper-middle,No,39.1,55.7
TSLA-0821,Sofia Wilson,Tesla,TSLA,Engineering,Senior,80.5,395300,0.3,70.1,Europe,Lower-middle,Yes,82.6,82.1
TSLA-0822,Maria Petrov,Tesla,TSLA,Manufacturing,VP,79.8,265500,12.1,77.0,South Asia,Middle,No,55.0,95.0
TSLA-0823,Elena Okafor,Tesla,TSLA,Legal & Policy,Staff,82.4,595700,1.6,63.2,South Asia,Lower-middle,No,64.6,89.5
TSLA-0824,Kevin Petrov,Tesla,TSLA,Finance,Staff,75.1,349700,2.0,72.4,North America,Middle,No,54.1,48.9
TSLA-0825,Samuel Reyes,Tesla,TSLA,Engineering,Principal,68.2,1390300,4.8,63.8,South Asia,Upper-middle,No,40.0,33.9
TSLA-0826,Daniel Reyes,Tesla,TSLA,Engineering,Principal,81.3,492800,7.2,74.5,South Asia,Middle,No,44.9,75.0
TSLA-0827,Kevin Yamamoto,Tesla,TSLA,Engineering,Senior Director,92.6,334400,7.6,75.6,North America,Lower-middle,No,67.3,81.1
TSLA-0828,Wei Wang,Tesla,TSLA,Autonomy & AI,Senior,68.4,237700,1.8,68.0,North America,Middle,No,57.6,65.5
TSLA-0829,Emily Wang,Tesla,TSLA,Engineering,Principal,90.6,161000,4.2,76.1,North America,Working class,Yes,90.4,73.9
TSLA-0830,Wei Lopez,Tesla,TSLA,Manufacturing,Director,76.3,532000,5.6,76.6,North America,Lower-middle,No,61.1,74.7
TSLA-0831,Nina Schmidt,Tesla,TSLA,Engineering,SVP,88.1,921800,10.9,73.5,Europe,Working class,No,93.7,56.4
TSLA-0832,Aisha Park,Tesla,TSLA,Finance,Director,84.6,844500,13.9,73.8,North America,Middle,No,57.4,79.4
TSLA-0833,Nina Lee,Tesla,TSLA,Engineering,Senior,80.3,133000,4.0,59.5,North America,Working class,Yes,88.1,85.8
TSLA-0834,Elena Ali,Tesla,TSLA,Operations,Principal,91.1,746800,5.4,88.7,North America,Affluent,No,37.4,89.0
TSLA-0835,James Wang,Tesla,TSLA,Engineering,Senior,77.3,57200,6.8,83.4,North America,Middle,No,63.5,80.8
TSLA-0836,Thomas Reyes,Tesla,TSLA,People/HR,Staff,100.0,272400,6.4,65.5,Europe,Middle,No,48.4,65.8
TSLA-0837,Chen Schmidt,Tesla,TSLA,Autonomy & AI,Senior,73.1,281100,2.0,70.5,North America,Upper-middle,No,50.3,90.5
TSLA-0838,Hiroshi Singh,Tesla,TSLA,Sales & Service,Senior,62.3,268700,2.0,59.6,East Asia,Middle,Yes,53.1,56.5
TSLA-0839,Zoe Okafor,Tesla,TSLA,Legal & Policy,Director,72.3,409300,6.4,61.7,East Asia,Working class,Yes,94.7,85.5
TSLA-0840,Arjun Silva,Tesla,TSLA,Operations,VP,81.5,799000,10.6,61.7,South Asia,Upper-middle,No,48.8,71.9
TSLA-0841,Yuki Johnson,Tesla,TSLA,Engineering,Staff,72.8,90200,2.1,77.5,Southeast Asia,Lower-middle,Yes,81.6,85.8
TSLA-0842,Priya Smith,Tesla,TSLA,Design,Senior,90.5,271600,6.0,67.3,South Asia,Lower-middle,No,66.8,78.5
TSLA-0843,Michael Lee,Tesla,TSLA,Operations,Staff,59.4,142600,4.3,70.3,South Asia,Middle,No,61.4,75.6
TSLA-0844,Hiroshi Rossi,Tesla,TSLA,Engineering,Senior,77.4,161600,2.3,59.8,South Asia,Lower-middle,Yes,67.9,82.4
TSLA-0845,Emily Yamamoto,Tesla,TSLA,Operations,Staff,65.5,116600,0.8,63.5,North America,Middle,No,53.8,82.8
TSLA-0846,Wei Tanaka,Tesla,TSLA,Manufacturing,Senior,59.4,60300,0.7,69.8,Latin America,Working class,No,75.8,96.0
TSLA-0847,Raj Garcia,Tesla,TSLA,Manufacturing,Senior,69.3,234600,0.8,64.9,North America,Upper-middle,No,39.2,63.0
TSLA-0848,Olivia Nguyen,Tesla,TSLA,Manufacturing,Senior Director,96.4,649000,6.8,93.1,South Asia,Working class,Yes,86.1,82.5
TSLA-0849,Ahmed Brown,Tesla,TSLA,Engineering,Director,73.3,1191000,10.1,92.5,North America,Lower-middle,No,72.8,88.6
TSLA-0850,Zoe Anderson,Tesla,TSLA,Manufacturing,Director,75.5,556900,10.0,71.1,North America,Middle,No,45.0,72.2
TSLA-0851,Carlos Ali,Tesla,TSLA,Autonomy & AI,Principal,74.1,379600,5.1,79.9,Africa,Middle,Yes,59.1,92.1
TSLA-0852,Emily Ali,Tesla,TSLA,Manufacturing,Staff,70.1,243800,3.1,72.7,North America,Middle,No,58.1,70.5
TSLA-0853,Chen Hassan,Tesla,TSLA,Energy/Charging,Senior,68.9,123800,4.9,75.2,North America,Lower-middle,No,56.9,84.8
TSLA-0854,Sofia Wilson,Tesla,TSLA,Engineering,Senior,69.4,863900,1.2,64.7,East Asia,Working class,Yes,100.0,66.8
TSLA-0855,Raj Murphy,Tesla,TSLA,Design,Senior,79.4,116900,1.0,79.4,Europe,Middle,Yes,62.6,72.2
TSLA-0856,Michael Anderson,Tesla,TSLA,Manufacturing,Senior,66.2,159300,9.8,79.7,North America,Middle,Yes,56.8,84.9
TSLA-0857,Daniel Hassan,Tesla,TSLA,Manufacturing,Senior,70.0,171000,3.3,65.3,East Asia,Working class,Yes,87.7,100.0
TSLA-0858,Priya Brown,Tesla,TSLA,Engineering,Principal,99.2,591000,8.8,76.3,North America,Lower-middle,Yes,69.0,73.3
TSLA-0859,Maria Murphy,Tesla,TSLA,Finance,Senior Director,81.4,1935500,4.7,62.9,North America,Working class,Yes,96.8,95.8
TSLA-0860,Fatima Khan,Tesla,TSLA,Design,Director,55.8,183700,2.7,76.0,East Asia,Middle,No,51.7,78.2
TSLA-0861,Priya Nguyen,Tesla,TSLA,Sales & Service,Senior Director,78.4,467700,6.5,56.8,South Asia,Working class,Yes,82.3,84.3
TSLA-0862,Daniel Garcia,Tesla,TSLA,Sales & Service,VP,90.9,1073000,16.1,74.3,South Asia,Working class,No,87.7,83.8
TSLA-0863,Hiroshi Silva,Tesla,TSLA,Autonomy & AI,Principal,76.8,1206500,1.8,58.9,North America,Middle,No,55.6,68.0
TSLA-0864,James Kim,Tesla,TSLA,Manufacturing,Principal,67.0,403800,5.3,62.8,North America,Lower-middle,No,66.9,70.9
TSLA-0865,Carlos Schmidt,Tesla,TSLA,Engineering,Principal,67.6,428400,4.7,73.8,Latin America,Affluent,No,34.1,65.7
TSLA-0866,Raj Lopez,Tesla,TSLA,Energy/Charging,Principal,55.1,205600,5.0,73.2,North America,Upper-middle,No,30.9,70.9
TSLA-0867,Fatima Okafor,Tesla,TSLA,Finance,Senior,70.3,216900,3.5,66.1,East Asia,Middle,No,41.6,86.5
TSLA-0868,Grace Chen,Tesla,TSLA,Engineering,Staff,67.5,103300,3.8,64.8,Latin America,Upper-middle,Yes,41.8,85.6
TSLA-0869,Wei Reyes,Tesla,TSLA,Manufacturing,Senior,71.2,126200,2.2,66.2,East Asia,Upper-middle,No,47.2,66.5
TSLA-0870,Linda Smith,Tesla,TSLA,Energy/Charging,Director,62.2,290800,4.1,71.4,North America,Middle,No,51.8,70.0
TSLA-0871,Kevin Okafor,Tesla,TSLA,Operations,Principal,100.0,339800,8.1,74.9,East Asia,Middle,Yes,64.9,77.4
TSLA-0872,Emily Chen,Tesla,TSLA,Engineering,Director,86.4,158100,5.6,60.1,South Asia,Middle,Yes,60.2,56.7
TSLA-0873,Priya Chen,Tesla,TSLA,Manufacturing,Principal,87.8,272200,8.7,79.0,Africa,Upper-middle,No,43.3,76.2
TSLA-0874,Linda Yamamoto,Tesla,TSLA,Engineering,Director,91.4,828500,7.6,68.0,North America,Working class,No,77.0,72.8
TSLA-0875,Priya Anderson,Tesla,TSLA,Manufacturing,Senior Director,83.4,986200,8.5,75.1,Middle East,Lower-middle,Yes,83.5,85.4
TSLA-0876,Linda Singh,Tesla,TSLA,Engineering,Staff,75.0,220000,6.4,75.5,North America,Working class,Yes,88.8,99.2
TSLA-0877,Wei Davis,Tesla,TSLA,Energy/Charging,Staff,68.6,165900,1.3,58.6,North America,Lower-middle,Yes,68.3,71.1
TSLA-0878,Kevin Hassan,Tesla,TSLA,Manufacturing,Senior,60.2,210800,8.0,59.3,Middle East,Middle,No,60.7,62.7
TSLA-0879,Samuel Hassan,Tesla,TSLA,Design,Director,73.2,518400,3.3,66.5,North America,Middle,Yes,65.8,56.2
TSLA-0880,Zoe Singh,Tesla,TSLA,Manufacturing,VP,72.0,245100,5.9,79.8,East Asia,Upper-middle,No,42.9,75.4
TSLA-0881,Fatima Tanaka,Tesla,TSLA,Finance,Senior,70.0,179500,0.6,79.5,Southeast Asia,Upper-middle,No,45.7,91.4
TSLA-0882,Arjun Nguyen,Tesla,TSLA,Engineering,Senior,71.8,193200,5.7,65.7,South Asia,Middle,No,48.0,60.8
TSLA-0883,Hannah Murphy,Tesla,TSLA,Operations,Staff,96.7,421100,1.8,62.2,South Asia,Affluent,No,21.2,72.1
TSLA-0884,Linda Brown,Tesla,TSLA,Manufacturing,Senior,69.0,190000,5.3,56.2,South Asia,Lower-middle,No,67.1,74.0
TSLA-0885,John Davis,Tesla,TSLA,Autonomy & AI,Senior,74.7,159100,4.4,75.1,Africa,Upper-middle,No,39.3,75.3
TSLA-0886,Mary Cohen,Tesla,TSLA,Legal & Policy,Director,63.6,228100,3.6,67.3,East Asia,Affluent,No,23.3,69.3
TSLA-0887,Linda Wang,Tesla,TSLA,Autonomy & AI,Senior Director,69.7,1678300,8.6,77.9,North America,Upper-middle,No,33.9,66.3
TSLA-0888,Chen Johnson,Tesla,TSLA,Autonomy & AI,Senior,90.2,124600,1.4,56.0,North America,Lower-middle,Yes,79.3,80.9
TSLA-0889,James Martinez,Tesla,TSLA,Manufacturing,Senior,72.7,172100,2.7,68.1,South Asia,Lower-middle,Yes,73.9,84.2
TSLA-0890,Kevin Singh,Tesla,TSLA,Design,Staff,52.5,132600,3.0,78.5,East Asia,Upper-middle,No,40.9,74.6
TSLA-0891,Elena Petrov,Tesla,TSLA,Engineering,Director,82.5,144300,5.6,82.2,North America,Upper-middle,No,27.3,70.6
TSLA-0892,Grace Hassan,Tesla,TSLA,Energy/Charging,Director,61.4,479600,3.8,82.9,East Asia,Lower-middle,Yes,70.0,82.3
TSLA-0893,Linda Murphy,Tesla,TSLA,Manufacturing,Director,94.9,617500,8.9,77.0,North America,Lower-middle,No,71.9,94.8
TSLA-0894,Thomas Reyes,Tesla,TSLA,Engineering,Senior,80.4,170000,4.7,59.3,South Asia,Middle,No,66.8,82.4
TSLA-0895,Sofia Tanaka,Tesla,TSLA,Legal & Policy,Senior Director,86.5,150300,6.2,71.1,North America,Middle,No,56.0,80.8
TSLA-0896,Hannah Park,Tesla,TSLA,Autonomy & AI,Staff,67.8,76800,0.7,70.2,East Asia,Upper-middle,No,36.3,71.5
TSLA-0897,Nina Brown,Tesla,TSLA,Autonomy & AI,SVP,75.6,706500,9.3,76.2,Europe,Middle,No,56.9,80.3
TSLA-0898,Linda Lopez,Tesla,TSLA,Manufacturing,Principal,76.5,115100,4.2,70.9,Africa,Working class,Yes,81.5,76.9
TSLA-0899,Wei Martinez,Tesla,TSLA,Engineering,Staff,71.8,151200,3.2,53.2,South Asia,Affluent,No,30.8,66.1
TSLA-0900,Fatima Hassan,Tesla,TSLA,Manufacturing,Staff,71.2,194600,1.0,70.6,Middle East,Lower-middle,Yes,77.0,95.2
TSLA-0901,Elena Singh,Tesla,TSLA,Manufacturing,Senior,92.6,248200,5.9,70.8,North America,Working class,Yes,92.8,82.8
TSLA-0902,Carlos Kim,Tesla,TSLA,Energy/Charging,Senior,55.7,357900,0.6,66.2,North America,Lower-middle,No,67.1,76.1
TSLA-0903,Samuel Schmidt,Tesla,TSLA,Engineering,Principal,69.0,468900,4.4,82.5,North America,Middle,No,58.0,74.6
TSLA-0904,Kevin Murphy,Tesla,TSLA,Engineering,Director,75.7,857900,3.9,73.3,East Asia,Working class,Yes,90.9,94.4
TSLA-0905,Chen Ali,Tesla,TSLA,Sales & Service,Staff,66.6,200100,5.2,72.5,South Asia,Lower-middle,Yes,84.1,64.4
TSLA-0906,Linda Petrov,Tesla,TSLA,Sales & Service,Staff,78.4,347700,1.5,72.2,North America,Working class,Yes,100.0,83.0
TSLA-0907,David Park,Tesla,TSLA,Engineering,Staff,87.9,124600,3.2,60.6,South Asia,Upper-middle,No,37.8,76.9
TSLA-0908,Michael Garcia,Tesla,TSLA,Manufacturing,Principal,63.8,984600,7.8,60.4,North America,Lower-middle,No,60.9,64.3
TSLA-0909,Raj Ali,Tesla,TSLA,Operations,Senior,67.4,156700,6.5,57.7,South Asia,Working class,Yes,91.1,71.4
TSLA-0910,Wei Park,Tesla,TSLA,Manufacturing,Staff,55.8,159800,0.7,70.2,South Asia,Middle,Yes,65.5,80.3
TSLA-0911,Aisha Lopez,Tesla,TSLA,Engineering,Senior,80.1,89600,1.3,73.9,North America,Lower-middle,No,77.9,65.2
TSLA-0912,James Murphy,Tesla,TSLA,Operations,Senior,62.9,547200,3.2,57.9,North America,Middle,No,52.1,74.3
TSLA-0913,Yuki Nguyen,Tesla,TSLA,Operations,Senior,73.1,228100,0.4,70.1,North America,Middle,No,49.2,62.4
TSLA-0914,Kevin Lopez,Tesla,TSLA,Manufacturing,Principal,87.6,255800,2.3,60.5,South Asia,Lower-middle,No,75.1,68.9
TSLA-0915,Hannah Hassan,Tesla,TSLA,Manufacturing,Principal,64.9,480600,4.6,73.6,North America,Middle,No,44.7,63.7
TSLA-0916,Zoe Okafor,Tesla,TSLA,Engineering,Senior,93.4,224300,5.0,70.0,North America,Lower-middle,Yes,78.8,78.4
TSLA-0917,Samuel Ali,Tesla,TSLA,Engineering,Staff,65.5,141000,1.7,67.2,South Asia,Middle,No,47.3,84.4
TSLA-0918,Carlos Lee,Tesla,TSLA,Sales & Service,Staff,76.6,195100,2.4,58.2,Europe,Middle,No,46.3,74.0
TSLA-0919,Thomas Brown,Tesla,TSLA,Manufacturing,Director,55.8,404100,4.9,68.8,South Asia,Upper-middle,Yes,49.7,63.8
TSLA-0920,Grace Davis,Tesla,TSLA,Manufacturing,Director,91.5,1964000,6.6,69.4,North America,Working class,Yes,87.3,86.2
TSLA-0921,Arjun Silva,Tesla,TSLA,Sales & Service,Staff,81.1,449500,2.2,78.1,Middle East,Working class,Yes,97.0,68.4
TSLA-0922,Wei Petrov,Tesla,TSLA,Manufacturing,Senior,76.7,543300,7.0,65.8,North America,Middle,Yes,60.4,84.9
TSLA-0923,Wei Cohen,Tesla,TSLA,Engineering,SVP,88.0,2950200,8.1,69.3,South Asia,Middle,No,48.4,76.2
TSLA-0924,Daniel Schmidt,Tesla,TSLA,Engineering,Staff,63.1,320100,1.6,63.3,South Asia,Working class,No,69.2,67.0
TSLA-0925,Sofia Martinez,Tesla,TSLA,Engineering,Staff,86.9,740100,3.1,69.2,North America,Affluent,No,27.9,78.3
TSLA-0926,Aisha Park,Tesla,TSLA,Energy/Charging,Staff,93.8,533900,6.7,62.9,North America,Upper-middle,No,52.0,86.1
TSLA-0927,Grace Davis,Tesla,TSLA,Engineering,Staff,73.5,456300,1.5,65.6,South Asia,Lower-middle,Yes,78.3,77.6
TSLA-0928,Daniel Brown,Tesla,TSLA,Autonomy & AI,Senior,85.6,229600,3.9,57.6,South Asia,Upper-middle,No,35.4,67.0
TSLA-0929,Grace Kim,Tesla,TSLA,Autonomy & AI,Senior Director,82.3,363500,5.0,75.6,Latin America,Lower-middle,Yes,65.9,65.4
TSLA-0930,Priya Cohen,Tesla,TSLA,Engineering,Senior,73.4,249600,4.8,73.3,North America,Working class,Yes,94.2,81.4
TSLA-0931,James Garcia,Tesla,TSLA,Engineering,VP,88.5,370800,11.4,75.8,North America,Lower-middle,Yes,56.5,75.3
TSLA-0932,Chen Schmidt,Tesla,TSLA,Engineering,Principal,78.1,453600,6.9,76.6,North America,Upper-middle,No,43.9,70.3
TSLA-0933,Kevin Nguyen,Tesla,TSLA,Engineering,Principal,73.3,337400,5.7,61.9,Europe,Lower-middle,No,58.2,77.9
TSLA-0934,Grace Silva,Tesla,TSLA,Energy/Charging,Director,85.5,432000,9.1,71.8,Southeast Asia,Middle,No,51.9,83.5
TSLA-0935,Samuel Petrov,Tesla,TSLA,Autonomy & AI,Senior,77.4,133600,4.5,72.3,Europe,Lower-middle,Yes,68.7,76.3
TSLA-0936,Ahmed Lopez,Tesla,TSLA,Engineering,Principal,83.1,89300,5.3,71.3,North America,Affluent,No,36.3,80.1
TSLA-0937,Kevin Ali,Tesla,TSLA,Energy/Charging,Senior,63.3,153900,1.3,66.2,East Asia,Upper-middle,No,41.4,68.8
TSLA-0938,Fatima Martinez,Tesla,TSLA,Operations,Staff,56.6,277300,4.2,63.2,South Asia,Lower-middle,Yes,76.0,77.0
TSLA-0939,Sofia Patel,Tesla,TSLA,Engineering,Staff,56.6,157900,1.6,78.6,East Asia,Middle,Yes,65.4,83.4
TSLA-0940,Wei Wang,Tesla,TSLA,Energy/Charging,VP,78.6,1223200,10.0,78.7,Oceania,Lower-middle,No,74.6,68.3
TSLA-0941,Olivia Chen,Tesla,TSLA,Engineering,Staff,82.0,400900,2.7,61.4,North America,Upper-middle,No,34.8,73.3
TSLA-0942,Maria Tanaka,Tesla,TSLA,Operations,Principal,68.4,104600,4.7,68.9,East Asia,Working class,Yes,94.0,70.7
TSLA-0943,Linda Hassan,Tesla,TSLA,Manufacturing,Senior Director,76.5,392800,6.5,76.9,North America,Middle,Yes,59.7,79.8
TSLA-0944,Emily Okafor,Tesla,TSLA,Engineering,Senior,83.5,268500,5.0,79.7,Middle East,Upper-middle,Yes,48.7,84.5
TSLA-0945,Samuel Yamamoto,Tesla,TSLA,Autonomy & AI,Staff,54.2,307600,7.1,64.7,South Asia,Middle,Yes,52.6,71.8
TSLA-0946,Nina Khan,Tesla,TSLA,Engineering,Staff,63.3,146400,8.8,70.1,North America,Middle,No,48.4,82.1
TSLA-0947,David Wang,Tesla,TSLA,Manufacturing,Principal,68.3,112700,6.2,73.8,East Asia,Upper-middle,No,45.8,77.5
TSLA-0948,Ahmed Khan,Tesla,TSLA,Manufacturing,VP,74.9,529600,6.8,77.0,South Asia,Middle,No,37.2,69.9
TSLA-0949,Ahmed Murphy,Tesla,TSLA,Manufacturing,Director,79.9,377700,3.5,72.6,North America,Working class,No,77.5,82.2
TSLA-0950,Arjun Nguyen,Tesla,TSLA,Sales & Service,Senior,48.7,304400,6.0,65.3,South Asia,Upper-middle,No,31.1,84.9
TSLA-0951,Kevin Johnson,Tesla,TSLA,Engineering,Principal,70.4,156800,4.7,71.5,South Asia,Upper-middle,No,45.9,76.8
TSLA-0952,Zoe Wilson,Tesla,TSLA,Engineering,Senior,76.2,474600,10.1,62.4,Europe,Middle,Yes,62.3,83.0
TSLA-0953,Daniel Singh,Tesla,TSLA,Engineering,Senior,72.1,317400,4.6,63.9,South Asia,Upper-middle,No,42.2,74.5
TSLA-0954,Aisha Hassan,Tesla,TSLA,Sales & Service,Principal,67.5,193400,4.8,64.8,South Asia,Middle,No,51.2,76.9
TSLA-0955,Samuel Nguyen,Tesla,TSLA,Energy/Charging,Principal,68.1,317600,1.8,87.8,East Asia,Middle,Yes,55.3,64.0
TSLA-0956,Daniel Patel,Tesla,TSLA,Engineering,Director,100.0,156500,7.0,80.3,East Asia,Lower-middle,No,70.6,85.2
TSLA-0957,Hannah Anderson,Tesla,TSLA,Manufacturing,Senior,85.9,134500,5.9,64.1,East Asia,Lower-middle,Yes,78.6,56.8
TSLA-0958,Chen Davis,Tesla,TSLA,Manufacturing,Senior,72.1,355700,1.2,57.6,North America,Working class,No,82.6,71.8
TSLA-0959,Linda Wilson,Tesla,TSLA,Autonomy & AI,VP,80.0,781800,23.2,74.9,Europe,Upper-middle,No,38.4,79.1
TSLA-0960,Aisha Martinez,Tesla,TSLA,Manufacturing,Senior Director,100.0,957700,9.6,82.1,South Asia,Middle,No,53.0,92.2
TSLA-0961,Elena Cohen,Tesla,TSLA,Engineering,VP,68.8,1405500,5.7,86.1,South Asia,Upper-middle,No,38.5,66.9
TSLA-0962,Daniel Anderson,Tesla,TSLA,Engineering,Senior Director,88.5,522300,5.6,71.6,North America,Affluent,No,21.1,81.6
TSLA-0963,Olivia Brown,Tesla,TSLA,Manufacturing,Staff,91.5,554900,2.2,70.3,South Asia,Lower-middle,Yes,80.5,86.1
TSLA-0964,Carlos Ali,Tesla,TSLA,Engineering,Director,88.9,608600,6.2,81.1,East Asia,Lower-middle,No,56.9,71.3
TSLA-0965,Grace Khan,Tesla,TSLA,Operations,Senior Director,77.7,362800,8.9,70.0,North America,Upper-middle,No,39.7,74.9
TSLA-0966,Raj Rossi,Tesla,TSLA,Autonomy & AI,Staff,70.2,381700,4.4,69.9,South Asia,Lower-middle,No,56.8,100.0
TSLA-0967,Thomas Khan,Tesla,TSLA,Energy/Charging,Staff,79.2,87200,4.8,65.5,Southeast Asia,Working class,Yes,93.7,65.3
TSLA-0968,Priya Park,Tesla,TSLA,Energy/Charging,Principal,53.2,213900,3.4,70.0,North America,Middle,Yes,49.9,61.6
TSLA-0969,Chen Wilson,Tesla,TSLA,Autonomy & AI,Senior Director,95.7,831600,7.6,84.0,East Asia,Working class,Yes,81.6,87.7
TSLA-0970,Hiroshi Kim,Tesla,TSLA,Sales & Service,Senior,67.5,219400,2.0,60.6,North America,Lower-middle,Yes,70.2,81.1
TSLA-0971,Yuki Park,Tesla,TSLA,Legal & Policy,Staff,80.1,256000,6.4,58.8,South Asia,Affluent,No,24.9,92.2
TSLA-0972,Raj Chen,Tesla,TSLA,Operations,Principal,62.1,244400,2.9,63.4,North America,Upper-middle,No,28.1,56.7
TSLA-0973,Hiroshi Lee,Tesla,TSLA,Finance,Senior,51.7,173000,3.1,51.4,South Asia,Upper-middle,Yes,52.3,70.3
TSLA-0974,Thomas Wang,Tesla,TSLA,Engineering,Director,91.4,460400,4.3,72.1,North America,Lower-middle,Yes,81.6,76.4
TSLA-0975,Yuki Cohen,Tesla,TSLA,Sales & Service,SVP,74.1,717800,7.0,79.5,Southeast Asia,Upper-middle,No,48.0,84.1
TSLA-0976,Sofia Lopez,Tesla,TSLA,Engineering,Staff,73.0,132700,6.6,57.0,East Asia,Working class,No,71.7,79.4
TSLA-0977,Olivia Johnson,Tesla,TSLA,Finance,Senior,73.6,146200,1.0,54.4,Europe,Lower-middle,No,58.6,82.8
TSLA-0978,Yuki Brown,Tesla,TSLA,Autonomy & AI,Staff,87.6,218100,2.8,76.3,South Asia,Lower-middle,Yes,72.5,84.0
TSLA-0979,Wei Nguyen,Tesla,TSLA,Engineering,Staff,69.0,159000,4.3,66.3,North America,Middle,No,45.6,73.7
TSLA-0980,Elena Lopez,Tesla,TSLA,People/HR,Director,61.5,797500,9.4,77.8,East Asia,Lower-middle,No,52.5,93.4
TSLA-0981,Thomas Nguyen,Tesla,TSLA,Energy/Charging,Director,64.5,476900,5.3,65.2,Africa,Middle,No,54.5,56.3
TSLA-0982,Arjun Schmidt,Tesla,TSLA,Manufacturing,Director,100.0,459300,2.8,79.8,Southeast Asia,Lower-middle,No,69.8,88.7
TSLA-0983,Maria Wang,Tesla,TSLA,Operations,Senior Director,84.8,348400,5.5,75.7,East Asia,Upper-middle,No,49.3,65.7
TSLA-0984,Michael Petrov,Tesla,TSLA,Manufacturing,Senior,64.1,220200,2.0,61.7,North America,Lower-middle,No,73.6,69.6
TSLA-0985,Chen Yamamoto,Tesla,TSLA,Manufacturing,Senior Director,73.6,642100,11.0,63.9,North America,Upper-middle,No,31.2,67.9
TSLA-0986,Linda Cohen,Tesla,TSLA,Autonomy & AI,VP,100.0,1342100,20.7,67.5,South Asia,Middle,No,55.0,82.7
TSLA-0987,Emily Garcia,Tesla,TSLA,Energy/Charging,Senior,74.5,223300,1.3,65.3,South Asia,Affluent,No,16.8,57.6
TSLA-0988,Grace Anderson,Tesla,TSLA,Operations,Staff,90.5,656700,5.3,74.5,Latin America,Middle,No,54.0,66.2
TSLA-0989,John Okafor,Tesla,TSLA,Sales & Service,Director,66.9,388100,4.7,90.3,North America,Middle,Yes,54.6,97.0
TSLA-0990,Kevin Rossi,Tesla,TSLA,People/HR,Director,65.4,812800,4.9,83.7,South Asia,Working class,Yes,100.0,76.2
TSLA-0991,Michael Ali,Tesla,TSLA,Sales & Service,Staff,49.4,84900,1.0,59.4,South Asia,Affluent,No,42.8,71.4
TSLA-0992,Sofia Brown,Tesla,TSLA,Engineering,Principal,79.9,235800,3.8,76.5,South Asia,Middle,No,54.8,82.7
TSLA-0993,Samuel Khan,Tesla,TSLA,Engineering,Principal,90.1,830400,7.6,64.0,North America,Middle,No,53.5,95.8
TSLA-0994,Hannah Johnson,Tesla,TSLA,Sales & Service,Staff,89.8,461700,1.3,80.2,Europe,Middle,Yes,60.0,91.6
TSLA-0995,Fatima Cohen,Tesla,TSLA,Autonomy & AI,Senior,72.1,143300,3.4,58.2,North America,Lower-middle,No,59.5,72.9
TSLA-0996,Fatima Anderson,Tesla,TSLA,Manufacturing,Staff,63.6,386300,1.4,87.3,Oceania,Lower-middle,No,65.3,86.6
TSLA-0997,Priya Wang,Tesla,TSLA,Engineering,Principal,90.6,254500,8.4,88.0,North America,Lower-middle,Yes,81.8,83.6
TSLA-0998,John Ali,Tesla,TSLA,Sales & Service,Staff,73.1,166600,5.9,65.1,Europe,Working class,Yes,100.0,89.3
TSLA-0999,Wei Reyes,Tesla,TSLA,Operations,Senior Director,74.3,550900,5.8,74.3,South Asia,Lower-middle,No,69.7,95.6
TSLA-1000,Michael Hassan,Tesla,TSLA,Autonomy & AI,Principal,57.4,641400,6.9,69.4,North America,Upper-middle,Yes,51.3,73.1
