employee_id,name,company,ticker,department,level,performance_score,total_compensation_usd,tenure_years,potential_index,origin_region,socioeconomic_origin,first_generation_professional,adversity_origin_score,mental_strength
SPACEX-0001,Carlos Okafor,SpaceX,SPACEX,Finance,VP,74.1,1151700,5.3,67.2,North America,Middle,No,60.0,76.6
SPACEX-0002,Thomas Okafor,SpaceX,SPACEX,People/HR,VP,78.1,1096800,8.1,80.6,North America,Middle,No,62.6,83.7
SPACEX-0003,Elena Hassan,SpaceX,SPACEX,AI (xAI),Staff,85.5,311700,3.1,70.7,North America,Lower-middle,Yes,81.2,85.2
SPACEX-0004,Raj Reyes,SpaceX,SPACEX,Engineering,Principal,74.4,179700,5.4,82.6,North America,Working class,Yes,87.4,83.8
SPACEX-0005,Hiroshi Tanaka,SpaceX,SPACEX,Finance,Senior,70.2,69300,7.3,73.5,North America,Lower-middle,No,63.6,80.2
SPACEX-0006,Kevin Murphy,SpaceX,SPACEX,AI (xAI),Senior,98.2,134500,4.3,72.7,North America,Lower-middle,No,67.9,69.6
SPACEX-0007,Daniel Schmidt,SpaceX,SPACEX,Engineering,Staff,79.3,169900,3.5,75.5,East Asia,Middle,No,46.7,79.0
SPACEX-0008,Nina Garcia,SpaceX,SPACEX,Engineering,Staff,71.4,327400,1.7,72.5,South Asia,Middle,No,49.6,80.1
SPACEX-0009,Maria Nguyen,SpaceX,SPACEX,Legal & Policy,Senior,85.5,338300,5.9,68.4,North America,Working class,Yes,92.5,78.2
SPACEX-0010,Hannah Nguyen,SpaceX,SPACEX,Engineering,Staff,79.4,387200,1.7,72.6,North America,Middle,No,35.5,78.6
SPACEX-0011,Wei Okafor,SpaceX,SPACEX,Operations,VP,79.8,210000,10.4,69.5,North America,Middle,No,57.0,76.3
SPACEX-0012,Sofia Reyes,SpaceX,SPACEX,Manufacturing,Senior,74.3,191300,0.7,73.7,Europe,Upper-middle,No,48.7,85.3
SPACEX-0013,Linda Davis,SpaceX,SPACEX,Operations,Senior Director,72.2,894900,7.2,81.0,North America,Working class,Yes,87.3,90.5
SPACEX-0014,Grace Cohen,SpaceX,SPACEX,Engineering,Senior,75.2,187100,5.3,62.9,North America,Affluent,No,39.5,95.3
SPACEX-0015,Sofia Reyes,SpaceX,SPACEX,Operations,Senior,82.7,48600,5.8,65.1,Africa,Lower-middle,No,76.7,82.0
SPACEX-0016,Hannah Petrov,SpaceX,SPACEX,Avionics & Software,Staff,70.6,424300,6.6,63.7,North America,Upper-middle,No,34.5,65.8
SPACEX-0017,Kevin Silva,SpaceX,SPACEX,Engineering,Staff,84.8,106500,7.3,73.6,North America,Middle,Yes,58.2,77.7
SPACEX-0018,Grace Davis,SpaceX,SPACEX,Avionics & Software,Senior Director,86.3,249200,4.4,79.0,East Asia,Lower-middle,No,54.9,75.4
SPACEX-0019,Sofia Cohen,SpaceX,SPACEX,Manufacturing,Staff,81.9,192100,4.7,77.0,North America,Middle,No,61.9,89.4
SPACEX-0020,James Silva,SpaceX,SPACEX,Operations,Senior,69.4,79000,3.1,61.0,North America,Lower-middle,No,64.5,81.9
SPACEX-0021,Yuki Johnson,SpaceX,SPACEX,Operations,Staff,93.8,184200,1.3,66.2,North America,Middle,No,66.0,80.6
SPACEX-0022,Michael Okafor,SpaceX,SPACEX,Avionics & Software,Senior,82.5,97900,1.6,63.7,Europe,Upper-middle,No,31.8,75.6
SPACEX-0023,Olivia Martinez,SpaceX,SPACEX,Avionics & Software,VP,70.3,451900,7.1,69.9,North America,Middle,Yes,68.9,76.6
SPACEX-0024,Zoe Wilson,SpaceX,SPACEX,Engineering,Senior,75.6,276300,3.2,63.0,North America,Middle,No,47.6,85.4
SPACEX-0025,Maria Park,SpaceX,SPACEX,AI (xAI),Staff,78.7,157600,2.8,73.0,South Asia,Working class,Yes,81.4,80.9
SPACEX-0026,Nina Davis,SpaceX,SPACEX,Avionics & Software,VP,93.3,1000700,7.7,72.7,North America,Upper-middle,No,24.9,80.0
SPACEX-0027,Elena Kim,SpaceX,SPACEX,Manufacturing,Director,64.6,402700,3.7,66.5,South Asia,Upper-middle,No,47.6,88.5
SPACEX-0028,Linda Park,SpaceX,SPACEX,Manufacturing,Senior,100.0,381900,4.2,73.5,North America,Affluent,No,31.7,83.4
SPACEX-0029,Fatima Davis,SpaceX,SPACEX,Avionics & Software,Staff,76.6,178800,3.4,77.8,North America,Middle,No,42.8,72.2
SPACEX-0030,Priya Murphy,SpaceX,SPACEX,Avionics & Software,VP,84.5,602400,5.7,61.4,North America,Affluent,No,24.6,66.8
SPACEX-0031,Priya Chen,SpaceX,SPACEX,Avionics & Software,Senior,75.9,193000,7.8,87.7,North America,Working class,Yes,100.0,88.4
SPACEX-0032,Arjun Smith,SpaceX,SPACEX,Manufacturing,Senior Director,68.7,180100,4.9,71.2,South Asia,Lower-middle,No,72.4,99.1
SPACEX-0033,Priya Wilson,SpaceX,SPACEX,Engineering,Senior,76.8,90200,8.1,68.8,North America,Upper-middle,No,34.5,60.2
SPACEX-0034,Linda Rossi,SpaceX,SPACEX,Operations,Senior,72.0,219600,2.8,72.8,North America,Upper-middle,No,39.3,97.3
SPACEX-0035,Wei Patel,SpaceX,SPACEX,AI (xAI),VP,70.2,417600,9.5,78.2,North America,Middle,No,35.2,71.8
SPACEX-0036,James Wang,SpaceX,SPACEX,Engineering,Principal,80.3,550600,4.9,63.3,North America,Middle,Yes,45.2,70.9
SPACEX-0037,Kevin Hassan,SpaceX,SPACEX,AI (xAI),Staff,69.6,200800,12.7,79.0,North America,Working class,No,84.5,81.2
SPACEX-0038,Raj Murphy,SpaceX,SPACEX,Engineering,Senior,99.3,337500,5.0,62.7,North America,Lower-middle,Yes,52.6,83.3
SPACEX-0039,Nina Johnson,SpaceX,SPACEX,Engineering,Senior,80.4,143700,1.2,75.5,Europe,Lower-middle,No,77.1,79.3
SPACEX-0040,Raj Singh,SpaceX,SPACEX,Operations,Principal,80.8,351300,3.8,78.0,North America,Middle,No,52.9,84.8
SPACEX-0041,Carlos Park,SpaceX,SPACEX,AI (xAI),Staff,90.5,303100,11.6,72.0,North America,Lower-middle,Yes,81.0,68.6
SPACEX-0042,Raj Hassan,SpaceX,SPACEX,Launch & Test,Staff,85.6,153100,2.3,77.9,North America,Lower-middle,No,56.9,72.0
SPACEX-0043,Arjun Wang,SpaceX,SPACEX,AI (xAI),VP,80.2,146400,13.2,72.8,North America,Middle,No,65.4,83.3
SPACEX-0044,Nina Yamamoto,SpaceX,SPACEX,Manufacturing,Senior Director,80.2,186600,6.8,74.0,Southeast Asia,Affluent,No,18.3,71.4
SPACEX-0045,Olivia Schmidt,SpaceX,SPACEX,Manufacturing,Staff,81.5,371100,4.1,65.8,North America,Middle,No,55.5,84.0
SPACEX-0046,Priya Yamamoto,SpaceX,SPACEX,Engineering,Director,87.6,486300,5.4,66.5,Southeast Asia,Working class,Yes,94.0,89.3
SPACEX-0047,Aisha Nguyen,SpaceX,SPACEX,Engineering,Staff,71.2,156300,3.3,78.0,North America,Upper-middle,No,51.4,88.4
SPACEX-0048,Ahmed Wang,SpaceX,SPACEX,Launch & Test,VP,87.5,1519500,6.8,68.8,North America,Lower-middle,No,70.8,73.6
SPACEX-0049,Wei Wang,SpaceX,SPACEX,Engineering,Senior,78.3,149100,4.1,76.6,North America,Lower-middle,Yes,65.9,91.8
SPACEX-0050,Chen Lee,SpaceX,SPACEX,AI (xAI),SVP,94.9,1748700,8.4,59.1,East Asia,Lower-middle,No,67.4,68.8
SPACEX-0051,Fatima Nguyen,SpaceX,SPACEX,Engineering,Staff,58.4,103900,6.7,71.7,North America,Working class,Yes,95.5,95.2
SPACEX-0052,Mary Okafor,SpaceX,SPACEX,AI (xAI),Senior,100.0,127700,3.8,62.0,North America,Lower-middle,Yes,77.8,73.5
SPACEX-0053,James Schmidt,SpaceX,SPACEX,Engineering,Staff,82.1,241300,5.6,60.3,North America,Lower-middle,Yes,82.4,95.0
SPACEX-0054,Elena Khan,SpaceX,SPACEX,Launch & Test,Staff,78.9,238500,6.8,72.8,North America,Upper-middle,No,31.3,57.3
SPACEX-0055,Thomas Davis,SpaceX,SPACEX,Engineering,Principal,95.1,162100,9.0,72.9,North America,Middle,No,51.2,79.2
SPACEX-0056,Carlos Tanaka,SpaceX,SPACEX,Engineering,Principal,67.3,116800,2.2,70.6,North America,Upper-middle,Yes,49.6,65.6
SPACEX-0057,Elena Wilson,SpaceX,SPACEX,Manufacturing,Staff,89.3,193100,0.9,80.4,North America,Lower-middle,No,72.1,87.6
SPACEX-0058,Hiroshi Petrov,SpaceX,SPACEX,Engineering,Staff,85.0,257400,12.0,66.9,North America,Middle,No,49.0,72.6
SPACEX-0059,David Wilson,SpaceX,SPACEX,Engineering,Director,93.3,961300,13.5,74.8,South Asia,Working class,Yes,91.6,83.8
SPACEX-0060,Maria Murphy,SpaceX,SPACEX,Avionics & Software,Senior,91.1,134500,4.3,78.7,North America,Middle,No,52.2,59.3
SPACEX-0061,Elena Petrov,SpaceX,SPACEX,Engineering,Staff,64.1,206700,5.1,59.0,North America,Upper-middle,No,36.1,76.8
SPACEX-0062,James Patel,SpaceX,SPACEX,Manufacturing,Director,74.9,822300,3.6,80.2,Europe,Lower-middle,Yes,71.2,86.1
SPACEX-0063,Fatima Wang,SpaceX,SPACEX,Manufacturing,Senior,85.4,111600,2.5,81.5,North America,Upper-middle,No,31.4,94.4
SPACEX-0064,Sofia Yamamoto,SpaceX,SPACEX,Engineering,Staff,73.4,67700,2.2,60.6,North America,Upper-middle,No,43.4,75.9
SPACEX-0065,Hannah Nguyen,SpaceX,SPACEX,Manufacturing,VP,75.0,425600,6.2,68.6,North America,Middle,No,58.6,60.8
SPACEX-0066,Elena Silva,SpaceX,SPACEX,Engineering,Senior,75.8,170200,1.3,63.9,North America,Lower-middle,No,70.4,71.9
SPACEX-0067,David Smith,SpaceX,SPACEX,Manufacturing,Senior,85.0,149200,1.4,72.1,North America,Middle,No,50.6,87.5
SPACEX-0068,Thomas Okafor,SpaceX,SPACEX,Engineering,Staff,86.2,249600,4.3,57.8,North America,Upper-middle,No,54.1,75.5
SPACEX-0069,Fatima Wang,SpaceX,SPACEX,Manufacturing,Senior,71.3,194500,6.0,67.0,North America,Middle,No,60.0,93.9
SPACEX-0070,Arjun Wilson,SpaceX,SPACEX,Operations,Senior Director,85.0,488500,6.7,70.2,Europe,Lower-middle,Yes,67.4,95.6
SPACEX-0071,Hiroshi Khan,SpaceX,SPACEX,Supply Chain,Senior,76.5,99300,5.4,61.1,North America,Upper-middle,No,54.0,75.4
SPACEX-0072,Thomas Davis,SpaceX,SPACEX,Manufacturing,Senior Director,85.5,1557200,4.3,64.0,Europe,Middle,Yes,54.0,70.6
SPACEX-0073,Fatima Yamamoto,SpaceX,SPACEX,Engineering,Senior Director,86.8,529200,11.3,75.0,North America,Upper-middle,No,19.6,75.1
SPACEX-0074,Chen Brown,SpaceX,SPACEX,Manufacturing,Staff,69.1,137400,1.1,73.8,North America,Lower-middle,No,57.4,52.8
SPACEX-0075,Fatima Johnson,SpaceX,SPACEX,Manufacturing,Senior,74.2,319600,6.8,62.7,Southeast Asia,Upper-middle,No,29.2,60.6
SPACEX-0076,Thomas Silva,SpaceX,SPACEX,Operations,Senior,82.8,149000,6.4,69.2,North America,Lower-middle,No,66.9,86.8
SPACEX-0077,Ahmed Murphy,SpaceX,SPACEX,Engineering,Staff,71.5,168000,3.1,71.1,North America,Lower-middle,Yes,83.8,98.2
SPACEX-0078,Zoe Brown,SpaceX,SPACEX,Manufacturing,Principal,79.1,67500,11.9,62.1,North America,Lower-middle,Yes,62.6,90.6
SPACEX-0079,Thomas Park,SpaceX,SPACEX,Engineering,Staff,86.4,290900,1.1,65.5,North America,Affluent,No,30.2,75.7
SPACEX-0080,Thomas Cohen,SpaceX,SPACEX,Manufacturing,Staff,88.6,195100,2.1,68.2,North America,Working class,No,91.6,77.5
SPACEX-0081,Sofia Murphy,SpaceX,SPACEX,Manufacturing,Principal,88.6,181900,3.9,76.9,North America,Middle,No,60.5,84.2
SPACEX-0082,Chen Davis,SpaceX,SPACEX,Engineering,SVP,80.4,1288200,9.8,80.0,North America,Middle,No,57.1,75.9
SPACEX-0083,Olivia Kim,SpaceX,SPACEX,Manufacturing,Senior,85.0,87600,0.7,66.4,North America,Upper-middle,No,48.5,77.7
SPACEX-0084,Ahmed Cohen,SpaceX,SPACEX,Operations,Principal,98.2,750600,3.3,77.3,North America,Lower-middle,No,69.9,88.7
SPACEX-0085,Carlos Ali,SpaceX,SPACEX,Engineering,Senior,68.7,64400,0.4,70.8,North America,Middle,No,57.8,74.9
SPACEX-0086,Emily Brown,SpaceX,SPACEX,Engineering,Staff,69.6,206600,2.0,73.9,North America,Lower-middle,Yes,86.3,83.4
SPACEX-0087,Carlos Khan,SpaceX,SPACEX,Engineering,Senior,85.1,147800,1.9,69.3,North America,Working class,Yes,96.1,70.0
SPACEX-0088,Sofia Wilson,SpaceX,SPACEX,People/HR,Senior,91.1,188300,8.0,64.1,North America,Working class,No,74.9,83.4
SPACEX-0089,David Anderson,SpaceX,SPACEX,Engineering,Principal,98.4,578600,16.5,84.6,North America,Upper-middle,No,47.7,98.1
SPACEX-0090,Hiroshi Davis,SpaceX,SPACEX,Manufacturing,Staff,80.1,140000,5.5,70.5,Latin America,Middle,No,53.5,81.7
SPACEX-0091,Priya Davis,SpaceX,SPACEX,Finance,Staff,77.2,250800,5.0,71.0,North America,Lower-middle,No,62.3,80.8
SPACEX-0092,Mary Cohen,SpaceX,SPACEX,Finance,Principal,85.6,221300,5.3,76.6,North America,Working class,Yes,91.7,79.2
SPACEX-0093,Daniel Kim,SpaceX,SPACEX,Launch & Test,Staff,75.4,131400,8.7,70.8,North America,Middle,No,53.7,76.4
SPACEX-0094,John Yamamoto,SpaceX,SPACEX,Engineering,Staff,84.4,376300,1.3,74.6,East Asia,Lower-middle,Yes,84.4,84.5
SPACEX-0095,Daniel Johnson,SpaceX,SPACEX,Manufacturing,Senior,63.8,53500,3.6,61.7,North America,Lower-middle,Yes,62.8,77.7
SPACEX-0096,Emily Lopez,SpaceX,SPACEX,Manufacturing,Senior,83.6,149900,3.7,65.4,North America,Middle,No,52.8,75.4
SPACEX-0097,Ahmed Lee,SpaceX,SPACEX,Engineering,Principal,85.6,113800,3.6,60.2,North America,Affluent,No,31.1,70.1
SPACEX-0098,Ahmed Martinez,SpaceX,SPACEX,Engineering,Senior,61.1,431400,6.1,65.1,South Asia,Middle,No,52.6,87.8
SPACEX-0099,Wei Anderson,SpaceX,SPACEX,AI (xAI),Senior,76.0,200000,5.2,64.2,North America,Lower-middle,No,57.2,86.5
SPACEX-0100,Thomas Murphy,SpaceX,SPACEX,Engineering,Staff,86.1,164700,4.4,79.8,North America,Lower-middle,Yes,80.7,87.8
SPACEX-0101,Daniel Garcia,SpaceX,SPACEX,Avionics & Software,Principal,99.0,217900,4.2,73.1,North America,Middle,Yes,64.4,78.3
SPACEX-0102,Olivia Garcia,SpaceX,SPACEX,Launch & Test,Senior,71.4,167000,7.0,60.6,North America,Affluent,No,24.3,79.1
SPACEX-0103,Mary Schmidt,SpaceX,SPACEX,Manufacturing,Director,73.9,783800,8.8,79.4,North America,Lower-middle,No,67.7,95.1
SPACEX-0104,Samuel Lopez,SpaceX,SPACEX,Operations,Senior,65.8,113700,1.4,63.0,North America,Upper-middle,Yes,50.0,71.6
SPACEX-0105,Arjun Silva,SpaceX,SPACEX,Operations,Staff,89.3,703700,1.5,65.2,North America,Lower-middle,Yes,70.1,83.2
SPACEX-0106,Zoe Chen,SpaceX,SPACEX,Manufacturing,Senior,71.8,176300,0.4,79.9,North America,Lower-middle,Yes,84.8,81.0
SPACEX-0107,Ahmed Silva,SpaceX,SPACEX,Engineering,Staff,62.0,600300,3.0,54.1,North America,Middle,No,47.4,54.8
SPACEX-0108,Aisha Singh,SpaceX,SPACEX,Engineering,Principal,86.1,344900,3.9,80.8,Europe,Working class,Yes,90.2,80.5
SPACEX-0109,Emily Wang,SpaceX,SPACEX,Engineering,Senior Director,67.7,553800,9.7,72.1,North America,Middle,No,46.6,81.5
SPACEX-0110,Thomas Garcia,SpaceX,SPACEX,Engineering,Senior Director,87.4,708700,6.8,80.2,North America,Affluent,No,14.0,62.3
SPACEX-0111,Maria Smith,SpaceX,SPACEX,Engineering,Staff,77.7,136500,4.8,55.3,North America,Working class,Yes,88.3,86.7
SPACEX-0112,Fatima Rossi,SpaceX,SPACEX,Manufacturing,Principal,80.8,296900,6.0,67.5,North America,Lower-middle,No,51.9,75.1
SPACEX-0113,Maria Lopez,SpaceX,SPACEX,Manufacturing,Staff,82.1,596700,5.6,72.9,North America,Working class,Yes,88.4,71.5
SPACEX-0114,Zoe Martinez,SpaceX,SPACEX,Manufacturing,Principal,83.3,139100,2.9,64.0,North America,Affluent,No,12.6,65.6
SPACEX-0115,Priya Okafor,SpaceX,SPACEX,Manufacturing,Director,89.4,334900,10.8,74.5,North America,Middle,Yes,60.2,93.0
SPACEX-0116,Thomas Patel,SpaceX,SPACEX,Manufacturing,Principal,82.9,319800,2.4,83.8,North America,Upper-middle,No,38.8,75.5
SPACEX-0117,Chen Johnson,SpaceX,SPACEX,Engineering,Director,71.3,464500,6.8,73.4,North America,Working class,Yes,84.1,72.7
SPACEX-0118,Thomas Anderson,SpaceX,SPACEX,Avionics & Software,Senior,81.0,382100,6.5,62.5,Middle East,Middle,No,53.0,82.7
SPACEX-0119,Hiroshi Ali,SpaceX,SPACEX,Supply Chain,Staff,57.1,148600,1.3,70.2,North America,Upper-middle,No,41.2,91.7
SPACEX-0120,David Wang,SpaceX,SPACEX,Manufacturing,Director,87.1,597900,3.9,84.4,North America,Working class,Yes,98.0,83.8
SPACEX-0121,Carlos Rossi,SpaceX,SPACEX,Engineering,Senior,79.0,149600,4.0,63.7,North America,Working class,Yes,79.9,78.2
SPACEX-0122,Grace Tanaka,SpaceX,SPACEX,Supply Chain,Staff,69.9,106500,2.8,70.2,South Asia,Working class,Yes,92.8,73.0
SPACEX-0123,Priya Martinez,SpaceX,SPACEX,Engineering,Director,77.3,494300,6.3,75.0,North America,Lower-middle,No,68.2,81.8
SPACEX-0124,Arjun Wang,SpaceX,SPACEX,Engineering,Senior Director,76.2,571000,8.7,82.4,North America,Working class,Yes,89.0,90.5
SPACEX-0125,Priya Wang,SpaceX,SPACEX,Avionics & Software,Director,94.4,381500,4.6,64.7,North America,Working class,No,79.5,90.7
SPACEX-0126,Ahmed Patel,SpaceX,SPACEX,Engineering,VP,74.3,748900,20.3,76.9,North America,Lower-middle,Yes,65.7,72.2
SPACEX-0127,Sofia Tanaka,SpaceX,SPACEX,Manufacturing,Principal,83.0,157800,10.6,69.2,North America,Upper-middle,No,39.2,80.5
SPACEX-0128,Thomas Kim,SpaceX,SPACEX,Engineering,Staff,79.7,240300,2.6,61.0,South Asia,Lower-middle,Yes,72.4,69.4
SPACEX-0129,Priya Murphy,SpaceX,SPACEX,Manufacturing,Principal,100.0,562000,6.7,70.3,North America,Lower-middle,No,72.9,73.8
SPACEX-0130,Samuel Hassan,SpaceX,SPACEX,Engineering,Senior,64.9,101300,6.2,62.1,North America,Middle,Yes,63.4,91.8
SPACEX-0131,Yuki Patel,SpaceX,SPACEX,Engineering,Staff,63.4,160900,7.0,78.6,North America,Middle,Yes,61.1,68.6
SPACEX-0132,Thomas Anderson,SpaceX,SPACEX,Engineering,Principal,64.4,122000,4.4,85.1,North America,Middle,No,59.0,83.5
SPACEX-0133,Mary Patel,SpaceX,SPACEX,Supply Chain,Senior Director,77.2,603300,9.9,74.3,North America,Upper-middle,No,36.7,80.0
SPACEX-0134,Raj Garcia,SpaceX,SPACEX,Engineering,Principal,94.7,88800,6.2,77.7,North America,Middle,No,50.9,82.7
SPACEX-0135,Wei Murphy,SpaceX,SPACEX,Engineering,Senior,68.6,62500,6.0,76.3,North America,Middle,No,56.4,69.2
SPACEX-0136,Ahmed Garcia,SpaceX,SPACEX,Manufacturing,Senior,76.1,116800,7.7,68.2,North America,Lower-middle,No,60.4,85.7
SPACEX-0137,Raj Patel,SpaceX,SPACEX,Engineering,Principal,100.0,225200,8.1,65.1,North America,Lower-middle,No,68.1,93.3
SPACEX-0138,Hiroshi Okafor,SpaceX,SPACEX,Manufacturing,Senior,65.7,87100,0.4,71.7,South Asia,Working class,Yes,78.0,73.3
SPACEX-0139,David Davis,SpaceX,SPACEX,Manufacturing,Director,98.8,362000,7.2,76.6,North America,Middle,Yes,63.9,92.4
SPACEX-0140,Mary Garcia,SpaceX,SPACEX,Manufacturing,Senior,94.7,210300,3.1,73.9,North America,Upper-middle,No,33.7,84.9
SPACEX-0141,Hannah Petrov,SpaceX,SPACEX,Engineering,Senior,79.2,174100,4.4,77.5,East Asia,Working class,Yes,100.0,95.0
SPACEX-0142,Yuki Singh,SpaceX,SPACEX,AI (xAI),Senior,86.2,142700,4.3,73.5,North America,Lower-middle,No,63.1,96.2
SPACEX-0143,Hannah Ali,SpaceX,SPACEX,Engineering,Senior,89.9,223400,1.0,79.9,North America,Affluent,No,27.5,91.4
SPACEX-0144,Aisha Anderson,SpaceX,SPACEX,Engineering,Staff,68.9,151600,4.9,76.8,North America,Affluent,No,25.7,83.8
SPACEX-0145,Chen Hassan,SpaceX,SPACEX,Manufacturing,Senior,86.4,364200,0.5,63.9,North America,Lower-middle,Yes,78.7,81.4
SPACEX-0146,Olivia Wang,SpaceX,SPACEX,Manufacturing,Principal,85.9,701700,8.0,83.0,North America,Upper-middle,No,36.6,66.8
SPACEX-0147,Michael Petrov,SpaceX,SPACEX,Supply Chain,Senior,78.1,133600,0.3,58.1,North America,Lower-middle,Yes,71.4,60.0
SPACEX-0148,Zoe Wang,SpaceX,SPACEX,Engineering,Senior,97.1,523500,1.4,70.7,North America,Upper-middle,Yes,50.0,98.4
SPACEX-0149,Fatima Martinez,SpaceX,SPACEX,Engineering,Senior Director,84.9,364500,8.2,75.0,South Asia,Lower-middle,No,67.3,91.2
SPACEX-0150,Hannah Tanaka,SpaceX,SPACEX,Avionics & Software,Staff,78.4,179400,2.1,56.8,North America,Upper-middle,No,26.4,67.8
SPACEX-0151,Hannah Khan,SpaceX,SPACEX,Supply Chain,Senior,96.1,253000,5.2,74.8,North America,Affluent,No,15.8,68.4
SPACEX-0152,Ahmed Patel,SpaceX,SPACEX,Engineering,Staff,69.1,218900,1.8,69.5,North America,Middle,No,64.0,77.8
SPACEX-0153,Daniel Davis,SpaceX,SPACEX,Manufacturing,Principal,93.9,347100,5.0,84.2,North America,Upper-middle,No,45.6,78.9
SPACEX-0154,Wei Schmidt,SpaceX,SPACEX,Manufacturing,Senior,89.2,128800,2.0,71.2,North America,Middle,No,44.3,83.0
SPACEX-0155,Olivia Tanaka,SpaceX,SPACEX,Operations,Director,72.1,700700,18.1,80.5,North America,Middle,No,55.2,79.9
SPACEX-0156,Olivia Martinez,SpaceX,SPACEX,Manufacturing,Director,93.3,539900,8.4,67.7,South Asia,Lower-middle,No,58.6,82.9
SPACEX-0157,Olivia Murphy,SpaceX,SPACEX,Engineering,Staff,74.2,412600,5.4,72.8,North America,Lower-middle,No,65.7,64.9
SPACEX-0158,Olivia Garcia,SpaceX,SPACEX,Operations,Staff,89.2,291500,1.9,84.4,North America,Upper-middle,No,32.1,80.3
SPACEX-0159,Mary Anderson,SpaceX,SPACEX,Engineering,Director,73.1,383900,3.6,65.0,South Asia,Lower-middle,Yes,62.4,69.5
SPACEX-0160,Ahmed Patel,SpaceX,SPACEX,Engineering,Staff,88.8,364400,8.7,71.8,North America,Lower-middle,Yes,69.6,74.9
SPACEX-0161,Nina Schmidt,SpaceX,SPACEX,Operations,VP,93.6,874200,5.4,81.6,North America,Upper-middle,Yes,56.7,73.3
SPACEX-0162,Samuel Reyes,SpaceX,SPACEX,Engineering,Staff,81.3,157900,4.6,75.5,North America,Affluent,No,29.3,85.5
SPACEX-0163,Wei Tanaka,SpaceX,SPACEX,Manufacturing,Senior,79.1,139200,3.6,90.0,North America,Lower-middle,No,64.4,80.5
SPACEX-0164,Priya Lee,SpaceX,SPACEX,Manufacturing,Senior Director,92.3,510200,14.8,70.5,North America,Affluent,No,20.9,77.4
SPACEX-0165,Arjun Reyes,SpaceX,SPACEX,Launch & Test,Director,100.0,765000,2.8,89.7,North America,Upper-middle,No,37.8,82.3
SPACEX-0166,Kevin Davis,SpaceX,SPACEX,Launch & Test,Staff,74.2,332300,8.0,67.7,North America,Upper-middle,No,29.8,73.4
SPACEX-0167,Hannah Okafor,SpaceX,SPACEX,Engineering,Senior,91.1,364000,6.8,67.9,North America,Working class,No,89.3,77.4
SPACEX-0168,Nina Brown,SpaceX,SPACEX,AI (xAI),Staff,78.2,85400,9.0,66.1,North America,Lower-middle,Yes,69.2,95.5
SPACEX-0169,Zoe Martinez,SpaceX,SPACEX,Launch & Test,Principal,76.4,684700,4.2,79.5,North America,Middle,No,52.8,96.7
SPACEX-0170,David Rossi,SpaceX,SPACEX,Manufacturing,Principal,88.6,158300,5.9,62.6,Middle East,Middle,Yes,69.1,88.6
SPACEX-0171,Aisha Johnson,SpaceX,SPACEX,Engineering,Principal,82.0,185000,5.5,69.3,North America,Affluent,No,23.7,81.6
SPACEX-0172,Olivia Brown,SpaceX,SPACEX,Manufacturing,Staff,88.5,405900,2.2,57.9,North America,Lower-middle,Yes,80.7,84.9
SPACEX-0173,Hiroshi Chen,SpaceX,SPACEX,Engineering,Senior Director,81.0,215700,16.6,76.3,South Asia,Middle,No,51.7,79.5
SPACEX-0174,Yuki Davis,SpaceX,SPACEX,Manufacturing,Senior Director,81.1,967000,10.6,69.9,North America,Middle,No,54.1,79.6
SPACEX-0175,Ahmed Brown,SpaceX,SPACEX,Avionics & Software,Staff,66.1,151600,12.3,76.0,North America,Lower-middle,Yes,67.3,88.4
SPACEX-0176,Fatima Reyes,SpaceX,SPACEX,Supply Chain,Senior,95.0,387200,2.6,67.0,Africa,Lower-middle,Yes,73.5,86.2
SPACEX-0177,Yuki Nguyen,SpaceX,SPACEX,AI (xAI),Director,94.8,556100,6.2,79.7,North America,Affluent,No,30.1,94.8
SPACEX-0178,Nina Martinez,SpaceX,SPACEX,Avionics & Software,Principal,84.4,788100,3.2,62.4,North America,Upper-middle,No,46.9,73.3
SPACEX-0179,Raj Martinez,SpaceX,SPACEX,Engineering,VP,70.3,1226700,4.6,83.3,North America,Lower-middle,Yes,75.5,73.0
SPACEX-0180,Wei Schmidt,SpaceX,SPACEX,Operations,Staff,79.5,423500,0.7,63.9,North America,Middle,Yes,60.6,85.8
SPACEX-0181,Chen Singh,SpaceX,SPACEX,Engineering,Staff,70.1,413200,4.5,67.6,North America,Lower-middle,Yes,77.1,90.6
SPACEX-0182,Hannah Reyes,SpaceX,SPACEX,Manufacturing,VP,81.0,1031100,6.4,72.5,North America,Lower-middle,No,68.2,72.0
SPACEX-0183,Sofia Tanaka,SpaceX,SPACEX,Engineering,Senior,89.3,282500,1.7,70.2,North America,Middle,No,42.6,64.0
SPACEX-0184,Aisha Ali,SpaceX,SPACEX,Manufacturing,Director,75.3,195200,8.0,72.2,North America,Middle,No,53.1,76.2
SPACEX-0185,Sofia Brown,SpaceX,SPACEX,Engineering,Senior,92.6,556300,2.9,63.0,North America,Lower-middle,Yes,71.5,78.0
SPACEX-0186,Hiroshi Murphy,SpaceX,SPACEX,Engineering,Staff,85.1,354700,2.4,62.6,North America,Lower-middle,Yes,79.9,100.0
SPACEX-0187,Elena Wilson,SpaceX,SPACEX,Engineering,Principal,78.9,366300,8.6,83.2,North America,Lower-middle,No,70.2,80.3
SPACEX-0188,Nina Garcia,SpaceX,SPACEX,Manufacturing,VP,90.2,290000,6.0,77.9,North America,Lower-middle,Yes,75.0,99.0
SPACEX-0189,Daniel Ali,SpaceX,SPACEX,Engineering,Senior Director,79.3,229100,9.8,77.3,Europe,Upper-middle,No,32.4,60.5
SPACEX-0190,Mary Schmidt,SpaceX,SPACEX,Launch & Test,Senior,75.3,217700,4.3,69.2,North America,Middle,Yes,60.9,89.3
SPACEX-0191,Zoe Tanaka,SpaceX,SPACEX,Launch & Test,Principal,95.0,535700,4.5,66.5,North America,Lower-middle,No,67.5,85.5
SPACEX-0192,Raj Cohen,SpaceX,SPACEX,Engineering,Principal,80.9,825000,2.7,61.4,North America,Lower-middle,No,64.4,88.9
SPACEX-0193,Sofia Murphy,SpaceX,SPACEX,Operations,Director,91.4,266500,4.9,76.1,North America,Lower-middle,Yes,67.4,78.5
SPACEX-0194,Nina Reyes,SpaceX,SPACEX,Operations,Senior,82.5,164300,2.9,70.3,North America,Upper-middle,Yes,64.3,83.7
SPACEX-0195,Aisha Petrov,SpaceX,SPACEX,Engineering,Senior,84.3,315300,2.9,67.1,North America,Lower-middle,Yes,76.4,78.7
SPACEX-0196,Hiroshi Park,SpaceX,SPACEX,Manufacturing,Senior,86.1,154800,2.3,67.4,North America,Affluent,No,7.2,76.7
SPACEX-0197,Hiroshi Silva,SpaceX,SPACEX,Finance,Principal,65.0,388100,6.3,63.1,Europe,Affluent,Yes,39.8,83.3
SPACEX-0198,Michael Johnson,SpaceX,SPACEX,Engineering,Senior,78.2,182400,1.1,72.0,North America,Middle,No,54.8,81.0
SPACEX-0199,Linda Lopez,SpaceX,SPACEX,Engineering,Director,86.6,218700,10.3,76.4,North America,Middle,No,54.7,69.8
SPACEX-0200,Maria Johnson,SpaceX,SPACEX,Supply Chain,Staff,94.3,208800,5.1,67.5,Latin America,Affluent,No,23.7,64.1
SPACEX-0201,Daniel Chen,SpaceX,SPACEX,Finance,Senior,68.7,123900,0.9,79.4,North America,Working class,Yes,100.0,100.0
SPACEX-0202,Carlos Singh,SpaceX,SPACEX,Engineering,Principal,75.2,193900,9.3,74.4,North America,Middle,No,58.0,94.4
SPACEX-0203,Zoe Park,SpaceX,SPACEX,Avionics & Software,Director,82.3,194400,5.4,73.6,North America,Upper-middle,No,50.4,84.2
SPACEX-0204,Yuki Murphy,SpaceX,SPACEX,Launch & Test,Senior Director,95.7,637900,7.2,81.7,North America,Upper-middle,No,30.7,67.3
SPACEX-0205,Kevin Davis,SpaceX,SPACEX,Engineering,Senior,71.4,156400,4.9,62.8,North America,Lower-middle,Yes,81.7,95.0
SPACEX-0206,Mary Petrov,SpaceX,SPACEX,Avionics & Software,Principal,92.6,151700,3.3,63.4,North America,Working class,Yes,73.2,73.8
SPACEX-0207,Kevin Anderson,SpaceX,SPACEX,Engineering,Staff,77.0,303700,1.1,71.9,North America,Upper-middle,No,27.8,85.1
SPACEX-0208,Hannah Kim,SpaceX,SPACEX,Supply Chain,Senior Director,74.5,269500,5.8,78.8,North America,Middle,No,54.5,79.6
SPACEX-0209,Thomas Johnson,SpaceX,SPACEX,Engineering,Senior,81.6,239900,5.8,67.7,South Asia,Lower-middle,No,60.8,78.7
SPACEX-0210,Aisha Tanaka,SpaceX,SPACEX,Avionics & Software,Principal,62.7,210300,4.6,72.6,North America,Working class,Yes,92.0,94.5
SPACEX-0211,Mary Martinez,SpaceX,SPACEX,Legal & Policy,Principal,80.1,358900,7.5,65.2,Latin America,Working class,Yes,97.0,85.1
SPACEX-0212,Kevin Reyes,SpaceX,SPACEX,Manufacturing,Principal,86.7,175700,4.8,75.9,North America,Middle,No,64.2,70.5
SPACEX-0213,Raj Park,SpaceX,SPACEX,Manufacturing,VP,100.0,410900,13.8,71.1,North America,Affluent,Yes,34.3,96.8
SPACEX-0214,Kevin Martinez,SpaceX,SPACEX,Operations,VP,72.2,1259900,4.7,84.9,Latin America,Middle,No,49.3,73.5
SPACEX-0215,Wei Nguyen,SpaceX,SPACEX,Operations,Staff,77.4,518100,2.2,67.6,North America,Middle,No,41.2,70.2
SPACEX-0216,Hannah Ali,SpaceX,SPACEX,Operations,Staff,67.9,229600,3.2,69.0,North America,Working class,Yes,95.5,100.0
SPACEX-0217,Yuki Wang,SpaceX,SPACEX,Avionics & Software,Director,69.9,453900,6.7,77.5,North America,Middle,No,60.3,91.8
SPACEX-0218,Carlos Smith,SpaceX,SPACEX,Manufacturing,Staff,61.5,193500,5.1,65.8,North America,Upper-middle,No,39.8,76.8
SPACEX-0219,Michael Hassan,SpaceX,SPACEX,Engineering,Principal,90.7,189800,7.1,59.0,Europe,Lower-middle,Yes,72.9,79.9
SPACEX-0220,Raj Murphy,SpaceX,SPACEX,Engineering,Senior,57.9,322800,7.0,60.3,North America,Working class,Yes,93.8,83.7
SPACEX-0221,Fatima Singh,SpaceX,SPACEX,Engineering,Principal,78.4,100500,16.1,71.6,North America,Working class,Yes,97.6,80.1
SPACEX-0222,James Singh,SpaceX,SPACEX,Operations,Senior,84.1,417500,1.3,64.2,North America,Middle,No,55.9,78.4
SPACEX-0223,Arjun Davis,SpaceX,SPACEX,Manufacturing,Staff,73.1,153900,1.6,79.1,North America,Lower-middle,No,68.6,85.7
SPACEX-0224,Arjun Chen,SpaceX,SPACEX,Engineering,Senior,86.7,203900,4.9,79.1,North America,Working class,Yes,87.5,90.5
SPACEX-0225,Hannah Wang,SpaceX,SPACEX,Engineering,Staff,86.9,124500,2.4,56.5,North America,Lower-middle,Yes,76.4,54.5
SPACEX-0226,David Cohen,SpaceX,SPACEX,Operations,Principal,93.8,357600,4.8,67.6,Middle East,Middle,No,53.2,76.0
SPACEX-0227,Michael Cohen,SpaceX,SPACEX,Engineering,Staff,84.1,254000,10.5,61.4,North America,Lower-middle,Yes,81.9,88.3
SPACEX-0228,John Khan,SpaceX,SPACEX,Finance,Senior,85.2,128400,1.3,66.1,North America,Upper-middle,No,34.7,74.5
SPACEX-0229,Nina Ali,SpaceX,SPACEX,Avionics & Software,Senior Director,84.9,257700,7.2,73.4,South Asia,Middle,No,57.8,77.9
SPACEX-0230,Hiroshi Davis,SpaceX,SPACEX,Engineering,Director,87.1,344900,4.9,64.8,North America,Affluent,No,29.6,69.5
SPACEX-0231,Daniel Cohen,SpaceX,SPACEX,Avionics & Software,Senior,73.5,116300,1.4,71.8,North America,Affluent,No,20.5,79.9
SPACEX-0232,James Davis,SpaceX,SPACEX,Manufacturing,Senior,87.2,51200,0.8,72.8,North America,Middle,No,62.5,77.1
SPACEX-0233,Wei Wilson,SpaceX,SPACEX,AI (xAI),Principal,77.6,272200,7.4,66.8,North America,Upper-middle,No,44.1,80.7
SPACEX-0234,Hiroshi Lee,SpaceX,SPACEX,Engineering,Director,68.7,181000,6.1,75.7,North America,Upper-middle,Yes,49.1,73.9
SPACEX-0235,Priya Yamamoto,SpaceX,SPACEX,Manufacturing,Director,78.1,547700,14.2,69.4,North America,Affluent,No,39.3,94.5
SPACEX-0236,Maria Khan,SpaceX,SPACEX,Engineering,Senior,91.4,128100,1.0,63.7,North America,Middle,No,58.3,77.4
SPACEX-0237,Arjun Petrov,SpaceX,SPACEX,Launch & Test,Senior,93.2,132500,5.7,69.0,Europe,Working class,Yes,93.6,93.6
SPACEX-0238,Raj Wang,SpaceX,SPACEX,Operations,VP,78.4,1278100,12.5,68.0,North America,Middle,No,46.7,81.9
SPACEX-0239,Yuki Johnson,SpaceX,SPACEX,Legal & Policy,Principal,68.9,107800,3.1,73.3,North America,Upper-middle,No,46.6,71.1
SPACEX-0240,Carlos Okafor,SpaceX,SPACEX,Avionics & Software,Senior,95.6,263800,3.3,68.2,Africa,Middle,No,49.5,92.1
SPACEX-0241,Fatima Smith,SpaceX,SPACEX,Manufacturing,Principal,64.4,510200,5.2,65.5,Europe,Upper-middle,No,26.7,64.3
SPACEX-0242,John Yamamoto,SpaceX,SPACEX,Manufacturing,Principal,71.4,284300,5.7,79.4,North America,Middle,No,48.8,86.9
SPACEX-0243,Mary Yamamoto,SpaceX,SPACEX,Supply Chain,Staff,89.3,351500,7.9,78.9,North America,Working class,Yes,92.7,81.2
SPACEX-0244,David Petrov,SpaceX,SPACEX,Manufacturing,Senior,74.8,176300,9.6,70.9,North America,Middle,No,62.3,97.6
SPACEX-0245,Thomas Ali,SpaceX,SPACEX,Launch & Test,Senior,79.1,194300,0.3,71.5,North America,Working class,Yes,93.1,82.5
SPACEX-0246,Carlos Singh,SpaceX,SPACEX,Engineering,Director,85.2,256900,4.9,65.7,North America,Lower-middle,Yes,73.8,62.5
SPACEX-0247,Carlos Lee,SpaceX,SPACEX,Supply Chain,VP,95.5,504500,10.7,74.7,Europe,Middle,Yes,70.6,78.2
SPACEX-0248,Linda Reyes,SpaceX,SPACEX,Avionics & Software,Senior,86.8,161200,6.5,78.5,North America,Lower-middle,No,67.4,75.7
SPACEX-0249,Nina Smith,SpaceX,SPACEX,Engineering,Senior,97.0,228200,1.6,75.2,North America,Middle,No,56.7,81.3
SPACEX-0250,Samuel Hassan,SpaceX,SPACEX,People/HR,Senior Director,82.2,414900,7.7,81.2,North America,Affluent,No,34.8,68.4
SPACEX-0251,Zoe Hassan,SpaceX,SPACEX,Manufacturing,Staff,83.0,464500,2.5,65.6,North America,Upper-middle,Yes,46.6,70.0
SPACEX-0252,Hannah Patel,SpaceX,SPACEX,Supply Chain,Senior,81.2,105900,2.8,67.1,North America,Upper-middle,Yes,46.4,93.2
SPACEX-0253,Elena Ali,SpaceX,SPACEX,Avionics & Software,VP,92.3,546300,11.9,77.2,North America,Lower-middle,No,60.6,76.9
SPACEX-0254,Chen Silva,SpaceX,SPACEX,Manufacturing,Director,79.3,234000,8.8,66.6,Middle East,Working class,Yes,90.2,91.2
SPACEX-0255,Priya Cohen,SpaceX,SPACEX,Avionics & Software,Senior Director,89.7,813400,6.9,73.6,North America,Middle,Yes,60.0,75.7
SPACEX-0256,James Garcia,SpaceX,SPACEX,AI (xAI),Staff,83.0,338200,6.2,62.6,South Asia,Lower-middle,No,57.2,83.0
SPACEX-0257,Samuel Yamamoto,SpaceX,SPACEX,Engineering,Staff,88.0,257500,2.1,77.8,North America,Lower-middle,Yes,81.8,97.7
SPACEX-0258,Hannah Petrov,SpaceX,SPACEX,Manufacturing,Staff,68.7,221100,7.1,70.5,North America,Middle,Yes,66.7,72.0
SPACEX-0259,Zoe Chen,SpaceX,SPACEX,Finance,Principal,74.3,392800,8.8,77.0,North America,Working class,Yes,89.8,81.5
SPACEX-0260,Samuel Brown,SpaceX,SPACEX,Manufacturing,Staff,84.1,119600,3.5,86.0,North America,Upper-middle,No,35.9,85.8
SPACEX-0261,Zoe Singh,SpaceX,SPACEX,Engineering,Senior,66.5,237400,4.3,78.3,Latin America,Lower-middle,Yes,73.8,89.4
SPACEX-0262,Samuel Brown,SpaceX,SPACEX,Engineering,Senior,84.2,188300,6.9,58.2,North America,Affluent,No,17.0,63.0
SPACEX-0263,Thomas Ali,SpaceX,SPACEX,Engineering,Staff,89.6,114800,5.0,77.2,North America,Middle,Yes,63.4,76.6
SPACEX-0264,Yuki Garcia,SpaceX,SPACEX,Manufacturing,Principal,80.3,339800,2.3,74.6,North America,Affluent,No,17.7,89.3
SPACEX-0265,Sofia Wilson,SpaceX,SPACEX,Launch & Test,Senior,72.2,93100,4.5,65.6,North America,Middle,Yes,49.9,73.4
SPACEX-0266,Daniel Okafor,SpaceX,SPACEX,Engineering,Director,73.6,222700,5.3,79.9,North America,Lower-middle,No,65.7,80.5
SPACEX-0267,Yuki Anderson,SpaceX,SPACEX,Engineering,VP,90.7,593300,8.0,82.7,North America,Lower-middle,No,63.0,76.1
SPACEX-0268,Grace Davis,SpaceX,SPACEX,Manufacturing,Staff,96.6,407800,0.7,67.6,North America,Upper-middle,No,48.8,71.9
SPACEX-0269,Carlos Okafor,SpaceX,SPACEX,Engineering,Senior Director,68.5,586000,6.9,78.1,North America,Upper-middle,No,29.9,72.9
SPACEX-0270,Zoe Hassan,SpaceX,SPACEX,Manufacturing,Senior,73.8,220400,4.2,66.5,Europe,Middle,No,43.9,72.4
SPACEX-0271,Grace Hassan,SpaceX,SPACEX,Manufacturing,Staff,97.5,133300,1.6,64.4,North America,Middle,Yes,54.9,75.7
SPACEX-0272,John Khan,SpaceX,SPACEX,Manufacturing,SVP,83.0,648100,11.9,62.2,North America,Lower-middle,No,75.8,67.0
SPACEX-0273,Carlos Murphy,SpaceX,SPACEX,Manufacturing,Senior,81.1,355800,8.1,64.8,North America,Middle,No,41.9,82.8
SPACEX-0274,Sofia Garcia,SpaceX,SPACEX,Manufacturing,Director,89.0,144600,7.9,63.8,North America,Middle,Yes,60.0,86.6
SPACEX-0275,Chen Singh,SpaceX,SPACEX,Manufacturing,Senior,93.9,195900,2.2,65.0,North America,Middle,Yes,67.2,61.8
SPACEX-0276,Yuki Wang,SpaceX,SPACEX,Manufacturing,Staff,84.4,497000,1.0,70.9,North America,Upper-middle,No,33.3,79.9
SPACEX-0277,Grace Okafor,SpaceX,SPACEX,Avionics & Software,Senior,100.0,134300,1.8,80.1,East Asia,Middle,No,57.8,82.0
SPACEX-0278,Fatima Martinez,SpaceX,SPACEX,Manufacturing,Staff,88.6,224600,3.6,77.8,North America,Working class,Yes,76.4,91.4
SPACEX-0279,Hannah Yamamoto,SpaceX,SPACEX,Engineering,Senior,86.5,140900,2.0,71.4,North America,Working class,Yes,83.9,82.9
SPACEX-0280,Mary Anderson,SpaceX,SPACEX,Engineering,Senior,79.0,170200,1.5,75.6,Europe,Lower-middle,No,60.7,98.4
SPACEX-0281,Grace Brown,SpaceX,SPACEX,Manufacturing,Senior,77.5,217600,11.3,63.9,North America,Working class,Yes,85.7,81.2
SPACEX-0282,Hannah Smith,SpaceX,SPACEX,Avionics & Software,Director,84.5,398000,4.0,70.6,North America,Upper-middle,No,40.0,88.2
SPACEX-0283,Maria Silva,SpaceX,SPACEX,Engineering,Director,81.0,318800,3.7,70.7,North America,Affluent,No,33.0,65.2
SPACEX-0284,Raj Johnson,SpaceX,SPACEX,Engineering,Principal,99.1,414300,2.0,72.5,North America,Working class,Yes,92.1,78.3
SPACEX-0285,Kevin Rossi,SpaceX,SPACEX,Engineering,Director,77.8,517500,2.9,84.7,Europe,Upper-middle,No,26.5,93.8
SPACEX-0286,Zoe Cohen,SpaceX,SPACEX,Engineering,Staff,92.0,184800,7.6,70.9,North America,Lower-middle,No,79.7,90.0
SPACEX-0287,Kevin Tanaka,SpaceX,SPACEX,Engineering,C-Suite,88.5,2111700,10.1,85.8,South Asia,Upper-middle,No,40.1,72.3
SPACEX-0288,Mary Wang,SpaceX,SPACEX,Avionics & Software,Director,88.0,640500,9.8,72.6,North America,Middle,No,57.5,83.6
SPACEX-0289,Daniel Garcia,SpaceX,SPACEX,Manufacturing,Principal,87.8,262900,5.8,83.4,North America,Middle,No,44.2,80.3
SPACEX-0290,Arjun Hassan,SpaceX,SPACEX,Avionics & Software,Director,80.0,654100,3.9,79.8,East Asia,Middle,No,51.7,82.4
SPACEX-0291,Olivia Khan,SpaceX,SPACEX,Engineering,Director,79.9,308300,7.1,86.3,Latin America,Upper-middle,No,37.0,94.1
SPACEX-0292,Daniel Ali,SpaceX,SPACEX,Engineering,Staff,96.8,559700,1.9,75.7,North America,Lower-middle,Yes,80.5,82.2
SPACEX-0293,James Rossi,SpaceX,SPACEX,Engineering,SVP,94.3,692300,11.0,75.3,Africa,Lower-middle,No,76.1,75.1
SPACEX-0294,Ahmed Chen,SpaceX,SPACEX,Engineering,Senior,72.6,214500,2.6,67.5,North America,Middle,No,66.4,91.2
SPACEX-0295,Carlos Singh,SpaceX,SPACEX,Engineering,Staff,82.9,250600,3.4,64.7,North America,Middle,No,46.6,59.6
SPACEX-0296,Linda Reyes,SpaceX,SPACEX,Engineering,Director,92.2,207500,7.4,76.6,South Asia,Middle,No,46.6,56.3
SPACEX-0297,Mary Reyes,SpaceX,SPACEX,Operations,Senior,96.5,380100,13.8,73.3,South Asia,Lower-middle,Yes,77.6,99.4
SPACEX-0298,Elena Davis,SpaceX,SPACEX,Engineering,Principal,72.6,221500,4.2,67.6,North America,Upper-middle,No,37.9,62.7
SPACEX-0299,Olivia Chen,SpaceX,SPACEX,Engineering,Senior,75.5,442500,8.6,69.4,North America,Middle,No,43.7,84.8
SPACEX-0300,Raj Wilson,SpaceX,SPACEX,Manufacturing,Staff,83.4,196300,7.7,71.6,Middle East,Working class,Yes,85.8,94.2
SPACEX-0301,Raj Murphy,SpaceX,SPACEX,Operations,Senior Director,94.2,680700,3.8,92.5,North America,Affluent,No,29.6,96.6
SPACEX-0302,Chen Rossi,SpaceX,SPACEX,Engineering,Principal,52.0,253300,8.7,58.6,North America,Working class,Yes,100.0,70.4
SPACEX-0303,Kevin Johnson,SpaceX,SPACEX,Manufacturing,Staff,79.0,586200,3.7,64.2,North America,Working class,Yes,79.9,87.9
SPACEX-0304,Zoe Patel,SpaceX,SPACEX,Manufacturing,Staff,94.0,481200,1.9,67.0,North America,Lower-middle,Yes,83.7,89.3
SPACEX-0305,Mary Chen,SpaceX,SPACEX,Engineering,Senior,84.1,230300,3.2,76.4,East Asia,Working class,Yes,85.3,98.7
SPACEX-0306,Zoe Hassan,SpaceX,SPACEX,Avionics & Software,Senior,84.7,218900,3.4,61.5,North America,Middle,Yes,63.4,85.6
SPACEX-0307,Raj Martinez,SpaceX,SPACEX,Engineering,Principal,66.6,82800,4.6,61.1,North America,Middle,No,42.8,86.8
SPACEX-0308,Wei Patel,SpaceX,SPACEX,Launch & Test,Senior,88.3,206100,4.1,76.7,Latin America,Working class,Yes,90.6,84.0
SPACEX-0309,David Murphy,SpaceX,SPACEX,Manufacturing,Senior Director,74.7,1375400,6.9,68.6,East Asia,Middle,No,44.0,78.3
SPACEX-0310,Zoe Chen,SpaceX,SPACEX,Engineering,Senior,71.5,147800,11.8,61.7,North America,Upper-middle,No,32.9,68.2
SPACEX-0311,Hiroshi Lee,SpaceX,SPACEX,Engineering,Director,79.3,215800,3.9,71.8,North America,Middle,Yes,55.3,77.3
SPACEX-0312,Carlos Chen,SpaceX,SPACEX,Manufacturing,Staff,71.3,137700,8.7,67.4,Southeast Asia,Middle,Yes,62.0,70.5
SPACEX-0313,Priya Silva,SpaceX,SPACEX,Engineering,Senior,73.9,185300,3.1,77.9,North America,Lower-middle,Yes,80.5,89.8
SPACEX-0314,Zoe Tanaka,SpaceX,SPACEX,Engineering,Staff,100.0,459200,2.4,73.4,North America,Lower-middle,No,71.5,96.8
SPACEX-0315,Chen Tanaka,SpaceX,SPACEX,Operations,Staff,76.7,250500,1.5,84.0,North America,Middle,Yes,65.4,85.0
SPACEX-0316,Chen Brown,SpaceX,SPACEX,Manufacturing,Principal,72.7,229500,7.8,79.3,North America,Upper-middle,Yes,30.6,78.8
SPACEX-0317,Aisha Lee,SpaceX,SPACEX,Engineering,Senior Director,78.6,233500,5.2,79.2,North America,Upper-middle,No,32.0,74.2
SPACEX-0318,Elena Tanaka,SpaceX,SPACEX,Manufacturing,Staff,72.6,405300,2.7,61.3,North America,Affluent,No,21.6,74.3
SPACEX-0319,Priya Garcia,SpaceX,SPACEX,Engineering,Senior,69.6,72700,7.0,64.4,North America,Working class,Yes,92.3,80.4
SPACEX-0320,Samuel Smith,SpaceX,SPACEX,Avionics & Software,Principal,82.8,220300,2.4,74.5,North America,Middle,No,54.6,69.5
SPACEX-0321,Aisha Schmidt,SpaceX,SPACEX,Engineering,Staff,80.7,275000,2.0,74.4,North America,Middle,No,46.5,89.4
SPACEX-0322,Nina Lee,SpaceX,SPACEX,Engineering,Senior,77.9,85500,2.2,62.6,Africa,Middle,No,58.0,81.5
SPACEX-0323,Emily Patel,SpaceX,SPACEX,Engineering,Senior,79.0,232700,4.6,73.0,North America,Working class,Yes,91.4,82.8
SPACEX-0324,Hiroshi Tanaka,SpaceX,SPACEX,Launch & Test,Director,67.1,260400,5.7,78.1,North America,Upper-middle,Yes,53.8,80.0
SPACEX-0325,Grace Chen,SpaceX,SPACEX,Engineering,VP,90.5,374900,9.0,83.5,North America,Upper-middle,No,35.6,62.1
SPACEX-0326,Samuel Schmidt,SpaceX,SPACEX,Operations,Senior,66.8,121900,1.0,67.1,North America,Lower-middle,Yes,84.0,70.2
SPACEX-0327,Raj Martinez,SpaceX,SPACEX,Manufacturing,Senior,76.3,186900,3.9,54.4,North America,Upper-middle,No,39.7,78.7
SPACEX-0328,Michael Martinez,SpaceX,SPACEX,Launch & Test,Senior,78.6,298700,5.0,70.4,North America,Working class,No,85.7,75.2
SPACEX-0329,James Johnson,SpaceX,SPACEX,Engineering,Staff,78.9,141700,5.3,70.1,East Asia,Working class,Yes,91.8,84.1
SPACEX-0330,Maria Davis,SpaceX,SPACEX,Operations,Senior,87.6,137000,9.8,74.4,North America,Lower-middle,Yes,74.0,75.5
SPACEX-0331,Carlos Singh,SpaceX,SPACEX,Manufacturing,Principal,83.2,188600,3.5,64.4,Europe,Middle,No,45.4,79.8
SPACEX-0332,Chen Nguyen,SpaceX,SPACEX,Launch & Test,Senior Director,86.5,281000,6.5,85.5,North America,Middle,No,47.4,78.1
SPACEX-0333,Arjun Murphy,SpaceX,SPACEX,Engineering,Senior Director,79.0,428800,7.1,70.2,Africa,Working class,No,93.4,92.5
SPACEX-0334,Wei Wilson,SpaceX,SPACEX,Engineering,Senior,76.7,169000,6.4,57.1,North America,Lower-middle,Yes,75.3,88.7
SPACEX-0335,Raj Hassan,SpaceX,SPACEX,Operations,Senior,76.5,171100,8.9,71.9,North America,Lower-middle,Yes,78.0,94.5
SPACEX-0336,Fatima Hassan,SpaceX,SPACEX,AI (xAI),Principal,76.5,224800,9.7,73.9,North America,Upper-middle,Yes,51.1,72.8
SPACEX-0337,Zoe Anderson,SpaceX,SPACEX,Engineering,Staff,82.1,113400,6.2,83.5,North America,Lower-middle,No,71.5,85.8
SPACEX-0338,Kevin Davis,SpaceX,SPACEX,Operations,Director,99.9,328500,7.3,69.5,North America,Working class,Yes,95.9,58.1
SPACEX-0339,Grace Khan,SpaceX,SPACEX,Manufacturing,Director,75.0,215800,7.2,74.8,North America,Upper-middle,No,41.6,80.3
SPACEX-0340,Elena Hassan,SpaceX,SPACEX,Engineering,VP,88.2,674600,4.9,84.7,South Asia,Lower-middle,Yes,61.6,68.7
SPACEX-0341,Yuki Singh,SpaceX,SPACEX,Manufacturing,Senior,76.0,173200,1.5,71.7,North America,Affluent,No,29.3,81.5
SPACEX-0342,Linda Reyes,SpaceX,SPACEX,Finance,Senior,86.0,216600,2.3,71.2,North America,Lower-middle,Yes,76.5,85.0
SPACEX-0343,Hiroshi Nguyen,SpaceX,SPACEX,Engineering,Senior,74.2,203900,2.3,76.6,Latin America,Lower-middle,No,69.0,69.0
SPACEX-0344,Chen Lopez,SpaceX,SPACEX,Engineering,Senior,78.2,418000,4.7,66.0,North America,Affluent,No,36.8,73.3
SPACEX-0345,Aisha Okafor,SpaceX,SPACEX,Manufacturing,Senior,91.0,144900,3.5,63.1,North America,Middle,Yes,58.8,77.6
SPACEX-0346,John Patel,SpaceX,SPACEX,Engineering,Senior,76.9,100300,2.8,55.9,North America,Middle,No,44.6,72.2
SPACEX-0347,Elena Lee,SpaceX,SPACEX,Engineering,Director,77.4,328100,6.1,77.4,South Asia,Working class,Yes,99.4,73.4
SPACEX-0348,Arjun Park,SpaceX,SPACEX,Manufacturing,Director,74.2,408100,8.7,76.9,North America,Middle,No,52.6,97.4
SPACEX-0349,Kevin Murphy,SpaceX,SPACEX,Launch & Test,Staff,95.5,482100,1.8,60.0,North America,Working class,No,64.9,78.6
SPACEX-0350,Mary Murphy,SpaceX,SPACEX,Manufacturing,Director,75.3,421800,9.4,64.0,North America,Working class,Yes,90.8,77.5
SPACEX-0351,Aisha Nguyen,SpaceX,SPACEX,AI (xAI),Senior Director,90.3,376800,8.0,72.6,North America,Affluent,No,30.2,73.0
SPACEX-0352,Hiroshi Yamamoto,SpaceX,SPACEX,Engineering,Principal,74.8,125500,3.2,64.1,North America,Lower-middle,Yes,75.5,99.3
SPACEX-0353,Emily Murphy,SpaceX,SPACEX,Engineering,Senior,79.0,213800,4.9,73.0,East Asia,Middle,No,59.6,83.2
SPACEX-0354,Zoe Smith,SpaceX,SPACEX,Manufacturing,Senior,74.6,114800,2.1,58.1,South Asia,Upper-middle,No,42.7,82.0
SPACEX-0355,Samuel Silva,SpaceX,SPACEX,Launch & Test,Director,69.3,401900,6.3,80.2,South Asia,Lower-middle,Yes,73.8,85.7
SPACEX-0356,Olivia Wilson,SpaceX,SPACEX,Manufacturing,Senior Director,98.0,412700,5.0,83.9,North America,Middle,No,59.2,77.1
SPACEX-0357,Kevin Brown,SpaceX,SPACEX,Launch & Test,Director,86.6,893700,5.3,67.9,North America,Middle,No,47.1,80.8
SPACEX-0358,Wei Brown,SpaceX,SPACEX,Manufacturing,Senior Director,72.6,211000,6.0,78.2,North America,Upper-middle,Yes,58.8,82.2
SPACEX-0359,Arjun Reyes,SpaceX,SPACEX,Engineering,Senior,82.0,306100,2.4,72.1,North America,Middle,No,64.7,84.5
SPACEX-0360,Hiroshi Davis,SpaceX,SPACEX,Engineering,Principal,73.9,363700,2.6,75.1,North America,Working class,Yes,90.5,89.4
SPACEX-0361,Yuki Nguyen,SpaceX,SPACEX,Manufacturing,Director,80.7,411600,10.8,68.6,North America,Affluent,Yes,36.6,95.0
SPACEX-0362,Thomas Okafor,SpaceX,SPACEX,Operations,Senior,80.8,366400,3.0,62.1,East Asia,Lower-middle,Yes,80.8,78.0
SPACEX-0363,Olivia Silva,SpaceX,SPACEX,Manufacturing,Senior,80.9,187700,8.3,63.6,North America,Middle,No,42.9,67.0
SPACEX-0364,Daniel Petrov,SpaceX,SPACEX,Manufacturing,Staff,78.2,502100,2.6,71.9,North America,Affluent,No,21.4,72.9
SPACEX-0365,Wei Nguyen,SpaceX,SPACEX,Launch & Test,Principal,96.3,523800,6.2,65.6,North America,Middle,Yes,63.8,80.6
SPACEX-0366,Fatima Martinez,SpaceX,SPACEX,Engineering,Senior,80.2,111400,0.3,62.3,North America,Lower-middle,No,70.8,60.8
SPACEX-0367,Maria Lee,SpaceX,SPACEX,Engineering,Principal,87.4,686500,10.6,70.9,North America,Middle,No,62.3,73.6
SPACEX-0368,Raj Petrov,SpaceX,SPACEX,Engineering,Principal,61.5,180700,4.5,62.6,North America,Lower-middle,Yes,83.7,82.1
SPACEX-0369,Nina Patel,SpaceX,SPACEX,Finance,Senior,78.2,272900,5.3,73.2,North America,Working class,Yes,94.1,81.6
SPACEX-0370,Priya Anderson,SpaceX,SPACEX,Launch & Test,Staff,87.4,511900,11.4,72.1,North America,Upper-middle,No,46.7,88.9
SPACEX-0371,Hiroshi Hassan,SpaceX,SPACEX,Launch & Test,Staff,89.4,271700,2.4,73.9,East Asia,Upper-middle,Yes,38.0,63.4
SPACEX-0372,Samuel Khan,SpaceX,SPACEX,Supply Chain,Principal,72.6,549100,24.3,61.3,Europe,Affluent,No,40.3,74.7
SPACEX-0373,Linda Kim,SpaceX,SPACEX,Finance,Senior,87.5,350200,0.8,67.0,North America,Middle,No,58.2,88.9
SPACEX-0374,Kevin Lee,SpaceX,SPACEX,Manufacturing,Senior,81.1,174800,1.0,70.3,North America,Upper-middle,No,53.6,76.3
SPACEX-0375,Sofia Smith,SpaceX,SPACEX,Manufacturing,Senior Director,92.0,510200,6.1,62.6,North America,Lower-middle,Yes,78.8,90.6
SPACEX-0376,Zoe Brown,SpaceX,SPACEX,Operations,Senior,82.7,146600,10.8,65.7,North America,Working class,Yes,94.4,91.2
SPACEX-0377,Elena Nguyen,SpaceX,SPACEX,AI (xAI),Principal,88.5,165900,3.2,81.9,North America,Upper-middle,No,39.9,81.9
SPACEX-0378,Chen Hassan,SpaceX,SPACEX,Manufacturing,Senior,89.1,247000,3.7,68.7,North America,Affluent,No,40.3,79.0
SPACEX-0379,Sofia Yamamoto,SpaceX,SPACEX,Engineering,Senior,70.3,143300,4.0,63.2,North America,Middle,No,49.5,87.4
SPACEX-0380,Elena Lee,SpaceX,SPACEX,Engineering,Senior,64.7,145100,8.0,77.4,North America,Working class,Yes,89.0,69.9
SPACEX-0381,Chen Wilson,SpaceX,SPACEX,Engineering,Director,84.8,229600,8.3,73.7,Europe,Lower-middle,No,61.0,84.7
SPACEX-0382,Kevin Patel,SpaceX,SPACEX,Manufacturing,Director,100.0,261300,5.0,81.9,East Asia,Lower-middle,Yes,83.5,74.1
SPACEX-0383,Hannah Kim,SpaceX,SPACEX,Engineering,Staff,100.0,750600,8.4,54.9,Europe,Affluent,No,18.0,68.4
SPACEX-0384,Carlos Martinez,SpaceX,SPACEX,Engineering,Staff,100.0,157600,11.3,53.9,North America,Upper-middle,No,38.0,78.1
SPACEX-0385,Arjun Johnson,SpaceX,SPACEX,AI (xAI),Principal,87.4,241400,3.8,82.1,North America,Middle,Yes,65.6,90.1
SPACEX-0386,Mary Lee,SpaceX,SPACEX,Engineering,Principal,80.8,480100,7.2,70.1,Middle East,Middle,No,61.6,73.2
SPACEX-0387,Elena Yamamoto,SpaceX,SPACEX,Manufacturing,Senior Director,88.8,843900,5.0,72.8,North America,Middle,No,55.6,95.7
SPACEX-0388,Thomas Murphy,SpaceX,SPACEX,Engineering,Principal,79.9,109700,4.3,59.8,North America,Middle,No,55.6,71.2
SPACEX-0389,Carlos Singh,SpaceX,SPACEX,Finance,Staff,87.1,159200,3.3,76.4,North America,Lower-middle,No,73.1,83.6
SPACEX-0390,Samuel Kim,SpaceX,SPACEX,Avionics & Software,Staff,96.2,67000,5.9,88.1,North America,Working class,Yes,77.9,78.6
SPACEX-0391,Hiroshi Nguyen,SpaceX,SPACEX,Finance,VP,87.1,650800,11.3,67.3,Southeast Asia,Affluent,No,29.0,79.4
SPACEX-0392,Fatima Brown,SpaceX,SPACEX,Engineering,Senior Director,78.2,433800,5.3,68.9,North America,Middle,Yes,54.7,60.7
SPACEX-0393,Zoe Hassan,SpaceX,SPACEX,AI (xAI),Senior,69.4,97700,5.7,69.7,North America,Working class,Yes,82.4,96.6
SPACEX-0394,John Schmidt,SpaceX,SPACEX,Engineering,Staff,71.7,462100,5.1,63.8,North America,Working class,Yes,86.5,79.7
SPACEX-0395,Fatima Singh,SpaceX,SPACEX,Engineering,Staff,94.8,139400,4.2,67.8,North America,Upper-middle,No,37.9,83.0
SPACEX-0396,Fatima Cohen,SpaceX,SPACEX,Avionics & Software,Staff,77.6,229900,1.3,77.9,North America,Middle,No,44.8,93.5
SPACEX-0397,Daniel Schmidt,SpaceX,SPACEX,Manufacturing,Principal,99.7,171700,6.3,81.6,North America,Working class,No,98.4,86.2
SPACEX-0398,Nina Lopez,SpaceX,SPACEX,Manufacturing,VP,78.1,566200,8.7,69.9,North America,Middle,No,44.2,69.0
SPACEX-0399,Emily Singh,SpaceX,SPACEX,Engineering,Senior,95.9,270000,2.3,79.2,Latin America,Middle,Yes,75.1,84.6
SPACEX-0400,Nina Lee,SpaceX,SPACEX,Manufacturing,Director,75.4,182200,7.7,81.9,Southeast Asia,Working class,Yes,81.0,91.4
SPACEX-0401,Wei Lee,SpaceX,SPACEX,Engineering,Staff,99.9,390400,4.6,74.4,North America,Working class,Yes,89.9,86.2
SPACEX-0402,Hannah Rossi,SpaceX,SPACEX,Engineering,Senior,74.2,173900,3.2,72.8,Latin America,Lower-middle,Yes,70.5,83.6
SPACEX-0403,Wei Reyes,SpaceX,SPACEX,Manufacturing,Staff,82.5,163100,4.7,71.2,East Asia,Upper-middle,No,40.3,69.3
SPACEX-0404,Grace Wang,SpaceX,SPACEX,Avionics & Software,VP,76.1,408000,12.5,63.3,East Asia,Middle,No,52.3,85.1
SPACEX-0405,Olivia Ali,SpaceX,SPACEX,Engineering,Principal,92.3,294000,5.0,90.6,South Asia,Lower-middle,No,72.5,96.0
SPACEX-0406,Wei Reyes,SpaceX,SPACEX,Manufacturing,C-Suite,79.9,1055300,16.5,77.8,North America,Middle,Yes,73.8,90.5
SPACEX-0407,Emily Anderson,SpaceX,SPACEX,Avionics & Software,Staff,87.4,171400,5.9,69.9,North America,Upper-middle,No,44.3,69.5
SPACEX-0408,Carlos Kim,SpaceX,SPACEX,Launch & Test,VP,68.6,489700,6.7,74.5,North America,Working class,Yes,85.2,92.3
SPACEX-0409,Elena Murphy,SpaceX,SPACEX,Launch & Test,Senior,79.0,143900,6.6,63.6,North America,Lower-middle,Yes,72.5,76.4
SPACEX-0410,Linda Reyes,SpaceX,SPACEX,Engineering,Senior,82.0,81900,2.2,77.8,North America,Middle,Yes,62.0,80.2
SPACEX-0411,Wei Khan,SpaceX,SPACEX,Engineering,VP,92.6,846200,6.1,71.5,North America,Affluent,No,35.8,82.1
SPACEX-0412,Linda Brown,SpaceX,SPACEX,Engineering,Staff,78.8,202300,9.1,70.8,North America,Middle,Yes,61.7,84.4
SPACEX-0413,John Okafor,SpaceX,SPACEX,Engineering,Senior,100.0,165000,4.4,77.8,North America,Middle,Yes,69.0,78.1
SPACEX-0414,Chen Rossi,SpaceX,SPACEX,Operations,Principal,81.4,156900,6.5,67.7,North America,Lower-middle,Yes,81.8,74.0
SPACEX-0415,Grace Wang,SpaceX,SPACEX,Avionics & Software,Senior,85.0,227400,9.3,64.4,North America,Lower-middle,No,75.1,67.7
SPACEX-0416,Hiroshi Reyes,SpaceX,SPACEX,Avionics & Software,Staff,77.9,209100,7.2,60.9,North America,Upper-middle,No,34.1,77.8
SPACEX-0417,Priya Patel,SpaceX,SPACEX,Engineering,Senior,100.0,167800,2.5,65.4,Europe,Working class,Yes,100.0,75.9
SPACEX-0418,Samuel Tanaka,SpaceX,SPACEX,Engineering,Senior,93.4,212000,7.1,67.9,North America,Affluent,No,33.9,67.2
SPACEX-0419,Thomas Yamamoto,SpaceX,SPACEX,Operations,Director,78.2,575100,3.2,87.4,North America,Lower-middle,Yes,76.7,72.9
SPACEX-0420,Hiroshi Ali,SpaceX,SPACEX,AI (xAI),Senior,95.4,138500,2.6,55.8,North America,Lower-middle,No,63.7,82.2
SPACEX-0421,Thomas Cohen,SpaceX,SPACEX,Engineering,Staff,59.9,131100,10.2,65.5,Latin America,Middle,No,51.6,85.6
SPACEX-0422,Carlos Martinez,SpaceX,SPACEX,Engineering,Senior,89.6,240900,1.1,58.4,North America,Affluent,No,23.4,92.8
SPACEX-0423,Priya Singh,SpaceX,SPACEX,Manufacturing,Senior,81.2,244900,6.0,56.5,Southeast Asia,Middle,No,41.8,87.8
SPACEX-0424,Arjun Brown,SpaceX,SPACEX,Engineering,Senior,93.5,323300,8.2,64.3,North America,Middle,Yes,68.2,71.0
SPACEX-0425,Sofia Martinez,SpaceX,SPACEX,Launch & Test,Principal,85.9,164800,10.0,81.0,North America,Working class,Yes,94.8,85.3
SPACEX-0426,Kevin Rossi,SpaceX,SPACEX,Engineering,Senior,95.7,256600,13.0,61.5,North America,Middle,Yes,55.9,72.5
SPACEX-0427,Maria Brown,SpaceX,SPACEX,Finance,Senior,88.5,335000,0.9,67.9,North America,Middle,Yes,62.0,100.0
SPACEX-0428,Daniel Cohen,SpaceX,SPACEX,Avionics & Software,Senior Director,100.0,590500,8.7,86.5,North America,Lower-middle,No,77.4,69.8
SPACEX-0429,Priya Cohen,SpaceX,SPACEX,Avionics & Software,Senior,66.1,275900,4.2,58.6,North America,Affluent,No,26.9,72.0
SPACEX-0430,Fatima Hassan,SpaceX,SPACEX,Operations,Principal,90.9,157100,3.1,83.4,North America,Lower-middle,No,71.5,100.0
SPACEX-0431,Raj Johnson,SpaceX,SPACEX,Manufacturing,Senior,70.1,440100,1.2,65.3,North America,Working class,No,78.8,83.6
SPACEX-0432,Hannah Park,SpaceX,SPACEX,Launch & Test,VP,93.4,897700,7.9,73.3,Latin America,Working class,Yes,91.0,91.6
SPACEX-0433,Daniel Anderson,SpaceX,SPACEX,Manufacturing,Senior Director,87.6,922300,6.2,65.8,North America,Middle,Yes,48.9,85.8
SPACEX-0434,Nina Tanaka,SpaceX,SPACEX,AI (xAI),Senior,84.2,131000,0.8,76.3,East Asia,Lower-middle,No,70.6,83.1
SPACEX-0435,Hannah Brown,SpaceX,SPACEX,Engineering,Staff,89.9,238500,4.8,66.5,Africa,Middle,Yes,62.4,77.3
SPACEX-0436,Emily Garcia,SpaceX,SPACEX,Engineering,Principal,95.9,244100,5.3,80.8,North America,Working class,Yes,97.5,86.2
SPACEX-0437,Sofia Schmidt,SpaceX,SPACEX,Manufacturing,Senior,87.2,140800,3.1,76.6,North America,Upper-middle,No,25.6,84.7
SPACEX-0438,Sofia Chen,SpaceX,SPACEX,AI (xAI),Staff,97.1,258700,7.2,72.5,North America,Upper-middle,No,31.5,76.3
SPACEX-0439,Mary Petrov,SpaceX,SPACEX,Engineering,Principal,90.5,173900,6.6,67.6,North America,Middle,No,56.6,86.0
SPACEX-0440,Grace Davis,SpaceX,SPACEX,Engineering,VP,93.4,535300,10.4,65.6,South Asia,Upper-middle,No,35.2,74.8
SPACEX-0441,Fatima Martinez,SpaceX,SPACEX,AI (xAI),Principal,82.3,166000,2.5,73.7,North America,Middle,No,49.9,77.9
SPACEX-0442,Hannah Lopez,SpaceX,SPACEX,Finance,Director,80.8,255700,3.4,71.7,North America,Middle,No,47.2,82.9
SPACEX-0443,David Wang,SpaceX,SPACEX,Avionics & Software,Staff,68.5,249900,1.5,69.1,North America,Working class,No,93.4,89.0
SPACEX-0444,David Smith,SpaceX,SPACEX,Engineering,Director,93.8,289000,6.4,69.6,Europe,Working class,No,86.2,99.3
SPACEX-0445,Samuel Davis,SpaceX,SPACEX,Engineering,Senior,78.1,100600,3.8,68.2,North America,Lower-middle,No,76.4,90.0
SPACEX-0446,Grace Cohen,SpaceX,SPACEX,Finance,Senior Director,100.0,744300,3.7,71.7,North America,Affluent,No,23.0,64.2
SPACEX-0447,Wei Lee,SpaceX,SPACEX,Manufacturing,Staff,87.0,128400,9.2,76.6,North America,Affluent,No,24.2,79.8
SPACEX-0448,Maria Garcia,SpaceX,SPACEX,Manufacturing,Senior,88.8,198600,3.6,63.2,North America,Working class,Yes,80.2,86.3
SPACEX-0449,Kevin Cohen,SpaceX,SPACEX,AI (xAI),Senior,90.1,131000,1.8,82.7,North America,Lower-middle,Yes,73.1,86.2
SPACEX-0450,Ahmed Kim,SpaceX,SPACEX,Manufacturing,Principal,76.2,374600,4.0,75.3,North America,Lower-middle,Yes,77.4,99.8
SPACEX-0451,Michael Davis,SpaceX,SPACEX,Manufacturing,Senior,78.8,441200,2.0,74.1,East Asia,Lower-middle,Yes,70.1,80.4
SPACEX-0452,Hannah Cohen,SpaceX,SPACEX,AI (xAI),Senior,96.0,473500,3.5,62.6,North America,Upper-middle,No,33.6,83.9
SPACEX-0453,Arjun Martinez,SpaceX,SPACEX,Legal & Policy,Principal,97.8,227800,7.4,78.4,North America,Middle,Yes,52.9,89.2
SPACEX-0454,Kevin Martinez,SpaceX,SPACEX,Manufacturing,Senior,87.6,406100,4.0,61.8,North America,Lower-middle,Yes,69.3,88.6
SPACEX-0455,Hannah Yamamoto,SpaceX,SPACEX,Operations,Senior,90.9,133000,2.1,68.6,North America,Lower-middle,Yes,75.7,82.9
SPACEX-0456,Mary Garcia,SpaceX,SPACEX,Manufacturing,Staff,75.9,103800,2.4,73.6,East Asia,Working class,Yes,90.1,80.9
SPACEX-0457,Kevin Martinez,SpaceX,SPACEX,Engineering,Staff,91.6,204000,2.7,65.6,North America,Middle,No,52.8,89.8
SPACEX-0458,Sofia Tanaka,SpaceX,SPACEX,Finance,Staff,78.1,220300,11.3,69.4,North America,Lower-middle,No,80.9,73.4
SPACEX-0459,Daniel Garcia,SpaceX,SPACEX,Manufacturing,Director,100.0,676300,4.2,85.6,North America,Upper-middle,No,48.2,90.5
SPACEX-0460,Chen Reyes,SpaceX,SPACEX,Avionics & Software,Senior Director,95.9,769600,6.8,80.8,North America,Middle,No,50.3,77.2
SPACEX-0461,John Cohen,SpaceX,SPACEX,Engineering,Senior,72.1,209600,6.9,71.9,East Asia,Upper-middle,No,45.1,91.3
SPACEX-0462,Chen Wang,SpaceX,SPACEX,Engineering,Senior,71.6,257400,6.6,67.4,North America,Middle,No,52.5,91.2
SPACEX-0463,Olivia Park,SpaceX,SPACEX,Manufacturing,Principal,68.3,220100,6.1,68.2,North America,Upper-middle,No,49.5,82.0
SPACEX-0464,Yuki Kim,SpaceX,SPACEX,People/HR,Senior,75.5,121900,11.3,79.1,North America,Upper-middle,No,42.7,77.3
SPACEX-0465,Yuki Reyes,SpaceX,SPACEX,Engineering,Principal,69.9,163900,3.1,58.4,North America,Affluent,No,25.8,71.3
SPACEX-0466,Emily Wang,SpaceX,SPACEX,Manufacturing,Staff,95.6,155300,5.8,65.0,North America,Lower-middle,Yes,81.9,74.8
SPACEX-0467,Samuel Garcia,SpaceX,SPACEX,Engineering,Senior Director,71.6,1550600,7.1,75.7,Europe,Middle,Yes,50.0,93.3
SPACEX-0468,Sofia Kim,SpaceX,SPACEX,Manufacturing,Staff,78.6,78100,0.9,66.7,North America,Lower-middle,Yes,86.0,97.5
SPACEX-0469,Priya Brown,SpaceX,SPACEX,Engineering,Senior,75.5,238100,6.8,66.0,East Asia,Lower-middle,Yes,58.3,72.1
SPACEX-0470,Grace Patel,SpaceX,SPACEX,Finance,Principal,68.4,102900,3.6,76.9,North America,Lower-middle,Yes,64.7,80.3
SPACEX-0471,David Hassan,SpaceX,SPACEX,Engineering,Senior Director,90.5,266500,8.2,76.1,North America,Lower-middle,Yes,77.9,77.7
SPACEX-0472,Ahmed Reyes,SpaceX,SPACEX,Manufacturing,Principal,69.3,354900,6.4,71.0,North America,Middle,No,48.4,65.1
SPACEX-0473,Hannah Petrov,SpaceX,SPACEX,Operations,Principal,78.0,70800,9.2,82.5,North America,Lower-middle,Yes,68.8,91.2
SPACEX-0474,John Okafor,SpaceX,SPACEX,Manufacturing,Director,87.9,184300,5.8,75.1,North America,Lower-middle,Yes,77.3,89.9
SPACEX-0475,David Johnson,SpaceX,SPACEX,Engineering,VP,72.1,690200,8.7,68.8,North America,Middle,No,57.8,67.9
SPACEX-0476,David Johnson,SpaceX,SPACEX,Manufacturing,Director,89.4,198400,4.1,66.8,North America,Affluent,No,36.1,65.4
SPACEX-0477,Kevin Smith,SpaceX,SPACEX,Launch & Test,Principal,93.3,614300,1.6,66.5,North America,Working class,Yes,100.0,85.4
SPACEX-0478,Michael Lopez,SpaceX,SPACEX,Manufacturing,Staff,88.1,533100,3.4,74.8,Europe,Working class,Yes,91.9,91.8
SPACEX-0479,Hiroshi Tanaka,SpaceX,SPACEX,Engineering,Principal,74.9,230600,9.2,52.4,North America,Middle,Yes,66.1,75.7
SPACEX-0480,Hiroshi Yamamoto,SpaceX,SPACEX,Legal & Policy,Director,79.5,208900,5.1,76.8,North America,Middle,No,50.6,84.0
SPACEX-0481,Samuel Park,SpaceX,SPACEX,Engineering,Senior,79.2,165200,4.3,73.7,North America,Working class,No,86.3,86.1
SPACEX-0482,Mary Cohen,SpaceX,SPACEX,Engineering,Director,73.7,245100,10.6,74.3,Africa,Upper-middle,Yes,62.0,81.9
SPACEX-0483,Hannah Khan,SpaceX,SPACEX,Supply Chain,Senior Director,75.5,427800,7.8,82.7,North America,Affluent,No,16.0,72.6
SPACEX-0484,Samuel Wilson,SpaceX,SPACEX,Manufacturing,Senior Director,89.1,587600,6.1,65.6,North America,Affluent,No,25.0,95.5
SPACEX-0485,James Wang,SpaceX,SPACEX,Supply Chain,Senior Director,100.0,750800,14.4,75.0,North America,Lower-middle,Yes,79.1,91.2
SPACEX-0486,Hannah Smith,SpaceX,SPACEX,Supply Chain,Senior,84.6,111700,3.9,69.2,North America,Middle,No,58.3,82.7
SPACEX-0487,Maria Brown,SpaceX,SPACEX,AI (xAI),Senior Director,79.6,429900,9.0,74.9,South Asia,Middle,No,48.2,81.3
SPACEX-0488,Emily Wang,SpaceX,SPACEX,People/HR,Senior,68.2,146500,1.3,66.4,North America,Affluent,No,24.8,74.2
SPACEX-0489,Nina Garcia,SpaceX,SPACEX,Supply Chain,Senior,92.9,362500,4.8,66.5,North America,Middle,Yes,62.1,77.1
SPACEX-0490,Linda Yamamoto,SpaceX,SPACEX,Operations,Staff,76.7,317400,7.2,73.7,North America,Working class,Yes,90.8,87.7
SPACEX-0491,Aisha Wilson,SpaceX,SPACEX,Engineering,Director,68.3,630700,4.8,68.5,Latin America,Middle,No,51.9,79.3
SPACEX-0492,Olivia Kim,SpaceX,SPACEX,Engineering,Staff,76.7,243800,1.6,73.4,East Asia,Middle,No,51.2,58.6
SPACEX-0493,Samuel Okafor,SpaceX,SPACEX,Engineering,Staff,83.2,129900,2.1,80.1,North America,Upper-middle,No,40.0,83.3
SPACEX-0494,Yuki Patel,SpaceX,SPACEX,Launch & Test,Senior,85.9,304100,8.0,63.7,North America,Working class,Yes,96.0,90.0
SPACEX-0495,Grace Martinez,SpaceX,SPACEX,Manufacturing,Director,81.7,218000,6.1,68.4,Africa,Working class,Yes,85.6,61.7
SPACEX-0496,Michael Chen,SpaceX,SPACEX,Avionics & Software,Staff,90.9,202000,3.0,72.3,North America,Upper-middle,No,40.7,79.4
SPACEX-0497,Grace Khan,SpaceX,SPACEX,Launch & Test,Senior,59.8,113100,7.1,72.5,North America,Affluent,No,31.9,79.5
SPACEX-0498,Ahmed Silva,SpaceX,SPACEX,Manufacturing,SVP,85.2,2123400,8.2,80.0,North America,Lower-middle,No,72.7,89.4
SPACEX-0499,Hannah Tanaka,SpaceX,SPACEX,Manufacturing,Senior,80.0,208000,3.5,68.5,North America,Middle,No,43.7,82.9
SPACEX-0500,Aisha Wilson,SpaceX,SPACEX,Manufacturing,Principal,88.5,1047800,5.6,72.1,North America,Lower-middle,No,68.6,75.7
SPACEX-0501,Olivia Khan,SpaceX,SPACEX,Engineering,Senior,66.1,360700,2.7,67.5,North America,Middle,No,45.6,80.7
SPACEX-0502,Aisha Rossi,SpaceX,SPACEX,Avionics & Software,Senior,63.9,120300,4.8,72.8,Southeast Asia,Working class,Yes,97.7,64.6
SPACEX-0503,Ahmed Murphy,SpaceX,SPACEX,Launch & Test,Staff,72.9,312400,1.9,71.2,North America,Affluent,No,15.0,74.5
SPACEX-0504,Nina Ali,SpaceX,SPACEX,Operations,Staff,94.9,259800,6.3,73.0,North America,Lower-middle,No,63.6,86.2
SPACEX-0505,David Lopez,SpaceX,SPACEX,Finance,SVP,90.2,1211500,11.6,81.7,North America,Lower-middle,Yes,71.2,91.2
SPACEX-0506,Sofia Cohen,SpaceX,SPACEX,Engineering,Staff,100.0,239900,3.5,83.1,North America,Upper-middle,No,34.6,77.6
SPACEX-0507,Carlos Reyes,SpaceX,SPACEX,Engineering,Principal,80.9,245300,3.6,87.7,North America,Lower-middle,No,67.4,100.0
SPACEX-0508,Aisha Rossi,SpaceX,SPACEX,Engineering,VP,88.5,223000,13.6,62.6,North America,Upper-middle,No,48.1,84.0
SPACEX-0509,Arjun Khan,SpaceX,SPACEX,Manufacturing,Senior,88.2,114400,2.9,60.8,North America,Lower-middle,Yes,83.4,80.4
SPACEX-0510,Olivia Okafor,SpaceX,SPACEX,Avionics & Software,Staff,73.9,386400,10.1,80.1,North America,Lower-middle,No,71.9,84.3
SPACEX-0511,James Cohen,SpaceX,SPACEX,Launch & Test,Principal,78.8,130000,7.5,81.5,North America,Lower-middle,Yes,67.4,67.8
SPACEX-0512,Thomas Hassan,SpaceX,SPACEX,AI (xAI),Principal,87.7,335600,4.4,65.3,North America,Upper-middle,No,28.2,78.6
SPACEX-0513,Raj Cohen,SpaceX,SPACEX,Operations,Staff,86.4,433000,8.2,77.7,Latin America,Upper-middle,No,40.0,76.5
SPACEX-0514,Zoe Chen,SpaceX,SPACEX,Operations,VP,80.9,823600,8.3,81.1,North America,Upper-middle,No,30.7,77.5
SPACEX-0515,Chen Reyes,SpaceX,SPACEX,Engineering,Senior,94.3,141600,0.5,72.4,Middle East,Lower-middle,Yes,64.4,86.2
SPACEX-0516,Fatima Khan,SpaceX,SPACEX,Engineering,Principal,100.0,134200,2.2,64.3,Latin America,Lower-middle,No,70.7,100.0
SPACEX-0517,Grace Davis,SpaceX,SPACEX,Engineering,Principal,96.4,217900,4.3,69.5,North America,Middle,Yes,63.8,65.8
SPACEX-0518,Zoe Silva,SpaceX,SPACEX,Manufacturing,Director,88.9,458000,8.0,70.4,North America,Lower-middle,No,64.8,80.8
SPACEX-0519,Linda Chen,SpaceX,SPACEX,Launch & Test,VP,74.8,836600,5.7,63.3,North America,Middle,No,41.4,68.6
SPACEX-0520,Emily Smith,SpaceX,SPACEX,Engineering,Senior,75.3,210700,0.9,75.3,Middle East,Lower-middle,Yes,63.4,85.1
SPACEX-0521,Michael Tanaka,SpaceX,SPACEX,Manufacturing,Senior Director,82.5,521100,5.8,73.1,North America,Lower-middle,Yes,88.6,89.9
SPACEX-0522,Fatima Cohen,SpaceX,SPACEX,AI (xAI),VP,69.9,235800,8.5,71.7,North America,Lower-middle,No,54.9,79.3
SPACEX-0523,Daniel Cohen,SpaceX,SPACEX,Manufacturing,Staff,78.7,132100,7.0,61.2,North America,Affluent,No,26.8,55.3
SPACEX-0524,Olivia Park,SpaceX,SPACEX,Engineering,Principal,80.5,463600,5.3,61.2,North America,Working class,Yes,96.7,79.9
SPACEX-0525,David Murphy,SpaceX,SPACEX,Engineering,Senior Director,64.8,503200,8.6,69.1,North America,Upper-middle,No,41.0,55.9
SPACEX-0526,James Lee,SpaceX,SPACEX,Manufacturing,Director,75.0,256500,4.0,79.6,North America,Middle,No,38.7,76.9
SPACEX-0527,Hiroshi Wilson,SpaceX,SPACEX,Engineering,Staff,80.3,226400,4.1,73.7,North America,Affluent,No,35.9,94.1
SPACEX-0528,Zoe Schmidt,SpaceX,SPACEX,Manufacturing,Staff,74.6,135100,6.0,75.3,North America,Working class,Yes,100.0,82.0
SPACEX-0529,Sofia Reyes,SpaceX,SPACEX,Launch & Test,Staff,80.1,85200,8.2,68.8,North America,Upper-middle,No,24.1,78.2
SPACEX-0530,Emily Lopez,SpaceX,SPACEX,Avionics & Software,Senior Director,100.0,484200,11.1,66.7,North America,Working class,Yes,89.8,75.0
SPACEX-0531,Arjun Patel,SpaceX,SPACEX,Engineering,Director,59.3,341700,9.2,73.5,North America,Lower-middle,Yes,82.3,88.2
SPACEX-0532,James Petrov,SpaceX,SPACEX,Manufacturing,Principal,94.8,88200,4.7,67.6,South Asia,Middle,Yes,75.0,97.7
SPACEX-0533,Sofia Cohen,SpaceX,SPACEX,Launch & Test,Principal,74.8,166800,3.9,72.5,North America,Lower-middle,Yes,81.6,90.9
SPACEX-0534,Kevin Kim,SpaceX,SPACEX,Operations,Staff,53.1,99800,5.7,83.4,North America,Lower-middle,Yes,68.4,71.1
SPACEX-0535,Maria Petrov,SpaceX,SPACEX,Engineering,Staff,87.0,414200,3.4,83.1,North America,Lower-middle,Yes,73.9,96.7
SPACEX-0536,Wei Petrov,SpaceX,SPACEX,Operations,Director,94.9,854600,5.3,75.2,North America,Middle,No,44.2,83.7
SPACEX-0537,Zoe Reyes,SpaceX,SPACEX,Operations,Principal,94.6,238900,8.5,72.6,North America,Lower-middle,Yes,72.0,77.9
SPACEX-0538,Wei Silva,SpaceX,SPACEX,Manufacturing,Staff,73.7,152500,2.4,60.7,North America,Upper-middle,No,20.5,75.4
SPACEX-0539,Fatima Rossi,SpaceX,SPACEX,Engineering,VP,100.0,228100,5.9,85.2,North America,Upper-middle,No,43.0,93.4
SPACEX-0540,Zoe Smith,SpaceX,SPACEX,Launch & Test,Principal,85.1,400900,3.9,73.2,North America,Upper-middle,No,31.4,85.0
SPACEX-0541,Raj Reyes,SpaceX,SPACEX,Avionics & Software,Principal,73.4,383300,5.4,71.2,North America,Upper-middle,No,43.0,74.7
SPACEX-0542,Elena Petrov,SpaceX,SPACEX,Supply Chain,Principal,82.0,579000,8.1,93.2,North America,Middle,No,56.4,74.6
SPACEX-0543,Zoe Lee,SpaceX,SPACEX,Engineering,Principal,67.0,334700,7.6,67.6,North America,Upper-middle,Yes,51.1,59.1
SPACEX-0544,David Cohen,SpaceX,SPACEX,Operations,Staff,75.1,539300,3.4,67.7,North America,Middle,No,56.6,66.9
SPACEX-0545,Ahmed Petrov,SpaceX,SPACEX,Avionics & Software,Senior Director,95.5,219300,5.6,67.5,North America,Lower-middle,Yes,66.5,88.5
SPACEX-0546,Elena Lopez,SpaceX,SPACEX,Engineering,Principal,89.8,572600,6.0,67.5,Europe,Lower-middle,Yes,74.8,88.4
SPACEX-0547,Yuki Singh,SpaceX,SPACEX,Engineering,Principal,72.2,565200,10.4,74.7,South Asia,Upper-middle,No,50.8,75.3
SPACEX-0548,Aisha Park,SpaceX,SPACEX,Manufacturing,Staff,78.8,174300,11.9,68.5,North America,Lower-middle,Yes,79.1,86.5
SPACEX-0549,Maria Brown,SpaceX,SPACEX,Engineering,Principal,80.1,370900,12.0,63.4,North America,Working class,Yes,87.5,91.0
SPACEX-0550,Sofia Smith,SpaceX,SPACEX,AI (xAI),Senior,60.6,81400,2.4,74.2,North America,Middle,Yes,69.5,84.6
SPACEX-0551,Kevin Lee,SpaceX,SPACEX,Manufacturing,Staff,77.1,228600,0.5,70.2,North America,Upper-middle,Yes,47.2,78.5
SPACEX-0552,John Cohen,SpaceX,SPACEX,Avionics & Software,Staff,91.7,478100,7.4,74.2,North America,Middle,No,57.9,69.9
SPACEX-0553,Elena Martinez,SpaceX,SPACEX,Finance,Senior,71.1,68300,4.6,68.6,North America,Middle,Yes,62.8,64.6
SPACEX-0554,Aisha Murphy,SpaceX,SPACEX,Engineering,Senior,81.0,876300,3.6,83.1,North America,Lower-middle,Yes,76.0,92.7
SPACEX-0555,David Nguyen,SpaceX,SPACEX,Avionics & Software,Director,100.0,278700,4.2,74.5,North America,Working class,Yes,84.6,76.5
SPACEX-0556,Mary Silva,SpaceX,SPACEX,Manufacturing,Senior,83.5,212500,6.2,70.2,North America,Lower-middle,Yes,75.0,94.6
SPACEX-0557,Raj Murphy,SpaceX,SPACEX,Engineering,Staff,72.0,101400,2.6,66.8,North America,Middle,No,58.0,82.2
SPACEX-0558,Olivia Wang,SpaceX,SPACEX,Engineering,Staff,74.7,231700,5.3,91.7,Latin America,Working class,Yes,82.1,86.5
SPACEX-0559,Hiroshi Ali,SpaceX,SPACEX,AI (xAI),Senior,84.9,226200,6.8,68.9,Southeast Asia,Lower-middle,Yes,78.6,92.0
SPACEX-0560,Yuki Martinez,SpaceX,SPACEX,Engineering,VP,83.0,652200,8.6,82.5,North America,Lower-middle,No,60.2,83.5
SPACEX-0561,Yuki Wilson,SpaceX,SPACEX,Launch & Test,Principal,88.7,413000,2.2,60.4,Latin America,Lower-middle,No,54.7,100.0
SPACEX-0562,Linda Park,SpaceX,SPACEX,Manufacturing,Staff,74.3,96300,4.2,85.1,Middle East,Middle,No,38.7,73.3
SPACEX-0563,John Wang,SpaceX,SPACEX,Avionics & Software,Director,86.8,245500,4.6,83.2,North America,Working class,Yes,93.3,85.5
SPACEX-0564,Chen Cohen,SpaceX,SPACEX,Manufacturing,Staff,73.0,204800,1.3,67.2,North America,Middle,No,44.3,83.0
SPACEX-0565,Daniel Reyes,SpaceX,SPACEX,Engineering,Director,84.2,1149800,3.5,86.0,North America,Middle,No,50.1,80.9
SPACEX-0566,Carlos Kim,SpaceX,SPACEX,Engineering,Director,84.7,655000,6.5,69.1,North America,Upper-middle,No,27.0,71.3
SPACEX-0567,Wei Cohen,SpaceX,SPACEX,Engineering,Staff,84.2,178200,1.8,82.1,North America,Lower-middle,Yes,74.1,100.0
SPACEX-0568,Chen Okafor,SpaceX,SPACEX,Engineering,Senior,100.0,347200,3.4,57.3,North America,Lower-middle,No,66.4,90.6
SPACEX-0569,Emily Petrov,SpaceX,SPACEX,Finance,VP,98.1,563600,12.8,80.0,South Asia,Middle,No,53.5,70.7
SPACEX-0570,Fatima Brown,SpaceX,SPACEX,Engineering,Principal,75.1,390600,2.0,75.3,North America,Working class,Yes,85.5,68.3
SPACEX-0571,Aisha Davis,SpaceX,SPACEX,Engineering,Senior,82.4,104800,6.0,67.4,North America,Upper-middle,No,38.3,69.4
SPACEX-0572,Sofia Wilson,SpaceX,SPACEX,Engineering,Staff,75.7,504100,0.6,73.3,Africa,Working class,Yes,94.9,81.2
SPACEX-0573,Michael Khan,SpaceX,SPACEX,Avionics & Software,Senior,94.3,288300,1.3,68.9,North America,Working class,Yes,87.6,63.7
SPACEX-0574,Yuki Yamamoto,SpaceX,SPACEX,Manufacturing,Senior Director,67.3,296200,5.7,79.9,Europe,Lower-middle,No,69.2,83.3
SPACEX-0575,Wei Garcia,SpaceX,SPACEX,Supply Chain,Principal,74.8,401300,3.6,69.7,North America,Lower-middle,No,65.7,76.5
SPACEX-0576,Priya Ali,SpaceX,SPACEX,Operations,Director,87.7,288600,4.0,66.8,North America,Working class,Yes,97.9,73.1
SPACEX-0577,Thomas Tanaka,SpaceX,SPACEX,Engineering,Staff,74.6,190800,8.4,75.5,North America,Affluent,Yes,22.4,96.5
SPACEX-0578,Elena Park,SpaceX,SPACEX,Manufacturing,SVP,96.6,488900,6.5,76.0,North America,Middle,Yes,59.7,86.1
SPACEX-0579,Carlos Schmidt,SpaceX,SPACEX,Manufacturing,Staff,83.0,413500,5.8,73.1,North America,Working class,Yes,80.8,80.7
SPACEX-0580,Emily Wilson,SpaceX,SPACEX,Avionics & Software,Senior,76.6,385100,15.1,63.0,Africa,Working class,Yes,72.8,68.5
SPACEX-0581,Zoe Kim,SpaceX,SPACEX,Avionics & Software,Senior,88.2,271900,6.1,68.6,Europe,Upper-middle,No,32.7,89.8
SPACEX-0582,John Davis,SpaceX,SPACEX,Launch & Test,Staff,87.0,111900,4.8,80.1,North America,Upper-middle,No,30.0,80.3
SPACEX-0583,Zoe Johnson,SpaceX,SPACEX,Manufacturing,Staff,66.5,178600,1.1,79.7,South Asia,Upper-middle,No,46.0,58.8
SPACEX-0584,Maria Schmidt,SpaceX,SPACEX,Avionics & Software,Senior,81.4,162400,3.5,71.2,North America,Upper-middle,No,37.3,67.5
SPACEX-0585,Aisha Chen,SpaceX,SPACEX,Manufacturing,Staff,84.6,810600,2.4,73.1,North America,Upper-middle,No,31.1,80.6
SPACEX-0586,Chen Lee,SpaceX,SPACEX,Operations,Principal,91.3,438500,7.7,78.4,East Asia,Middle,No,56.6,81.9
SPACEX-0587,Daniel Park,SpaceX,SPACEX,Supply Chain,Senior,70.0,242300,2.2,82.4,North America,Middle,Yes,62.2,92.6
SPACEX-0588,Olivia Reyes,SpaceX,SPACEX,Manufacturing,Principal,84.5,344400,1.9,70.2,North America,Middle,No,49.6,78.8
SPACEX-0589,James Rossi,SpaceX,SPACEX,Manufacturing,Staff,100.0,266100,5.0,82.5,Latin America,Upper-middle,No,38.0,95.9
SPACEX-0590,Elena Tanaka,SpaceX,SPACEX,Engineering,Senior Director,65.2,239200,4.9,84.2,North America,Working class,Yes,85.8,73.4
SPACEX-0591,David Schmidt,SpaceX,SPACEX,Launch & Test,Senior,68.9,260400,7.2,66.0,North America,Lower-middle,Yes,74.1,75.0
SPACEX-0592,Ahmed Wilson,SpaceX,SPACEX,Manufacturing,Principal,85.5,182800,7.0,74.3,North America,Upper-middle,No,48.6,90.5
SPACEX-0593,Raj Silva,SpaceX,SPACEX,Supply Chain,Senior,88.0,68400,2.2,78.2,North America,Upper-middle,No,30.2,87.6
SPACEX-0594,Aisha Cohen,SpaceX,SPACEX,Finance,Senior,69.8,102100,3.4,64.0,North America,Lower-middle,Yes,76.4,74.3
SPACEX-0595,Thomas Lee,SpaceX,SPACEX,AI (xAI),Director,92.3,201400,12.4,66.8,North America,Middle,No,54.1,71.1
SPACEX-0596,Hiroshi Yamamoto,SpaceX,SPACEX,Engineering,Senior,88.1,271000,10.1,74.0,North America,Working class,Yes,97.0,90.1
SPACEX-0597,John Singh,SpaceX,SPACEX,Engineering,Staff,68.2,169600,4.8,62.8,East Asia,Working class,No,85.2,95.8
SPACEX-0598,Maria Silva,SpaceX,SPACEX,AI (xAI),Director,86.9,361000,4.4,80.0,North America,Middle,Yes,62.8,81.7
SPACEX-0599,Emily Rossi,SpaceX,SPACEX,Engineering,Staff,72.6,419800,7.5,65.6,North America,Upper-middle,No,36.7,81.7
SPACEX-0600,David Brown,SpaceX,SPACEX,Engineering,Staff,78.7,140400,7.1,70.4,North America,Middle,Yes,65.7,65.6
SPACEX-0601,Priya Nguyen,SpaceX,SPACEX,Engineering,Senior,83.7,242200,2.6,70.9,North America,Working class,No,85.0,88.7
SPACEX-0602,Carlos Petrov,SpaceX,SPACEX,Engineering,Principal,95.3,293900,13.9,63.2,North America,Affluent,No,28.4,75.4
SPACEX-0603,Michael Cohen,SpaceX,SPACEX,Engineering,Staff,86.6,454800,6.0,84.3,North America,Working class,Yes,90.1,86.5
SPACEX-0604,Olivia Martinez,SpaceX,SPACEX,Manufacturing,Senior,82.8,201800,12.4,76.4,North America,Upper-middle,No,32.9,89.3
SPACEX-0605,John Lee,SpaceX,SPACEX,Avionics & Software,Principal,72.6,435800,8.9,73.5,North America,Middle,No,53.7,72.4
SPACEX-0606,Olivia Smith,SpaceX,SPACEX,Engineering,Director,96.7,978100,6.0,62.6,South Asia,Affluent,No,21.1,71.0
SPACEX-0607,Nina Silva,SpaceX,SPACEX,Launch & Test,Staff,87.0,433100,3.7,59.9,North America,Upper-middle,No,35.4,68.4
SPACEX-0608,Yuki Lee,SpaceX,SPACEX,Manufacturing,Senior,75.1,185000,7.4,66.6,North America,Affluent,No,18.4,79.0
SPACEX-0609,Chen Park,SpaceX,SPACEX,Avionics & Software,Senior,76.4,77200,5.1,74.5,North America,Lower-middle,Yes,76.8,94.9
SPACEX-0610,James Anderson,SpaceX,SPACEX,Engineering,Staff,76.9,268100,3.7,72.2,North America,Lower-middle,Yes,91.3,71.0
SPACEX-0611,Olivia Murphy,SpaceX,SPACEX,Engineering,Staff,83.8,108500,2.5,77.7,North America,Middle,No,44.4,77.1
SPACEX-0612,Nina Petrov,SpaceX,SPACEX,Manufacturing,Senior,90.1,233700,1.0,79.4,North America,Lower-middle,No,55.4,88.6
SPACEX-0613,Chen Cohen,SpaceX,SPACEX,Manufacturing,Principal,82.5,462100,3.4,71.4,North America,Lower-middle,No,64.1,73.9
SPACEX-0614,Fatima Brown,SpaceX,SPACEX,Manufacturing,Principal,72.9,329800,5.4,71.9,North America,Upper-middle,No,24.9,74.9
SPACEX-0615,Linda Okafor,SpaceX,SPACEX,Engineering,Staff,89.4,172300,5.3,74.2,Southeast Asia,Working class,No,90.7,100.0
SPACEX-0616,Yuki Wilson,SpaceX,SPACEX,Operations,Senior,84.5,219000,2.6,58.2,North America,Lower-middle,Yes,83.3,84.4
SPACEX-0617,Linda Johnson,SpaceX,SPACEX,Engineering,Senior,64.7,124200,4.0,76.2,North America,Upper-middle,No,19.4,76.0
SPACEX-0618,Emily Ali,SpaceX,SPACEX,Engineering,Director,85.3,1003400,7.2,75.4,North America,Upper-middle,No,30.7,86.1
SPACEX-0619,Linda Hassan,SpaceX,SPACEX,Manufacturing,Senior Director,86.0,877100,6.2,77.0,North America,Affluent,No,25.9,75.3
SPACEX-0620,Yuki Okafor,SpaceX,SPACEX,Engineering,Senior,64.4,119700,1.0,64.2,North America,Affluent,No,21.8,64.7
SPACEX-0621,Arjun Ali,SpaceX,SPACEX,Operations,Director,82.2,413400,4.7,66.9,Europe,Affluent,No,32.3,67.1
SPACEX-0622,Carlos Wang,SpaceX,SPACEX,Manufacturing,Staff,70.4,251800,2.9,81.0,North America,Working class,No,79.9,84.6
SPACEX-0623,Grace Singh,SpaceX,SPACEX,Avionics & Software,Senior,95.4,206500,2.1,70.5,North America,Middle,Yes,61.4,81.2
SPACEX-0624,Thomas Petrov,SpaceX,SPACEX,Operations,Senior Director,79.9,213500,7.6,77.2,Europe,Middle,Yes,43.8,76.0
SPACEX-0625,Michael Brown,SpaceX,SPACEX,Launch & Test,Senior Director,97.3,648600,7.3,72.4,North America,Middle,No,48.8,75.2
SPACEX-0626,Nina Wilson,SpaceX,SPACEX,Engineering,Staff,77.6,206300,4.9,69.8,North America,Lower-middle,Yes,82.3,87.1
SPACEX-0627,Aisha Martinez,SpaceX,SPACEX,Engineering,Staff,96.9,199200,2.9,67.5,North America,Working class,Yes,87.1,97.8
SPACEX-0628,Yuki Singh,SpaceX,SPACEX,Avionics & Software,VP,87.4,635100,7.8,69.8,Latin America,Affluent,No,13.2,65.1
SPACEX-0629,Linda Murphy,SpaceX,SPACEX,Launch & Test,Director,90.0,1116800,3.1,67.6,North America,Upper-middle,Yes,44.3,62.5
SPACEX-0630,Maria Tanaka,SpaceX,SPACEX,Manufacturing,Principal,80.1,176900,3.6,84.7,North America,Lower-middle,Yes,70.9,74.1
SPACEX-0631,Hannah Petrov,SpaceX,SPACEX,AI (xAI),Principal,85.2,230200,1.7,74.4,North America,Upper-middle,No,40.0,83.1
SPACEX-0632,Grace Wilson,SpaceX,SPACEX,Manufacturing,Senior,72.2,68300,2.6,67.0,North America,Lower-middle,Yes,73.8,81.7
SPACEX-0633,Priya Rossi,SpaceX,SPACEX,Manufacturing,Senior,84.5,184100,2.8,61.9,North America,Lower-middle,No,74.2,67.2
SPACEX-0634,Elena Wang,SpaceX,SPACEX,Manufacturing,Senior,86.1,75700,1.6,67.9,North America,Middle,No,58.5,75.9
SPACEX-0635,Priya Ali,SpaceX,SPACEX,Manufacturing,Senior,69.4,176300,4.0,67.9,North America,Lower-middle,Yes,75.2,78.5
SPACEX-0636,Fatima Tanaka,SpaceX,SPACEX,Engineering,Director,72.2,363200,7.8,68.3,North America,Upper-middle,No,33.8,74.9
SPACEX-0637,Grace Murphy,SpaceX,SPACEX,Avionics & Software,Senior,79.0,125400,2.6,61.6,North America,Working class,No,81.1,60.7
SPACEX-0638,Emily Tanaka,SpaceX,SPACEX,Operations,Principal,93.4,329000,3.5,69.2,North America,Lower-middle,Yes,71.2,83.7
SPACEX-0639,Carlos Schmidt,SpaceX,SPACEX,Engineering,Staff,96.5,122300,3.0,75.5,North America,Middle,No,48.9,78.7
SPACEX-0640,Nina Smith,SpaceX,SPACEX,Engineering,Staff,76.2,51100,1.0,58.1,North America,Lower-middle,No,70.8,81.3
SPACEX-0641,Maria Wang,SpaceX,SPACEX,Supply Chain,Staff,77.0,173500,2.0,68.3,North America,Lower-middle,Yes,73.3,74.6
SPACEX-0642,Chen Lee,SpaceX,SPACEX,Engineering,Director,93.4,447200,6.3,84.5,North America,Lower-middle,No,59.7,91.9
SPACEX-0643,Wei Rossi,SpaceX,SPACEX,Operations,Staff,65.3,100500,6.3,78.4,North America,Lower-middle,Yes,71.7,94.0
SPACEX-0644,Kevin Tanaka,SpaceX,SPACEX,Operations,Staff,82.5,164500,2.9,79.1,East Asia,Upper-middle,No,48.3,73.5
SPACEX-0645,Thomas Anderson,SpaceX,SPACEX,Finance,Director,78.7,267200,3.5,73.2,North America,Working class,Yes,87.7,85.9
SPACEX-0646,Yuki Park,SpaceX,SPACEX,Supply Chain,Staff,89.7,225300,4.5,71.5,North America,Upper-middle,Yes,48.5,80.1
SPACEX-0647,Hannah Cohen,SpaceX,SPACEX,Engineering,SVP,89.1,503400,12.3,84.1,South Asia,Middle,No,53.6,84.5
SPACEX-0648,David Garcia,SpaceX,SPACEX,Engineering,Principal,80.4,871600,6.2,74.3,North America,Upper-middle,No,34.5,60.1
SPACEX-0649,Hannah Garcia,SpaceX,SPACEX,Avionics & Software,Senior Director,76.4,484700,17.4,54.2,Middle East,Middle,Yes,72.3,82.1
SPACEX-0650,Mary Tanaka,SpaceX,SPACEX,AI (xAI),Director,91.9,319100,14.8,79.3,North America,Lower-middle,No,74.2,100.0
SPACEX-0651,Aisha Rossi,SpaceX,SPACEX,Engineering,Senior Director,89.6,505300,5.5,74.4,North America,Middle,Yes,48.3,81.9
SPACEX-0652,Emily Anderson,SpaceX,SPACEX,Manufacturing,Senior Director,78.4,166800,4.5,76.1,North America,Upper-middle,No,32.7,71.1
SPACEX-0653,Samuel Okafor,SpaceX,SPACEX,Operations,Director,93.8,152000,5.8,65.0,North America,Middle,No,69.0,69.8
SPACEX-0654,Sofia Hassan,SpaceX,SPACEX,Engineering,Senior,72.2,92800,1.6,69.0,North America,Working class,No,83.1,75.2
SPACEX-0655,Ahmed Johnson,SpaceX,SPACEX,Manufacturing,Staff,74.8,380200,2.2,63.7,North America,Lower-middle,No,74.1,67.8
SPACEX-0656,Hiroshi Nguyen,SpaceX,SPACEX,Finance,Staff,73.0,60500,2.1,56.6,South Asia,Lower-middle,No,61.8,65.6
SPACEX-0657,Elena Chen,SpaceX,SPACEX,Engineering,Senior,90.2,195300,0.4,64.4,North America,Lower-middle,Yes,66.0,64.0
SPACEX-0658,Mary Schmidt,SpaceX,SPACEX,Engineering,Principal,76.6,168500,3.3,68.7,North America,Upper-middle,No,41.0,75.1
SPACEX-0659,Grace Tanaka,SpaceX,SPACEX,Operations,Senior,93.6,137600,6.3,74.9,North America,Lower-middle,No,65.1,77.1
SPACEX-0660,Nina Johnson,SpaceX,SPACEX,Manufacturing,Senior,88.4,62400,3.3,74.6,North America,Upper-middle,No,32.6,74.9
SPACEX-0661,John Ali,SpaceX,SPACEX,Manufacturing,Director,86.9,335500,5.6,76.5,North America,Middle,Yes,72.1,81.6
SPACEX-0662,John Martinez,SpaceX,SPACEX,Manufacturing,VP,92.6,982200,8.5,89.4,South Asia,Working class,No,87.2,79.5
SPACEX-0663,Priya Petrov,SpaceX,SPACEX,Manufacturing,Senior,78.1,184600,0.9,65.0,North America,Middle,No,68.4,80.6
SPACEX-0664,Nina Lee,SpaceX,SPACEX,Engineering,Senior,75.2,217700,2.5,66.8,North America,Upper-middle,No,40.5,76.6
SPACEX-0665,Aisha Ali,SpaceX,SPACEX,Engineering,Senior,64.3,122500,0.9,73.2,North America,Middle,No,45.0,76.4
SPACEX-0666,Chen Davis,SpaceX,SPACEX,Engineering,Staff,85.9,244600,6.1,62.3,North America,Affluent,No,14.3,68.4
SPACEX-0667,Raj Singh,SpaceX,SPACEX,Engineering,Staff,85.4,273600,4.6,75.2,North America,Upper-middle,No,43.5,84.2
SPACEX-0668,Elena Murphy,SpaceX,SPACEX,Engineering,Principal,78.8,359400,2.5,71.1,Latin America,Working class,Yes,96.8,72.0
SPACEX-0669,Zoe Wilson,SpaceX,SPACEX,Avionics & Software,C-Suite,88.3,1413500,16.4,77.1,Africa,Upper-middle,No,39.7,76.5
SPACEX-0670,Aisha Brown,SpaceX,SPACEX,Manufacturing,Senior,83.7,163800,6.4,78.1,North America,Upper-middle,Yes,54.4,92.6
SPACEX-0671,Carlos Chen,SpaceX,SPACEX,Manufacturing,Director,100.0,960400,12.9,74.9,North America,Upper-middle,No,34.2,84.5
SPACEX-0672,David Garcia,SpaceX,SPACEX,Manufacturing,Principal,94.3,256500,4.5,77.4,North America,Working class,Yes,84.8,82.6
SPACEX-0673,Nina Johnson,SpaceX,SPACEX,Engineering,Principal,90.9,197100,4.0,67.6,North America,Middle,No,58.7,76.7
SPACEX-0674,Carlos Ali,SpaceX,SPACEX,Operations,Senior,81.6,290000,7.8,64.9,East Asia,Middle,Yes,59.6,81.7
SPACEX-0675,Carlos Wilson,SpaceX,SPACEX,Operations,Staff,77.1,330600,4.8,69.4,North America,Affluent,Yes,37.2,76.4
SPACEX-0676,Thomas Lee,SpaceX,SPACEX,Avionics & Software,Principal,82.9,158700,9.2,73.1,North America,Affluent,No,21.3,80.2
SPACEX-0677,Elena Johnson,SpaceX,SPACEX,Avionics & Software,Director,78.1,408700,10.1,71.7,North America,Middle,No,56.5,85.6
SPACEX-0678,Priya Hassan,SpaceX,SPACEX,Manufacturing,Senior,71.3,49600,2.3,68.6,North America,Upper-middle,No,38.5,69.6
SPACEX-0679,Carlos Kim,SpaceX,SPACEX,AI (xAI),Director,83.4,334900,5.9,81.5,North America,Middle,No,55.7,72.7
SPACEX-0680,Emily Lopez,SpaceX,SPACEX,Engineering,Senior,76.1,185000,8.4,63.7,North America,Upper-middle,No,42.2,83.3
SPACEX-0681,Aisha Lee,SpaceX,SPACEX,Finance,VP,98.8,357100,12.1,84.0,North America,Working class,No,75.7,86.0
SPACEX-0682,Kevin Cohen,SpaceX,SPACEX,Avionics & Software,Director,80.2,1097900,5.0,64.8,North America,Upper-middle,No,26.5,72.1
SPACEX-0683,Mary Tanaka,SpaceX,SPACEX,AI (xAI),Senior,98.6,170700,5.7,83.8,Latin America,Working class,Yes,87.7,83.1
SPACEX-0684,Emily Patel,SpaceX,SPACEX,People/HR,Staff,75.0,127700,4.2,71.2,North America,Lower-middle,Yes,77.1,85.2
SPACEX-0685,Emily Smith,SpaceX,SPACEX,Operations,Senior,75.9,71700,8.3,75.5,South Asia,Middle,No,41.8,90.0
SPACEX-0686,Wei Smith,SpaceX,SPACEX,Launch & Test,Staff,95.8,233000,7.0,48.7,North America,Working class,Yes,79.3,94.9
SPACEX-0687,Raj Yamamoto,SpaceX,SPACEX,Engineering,Director,88.1,612900,6.3,63.6,North America,Middle,Yes,75.5,68.7
SPACEX-0688,Elena Okafor,SpaceX,SPACEX,Avionics & Software,Staff,84.1,370600,3.0,68.7,North America,Upper-middle,No,40.0,63.9
SPACEX-0689,James Schmidt,SpaceX,SPACEX,Engineering,Director,78.0,508500,10.1,73.3,North America,Affluent,No,27.3,74.0
SPACEX-0690,Olivia Reyes,SpaceX,SPACEX,Avionics & Software,Director,97.1,222200,6.2,73.6,North America,Working class,Yes,90.1,79.2
SPACEX-0691,Sofia Petrov,SpaceX,SPACEX,Avionics & Software,Senior Director,83.7,325100,5.4,84.7,South Asia,Working class,Yes,98.7,90.2
SPACEX-0692,Arjun Cohen,SpaceX,SPACEX,Manufacturing,Staff,88.5,172000,4.7,88.7,Europe,Middle,No,54.0,91.6
SPACEX-0693,Sofia Ali,SpaceX,SPACEX,Manufacturing,Senior,75.0,138200,4.8,68.4,North America,Lower-middle,Yes,67.9,70.9
SPACEX-0694,Sofia Yamamoto,SpaceX,SPACEX,Engineering,Senior,65.9,260900,3.6,76.4,North America,Lower-middle,Yes,79.2,73.2
SPACEX-0695,Fatima Patel,SpaceX,SPACEX,Manufacturing,Senior Director,78.1,523900,4.9,77.6,North America,Upper-middle,No,37.8,86.0
SPACEX-0696,Yuki Reyes,SpaceX,SPACEX,AI (xAI),Senior,88.3,315600,2.0,67.7,North America,Middle,No,61.3,56.2
SPACEX-0697,Aisha Hassan,SpaceX,SPACEX,Manufacturing,Staff,90.8,234500,5.7,57.3,Middle East,Upper-middle,Yes,48.2,65.0
SPACEX-0698,James Park,SpaceX,SPACEX,Avionics & Software,VP,96.2,743400,15.4,84.5,North America,Affluent,No,23.9,100.0
SPACEX-0699,Mary Brown,SpaceX,SPACEX,Engineering,Principal,100.0,241200,4.7,75.1,North America,Lower-middle,No,64.4,100.0
SPACEX-0700,Sofia Murphy,SpaceX,SPACEX,Engineering,Staff,77.0,183000,6.6,60.5,North America,Lower-middle,Yes,73.8,72.5
SPACEX-0701,Arjun Wilson,SpaceX,SPACEX,Manufacturing,Director,87.3,381500,4.4,85.2,North America,Upper-middle,Yes,36.9,80.9
SPACEX-0702,Raj Wang,SpaceX,SPACEX,Engineering,Director,93.8,287600,11.0,68.0,North America,Lower-middle,Yes,64.4,80.7
SPACEX-0703,Michael Tanaka,SpaceX,SPACEX,Operations,Staff,97.6,158500,5.7,64.0,North America,Middle,No,52.0,95.9
SPACEX-0704,Carlos Lopez,SpaceX,SPACEX,Engineering,Senior,76.0,46800,4.2,65.8,North America,Middle,Yes,60.1,63.8
SPACEX-0705,Maria Johnson,SpaceX,SPACEX,Manufacturing,Staff,84.2,433300,1.0,74.5,North America,Middle,No,63.9,87.3
SPACEX-0706,Wei Schmidt,SpaceX,SPACEX,Engineering,Principal,100.0,291500,5.4,64.3,North America,Working class,Yes,100.0,96.4
SPACEX-0707,James Okafor,SpaceX,SPACEX,Engineering,VP,100.0,942000,11.0,71.2,North America,Middle,No,45.0,81.2
SPACEX-0708,Hannah Petrov,SpaceX,SPACEX,Launch & Test,Staff,100.0,332700,1.3,63.6,North America,Middle,Yes,56.1,85.6
SPACEX-0709,Thomas Cohen,SpaceX,SPACEX,Engineering,Director,78.8,144100,10.7,70.4,North America,Upper-middle,No,35.3,71.5
SPACEX-0710,Arjun Hassan,SpaceX,SPACEX,Operations,Director,99.6,231500,13.1,75.2,North America,Working class,Yes,93.0,80.8
SPACEX-0711,Wei Garcia,SpaceX,SPACEX,Launch & Test,Senior,89.4,196800,2.4,80.8,Europe,Middle,Yes,60.9,95.1
SPACEX-0712,John Hassan,SpaceX,SPACEX,Manufacturing,Director,99.3,369300,4.8,90.9,North America,Lower-middle,Yes,73.5,89.0
SPACEX-0713,Michael Chen,SpaceX,SPACEX,Launch & Test,Staff,100.0,96400,4.5,73.2,North America,Upper-middle,No,27.0,75.1
SPACEX-0714,Priya Cohen,SpaceX,SPACEX,Engineering,Director,82.4,718200,9.4,76.7,East Asia,Middle,No,46.7,79.6
SPACEX-0715,Kevin Johnson,SpaceX,SPACEX,Avionics & Software,Senior,71.3,82300,1.8,70.5,North America,Middle,Yes,71.7,100.0
SPACEX-0716,Chen Silva,SpaceX,SPACEX,Engineering,VP,96.6,636300,6.9,79.1,East Asia,Upper-middle,No,41.6,81.3
SPACEX-0717,Ahmed Davis,SpaceX,SPACEX,AI (xAI),Staff,78.4,121500,1.3,74.3,North America,Lower-middle,No,64.2,84.8
SPACEX-0718,Linda Johnson,SpaceX,SPACEX,Manufacturing,Principal,61.0,396000,4.4,75.2,North America,Lower-middle,No,67.8,72.6
SPACEX-0719,Olivia Cohen,SpaceX,SPACEX,Engineering,Staff,77.2,108200,4.7,74.8,Europe,Upper-middle,No,41.4,68.5
SPACEX-0720,Carlos Brown,SpaceX,SPACEX,Supply Chain,VP,94.0,1979100,6.5,76.9,Europe,Upper-middle,No,48.5,95.5
SPACEX-0721,Mary Rossi,SpaceX,SPACEX,Launch & Test,Principal,85.4,384400,7.4,71.6,North America,Upper-middle,No,42.4,73.3
SPACEX-0722,James Yamamoto,SpaceX,SPACEX,Engineering,Senior,76.9,185600,1.6,80.1,North America,Working class,Yes,91.5,83.6
SPACEX-0723,Daniel Cohen,SpaceX,SPACEX,Engineering,Principal,100.0,364600,5.0,75.0,North America,Upper-middle,Yes,51.2,74.1
SPACEX-0724,Hiroshi Martinez,SpaceX,SPACEX,Operations,Senior,70.3,228100,2.3,73.8,North America,Upper-middle,No,35.1,82.7
SPACEX-0725,Aisha Rossi,SpaceX,SPACEX,Engineering,Senior,86.4,279800,3.1,79.1,North America,Middle,No,45.0,92.7
SPACEX-0726,James Ali,SpaceX,SPACEX,Engineering,Director,85.1,195700,6.7,78.9,North America,Middle,No,68.0,73.2
SPACEX-0727,Elena Okafor,SpaceX,SPACEX,Engineering,Principal,65.4,162300,6.9,61.8,North America,Lower-middle,No,57.8,79.1
SPACEX-0728,John Anderson,SpaceX,SPACEX,Engineering,Senior,81.7,219700,0.9,68.0,North America,Affluent,No,24.1,70.8
SPACEX-0729,Emily Park,SpaceX,SPACEX,Engineering,Senior Director,73.6,185300,5.0,65.6,North America,Working class,No,85.2,70.5
SPACEX-0730,Olivia Schmidt,SpaceX,SPACEX,Operations,Senior,64.3,141700,3.9,65.0,North America,Middle,No,46.9,77.2
SPACEX-0731,Samuel Lee,SpaceX,SPACEX,Operations,Senior Director,95.9,994500,6.4,72.3,North America,Middle,No,33.6,65.3
SPACEX-0732,Grace Smith,SpaceX,SPACEX,Engineering,VP,61.6,511000,16.0,58.9,South Asia,Middle,Yes,51.1,73.1
SPACEX-0733,John Singh,SpaceX,SPACEX,Finance,Staff,93.8,149200,4.3,67.2,North America,Upper-middle,No,33.4,84.3
SPACEX-0734,Raj Patel,SpaceX,SPACEX,Engineering,Senior,81.3,263400,1.6,79.4,North America,Middle,No,55.0,81.9
SPACEX-0735,John Wilson,SpaceX,SPACEX,Engineering,SVP,61.4,1029600,11.5,64.2,North America,Middle,No,61.1,80.5
SPACEX-0736,Samuel Schmidt,SpaceX,SPACEX,Launch & Test,Principal,79.5,226900,3.4,79.5,South Asia,Lower-middle,No,66.4,78.1
SPACEX-0737,Maria Wang,SpaceX,SPACEX,Engineering,Staff,85.5,420700,2.5,66.4,North America,Upper-middle,No,30.5,79.3
SPACEX-0738,Chen Anderson,SpaceX,SPACEX,Engineering,Principal,49.7,354800,3.9,58.6,North America,Middle,No,47.5,66.4
SPACEX-0739,Maria Park,SpaceX,SPACEX,Manufacturing,Director,64.6,308200,5.6,71.6,North America,Middle,Yes,55.8,76.2
SPACEX-0740,Maria Wang,SpaceX,SPACEX,Operations,Principal,100.0,1785500,5.1,72.9,South Asia,Working class,Yes,81.3,88.2
SPACEX-0741,Linda Lee,SpaceX,SPACEX,Manufacturing,Staff,89.2,415500,5.3,78.8,Europe,Working class,Yes,95.6,90.7
SPACEX-0742,Thomas Okafor,SpaceX,SPACEX,Engineering,Staff,76.5,378300,2.0,80.7,North America,Upper-middle,No,37.4,63.4
SPACEX-0743,Priya Rossi,SpaceX,SPACEX,Supply Chain,Senior Director,85.2,514500,6.3,73.7,South Asia,Middle,No,54.2,64.7
SPACEX-0744,Emily Hassan,SpaceX,SPACEX,Manufacturing,Staff,99.7,52500,1.9,62.9,North America,Working class,Yes,90.0,82.0
SPACEX-0745,Linda Murphy,SpaceX,SPACEX,Manufacturing,Senior Director,74.0,255100,10.0,66.1,North America,Middle,Yes,57.4,92.2
SPACEX-0746,Arjun Patel,SpaceX,SPACEX,AI (xAI),VP,62.5,502900,17.8,76.1,North America,Lower-middle,Yes,78.5,77.2
SPACEX-0747,Ahmed Ali,SpaceX,SPACEX,Manufacturing,Senior,86.0,152900,6.1,65.4,North America,Middle,No,63.4,70.1
SPACEX-0748,Grace Brown,SpaceX,SPACEX,Engineering,Senior,70.3,78700,6.7,80.7,Europe,Middle,No,53.2,82.8
SPACEX-0749,Sofia Wilson,SpaceX,SPACEX,Finance,Principal,71.4,397600,3.9,58.9,Europe,Lower-middle,Yes,65.5,86.5
SPACEX-0750,John Singh,SpaceX,SPACEX,Manufacturing,Staff,84.5,119900,3.1,81.2,North America,Affluent,No,18.0,79.0
SPACEX-0751,Hiroshi Park,SpaceX,SPACEX,Manufacturing,Senior,76.9,113100,0.6,63.2,North America,Upper-middle,No,42.5,89.7
SPACEX-0752,Linda Singh,SpaceX,SPACEX,Avionics & Software,Principal,70.6,93400,10.0,67.3,North America,Affluent,No,17.7,81.2
SPACEX-0753,Olivia Ali,SpaceX,SPACEX,Engineering,Senior,92.9,53100,3.5,73.6,South Asia,Lower-middle,Yes,66.3,86.8
SPACEX-0754,Fatima Davis,SpaceX,SPACEX,Engineering,Principal,85.3,844100,6.5,64.1,North America,Lower-middle,No,66.4,75.0
SPACEX-0755,Grace Smith,SpaceX,SPACEX,Manufacturing,Staff,75.1,254800,4.7,74.3,North America,Middle,No,52.9,66.5
SPACEX-0756,Chen Garcia,SpaceX,SPACEX,Launch & Test,Staff,68.1,126500,1.3,72.8,North America,Working class,Yes,80.7,84.5
SPACEX-0757,Hannah Lee,SpaceX,SPACEX,Engineering,Senior,79.9,106800,2.6,63.6,East Asia,Upper-middle,No,33.5,84.3
SPACEX-0758,Aisha Garcia,SpaceX,SPACEX,Avionics & Software,Principal,79.1,307200,7.9,80.2,North America,Middle,No,48.6,89.9
SPACEX-0759,Zoe Smith,SpaceX,SPACEX,Manufacturing,Senior,72.5,45500,2.9,63.3,North America,Upper-middle,No,33.2,71.4
SPACEX-0760,Aisha Silva,SpaceX,SPACEX,Launch & Test,Director,89.2,745800,4.9,88.7,North America,Lower-middle,No,69.3,96.1
SPACEX-0761,Daniel Murphy,SpaceX,SPACEX,Manufacturing,VP,100.0,624300,7.6,78.8,North America,Working class,Yes,90.0,95.6
SPACEX-0762,Kevin Silva,SpaceX,SPACEX,Avionics & Software,Senior,100.0,91800,2.7,63.1,North America,Lower-middle,Yes,84.3,85.4
SPACEX-0763,Maria Smith,SpaceX,SPACEX,Manufacturing,Staff,74.3,438200,7.0,81.3,North America,Working class,Yes,85.3,84.7
SPACEX-0764,Elena Cohen,SpaceX,SPACEX,Manufacturing,Staff,84.6,554100,1.7,63.6,Latin America,Lower-middle,No,77.2,74.4
SPACEX-0765,David Hassan,SpaceX,SPACEX,Manufacturing,Staff,75.7,458200,1.9,69.1,East Asia,Lower-middle,Yes,64.9,79.5
SPACEX-0766,Yuki Nguyen,SpaceX,SPACEX,Manufacturing,Staff,77.5,323300,4.7,46.9,North America,Lower-middle,No,64.7,76.9
SPACEX-0767,Thomas Murphy,SpaceX,SPACEX,Engineering,Director,79.7,256800,3.8,73.9,North America,Upper-middle,No,44.6,74.4
SPACEX-0768,Nina Johnson,SpaceX,SPACEX,Supply Chain,Principal,73.2,112700,7.1,71.0,North America,Middle,No,41.6,75.3
SPACEX-0769,Ahmed Davis,SpaceX,SPACEX,AI (xAI),VP,98.5,722000,7.8,88.6,Latin America,Middle,No,53.9,83.6
SPACEX-0770,Kevin Silva,SpaceX,SPACEX,AI (xAI),Director,90.0,118700,5.3,71.1,Europe,Lower-middle,No,67.5,69.3
SPACEX-0771,David Kim,SpaceX,SPACEX,Engineering,VP,66.8,1195600,5.8,84.4,North America,Lower-middle,No,63.3,89.9
SPACEX-0772,Emily Nguyen,SpaceX,SPACEX,People/HR,Senior,70.9,49800,4.0,75.9,North America,Lower-middle,No,49.1,98.6
SPACEX-0773,Maria Garcia,SpaceX,SPACEX,Avionics & Software,Principal,100.0,493200,5.4,80.6,Europe,Middle,No,54.1,93.6
SPACEX-0774,Linda Johnson,SpaceX,SPACEX,Supply Chain,Staff,86.5,225000,0.9,82.5,North America,Middle,Yes,66.4,70.4
SPACEX-0775,Elena Chen,SpaceX,SPACEX,Manufacturing,Staff,80.5,349600,1.6,75.7,North America,Middle,No,57.0,69.6
SPACEX-0776,Elena Park,SpaceX,SPACEX,Manufacturing,Senior,63.8,126200,7.5,70.2,North America,Middle,No,42.0,92.2
SPACEX-0777,Chen Chen,SpaceX,SPACEX,Engineering,Principal,79.1,162400,5.8,64.0,North America,Working class,Yes,99.2,71.7
SPACEX-0778,Arjun Nguyen,SpaceX,SPACEX,Operations,Staff,77.2,93200,11.3,80.1,North America,Middle,No,42.8,69.8
SPACEX-0779,Grace Davis,SpaceX,SPACEX,Avionics & Software,Senior,88.8,285700,2.3,64.8,North America,Working class,No,82.0,80.6
SPACEX-0780,Samuel Garcia,SpaceX,SPACEX,Operations,Staff,88.3,93100,2.4,69.4,North America,Lower-middle,No,69.9,80.3
SPACEX-0781,Michael Lopez,SpaceX,SPACEX,Finance,Director,89.3,494100,5.7,90.8,North America,Lower-middle,No,66.0,69.5
SPACEX-0782,Raj Wang,SpaceX,SPACEX,Engineering,Senior,78.9,154300,1.0,66.2,North America,Lower-middle,No,69.1,76.3
SPACEX-0783,Emily Reyes,SpaceX,SPACEX,AI (xAI),SVP,81.2,485600,17.4,62.2,North America,Middle,Yes,71.2,100.0
SPACEX-0784,Samuel Patel,SpaceX,SPACEX,Launch & Test,Staff,77.1,652400,3.2,68.1,North America,Working class,Yes,90.4,64.2
SPACEX-0785,Hannah Patel,SpaceX,SPACEX,Manufacturing,VP,85.8,538700,5.9,72.1,North America,Upper-middle,No,33.1,74.5
SPACEX-0786,Hannah Lee,SpaceX,SPACEX,Manufacturing,Senior Director,86.6,1197800,6.2,69.0,North America,Upper-middle,No,38.1,65.6
SPACEX-0787,David Nguyen,SpaceX,SPACEX,Operations,VP,100.0,276900,6.6,69.2,North America,Middle,Yes,62.0,71.7
SPACEX-0788,John Garcia,SpaceX,SPACEX,Manufacturing,Staff,87.3,164400,3.3,63.3,Europe,Middle,No,54.0,75.8
SPACEX-0789,Hannah Brown,SpaceX,SPACEX,Engineering,Director,83.6,176500,7.6,72.8,North America,Working class,No,81.5,78.9
SPACEX-0790,Sofia Nguyen,SpaceX,SPACEX,Avionics & Software,Staff,77.2,322300,2.3,69.2,North America,Lower-middle,Yes,76.6,74.9
SPACEX-0791,Samuel Tanaka,SpaceX,SPACEX,Avionics & Software,Principal,79.8,1199500,6.6,85.7,Latin America,Upper-middle,No,33.1,73.5
SPACEX-0792,Thomas Chen,SpaceX,SPACEX,Operations,Senior,90.9,254600,5.5,56.9,Europe,Middle,No,49.2,77.0
SPACEX-0793,Hiroshi Okafor,SpaceX,SPACEX,People/HR,Staff,86.2,135800,2.8,73.9,East Asia,Working class,Yes,91.3,85.2
SPACEX-0794,Zoe Chen,SpaceX,SPACEX,Engineering,Staff,80.9,72300,4.5,63.1,North America,Upper-middle,No,42.3,74.2
SPACEX-0795,Maria Reyes,SpaceX,SPACEX,Avionics & Software,Staff,91.3,325100,5.1,68.2,South Asia,Upper-middle,No,39.4,72.4
SPACEX-0796,John Silva,SpaceX,SPACEX,Launch & Test,Staff,73.8,354800,1.1,71.7,Europe,Middle,No,42.0,74.5
SPACEX-0797,Ahmed Nguyen,SpaceX,SPACEX,Finance,Senior,84.5,149800,1.4,75.0,North America,Middle,No,61.0,81.3
SPACEX-0798,Aisha Silva,SpaceX,SPACEX,Engineering,Senior,54.3,106800,5.2,58.9,North America,Upper-middle,No,48.4,60.9
SPACEX-0799,Nina Hassan,SpaceX,SPACEX,Manufacturing,Staff,85.2,211900,4.0,67.6,North America,Upper-middle,No,49.7,76.0
SPACEX-0800,Grace Reyes,SpaceX,SPACEX,Avionics & Software,Senior,75.5,100900,4.8,51.7,North America,Working class,No,89.9,63.4
SPACEX-0801,Mary Brown,SpaceX,SPACEX,AI (xAI),Principal,98.1,584000,4.8,67.2,North America,Lower-middle,Yes,75.0,65.5
SPACEX-0802,Fatima Lopez,SpaceX,SPACEX,Supply Chain,Senior,82.0,145800,7.5,70.4,North America,Middle,Yes,56.4,77.5
SPACEX-0803,Carlos Khan,SpaceX,SPACEX,Engineering,Principal,86.9,272700,5.1,51.8,Europe,Middle,No,43.8,91.9
SPACEX-0804,John Patel,SpaceX,SPACEX,Manufacturing,Senior Director,82.6,482100,6.9,73.0,Europe,Middle,No,60.9,76.5
SPACEX-0805,Chen Chen,SpaceX,SPACEX,Manufacturing,Staff,84.3,87800,4.2,79.5,North America,Working class,Yes,82.0,76.6
SPACEX-0806,Mary Smith,SpaceX,SPACEX,Engineering,SVP,86.9,616600,6.3,70.9,North America,Working class,Yes,85.6,92.1
SPACEX-0807,Samuel Yamamoto,SpaceX,SPACEX,Finance,Staff,95.7,122300,0.7,84.7,North America,Middle,No,59.5,79.4
SPACEX-0808,Carlos Tanaka,SpaceX,SPACEX,AI (xAI),Senior,62.0,192400,7.1,66.8,North America,Lower-middle,No,59.1,79.2
SPACEX-0809,Arjun Johnson,SpaceX,SPACEX,Manufacturing,Director,79.6,590300,8.5,70.0,North America,Working class,No,84.9,100.0
SPACEX-0810,James Petrov,SpaceX,SPACEX,Engineering,Principal,97.8,607500,6.6,68.8,North America,Upper-middle,No,34.8,84.7
SPACEX-0811,Emily Wang,SpaceX,SPACEX,Manufacturing,Principal,80.3,466500,7.1,73.0,North America,Upper-middle,Yes,45.0,78.3
SPACEX-0812,James Nguyen,SpaceX,SPACEX,Engineering,Staff,77.4,157700,2.5,65.4,North America,Middle,No,45.6,73.5
SPACEX-0813,Mary Yamamoto,SpaceX,SPACEX,Engineering,Principal,88.0,184600,4.0,74.1,North America,Lower-middle,No,65.9,96.2
SPACEX-0814,Daniel Lopez,SpaceX,SPACEX,Manufacturing,Senior,66.1,71400,0.2,52.3,North America,Middle,No,40.0,93.3
SPACEX-0815,Sofia Ali,SpaceX,SPACEX,Avionics & Software,Senior,87.4,681800,3.5,73.3,North America,Middle,No,53.0,72.0
SPACEX-0816,Raj Chen,SpaceX,SPACEX,Manufacturing,Senior,93.9,148200,2.9,82.7,North America,Working class,Yes,93.3,88.4
SPACEX-0817,Aisha Martinez,SpaceX,SPACEX,Engineering,SVP,73.3,2602900,10.7,72.2,North America,Upper-middle,No,44.0,75.6
SPACEX-0818,John Rossi,SpaceX,SPACEX,Engineering,VP,90.2,674900,9.8,73.7,Latin America,Upper-middle,No,42.6,72.8
SPACEX-0819,Yuki Davis,SpaceX,SPACEX,Engineering,Director,89.8,532900,4.2,72.5,Europe,Lower-middle,Yes,62.8,77.6
SPACEX-0820,Carlos Reyes,SpaceX,SPACEX,Manufacturing,Principal,95.6,312000,7.0,72.8,North America,Middle,No,53.4,90.9
SPACEX-0821,Elena Lee,SpaceX,SPACEX,Engineering,Senior Director,62.0,458500,5.0,70.9,North America,Middle,No,55.0,72.3
SPACEX-0822,Nina Yamamoto,SpaceX,SPACEX,Manufacturing,Senior,77.6,143400,9.3,63.6,North America,Working class,Yes,94.2,89.7
SPACEX-0823,Nina Patel,SpaceX,SPACEX,People/HR,Senior Director,93.0,478000,5.2,68.1,North America,Middle,No,45.2,78.6
SPACEX-0824,Samuel Wang,SpaceX,SPACEX,Avionics & Software,Senior,72.0,168400,1.6,72.4,North America,Upper-middle,No,17.3,81.4
SPACEX-0825,Priya Khan,SpaceX,SPACEX,Engineering,Principal,88.4,408100,4.6,75.6,North America,Lower-middle,Yes,68.0,85.2
SPACEX-0826,Kevin Rossi,SpaceX,SPACEX,AI (xAI),Director,70.2,345900,8.1,74.0,North America,Lower-middle,Yes,70.4,86.5
SPACEX-0827,Wei Kim,SpaceX,SPACEX,Manufacturing,Staff,100.0,667800,3.1,81.0,North America,Lower-middle,Yes,77.3,94.6
SPACEX-0828,Mary Schmidt,SpaceX,SPACEX,Engineering,VP,92.6,978500,14.0,80.1,North America,Working class,No,91.5,84.2
SPACEX-0829,Ahmed Schmidt,SpaceX,SPACEX,Launch & Test,Senior,87.0,99200,4.3,64.4,North America,Affluent,No,22.9,56.9
SPACEX-0830,Wei Ali,SpaceX,SPACEX,Launch & Test,Senior Director,74.7,210900,6.9,82.0,North America,Lower-middle,Yes,71.4,93.9
SPACEX-0831,Elena Murphy,SpaceX,SPACEX,Engineering,Staff,80.1,207900,2.0,76.8,North America,Working class,Yes,91.7,94.0
SPACEX-0832,Thomas Smith,SpaceX,SPACEX,Engineering,Senior,65.1,35800,2.1,69.0,North America,Middle,No,56.9,66.9
SPACEX-0833,Yuki Kim,SpaceX,SPACEX,Supply Chain,Senior,79.0,88700,4.2,68.5,North America,Middle,No,55.9,82.7
SPACEX-0834,Grace Cohen,SpaceX,SPACEX,Engineering,Principal,75.6,479700,4.8,73.9,North America,Middle,Yes,57.4,84.3
SPACEX-0835,Michael Wilson,SpaceX,SPACEX,Manufacturing,Senior,74.1,243200,0.3,59.9,Europe,Middle,No,40.0,64.9
SPACEX-0836,Hannah Khan,SpaceX,SPACEX,Engineering,Principal,83.6,313300,6.4,78.9,North America,Lower-middle,No,57.3,82.7
SPACEX-0837,Yuki Chen,SpaceX,SPACEX,Engineering,Principal,84.8,182700,5.1,70.9,South Asia,Upper-middle,No,21.5,59.5
SPACEX-0838,Aisha Hassan,SpaceX,SPACEX,Operations,Staff,76.3,241400,6.1,74.8,North America,Middle,No,59.9,86.6
SPACEX-0839,Raj Yamamoto,SpaceX,SPACEX,Engineering,Senior,74.2,119900,2.2,58.9,East Asia,Lower-middle,Yes,72.5,91.5
SPACEX-0840,Hiroshi Rossi,SpaceX,SPACEX,Legal & Policy,Staff,80.3,211500,5.1,86.9,North America,Lower-middle,No,72.4,89.3
SPACEX-0841,Raj Davis,SpaceX,SPACEX,Manufacturing,VP,88.3,1199500,11.4,73.6,North America,Affluent,No,31.8,59.7
SPACEX-0842,Olivia Nguyen,SpaceX,SPACEX,Engineering,Senior Director,99.1,703200,5.3,85.4,North America,Upper-middle,Yes,50.5,88.9
SPACEX-0843,Chen Park,SpaceX,SPACEX,Finance,Director,86.6,366900,3.4,78.0,North America,Working class,Yes,84.9,83.7
SPACEX-0844,David Silva,SpaceX,SPACEX,Operations,Principal,92.6,331900,3.6,69.2,North America,Middle,No,42.8,97.6
SPACEX-0845,Thomas Tanaka,SpaceX,SPACEX,Manufacturing,Senior,91.5,438400,2.4,73.9,North America,Middle,Yes,66.6,66.7
SPACEX-0846,Samuel Lopez,SpaceX,SPACEX,Operations,Senior,77.6,175700,4.6,71.9,North America,Upper-middle,No,38.1,72.1
SPACEX-0847,John Nguyen,SpaceX,SPACEX,Manufacturing,Senior,63.5,105000,6.4,55.3,Latin America,Lower-middle,Yes,81.1,86.5
SPACEX-0848,Hannah Okafor,SpaceX,SPACEX,Avionics & Software,Principal,100.0,322700,7.7,72.6,North America,Lower-middle,Yes,67.4,84.1
SPACEX-0849,James Lopez,SpaceX,SPACEX,Launch & Test,Senior,73.4,99500,3.1,71.5,North America,Middle,Yes,69.7,78.5
SPACEX-0850,Chen Wilson,SpaceX,SPACEX,Launch & Test,Senior,58.5,103300,0.2,62.6,North America,Middle,No,54.1,77.3
SPACEX-0851,David Chen,SpaceX,SPACEX,Manufacturing,Senior,80.9,141000,5.8,76.8,North America,Working class,Yes,95.3,89.6
SPACEX-0852,Zoe Hassan,SpaceX,SPACEX,Manufacturing,Principal,89.6,263900,2.5,81.5,South Asia,Working class,Yes,92.2,100.0
SPACEX-0853,Sofia Brown,SpaceX,SPACEX,Engineering,SVP,90.1,908200,10.9,89.3,North America,Working class,No,85.5,82.4
SPACEX-0854,David Brown,SpaceX,SPACEX,Engineering,Senior,81.5,507400,3.8,52.9,North America,Middle,No,55.7,76.3
SPACEX-0855,Chen Kim,SpaceX,SPACEX,Finance,Senior,83.6,159200,1.0,76.3,North America,Middle,Yes,61.3,87.7
SPACEX-0856,Yuki Schmidt,SpaceX,SPACEX,Avionics & Software,Principal,70.7,207900,3.8,69.9,North America,Working class,No,86.2,89.2
SPACEX-0857,Ahmed Reyes,SpaceX,SPACEX,Engineering,Staff,88.4,110800,6.3,70.9,Latin America,Lower-middle,No,72.2,84.6
SPACEX-0858,Wei Reyes,SpaceX,SPACEX,Engineering,Principal,65.0,258400,12.1,66.2,North America,Lower-middle,No,71.3,82.8
SPACEX-0859,Kevin Johnson,SpaceX,SPACEX,Manufacturing,Senior,90.8,183100,6.8,73.1,North America,Lower-middle,Yes,76.3,91.2
SPACEX-0860,Grace Hassan,SpaceX,SPACEX,Operations,Senior,93.6,84600,3.2,69.4,North America,Working class,Yes,96.0,80.5
SPACEX-0861,Wei Schmidt,SpaceX,SPACEX,Avionics & Software,Director,67.1,343500,6.6,68.1,North America,Middle,No,44.1,65.4
SPACEX-0862,Maria Lee,SpaceX,SPACEX,Manufacturing,Staff,77.8,328000,5.9,68.5,South Asia,Upper-middle,No,34.2,70.0
SPACEX-0863,Olivia Brown,SpaceX,SPACEX,Launch & Test,SVP,81.8,792800,10.1,68.9,North America,Lower-middle,No,67.2,71.3
SPACEX-0864,Sofia Smith,SpaceX,SPACEX,Engineering,Director,83.1,358800,8.9,76.0,North America,Lower-middle,No,73.3,80.7
SPACEX-0865,Thomas Hassan,SpaceX,SPACEX,Engineering,Senior,75.9,110500,2.2,87.3,North America,Middle,No,44.5,95.6
SPACEX-0866,Hiroshi Cohen,SpaceX,SPACEX,Operations,Senior,80.6,114400,8.4,52.0,North America,Lower-middle,Yes,74.9,92.2
SPACEX-0867,Michael Rossi,SpaceX,SPACEX,Supply Chain,Senior,75.6,199600,3.4,67.4,North America,Middle,Yes,69.8,84.4
SPACEX-0868,Hiroshi Tanaka,SpaceX,SPACEX,Avionics & Software,Principal,73.8,241900,5.6,69.4,North America,Middle,No,62.6,96.8
SPACEX-0869,Zoe Brown,SpaceX,SPACEX,Engineering,Senior,86.6,141200,3.7,61.1,North America,Middle,No,54.5,88.7
SPACEX-0870,James Yamamoto,SpaceX,SPACEX,Engineering,Staff,63.4,155600,4.2,68.7,Southeast Asia,Upper-middle,No,30.9,68.2
SPACEX-0871,John Chen,SpaceX,SPACEX,Manufacturing,Senior,73.4,70200,7.0,73.8,Middle East,Middle,No,55.4,92.4
SPACEX-0872,Carlos Kim,SpaceX,SPACEX,Manufacturing,Senior,98.6,153800,8.7,64.1,Europe,Working class,No,73.9,84.7
SPACEX-0873,Thomas Cohen,SpaceX,SPACEX,Launch & Test,Director,88.1,496200,9.4,74.5,North America,Upper-middle,No,35.3,74.2
SPACEX-0874,Wei Hassan,SpaceX,SPACEX,Engineering,Director,91.2,331700,5.7,71.5,Latin America,Working class,No,69.4,74.4
SPACEX-0875,Emily Ali,SpaceX,SPACEX,Avionics & Software,Senior Director,87.8,411300,10.7,77.1,North America,Middle,No,54.3,97.1
SPACEX-0876,David Silva,SpaceX,SPACEX,Manufacturing,Senior,78.6,193700,2.6,73.5,East Asia,Working class,No,78.7,82.5
SPACEX-0877,Ahmed Johnson,SpaceX,SPACEX,Operations,Staff,87.5,182100,1.6,75.5,North America,Middle,No,44.0,71.9
SPACEX-0878,John Rossi,SpaceX,SPACEX,Avionics & Software,Principal,95.4,371000,12.1,73.4,North America,Middle,Yes,71.3,100.0
SPACEX-0879,Mary Reyes,SpaceX,SPACEX,Operations,Senior,79.9,81200,1.8,65.4,North America,Middle,No,59.8,77.6
SPACEX-0880,Sofia Petrov,SpaceX,SPACEX,Manufacturing,Senior,68.6,72100,4.4,65.5,North America,Working class,Yes,98.7,85.7
SPACEX-0881,David Yamamoto,SpaceX,SPACEX,Engineering,Staff,83.5,403300,1.5,60.4,North America,Middle,No,58.9,83.5
SPACEX-0882,Yuki Okafor,SpaceX,SPACEX,Engineering,Senior,97.8,169200,5.0,68.3,North America,Lower-middle,Yes,85.5,92.0
SPACEX-0883,Hannah Anderson,SpaceX,SPACEX,People/HR,Principal,82.5,193800,2.7,78.1,North America,Middle,No,51.8,95.4
SPACEX-0884,Nina Singh,SpaceX,SPACEX,Launch & Test,Principal,75.1,259700,3.6,70.3,North America,Affluent,No,29.6,61.6
SPACEX-0885,Emily Brown,SpaceX,SPACEX,Manufacturing,Staff,85.5,505900,4.2,70.0,North America,Lower-middle,No,59.8,79.3
SPACEX-0886,Elena Petrov,SpaceX,SPACEX,Supply Chain,Staff,82.7,467800,4.9,69.3,South Asia,Middle,No,50.8,79.0
SPACEX-0887,Ahmed Brown,SpaceX,SPACEX,Engineering,Senior,89.9,273500,0.6,62.1,North America,Middle,Yes,59.3,66.4
SPACEX-0888,James Hassan,SpaceX,SPACEX,Engineering,Director,63.5,780100,5.9,74.0,Southeast Asia,Affluent,No,30.0,71.7
SPACEX-0889,David Cohen,SpaceX,SPACEX,AI (xAI),Senior,85.8,199500,5.2,59.2,North America,Working class,Yes,92.7,84.6
SPACEX-0890,Ahmed Garcia,SpaceX,SPACEX,Engineering,VP,100.0,2080800,7.0,72.4,North America,Lower-middle,Yes,72.2,85.0
SPACEX-0891,Daniel Yamamoto,SpaceX,SPACEX,Engineering,Principal,89.1,238500,3.7,64.9,North America,Affluent,No,35.8,73.8
SPACEX-0892,Hiroshi Patel,SpaceX,SPACEX,Engineering,Staff,51.8,235000,2.8,58.5,North America,Affluent,No,23.8,40.5
SPACEX-0893,Olivia Petrov,SpaceX,SPACEX,Manufacturing,SVP,78.7,1581100,7.2,83.0,South Asia,Upper-middle,No,31.7,85.9
SPACEX-0894,Carlos Rossi,SpaceX,SPACEX,Engineering,Staff,72.3,129700,6.5,65.3,North America,Working class,No,83.3,77.5
SPACEX-0895,David Khan,SpaceX,SPACEX,Launch & Test,Senior,92.0,163000,2.4,54.8,North America,Lower-middle,No,66.3,78.1
SPACEX-0896,Michael Davis,SpaceX,SPACEX,AI (xAI),Staff,85.9,195900,6.8,73.9,Latin America,Lower-middle,No,83.5,96.6
SPACEX-0897,Carlos Patel,SpaceX,SPACEX,Operations,Staff,70.0,173900,1.8,73.0,North America,Lower-middle,Yes,80.7,88.4
SPACEX-0898,Fatima Smith,SpaceX,SPACEX,Engineering,Principal,78.0,260600,6.7,55.6,North America,Lower-middle,Yes,89.0,81.0
SPACEX-0899,Yuki Wang,SpaceX,SPACEX,Engineering,Principal,88.5,223300,15.8,66.6,North America,Lower-middle,No,48.9,77.8
SPACEX-0900,James Nguyen,SpaceX,SPACEX,Engineering,Staff,68.1,463500,3.2,71.1,North America,Middle,No,54.5,81.7
SPACEX-0901,Emily Yamamoto,SpaceX,SPACEX,Launch & Test,Principal,95.4,406500,4.9,76.3,Europe,Lower-middle,No,58.7,99.4
SPACEX-0902,Sofia Petrov,SpaceX,SPACEX,AI (xAI),Senior,66.0,334400,5.4,82.0,North America,Working class,Yes,99.7,80.3
SPACEX-0903,John Martinez,SpaceX,SPACEX,Avionics & Software,Director,89.2,868700,4.0,74.7,North America,Middle,No,43.7,77.1
SPACEX-0904,Carlos Cohen,SpaceX,SPACEX,Engineering,Senior Director,100.0,1602000,10.3,83.8,North America,Lower-middle,No,69.8,90.0
SPACEX-0905,Aisha Kim,SpaceX,SPACEX,Engineering,Senior,81.6,90300,3.3,72.4,North America,Lower-middle,No,61.3,78.7
SPACEX-0906,Sofia Kim,SpaceX,SPACEX,Engineering,SVP,83.9,653800,9.2,69.9,North America,Middle,No,55.2,70.8
SPACEX-0907,Hiroshi Rossi,SpaceX,SPACEX,Engineering,C-Suite,76.9,1203300,14.2,72.7,North America,Upper-middle,Yes,47.8,93.8
SPACEX-0908,Hiroshi Lopez,SpaceX,SPACEX,Engineering,Staff,91.5,182800,1.2,77.3,North America,Lower-middle,No,68.8,79.2
SPACEX-0909,Linda Johnson,SpaceX,SPACEX,Operations,Staff,87.7,126800,1.6,65.7,North America,Middle,No,47.2,73.7
SPACEX-0910,Hiroshi Silva,SpaceX,SPACEX,Engineering,Principal,85.7,230300,8.9,65.4,Africa,Upper-middle,No,50.6,70.9
SPACEX-0911,Elena Silva,SpaceX,SPACEX,Manufacturing,Staff,82.7,147000,2.3,69.5,North America,Working class,Yes,85.1,88.4
SPACEX-0912,Olivia Patel,SpaceX,SPACEX,Engineering,Principal,79.9,512200,3.7,61.8,North America,Lower-middle,No,62.9,68.2
SPACEX-0913,Mary Silva,SpaceX,SPACEX,Manufacturing,Director,80.7,440600,8.7,73.0,North America,Middle,No,55.8,81.1
SPACEX-0914,Thomas Rossi,SpaceX,SPACEX,Engineering,Senior,79.2,90700,1.4,77.0,North America,Working class,Yes,90.4,88.9
SPACEX-0915,Hiroshi Nguyen,SpaceX,SPACEX,Operations,SVP,83.9,615400,14.7,75.4,North America,Working class,Yes,96.2,82.4
SPACEX-0916,Samuel Okafor,SpaceX,SPACEX,Engineering,Staff,71.7,310400,1.0,72.4,North America,Working class,Yes,93.0,85.0
SPACEX-0917,Emily Murphy,SpaceX,SPACEX,Operations,Principal,90.4,1202500,2.7,78.1,Europe,Working class,No,90.3,71.7
SPACEX-0918,Elena Wilson,SpaceX,SPACEX,Engineering,Senior Director,84.6,787500,8.5,76.6,North America,Lower-middle,No,65.1,82.2
SPACEX-0919,Kevin Davis,SpaceX,SPACEX,Launch & Test,Principal,96.0,315700,5.0,82.2,North America,Upper-middle,No,47.8,86.8
SPACEX-0920,Grace Anderson,SpaceX,SPACEX,AI (xAI),Director,82.9,181500,7.2,55.9,North America,Working class,No,83.8,68.9
SPACEX-0921,Samuel Singh,SpaceX,SPACEX,People/HR,Senior,73.8,145600,7.5,66.8,Europe,Upper-middle,No,29.7,74.0
SPACEX-0922,James Chen,SpaceX,SPACEX,Avionics & Software,Director,80.9,268500,8.4,54.0,North America,Affluent,No,15.0,81.1
SPACEX-0923,Samuel Nguyen,SpaceX,SPACEX,Finance,Staff,86.2,232800,4.3,85.4,North America,Middle,Yes,63.5,76.3
SPACEX-0924,Mary Davis,SpaceX,SPACEX,Avionics & Software,VP,87.0,673000,5.0,80.8,North America,Lower-middle,Yes,75.4,88.1
SPACEX-0925,Arjun Nguyen,SpaceX,SPACEX,Manufacturing,Senior,100.0,481800,2.9,70.6,South Asia,Upper-middle,No,31.4,68.8
SPACEX-0926,Zoe Reyes,SpaceX,SPACEX,Manufacturing,Senior,71.8,80700,0.3,65.3,North America,Lower-middle,Yes,66.8,81.0
SPACEX-0927,Daniel Kim,SpaceX,SPACEX,Engineering,Staff,83.7,168900,5.0,71.6,East Asia,Upper-middle,No,49.3,81.2
SPACEX-0928,Maria Brown,SpaceX,SPACEX,Manufacturing,Staff,93.2,159000,2.5,76.3,North America,Upper-middle,No,30.3,80.8
SPACEX-0929,Chen Davis,SpaceX,SPACEX,Launch & Test,Staff,97.8,231900,6.7,82.7,Europe,Lower-middle,Yes,78.3,88.5
SPACEX-0930,Fatima Anderson,SpaceX,SPACEX,Supply Chain,Senior,57.6,160600,1.2,61.2,North America,Lower-middle,Yes,72.6,64.1
SPACEX-0931,Michael Hassan,SpaceX,SPACEX,Operations,Director,84.0,208400,6.9,67.1,North America,Lower-middle,Yes,89.2,90.2
SPACEX-0932,Yuki Kim,SpaceX,SPACEX,Manufacturing,Staff,83.3,159000,4.9,67.1,North America,Upper-middle,No,40.7,66.1
SPACEX-0933,Hannah Singh,SpaceX,SPACEX,Operations,Principal,93.8,309800,7.0,71.6,Europe,Affluent,No,29.5,89.6
SPACEX-0934,Zoe Davis,SpaceX,SPACEX,Engineering,Director,80.6,757200,4.6,75.9,North America,Middle,No,50.7,90.8
SPACEX-0935,Zoe Petrov,SpaceX,SPACEX,Operations,Senior,80.5,255400,4.4,74.5,North America,Affluent,No,29.7,81.0
SPACEX-0936,Samuel Anderson,SpaceX,SPACEX,Engineering,VP,80.5,883200,9.4,71.1,North America,Working class,No,81.9,76.6
SPACEX-0937,Zoe Johnson,SpaceX,SPACEX,Engineering,Senior Director,90.0,658400,10.7,83.7,North America,Working class,Yes,80.7,77.7
SPACEX-0938,Zoe Petrov,SpaceX,SPACEX,Engineering,Staff,92.1,184200,2.9,71.3,North America,Lower-middle,Yes,63.4,100.0
SPACEX-0939,Elena Tanaka,SpaceX,SPACEX,Engineering,Director,75.8,733100,9.5,75.3,North America,Middle,No,57.7,89.9
SPACEX-0940,Fatima Schmidt,SpaceX,SPACEX,Manufacturing,Principal,83.7,678700,3.4,74.7,North America,Working class,Yes,98.3,89.3
SPACEX-0941,Olivia Anderson,SpaceX,SPACEX,Engineering,Senior,88.2,105400,6.0,71.7,North America,Affluent,No,25.4,75.5
SPACEX-0942,Hiroshi Tanaka,SpaceX,SPACEX,Manufacturing,Senior,69.6,242300,2.6,72.9,North America,Lower-middle,Yes,76.8,85.2
SPACEX-0943,Arjun Okafor,SpaceX,SPACEX,People/HR,Director,87.4,379900,6.5,78.9,North America,Affluent,No,23.6,99.8
SPACEX-0944,Wei Smith,SpaceX,SPACEX,Engineering,Senior,90.5,322700,1.5,70.6,North America,Upper-middle,No,45.4,86.4
SPACEX-0945,Aisha Yamamoto,SpaceX,SPACEX,Engineering,SVP,91.0,697700,6.7,81.4,South Asia,Middle,No,53.5,79.3
SPACEX-0946,John Cohen,SpaceX,SPACEX,AI (xAI),Senior,77.5,182000,6.8,69.6,North America,Middle,Yes,68.0,79.8
SPACEX-0947,Michael Martinez,SpaceX,SPACEX,Avionics & Software,Senior Director,74.6,549800,4.2,72.3,North America,Working class,Yes,97.2,90.6
SPACEX-0948,Raj Anderson,SpaceX,SPACEX,Engineering,Principal,96.4,478600,5.6,64.8,Europe,Lower-middle,Yes,84.9,86.1
SPACEX-0949,Nina Patel,SpaceX,SPACEX,Engineering,VP,83.9,572600,7.8,81.1,East Asia,Upper-middle,No,34.6,94.8
SPACEX-0950,Sofia Tanaka,SpaceX,SPACEX,People/HR,Principal,78.7,422100,6.6,64.5,North America,Lower-middle,No,72.9,78.6
SPACEX-0951,Linda Tanaka,SpaceX,SPACEX,Manufacturing,Principal,81.2,437900,4.7,67.9,North America,Upper-middle,No,46.9,83.1
SPACEX-0952,Wei Reyes,SpaceX,SPACEX,Manufacturing,Principal,88.1,514000,5.9,71.6,East Asia,Middle,No,51.9,76.1
SPACEX-0953,Kevin Cohen,SpaceX,SPACEX,Manufacturing,Senior Director,73.3,206600,4.9,73.0,North America,Lower-middle,Yes,80.9,77.2
SPACEX-0954,Elena Silva,SpaceX,SPACEX,Manufacturing,Senior,82.9,403800,5.4,73.6,North America,Lower-middle,No,63.1,84.8
SPACEX-0955,Daniel Martinez,SpaceX,SPACEX,Engineering,Staff,84.5,445400,1.7,71.3,North America,Affluent,No,22.1,82.8
SPACEX-0956,Grace Lopez,SpaceX,SPACEX,Engineering,Senior,77.3,132200,1.6,66.9,North America,Affluent,No,28.1,61.2
SPACEX-0957,Raj Schmidt,SpaceX,SPACEX,Manufacturing,Staff,92.3,161400,3.0,72.2,North America,Upper-middle,No,35.5,76.5
SPACEX-0958,Emily Park,SpaceX,SPACEX,Engineering,Staff,91.7,453500,3.3,61.6,North America,Working class,Yes,100.0,92.5
SPACEX-0959,Kevin Lopez,SpaceX,SPACEX,Avionics & Software,Senior,85.4,158800,3.9,57.1,Europe,Middle,No,40.9,80.1
SPACEX-0960,Wei Davis,SpaceX,SPACEX,Engineering,Senior,74.9,204100,1.7,69.3,North America,Affluent,No,21.4,70.0
SPACEX-0961,Mary Lopez,SpaceX,SPACEX,Engineering,Staff,94.4,508400,2.6,81.5,North America,Working class,Yes,99.0,94.8
SPACEX-0962,Olivia Smith,SpaceX,SPACEX,Operations,Principal,81.0,258300,5.6,76.2,Latin America,Upper-middle,Yes,48.0,93.9
SPACEX-0963,Linda Schmidt,SpaceX,SPACEX,Engineering,Principal,90.8,327000,5.1,78.2,North America,Upper-middle,Yes,39.9,80.3
SPACEX-0964,Zoe Nguyen,SpaceX,SPACEX,Supply Chain,Staff,91.3,59400,1.4,66.7,North America,Middle,No,51.8,80.0
SPACEX-0965,Emily Chen,SpaceX,SPACEX,Avionics & Software,Senior,82.5,265500,7.9,61.6,North America,Lower-middle,Yes,75.5,82.4
SPACEX-0966,Priya Kim,SpaceX,SPACEX,Engineering,Senior Director,96.2,451800,15.1,78.3,Europe,Middle,No,66.3,95.0
SPACEX-0967,Mary Khan,SpaceX,SPACEX,Launch & Test,Senior,100.0,325000,5.6,68.9,North America,Affluent,No,26.8,63.7
SPACEX-0968,James Yamamoto,SpaceX,SPACEX,Manufacturing,Principal,82.2,719500,7.4,64.7,Europe,Working class,Yes,87.9,85.6
SPACEX-0969,Fatima Wilson,SpaceX,SPACEX,Manufacturing,Senior,89.5,175300,10.8,67.0,North America,Affluent,Yes,36.0,70.3
SPACEX-0970,Thomas Smith,SpaceX,SPACEX,Operations,Staff,90.5,524100,2.8,74.1,North America,Middle,No,54.0,80.9
SPACEX-0971,Fatima Garcia,SpaceX,SPACEX,Manufacturing,Staff,76.3,120700,4.2,77.5,North America,Middle,No,60.2,82.9
SPACEX-0972,Yuki Murphy,SpaceX,SPACEX,Operations,Staff,95.6,245500,2.6,66.1,Southeast Asia,Middle,No,52.5,77.6
SPACEX-0973,Chen Brown,SpaceX,SPACEX,Legal & Policy,Principal,74.5,238700,6.2,79.4,East Asia,Middle,Yes,55.5,88.7
SPACEX-0974,Yuki Anderson,SpaceX,SPACEX,Manufacturing,Staff,80.4,78700,5.5,69.5,North America,Middle,No,61.3,75.0
SPACEX-0975,Nina Wang,SpaceX,SPACEX,Manufacturing,Senior,91.1,183100,2.2,77.5,Southeast Asia,Working class,Yes,100.0,79.2
SPACEX-0976,Maria Hassan,SpaceX,SPACEX,Manufacturing,Principal,81.9,415000,4.2,80.8,North America,Working class,Yes,92.0,79.4
SPACEX-0977,Fatima Murphy,SpaceX,SPACEX,Finance,Staff,81.7,150200,6.5,70.8,North America,Middle,No,47.0,90.2
SPACEX-0978,Thomas Schmidt,SpaceX,SPACEX,Manufacturing,Staff,81.1,129700,1.6,77.6,North America,Middle,No,57.6,68.9
SPACEX-0979,Ahmed Johnson,SpaceX,SPACEX,Avionics & Software,Principal,80.8,236900,2.6,70.0,North America,Upper-middle,No,34.2,67.9
SPACEX-0980,Daniel Wilson,SpaceX,SPACEX,Manufacturing,Staff,84.7,204400,3.9,63.8,Europe,Middle,Yes,56.7,78.9
SPACEX-0981,Raj Nguyen,SpaceX,SPACEX,Operations,Staff,87.6,349700,4.1,74.4,North America,Upper-middle,No,41.2,85.1
SPACEX-0982,John Okafor,SpaceX,SPACEX,Engineering,Director,88.4,198900,3.8,72.6,North America,Working class,Yes,88.2,96.1
SPACEX-0983,Emily Davis,SpaceX,SPACEX,Avionics & Software,Staff,87.4,155300,1.3,75.0,North America,Working class,Yes,90.6,86.0
SPACEX-0984,Aisha Anderson,SpaceX,SPACEX,Manufacturing,Staff,69.8,221300,8.5,69.3,North America,Working class,Yes,79.3,70.9
SPACEX-0985,Mary Anderson,SpaceX,SPACEX,Manufacturing,Senior,99.9,253700,8.3,64.7,North America,Middle,Yes,66.0,88.1
SPACEX-0986,Kevin Johnson,SpaceX,SPACEX,AI (xAI),Staff,65.8,539900,2.1,63.9,East Asia,Middle,No,52.4,58.0
SPACEX-0987,Raj Lopez,SpaceX,SPACEX,Manufacturing,Staff,80.1,473600,3.1,77.9,Latin America,Middle,No,62.4,85.1
SPACEX-0988,Fatima Rossi,SpaceX,SPACEX,Operations,Director,83.7,186400,6.0,76.4,North America,Lower-middle,Yes,67.6,80.2
SPACEX-0989,Thomas Silva,SpaceX,SPACEX,Operations,Senior,72.0,123700,6.1,63.9,Africa,Lower-middle,No,69.8,91.7
SPACEX-0990,Nina Chen,SpaceX,SPACEX,Finance,Principal,78.0,294300,9.5,78.4,North America,Lower-middle,Yes,67.5,78.9
SPACEX-0991,Carlos Lee,SpaceX,SPACEX,Supply Chain,VP,94.9,684200,4.8,82.6,North America,Working class,Yes,94.3,95.0
SPACEX-0992,Mary Garcia,SpaceX,SPACEX,Manufacturing,Senior Director,91.1,303400,9.3,71.9,North America,Upper-middle,No,43.4,89.3
SPACEX-0993,Grace Davis,SpaceX,SPACEX,Launch & Test,Principal,97.8,282700,5.0,76.4,Africa,Middle,No,51.1,80.8
SPACEX-0994,Nina Tanaka,SpaceX,SPACEX,Supply Chain,Senior,72.9,446000,2.0,76.4,Europe,Middle,No,39.8,72.4
SPACEX-0995,Grace Patel,SpaceX,SPACEX,Avionics & Software,Principal,83.7,276600,3.0,68.0,North America,Affluent,No,27.0,82.7
SPACEX-0996,Hiroshi Cohen,SpaceX,SPACEX,Launch & Test,Senior,79.6,171900,4.4,77.4,Europe,Middle,No,63.3,86.8
SPACEX-0997,Ahmed Brown,SpaceX,SPACEX,AI (xAI),Principal,78.9,303700,11.0,73.4,North America,Middle,No,60.6,70.1
SPACEX-0998,Olivia Tanaka,SpaceX,SPACEX,Manufacturing,VP,71.9,174300,6.0,76.5,Latin America,Middle,Yes,59.6,85.3
SPACEX-0999,Aisha Tanaka,SpaceX,SPACEX,Engineering,Director,94.4,455800,8.9,73.4,North America,Lower-middle,Yes,87.0,86.0
SPACEX-1000,Carlos Okafor,SpaceX,SPACEX,Supply Chain,Senior,74.6,198800,3.5,71.6,North America,Middle,No,47.9,79.9
