employee_id,name,company,ticker,department,level,performance_score,total_compensation_usd,tenure_years
NVDA-0001,Daniel Murphy,NVIDIA,NVDA,Legal & Policy,Principal,84.3,192700,3.0
NVDA-0002,Zoe Khan,NVIDIA,NVDA,Engineering,Senior,81.4,293300,13.8
NVDA-0003,Mary Ali,NVIDIA,NVDA,Operations,Senior Director,63.3,1551800,10.8
NVDA-0004,Yuki Tanaka,NVIDIA,NVDA,Engineering,Principal,88.9,1620500,5.5
NVDA-0005,Olivia Anderson,NVIDIA,NVDA,Engineering,Senior,82.9,131200,3.6
NVDA-0006,Mary Petrov,NVIDIA,NVDA,Sales & GTM,Director,80.9,374000,18.4
NVDA-0007,Aisha Schmidt,NVIDIA,NVDA,Engineering,Staff,77.6,672300,2.6
NVDA-0008,Arjun Petrov,NVIDIA,NVDA,Engineering,Senior Director,77.4,1338200,5.7
NVDA-0009,Aisha Anderson,NVIDIA,NVDA,Legal & Policy,Senior,63.6,232900,3.8
NVDA-0010,Hannah Hassan,NVIDIA,NVDA,Engineering,Staff,88.1,355900,5.1
NVDA-0011,Elena Anderson,NVIDIA,NVDA,Design,Senior,79.1,361800,6.6
NVDA-0012,Maria Smith,NVIDIA,NVDA,Product,Senior,87.1,209400,2.9
NVDA-0013,Michael Rossi,NVIDIA,NVDA,People/HR,Staff,86.4,602500,3.2
NVDA-0014,Fatima Chen,NVIDIA,NVDA,Research & AI,Senior,82.5,300200,9.4
NVDA-0015,Zoe Khan,NVIDIA,NVDA,Marketing,Senior,84.1,488500,11.4
NVDA-0016,Daniel Park,NVIDIA,NVDA,Marketing,Staff,74.6,906300,10.9
NVDA-0017,Grace Martinez,NVIDIA,NVDA,Engineering,VP,83.9,1037100,10.2
NVDA-0018,Raj Patel,NVIDIA,NVDA,Research & AI,Director,100.0,1994200,5.7
NVDA-0019,James Petrov,NVIDIA,NVDA,Research & AI,Staff,100.0,449500,3.4
NVDA-0020,Emily Hassan,NVIDIA,NVDA,Research & AI,Principal,84.7,512600,7.0
NVDA-0021,Maria Park,NVIDIA,NVDA,Product,Director,91.9,971900,8.7
NVDA-0022,Hannah Johnson,NVIDIA,NVDA,Operations,Director,72.3,320200,16.1
NVDA-0023,John Murphy,NVIDIA,NVDA,Product,Senior Director,82.7,969800,15.7
NVDA-0024,Mary Wang,NVIDIA,NVDA,Engineering,Principal,91.5,259000,7.1
NVDA-0025,Thomas Rossi,NVIDIA,NVDA,Finance,VP,91.2,2089600,19.5
NVDA-0026,Kevin Hassan,NVIDIA,NVDA,Legal & Policy,Senior,91.1,290400,8.8
NVDA-0027,Chen Martinez,NVIDIA,NVDA,Research & AI,Senior,91.2,331400,5.7
NVDA-0028,Linda Hassan,NVIDIA,NVDA,Engineering,Senior,77.8,576100,4.3
NVDA-0029,Aisha Murphy,NVIDIA,NVDA,Product,Senior,95.9,293200,2.5
NVDA-0030,Fatima Park,NVIDIA,NVDA,Product,Principal,93.2,482300,7.2
NVDA-0031,Mary Rossi,NVIDIA,NVDA,Operations,Senior Director,82.5,1325000,6.3
NVDA-0032,Thomas Kim,NVIDIA,NVDA,Engineering,Staff,90.2,624500,5.2
NVDA-0033,Linda Anderson,NVIDIA,NVDA,Sales & GTM,Director,86.7,1556900,4.6
NVDA-0034,Priya Cohen,NVIDIA,NVDA,Operations,Principal,71.5,544600,7.1
NVDA-0035,Hannah Park,NVIDIA,NVDA,Sales & GTM,Principal,82.1,732500,3.9
NVDA-0036,Carlos Murphy,NVIDIA,NVDA,Finance,Senior,86.4,1068400,3.6
NVDA-0037,Fatima Chen,NVIDIA,NVDA,Engineering,Staff,63.2,365500,12.4
NVDA-0038,James Brown,NVIDIA,NVDA,Sales & GTM,Staff,61.9,295400,6.2
NVDA-0039,Chen Silva,NVIDIA,NVDA,Engineering,Director,67.5,410600,8.4
NVDA-0040,Thomas Schmidt,NVIDIA,NVDA,Research & AI,Staff,58.3,307500,1.9
NVDA-0041,Hiroshi Petrov,NVIDIA,NVDA,Operations,VP,91.7,3775900,10.0
NVDA-0042,Ahmed Okafor,NVIDIA,NVDA,Engineering,Principal,89.6,550500,5.6
NVDA-0043,Thomas Okafor,NVIDIA,NVDA,Design,VP,83.7,685100,9.2
NVDA-0044,Yuki Murphy,NVIDIA,NVDA,Research & AI,Senior,81.4,268600,3.9
NVDA-0045,James Lopez,NVIDIA,NVDA,Product,Principal,79.7,540400,10.0
NVDA-0046,Priya Garcia,NVIDIA,NVDA,Design,Senior,77.8,121000,5.1
NVDA-0047,Hannah Schmidt,NVIDIA,NVDA,Finance,Director,79.6,1072200,10.2
NVDA-0048,Maria Brown,NVIDIA,NVDA,Engineering,Staff,72.9,475600,8.3
NVDA-0049,Arjun Nguyen,NVIDIA,NVDA,Research & AI,Senior,87.0,593000,0.7
NVDA-0050,Ahmed Tanaka,NVIDIA,NVDA,Engineering,Staff,53.6,362400,1.1
NVDA-0051,Arjun Ali,NVIDIA,NVDA,Product,Director,81.8,343600,10.5
NVDA-0052,Zoe Reyes,NVIDIA,NVDA,Research & AI,Staff,79.1,322400,5.5
NVDA-0053,Mary Park,NVIDIA,NVDA,Legal & Policy,Staff,77.7,381800,4.8
NVDA-0054,Grace Singh,NVIDIA,NVDA,Sales & GTM,Senior Director,80.9,275100,7.2
NVDA-0055,James Silva,NVIDIA,NVDA,People/HR,Staff,85.3,474100,9.9
NVDA-0056,Grace Chen,NVIDIA,NVDA,Engineering,Principal,70.6,294600,4.2
NVDA-0057,Daniel Tanaka,NVIDIA,NVDA,Operations,Director,65.9,449800,8.5
NVDA-0058,Elena Silva,NVIDIA,NVDA,Product,Senior,88.6,417400,9.3
NVDA-0059,Hiroshi Lopez,NVIDIA,NVDA,Engineering,Principal,84.1,1134000,13.6
NVDA-0060,Aisha Hassan,NVIDIA,NVDA,Product,Senior,80.8,315600,1.9
NVDA-0061,Linda Patel,NVIDIA,NVDA,Operations,Senior,72.3,149500,10.1
NVDA-0062,Yuki Garcia,NVIDIA,NVDA,Operations,VP,91.8,1631000,7.3
NVDA-0063,Daniel Patel,NVIDIA,NVDA,Marketing,Staff,68.0,178600,8.9
NVDA-0064,Zoe Chen,NVIDIA,NVDA,Product,Principal,75.5,367100,8.9
NVDA-0065,Zoe Rossi,NVIDIA,NVDA,Finance,Principal,92.8,842200,5.9
NVDA-0066,Linda Petrov,NVIDIA,NVDA,Engineering,Senior,64.3,194800,3.7
NVDA-0067,Hannah Chen,NVIDIA,NVDA,Finance,SVP,82.9,3043900,20.5
NVDA-0068,Priya Anderson,NVIDIA,NVDA,Engineering,Senior Director,83.5,1528400,8.4
NVDA-0069,David Lee,NVIDIA,NVDA,Engineering,Principal,81.4,272600,14.5
NVDA-0070,Grace Murphy,NVIDIA,NVDA,Finance,Senior,87.6,189300,9.0
NVDA-0071,Aisha Wilson,NVIDIA,NVDA,Engineering,Senior,74.3,321700,9.9
NVDA-0072,Daniel Patel,NVIDIA,NVDA,People/HR,Principal,82.6,398600,8.0
NVDA-0073,Ahmed Petrov,NVIDIA,NVDA,Engineering,Senior,100.0,205000,0.9
NVDA-0074,Maria Khan,NVIDIA,NVDA,Product,Staff,81.2,253200,5.2
NVDA-0075,Wei Reyes,NVIDIA,NVDA,Engineering,Senior,84.1,198200,5.2
NVDA-0076,John Cohen,NVIDIA,NVDA,People/HR,Principal,91.6,235200,2.8
NVDA-0077,Wei Singh,NVIDIA,NVDA,Sales & GTM,Principal,87.9,497000,4.9
NVDA-0078,Zoe Lee,NVIDIA,NVDA,Operations,Senior,81.7,436700,3.0
NVDA-0079,Carlos Tanaka,NVIDIA,NVDA,Engineering,Staff,73.8,207600,5.2
NVDA-0080,John Okafor,NVIDIA,NVDA,Sales & GTM,Staff,74.2,427900,18.6
NVDA-0081,Yuki Chen,NVIDIA,NVDA,Engineering,Staff,78.4,1760000,6.9
NVDA-0082,Kevin Kim,NVIDIA,NVDA,People/HR,Principal,77.5,428900,8.5
NVDA-0083,Sofia Yamamoto,NVIDIA,NVDA,Product,SVP,86.2,1238100,8.4
NVDA-0084,Ahmed Park,NVIDIA,NVDA,Research & AI,VP,72.7,886500,14.6
NVDA-0085,Grace Chen,NVIDIA,NVDA,Product,Principal,90.6,630500,2.6
NVDA-0086,Olivia Silva,NVIDIA,NVDA,Engineering,Senior Director,91.5,1025200,6.1
NVDA-0087,Priya Rossi,NVIDIA,NVDA,Design,Senior,85.5,465500,3.5
NVDA-0088,Aisha Wilson,NVIDIA,NVDA,Operations,Senior,75.3,339000,23.1
NVDA-0089,James Lopez,NVIDIA,NVDA,Engineering,VP,98.0,1550800,10.8
NVDA-0090,Raj Reyes,NVIDIA,NVDA,Marketing,Senior Director,77.9,779500,8.1
NVDA-0091,Chen Cohen,NVIDIA,NVDA,Research & AI,Principal,86.6,735100,4.2
NVDA-0092,Michael Anderson,NVIDIA,NVDA,Design,Senior Director,74.8,791200,8.8
NVDA-0093,Aisha Wang,NVIDIA,NVDA,Engineering,Staff,80.5,272700,3.5
NVDA-0094,Elena Nguyen,NVIDIA,NVDA,Engineering,Senior,66.6,309900,0.7
NVDA-0095,Maria Yamamoto,NVIDIA,NVDA,Sales & GTM,Principal,59.8,698600,14.0
NVDA-0096,Elena Brown,NVIDIA,NVDA,Product,Staff,79.5,613900,7.6
NVDA-0097,Daniel Schmidt,NVIDIA,NVDA,Engineering,Senior,75.7,531300,9.4
NVDA-0098,John Reyes,NVIDIA,NVDA,Design,Staff,98.5,858700,7.7
NVDA-0099,Hiroshi Lee,NVIDIA,NVDA,People/HR,Staff,87.5,190000,2.4
NVDA-0100,John Schmidt,NVIDIA,NVDA,Legal & Policy,Principal,90.4,696200,4.5
NVDA-0101,Thomas Tanaka,NVIDIA,NVDA,Design,Principal,87.2,568300,5.6
NVDA-0102,Elena Hassan,NVIDIA,NVDA,Marketing,Senior,78.8,391300,7.1
NVDA-0103,Emily Lopez,NVIDIA,NVDA,Product,Principal,74.6,1144600,9.2
NVDA-0104,Daniel Tanaka,NVIDIA,NVDA,Engineering,Senior,73.2,116700,1.5
NVDA-0105,Arjun Davis,NVIDIA,NVDA,Engineering,Director,88.1,606300,4.9
NVDA-0106,David Murphy,NVIDIA,NVDA,Product,Principal,86.2,329000,8.0
NVDA-0107,Sofia Garcia,NVIDIA,NVDA,Engineering,Principal,80.9,908800,10.7
NVDA-0108,Fatima Singh,NVIDIA,NVDA,Design,Staff,74.6,457500,3.0
NVDA-0109,Mary Park,NVIDIA,NVDA,Research & AI,Senior Director,84.1,572800,12.2
NVDA-0110,Samuel Wang,NVIDIA,NVDA,Operations,Senior,89.2,430900,1.7
NVDA-0111,Priya Petrov,NVIDIA,NVDA,Product,Principal,91.0,481600,5.4
NVDA-0112,Arjun Brown,NVIDIA,NVDA,Engineering,Principal,83.5,345100,3.7
NVDA-0113,Priya Chen,NVIDIA,NVDA,Research & AI,Staff,87.5,672900,4.1
NVDA-0114,Elena Garcia,NVIDIA,NVDA,Engineering,Staff,94.1,730100,5.8
NVDA-0115,Sofia Yamamoto,NVIDIA,NVDA,Research & AI,Director,87.1,688900,13.6
NVDA-0116,Mary Silva,NVIDIA,NVDA,Legal & Policy,Senior,82.7,197100,5.4
NVDA-0117,Mary Silva,NVIDIA,NVDA,People/HR,Director,63.1,767300,12.9
NVDA-0118,Emily Petrov,NVIDIA,NVDA,Sales & GTM,Staff,82.6,485400,13.2
NVDA-0119,James Anderson,NVIDIA,NVDA,People/HR,Director,83.0,188600,15.1
NVDA-0120,Thomas Brown,NVIDIA,NVDA,Engineering,Staff,75.7,537300,7.1
NVDA-0121,David Schmidt,NVIDIA,NVDA,Engineering,Senior,72.8,337700,9.5
NVDA-0122,Wei Wang,NVIDIA,NVDA,Engineering,Senior,70.9,194900,4.9
NVDA-0123,Linda Wilson,NVIDIA,NVDA,Design,Staff,85.2,350000,8.2
NVDA-0124,Aisha Davis,NVIDIA,NVDA,Engineering,Principal,93.4,600900,11.3
NVDA-0125,Yuki Davis,NVIDIA,NVDA,Operations,Senior Director,91.3,843700,22.9
NVDA-0126,Daniel Wilson,NVIDIA,NVDA,Research & AI,Senior,100.0,237400,2.1
NVDA-0127,Grace Kim,NVIDIA,NVDA,Engineering,Staff,75.6,369700,6.3
NVDA-0128,Daniel Chen,NVIDIA,NVDA,Engineering,Senior,81.3,631600,11.4
NVDA-0129,Thomas Johnson,NVIDIA,NVDA,Engineering,Senior,81.6,286500,10.2
NVDA-0130,Mary Cohen,NVIDIA,NVDA,Engineering,Senior Director,78.4,700500,9.0
NVDA-0131,Ahmed Nguyen,NVIDIA,NVDA,Engineering,Principal,88.7,251800,7.0
NVDA-0132,Carlos Lee,NVIDIA,NVDA,Product,Senior,85.3,610600,4.5
NVDA-0133,Emily Anderson,NVIDIA,NVDA,Product,Principal,88.8,1354300,10.9
NVDA-0134,Zoe Reyes,NVIDIA,NVDA,Sales & GTM,Principal,74.9,212000,4.0
NVDA-0135,Olivia Kim,NVIDIA,NVDA,Sales & GTM,Senior,77.0,199300,4.0
NVDA-0136,Sofia Nguyen,NVIDIA,NVDA,Sales & GTM,VP,92.0,3508500,10.8
NVDA-0137,Fatima Murphy,NVIDIA,NVDA,Engineering,Senior,76.8,162100,6.9
NVDA-0138,Linda Cohen,NVIDIA,NVDA,Engineering,Staff,78.7,210000,6.7
NVDA-0139,Ahmed Schmidt,NVIDIA,NVDA,Engineering,Senior,89.5,168100,7.0
NVDA-0140,Chen Smith,NVIDIA,NVDA,Legal & Policy,Principal,82.3,755000,6.9
NVDA-0141,Carlos Singh,NVIDIA,NVDA,Research & AI,Staff,87.8,540500,4.7
NVDA-0142,Linda Wilson,NVIDIA,NVDA,Design,Principal,98.1,1031200,6.2
NVDA-0143,Thomas Lee,NVIDIA,NVDA,Engineering,Staff,68.3,234500,4.9
NVDA-0144,Carlos Petrov,NVIDIA,NVDA,Engineering,Principal,73.6,164700,3.5
NVDA-0145,Emily Smith,NVIDIA,NVDA,Research & AI,Principal,88.8,740300,9.2
NVDA-0146,Linda Wang,NVIDIA,NVDA,Engineering,Director,93.1,909700,10.2
NVDA-0147,Zoe Nguyen,NVIDIA,NVDA,Engineering,Staff,89.7,571000,2.3
NVDA-0148,Hannah Park,NVIDIA,NVDA,Sales & GTM,Staff,74.6,252900,6.9
NVDA-0149,Arjun Okafor,NVIDIA,NVDA,Research & AI,Senior,90.9,230100,3.3
NVDA-0150,Hannah Johnson,NVIDIA,NVDA,Research & AI,Staff,93.8,461400,3.3
NVDA-0151,Olivia Lee,NVIDIA,NVDA,Research & AI,VP,77.2,906900,9.2
NVDA-0152,Fatima Lopez,NVIDIA,NVDA,Engineering,Senior,75.6,454700,12.8
NVDA-0153,Samuel Park,NVIDIA,NVDA,Finance,Director,78.2,769700,12.6
NVDA-0154,Maria Patel,NVIDIA,NVDA,Engineering,Senior,84.4,137200,3.3
NVDA-0155,Kevin Garcia,NVIDIA,NVDA,Engineering,Senior,85.2,535900,4.0
NVDA-0156,John Nguyen,NVIDIA,NVDA,Marketing,Senior,84.0,299600,1.7
NVDA-0157,Olivia Singh,NVIDIA,NVDA,People/HR,Principal,66.3,591500,2.9
NVDA-0158,Arjun Anderson,NVIDIA,NVDA,Sales & GTM,Senior,83.8,388900,1.1
NVDA-0159,Sofia Reyes,NVIDIA,NVDA,Product,Principal,71.8,246800,7.9
NVDA-0160,Hannah Hassan,NVIDIA,NVDA,People/HR,Director,62.9,159600,10.1
NVDA-0161,Priya Yamamoto,NVIDIA,NVDA,Research & AI,Staff,86.4,265900,2.0
NVDA-0162,Hannah Rossi,NVIDIA,NVDA,People/HR,Director,73.5,398400,5.3
NVDA-0163,Mary Nguyen,NVIDIA,NVDA,Legal & Policy,Principal,93.7,649600,3.9
NVDA-0164,Zoe Ali,NVIDIA,NVDA,Engineering,Senior Director,86.8,1620400,6.2
NVDA-0165,Sofia Lee,NVIDIA,NVDA,Design,Staff,94.3,744500,2.1
NVDA-0166,Wei Brown,NVIDIA,NVDA,Design,Staff,74.0,999600,10.2
NVDA-0167,Wei Kim,NVIDIA,NVDA,Operations,Senior,82.9,186900,6.3
NVDA-0168,James Smith,NVIDIA,NVDA,Engineering,VP,85.3,968700,8.9
NVDA-0169,Wei Anderson,NVIDIA,NVDA,Design,Staff,75.9,274300,6.7
NVDA-0170,Yuki Cohen,NVIDIA,NVDA,Finance,Principal,81.2,450100,4.5
NVDA-0171,Fatima Hassan,NVIDIA,NVDA,Engineering,Principal,71.8,347600,16.8
NVDA-0172,Olivia Garcia,NVIDIA,NVDA,Engineering,Senior,74.9,337300,14.4
NVDA-0173,Sofia Patel,NVIDIA,NVDA,Finance,Staff,71.2,145500,12.4
NVDA-0174,Aisha Khan,NVIDIA,NVDA,Product,Senior,97.1,1220000,6.3
NVDA-0175,Yuki Nguyen,NVIDIA,NVDA,Legal & Policy,Staff,83.2,670600,3.4
NVDA-0176,Michael Park,NVIDIA,NVDA,Operations,Senior,80.8,213100,4.7
NVDA-0177,Sofia Nguyen,NVIDIA,NVDA,Engineering,Staff,78.9,690200,3.6
NVDA-0178,Wei Garcia,NVIDIA,NVDA,Research & AI,Senior,71.6,394600,4.0
NVDA-0179,Wei Hassan,NVIDIA,NVDA,Engineering,Director,78.6,596900,6.8
NVDA-0180,Emily Silva,NVIDIA,NVDA,Operations,VP,81.5,1110500,12.0
NVDA-0181,Daniel Singh,NVIDIA,NVDA,Engineering,Senior,82.7,1039900,8.6
NVDA-0182,Maria Park,NVIDIA,NVDA,Sales & GTM,Senior,85.6,187100,2.0
NVDA-0183,Emily Johnson,NVIDIA,NVDA,Product,Staff,62.0,371100,8.4
NVDA-0184,Maria Petrov,NVIDIA,NVDA,Engineering,Senior Director,99.8,1426100,6.5
NVDA-0185,Linda Smith,NVIDIA,NVDA,Marketing,Staff,78.1,327300,3.9
NVDA-0186,Aisha Park,NVIDIA,NVDA,Research & AI,Senior,73.0,362000,3.8
NVDA-0187,Yuki Singh,NVIDIA,NVDA,Research & AI,Staff,79.6,398600,2.0
NVDA-0188,Samuel Cohen,NVIDIA,NVDA,Operations,Staff,75.6,390600,9.9
NVDA-0189,Emily Martinez,NVIDIA,NVDA,Sales & GTM,Senior Director,89.5,371400,6.6
NVDA-0190,Yuki Lopez,NVIDIA,NVDA,Research & AI,Principal,90.9,277600,7.5
NVDA-0191,Kevin Yamamoto,NVIDIA,NVDA,Product,Principal,75.6,662300,4.6
NVDA-0192,Samuel Petrov,NVIDIA,NVDA,Research & AI,Senior,82.6,121000,11.2
NVDA-0193,Zoe Schmidt,NVIDIA,NVDA,Marketing,Director,74.0,829900,13.0
NVDA-0194,Linda Kim,NVIDIA,NVDA,Research & AI,Staff,71.4,668800,3.8
NVDA-0195,Raj Patel,NVIDIA,NVDA,Engineering,Staff,69.3,364200,10.7
NVDA-0196,Sofia Schmidt,NVIDIA,NVDA,Finance,Staff,99.5,178200,15.2
NVDA-0197,Michael Silva,NVIDIA,NVDA,Engineering,Senior,80.0,273800,3.6
NVDA-0198,Yuki Anderson,NVIDIA,NVDA,Engineering,Principal,73.6,856700,4.9
NVDA-0199,Priya Schmidt,NVIDIA,NVDA,Operations,Staff,78.9,1338800,4.3
NVDA-0200,Yuki Rossi,NVIDIA,NVDA,Engineering,VP,77.8,472200,18.6
NVDA-0201,Olivia Garcia,NVIDIA,NVDA,Sales & GTM,VP,92.0,1185700,18.1
NVDA-0202,Emily Lopez,NVIDIA,NVDA,Research & AI,Staff,79.2,136500,2.5
NVDA-0203,Raj Silva,NVIDIA,NVDA,Operations,Staff,74.7,122300,7.9
NVDA-0204,Sofia Garcia,NVIDIA,NVDA,Operations,Principal,78.8,517700,7.7
NVDA-0205,Kevin Garcia,NVIDIA,NVDA,Operations,Director,69.5,2665800,8.9
NVDA-0206,Elena Yamamoto,NVIDIA,NVDA,People/HR,Principal,83.6,223400,3.5
NVDA-0207,James Singh,NVIDIA,NVDA,Product,Senior,75.8,169000,4.5
NVDA-0208,Ahmed Brown,NVIDIA,NVDA,Product,Staff,81.7,265700,1.4
NVDA-0209,James Lee,NVIDIA,NVDA,Operations,Senior Director,73.7,327000,12.0
NVDA-0210,Ahmed Hassan,NVIDIA,NVDA,Engineering,Senior,83.5,593800,2.5
NVDA-0211,Mary Hassan,NVIDIA,NVDA,Engineering,Director,75.2,452900,9.4
NVDA-0212,Kevin Brown,NVIDIA,NVDA,Design,Principal,92.9,624500,9.0
NVDA-0213,Mary Yamamoto,NVIDIA,NVDA,Engineering,Staff,88.5,218000,3.4
NVDA-0214,Thomas Kim,NVIDIA,NVDA,Sales & GTM,Staff,76.9,266900,5.0
NVDA-0215,Fatima Brown,NVIDIA,NVDA,Research & AI,SVP,96.3,1298300,11.3
NVDA-0216,Linda Hassan,NVIDIA,NVDA,Engineering,Senior,69.0,177400,7.5
NVDA-0217,Hiroshi Petrov,NVIDIA,NVDA,Marketing,Staff,81.9,173700,4.3
NVDA-0218,James Chen,NVIDIA,NVDA,Finance,Senior,79.6,445800,9.6
NVDA-0219,Emily Yamamoto,NVIDIA,NVDA,Research & AI,Senior,80.7,515200,2.0
NVDA-0220,John Park,NVIDIA,NVDA,Engineering,Staff,71.1,474900,13.0
NVDA-0221,Nina Schmidt,NVIDIA,NVDA,Legal & Policy,Staff,82.6,366100,2.7
NVDA-0222,Carlos Cohen,NVIDIA,NVDA,Sales & GTM,Principal,81.8,226500,12.1
NVDA-0223,Wei Reyes,NVIDIA,NVDA,Engineering,Staff,82.7,594900,7.8
NVDA-0224,Mary Rossi,NVIDIA,NVDA,People/HR,Director,93.0,443900,10.3
NVDA-0225,Yuki Okafor,NVIDIA,NVDA,Engineering,Senior,91.0,314200,2.0
NVDA-0226,Emily Cohen,NVIDIA,NVDA,Research & AI,Staff,79.9,359100,10.3
NVDA-0227,Maria Khan,NVIDIA,NVDA,Engineering,Senior,86.8,503100,3.9
NVDA-0228,John Davis,NVIDIA,NVDA,Engineering,Principal,67.8,690100,12.1
NVDA-0229,David Wilson,NVIDIA,NVDA,Product,Principal,83.8,603600,10.3
NVDA-0230,Samuel Silva,NVIDIA,NVDA,Operations,Director,72.4,831200,6.2
NVDA-0231,Hiroshi Johnson,NVIDIA,NVDA,Research & AI,Staff,78.9,205200,10.9
NVDA-0232,Arjun Patel,NVIDIA,NVDA,Product,VP,74.6,911800,7.3
NVDA-0233,Thomas Schmidt,NVIDIA,NVDA,Marketing,Senior,78.2,217100,2.6
NVDA-0234,John Garcia,NVIDIA,NVDA,Engineering,Senior,84.3,226500,6.4
NVDA-0235,John Silva,NVIDIA,NVDA,Operations,Principal,95.6,2121200,15.6
NVDA-0236,Grace Tanaka,NVIDIA,NVDA,Finance,VP,86.3,1049200,11.8
NVDA-0237,Grace Wang,NVIDIA,NVDA,People/HR,Director,88.7,803000,12.6
NVDA-0238,Linda Silva,NVIDIA,NVDA,Sales & GTM,Principal,75.2,179800,16.0
NVDA-0239,Olivia Schmidt,NVIDIA,NVDA,Engineering,Principal,85.2,547000,9.9
NVDA-0240,Priya Kim,NVIDIA,NVDA,Product,Senior,80.1,196000,5.9
NVDA-0241,Fatima Patel,NVIDIA,NVDA,Finance,Staff,85.7,580900,12.9
NVDA-0242,Thomas Reyes,NVIDIA,NVDA,Engineering,Senior Director,84.0,407400,7.8
NVDA-0243,Nina Davis,NVIDIA,NVDA,Operations,Senior,79.9,409400,11.8
NVDA-0244,Sofia Khan,NVIDIA,NVDA,Product,Senior,61.2,140800,7.4
NVDA-0245,Samuel Petrov,NVIDIA,NVDA,Marketing,Director,74.6,313600,11.4
NVDA-0246,James Park,NVIDIA,NVDA,Product,Senior Director,87.1,2184100,8.7
NVDA-0247,Thomas Brown,NVIDIA,NVDA,Product,VP,78.3,1299600,13.2
NVDA-0248,Daniel Petrov,NVIDIA,NVDA,Sales & GTM,VP,76.4,358900,11.2
NVDA-0249,Hannah Yamamoto,NVIDIA,NVDA,Operations,Senior,92.7,338600,1.5
NVDA-0250,Maria Wang,NVIDIA,NVDA,People/HR,Senior,85.6,601700,6.4
NVDA-0251,Maria Murphy,NVIDIA,NVDA,Operations,Senior,92.0,247500,6.0
NVDA-0252,Samuel Tanaka,NVIDIA,NVDA,Engineering,Senior Director,82.8,689500,7.1
NVDA-0253,Daniel Murphy,NVIDIA,NVDA,Research & AI,Senior,81.8,116100,10.0
NVDA-0254,Chen Reyes,NVIDIA,NVDA,Engineering,Staff,70.5,361200,4.6
NVDA-0255,Emily Cohen,NVIDIA,NVDA,Engineering,VP,89.0,1767600,14.4
NVDA-0256,Arjun Rossi,NVIDIA,NVDA,Legal & Policy,VP,85.2,2087000,11.7
NVDA-0257,Olivia Silva,NVIDIA,NVDA,Design,SVP,100.0,3790800,8.8
NVDA-0258,Thomas Kim,NVIDIA,NVDA,Product,Senior,71.6,221300,2.5
NVDA-0259,James Schmidt,NVIDIA,NVDA,Engineering,Senior,85.5,95000,8.8
NVDA-0260,Raj Petrov,NVIDIA,NVDA,Sales & GTM,Principal,93.7,753900,4.5
NVDA-0261,Olivia Wilson,NVIDIA,NVDA,Marketing,Director,83.4,525200,7.6
NVDA-0262,Maria Davis,NVIDIA,NVDA,Engineering,Senior,100.0,480600,7.3
NVDA-0263,Emily Wilson,NVIDIA,NVDA,Finance,Senior,70.3,490000,8.2
NVDA-0264,Elena Hassan,NVIDIA,NVDA,Engineering,Senior,95.6,354800,5.4
NVDA-0265,Priya Rossi,NVIDIA,NVDA,Engineering,Principal,71.1,314400,5.1
NVDA-0266,John Tanaka,NVIDIA,NVDA,Research & AI,Senior,83.7,243700,7.3
NVDA-0267,Priya Nguyen,NVIDIA,NVDA,Marketing,Principal,72.1,588000,9.1
NVDA-0268,Yuki Martinez,NVIDIA,NVDA,Operations,Staff,76.9,719900,1.7
NVDA-0269,Zoe Silva,NVIDIA,NVDA,Engineering,Senior Director,78.4,1749000,12.8
NVDA-0270,James Garcia,NVIDIA,NVDA,People/HR,Staff,87.8,207600,10.8
NVDA-0271,Olivia Garcia,NVIDIA,NVDA,Research & AI,Principal,87.7,307400,4.5
NVDA-0272,Grace Davis,NVIDIA,NVDA,Product,Senior,83.6,284900,4.0
NVDA-0273,Fatima Rossi,NVIDIA,NVDA,People/HR,VP,75.1,2033200,9.1
NVDA-0274,Olivia Okafor,NVIDIA,NVDA,People/HR,Principal,74.8,1702000,16.7
NVDA-0275,Hannah Murphy,NVIDIA,NVDA,Engineering,Senior,72.6,157100,4.1
NVDA-0276,Kevin Khan,NVIDIA,NVDA,Engineering,Senior Director,100.0,1418900,6.8
NVDA-0277,Olivia Khan,NVIDIA,NVDA,Research & AI,Principal,73.5,230500,11.5
NVDA-0278,David Lopez,NVIDIA,NVDA,Marketing,Senior,76.3,161400,14.8
NVDA-0279,Fatima Wilson,NVIDIA,NVDA,Research & AI,Senior,90.6,72300,2.6
NVDA-0280,Michael Park,NVIDIA,NVDA,Operations,Senior,83.3,247300,3.3
NVDA-0281,Zoe Okafor,NVIDIA,NVDA,Design,Staff,75.6,587500,3.6
NVDA-0282,Yuki Garcia,NVIDIA,NVDA,Research & AI,Staff,78.9,190200,0.9
NVDA-0283,Raj Schmidt,NVIDIA,NVDA,Engineering,Senior,62.6,456500,4.1
NVDA-0284,Nina Anderson,NVIDIA,NVDA,Research & AI,Senior,63.8,143400,1.4
NVDA-0285,Michael Garcia,NVIDIA,NVDA,Legal & Policy,Senior Director,76.9,1184000,9.0
NVDA-0286,Priya Silva,NVIDIA,NVDA,Sales & GTM,Principal,83.1,773600,5.7
NVDA-0287,Grace Okafor,NVIDIA,NVDA,Sales & GTM,Principal,90.0,1073700,6.1
NVDA-0288,Zoe Petrov,NVIDIA,NVDA,Engineering,Staff,96.4,690800,1.6
NVDA-0289,Arjun Cohen,NVIDIA,NVDA,Engineering,Senior,95.3,297700,2.9
NVDA-0290,Hiroshi Ali,NVIDIA,NVDA,Operations,Senior,72.9,313000,7.8
NVDA-0291,Yuki Cohen,NVIDIA,NVDA,Research & AI,Principal,87.8,877500,7.7
NVDA-0292,Raj Yamamoto,NVIDIA,NVDA,Engineering,Senior Director,96.4,831900,8.1
NVDA-0293,Yuki Davis,NVIDIA,NVDA,Product,Senior,89.0,176300,10.2
NVDA-0294,Hannah Schmidt,NVIDIA,NVDA,Engineering,Senior,73.9,406200,6.6
NVDA-0295,Hiroshi Yamamoto,NVIDIA,NVDA,Research & AI,Staff,80.8,380600,1.9
NVDA-0296,Yuki Petrov,NVIDIA,NVDA,Design,VP,78.3,1321200,26.7
NVDA-0297,Zoe Davis,NVIDIA,NVDA,Operations,Senior Director,72.9,882100,7.4
NVDA-0298,Sofia Patel,NVIDIA,NVDA,Engineering,Principal,70.5,488200,6.1
NVDA-0299,David Patel,NVIDIA,NVDA,Finance,SVP,78.8,5048200,14.3
NVDA-0300,Nina Smith,NVIDIA,NVDA,Legal & Policy,Principal,84.9,1175200,3.8
NVDA-0301,Olivia Kim,NVIDIA,NVDA,Product,Staff,64.9,429500,4.1
NVDA-0302,Wei Brown,NVIDIA,NVDA,Product,Staff,66.9,239500,1.0
NVDA-0303,Mary Tanaka,NVIDIA,NVDA,Legal & Policy,Staff,96.2,355700,7.1
NVDA-0304,Hannah Nguyen,NVIDIA,NVDA,Engineering,Senior,78.4,886700,9.1
NVDA-0305,Wei Silva,NVIDIA,NVDA,Operations,Senior,70.4,133800,2.5
NVDA-0306,Thomas Rossi,NVIDIA,NVDA,Engineering,Staff,72.9,210600,3.8
NVDA-0307,Mary Patel,NVIDIA,NVDA,Product,Staff,100.0,594300,3.6
NVDA-0308,Carlos Petrov,NVIDIA,NVDA,People/HR,Senior,84.4,694200,9.9
NVDA-0309,Carlos Garcia,NVIDIA,NVDA,Research & AI,Principal,69.2,579700,4.5
NVDA-0310,Carlos Wang,NVIDIA,NVDA,Engineering,Senior Director,67.1,506700,5.4
NVDA-0311,David Rossi,NVIDIA,NVDA,Engineering,Director,82.3,935800,9.2
NVDA-0312,Carlos Reyes,NVIDIA,NVDA,Design,Director,87.6,1115700,7.5
NVDA-0313,Kevin Lopez,NVIDIA,NVDA,Product,Senior,79.7,435000,8.0
NVDA-0314,Maria Petrov,NVIDIA,NVDA,Engineering,VP,78.9,608300,5.5
NVDA-0315,James Smith,NVIDIA,NVDA,Engineering,Senior,71.9,350700,6.0
NVDA-0316,Grace Kim,NVIDIA,NVDA,Product,Principal,92.1,511100,5.7
NVDA-0317,Samuel Chen,NVIDIA,NVDA,Product,Senior Director,80.7,711900,5.0
NVDA-0318,Hiroshi Lopez,NVIDIA,NVDA,Engineering,Director,61.7,264700,11.1
NVDA-0319,Yuki Davis,NVIDIA,NVDA,Sales & GTM,Staff,78.0,323300,5.3
NVDA-0320,Nina Petrov,NVIDIA,NVDA,Sales & GTM,Senior Director,100.0,686500,16.3
NVDA-0321,Maria Kim,NVIDIA,NVDA,Finance,Staff,87.6,780200,5.9
NVDA-0322,Kevin Ali,NVIDIA,NVDA,Sales & GTM,VP,69.1,440800,23.7
NVDA-0323,Grace Tanaka,NVIDIA,NVDA,Legal & Policy,Staff,81.4,411100,3.5
NVDA-0324,Wei Park,NVIDIA,NVDA,Sales & GTM,Senior,74.9,275300,6.3
NVDA-0325,Wei Murphy,NVIDIA,NVDA,Research & AI,Principal,71.2,636900,5.4
NVDA-0326,Ahmed Singh,NVIDIA,NVDA,Product,Staff,98.4,874500,6.1
NVDA-0327,Arjun Lopez,NVIDIA,NVDA,Product,Senior,86.3,309400,8.0
NVDA-0328,Samuel Reyes,NVIDIA,NVDA,Research & AI,Senior,68.6,413200,14.8
NVDA-0329,Michael Johnson,NVIDIA,NVDA,Operations,Staff,62.6,293000,6.2
NVDA-0330,Kevin Reyes,NVIDIA,NVDA,Sales & GTM,Senior Director,66.9,675000,7.3
NVDA-0331,David Ali,NVIDIA,NVDA,Research & AI,Senior Director,88.0,1550700,9.3
NVDA-0332,Hiroshi Chen,NVIDIA,NVDA,Finance,Staff,73.3,337400,4.6
NVDA-0333,Elena Murphy,NVIDIA,NVDA,Engineering,Senior,78.9,439500,4.3
NVDA-0334,Wei Garcia,NVIDIA,NVDA,Research & AI,Senior,57.7,223700,17.8
NVDA-0335,Sofia Silva,NVIDIA,NVDA,Finance,Senior,83.4,190800,2.5
NVDA-0336,Raj Wilson,NVIDIA,NVDA,Design,Principal,83.2,375200,3.0
NVDA-0337,Carlos Ali,NVIDIA,NVDA,Engineering,Senior,73.1,164800,6.1
NVDA-0338,Nina Garcia,NVIDIA,NVDA,Sales & GTM,Principal,81.0,440900,7.7
NVDA-0339,Elena Lopez,NVIDIA,NVDA,Engineering,Principal,88.3,636400,8.2
NVDA-0340,Michael Petrov,NVIDIA,NVDA,Engineering,Senior,96.2,273600,2.3
NVDA-0341,Grace Silva,NVIDIA,NVDA,Operations,Director,78.1,402300,8.1
NVDA-0342,Arjun Singh,NVIDIA,NVDA,Research & AI,Senior,87.2,223500,23.2
NVDA-0343,Carlos Yamamoto,NVIDIA,NVDA,Legal & Policy,VP,100.0,1837600,11.3
NVDA-0344,Nina Anderson,NVIDIA,NVDA,Engineering,Staff,82.4,749900,4.7
NVDA-0345,Yuki Johnson,NVIDIA,NVDA,Research & AI,Staff,78.8,243700,9.9
NVDA-0346,Elena Chen,NVIDIA,NVDA,People/HR,Senior,87.3,208000,6.5
NVDA-0347,Daniel Schmidt,NVIDIA,NVDA,Product,VP,74.0,721100,10.9
NVDA-0348,James Brown,NVIDIA,NVDA,Research & AI,Senior,80.9,449700,2.5
NVDA-0349,Hannah Tanaka,NVIDIA,NVDA,Product,Staff,83.6,296900,2.6
NVDA-0350,Priya Wang,NVIDIA,NVDA,Marketing,VP,98.5,750900,7.3
NVDA-0351,Priya Kim,NVIDIA,NVDA,Sales & GTM,Staff,95.2,273700,4.1
NVDA-0352,Grace Hassan,NVIDIA,NVDA,Operations,Staff,81.0,866800,17.4
NVDA-0353,Daniel Silva,NVIDIA,NVDA,Product,Principal,75.3,351600,6.7
NVDA-0354,Raj Reyes,NVIDIA,NVDA,Product,Senior,57.4,186100,11.8
NVDA-0355,Hannah Park,NVIDIA,NVDA,People/HR,Staff,58.3,345300,6.4
NVDA-0356,Ahmed Okafor,NVIDIA,NVDA,Product,Staff,80.5,397900,11.0
NVDA-0357,Maria Kim,NVIDIA,NVDA,Product,Senior,69.5,193200,8.5
NVDA-0358,John Davis,NVIDIA,NVDA,Product,Staff,86.3,798500,12.7
NVDA-0359,Thomas Smith,NVIDIA,NVDA,People/HR,Director,85.0,657300,10.4
NVDA-0360,Olivia Reyes,NVIDIA,NVDA,Marketing,Senior,91.6,198300,13.4
NVDA-0361,Chen Schmidt,NVIDIA,NVDA,Marketing,Principal,92.7,1099100,4.3
NVDA-0362,Zoe Murphy,NVIDIA,NVDA,Legal & Policy,Principal,100.0,619500,9.8
NVDA-0363,Arjun Cohen,NVIDIA,NVDA,Engineering,Staff,68.6,291900,8.8
NVDA-0364,Michael Petrov,NVIDIA,NVDA,Engineering,Senior Director,90.5,440700,7.5
NVDA-0365,Sofia Anderson,NVIDIA,NVDA,Engineering,Senior,100.0,181400,7.8
NVDA-0366,Yuki Davis,NVIDIA,NVDA,Engineering,Staff,86.3,261300,2.9
NVDA-0367,Carlos Davis,NVIDIA,NVDA,Operations,Senior Director,94.2,1005300,15.6
NVDA-0368,Thomas Nguyen,NVIDIA,NVDA,Product,Director,95.2,949900,4.3
NVDA-0369,Raj Lee,NVIDIA,NVDA,Finance,Senior,70.7,304700,6.5
NVDA-0370,Maria Martinez,NVIDIA,NVDA,Engineering,Senior,78.4,394100,3.4
NVDA-0371,Maria Smith,NVIDIA,NVDA,Product,Senior Director,97.3,770800,10.3
NVDA-0372,David Davis,NVIDIA,NVDA,Operations,Senior,100.0,296200,2.6
NVDA-0373,Grace Khan,NVIDIA,NVDA,Operations,Principal,64.2,179600,5.1
NVDA-0374,Kevin Lee,NVIDIA,NVDA,Engineering,Principal,92.6,582600,5.2
NVDA-0375,Thomas Hassan,NVIDIA,NVDA,Product,VP,87.8,843600,6.9
NVDA-0376,Maria Yamamoto,NVIDIA,NVDA,Sales & GTM,Staff,76.4,307400,4.8
NVDA-0377,Emily Tanaka,NVIDIA,NVDA,Engineering,VP,64.4,1268800,13.0
NVDA-0378,Samuel Tanaka,NVIDIA,NVDA,Product,Director,75.3,367200,3.9
NVDA-0379,Kevin Kim,NVIDIA,NVDA,Legal & Policy,VP,77.4,494900,5.2
NVDA-0380,Samuel Patel,NVIDIA,NVDA,Research & AI,Director,89.9,834900,6.5
NVDA-0381,Carlos Lee,NVIDIA,NVDA,Engineering,SVP,77.1,880100,7.0
NVDA-0382,Grace Smith,NVIDIA,NVDA,Engineering,Director,73.5,308000,11.3
NVDA-0383,Elena Cohen,NVIDIA,NVDA,Engineering,Staff,64.0,701200,1.8
NVDA-0384,Kevin Wilson,NVIDIA,NVDA,Operations,Principal,85.0,281900,8.5
NVDA-0385,Priya Martinez,NVIDIA,NVDA,People/HR,SVP,92.9,877400,14.3
NVDA-0386,Aisha Yamamoto,NVIDIA,NVDA,Sales & GTM,Staff,89.8,690100,5.9
NVDA-0387,Priya Martinez,NVIDIA,NVDA,Operations,Senior,90.3,274400,5.2
NVDA-0388,Hannah Anderson,NVIDIA,NVDA,Operations,Principal,84.8,223600,17.4
NVDA-0389,James Nguyen,NVIDIA,NVDA,Operations,Director,83.5,560700,10.1
NVDA-0390,Aisha Anderson,NVIDIA,NVDA,Engineering,Senior,86.0,216200,3.5
NVDA-0391,Michael Cohen,NVIDIA,NVDA,Product,Director,78.4,253200,7.5
NVDA-0392,Wei Lee,NVIDIA,NVDA,People/HR,Senior Director,76.8,376600,6.3
NVDA-0393,Maria Patel,NVIDIA,NVDA,Sales & GTM,Staff,96.3,758700,4.9
NVDA-0394,Chen Anderson,NVIDIA,NVDA,Sales & GTM,Senior Director,86.8,859100,8.6
NVDA-0395,Kevin Martinez,NVIDIA,NVDA,Product,Staff,93.2,708800,4.7
NVDA-0396,Nina Nguyen,NVIDIA,NVDA,Research & AI,Director,100.0,905900,11.0
NVDA-0397,Sofia Kim,NVIDIA,NVDA,Marketing,Senior,72.9,266500,8.0
NVDA-0398,Yuki Garcia,NVIDIA,NVDA,Engineering,Staff,88.2,445200,4.3
NVDA-0399,Hannah Yamamoto,NVIDIA,NVDA,Engineering,Principal,60.4,307300,13.2
NVDA-0400,Daniel Patel,NVIDIA,NVDA,People/HR,Director,91.0,512400,5.3
NVDA-0401,Chen Patel,NVIDIA,NVDA,Product,Senior,92.3,314900,6.8
NVDA-0402,Mary Davis,NVIDIA,NVDA,Engineering,Director,68.8,1635700,11.2
NVDA-0403,Zoe Brown,NVIDIA,NVDA,Engineering,Senior,76.0,236400,2.4
NVDA-0404,John Hassan,NVIDIA,NVDA,Engineering,Senior,86.6,235200,7.9
NVDA-0405,Mary Lee,NVIDIA,NVDA,Research & AI,Senior,73.1,180000,12.1
NVDA-0406,Kevin Wilson,NVIDIA,NVDA,Engineering,Senior Director,89.6,586200,7.4
NVDA-0407,Maria Hassan,NVIDIA,NVDA,Product,Principal,93.3,612600,11.5
NVDA-0408,Chen Park,NVIDIA,NVDA,Sales & GTM,Principal,87.4,1065300,5.1
NVDA-0409,David Anderson,NVIDIA,NVDA,Engineering,Director,88.9,1304400,7.5
NVDA-0410,Kevin Petrov,NVIDIA,NVDA,Engineering,Senior,73.1,354500,14.8
NVDA-0411,Zoe Schmidt,NVIDIA,NVDA,Engineering,Director,76.2,461600,10.5
NVDA-0412,Aisha Brown,NVIDIA,NVDA,Operations,Staff,76.7,560600,11.7
NVDA-0413,Sofia Yamamoto,NVIDIA,NVDA,Product,Senior,82.7,387000,4.9
NVDA-0414,Grace Davis,NVIDIA,NVDA,Engineering,Staff,72.4,208900,4.1
NVDA-0415,Arjun Khan,NVIDIA,NVDA,Sales & GTM,Principal,93.1,271900,6.9
NVDA-0416,John Nguyen,NVIDIA,NVDA,Engineering,Principal,81.1,430700,7.6
NVDA-0417,Kevin Tanaka,NVIDIA,NVDA,Research & AI,Director,67.7,1656800,8.1
NVDA-0418,Fatima Garcia,NVIDIA,NVDA,Operations,Senior,82.0,428900,5.3
NVDA-0419,Kevin Wilson,NVIDIA,NVDA,Product,Senior,82.5,838600,8.7
NVDA-0420,Fatima Wilson,NVIDIA,NVDA,Research & AI,Senior,81.4,151300,15.5
NVDA-0421,Michael Reyes,NVIDIA,NVDA,Engineering,Senior,79.4,371300,6.9
NVDA-0422,Michael Schmidt,NVIDIA,NVDA,Operations,Principal,81.3,707700,7.0
NVDA-0423,Hiroshi Brown,NVIDIA,NVDA,Product,SVP,86.5,1115600,17.4
NVDA-0424,Thomas Ali,NVIDIA,NVDA,Operations,Staff,97.3,253000,0.8
NVDA-0425,David Patel,NVIDIA,NVDA,Marketing,Senior,62.3,312000,4.3
NVDA-0426,Fatima Yamamoto,NVIDIA,NVDA,Product,VP,95.3,1780700,7.1
NVDA-0427,Olivia Kim,NVIDIA,NVDA,Operations,VP,84.0,822300,15.6
NVDA-0428,Samuel Khan,NVIDIA,NVDA,Engineering,Senior,76.9,440900,22.2
NVDA-0429,Raj Singh,NVIDIA,NVDA,Engineering,Staff,71.2,502600,4.4
NVDA-0430,Olivia Murphy,NVIDIA,NVDA,Operations,VP,69.6,1124700,13.0
NVDA-0431,Michael Schmidt,NVIDIA,NVDA,Research & AI,Principal,62.6,458500,5.7
NVDA-0432,Fatima Cohen,NVIDIA,NVDA,Design,Senior,73.6,577600,8.0
NVDA-0433,Chen Cohen,NVIDIA,NVDA,Sales & GTM,Staff,82.0,546700,7.6
NVDA-0434,Priya Anderson,NVIDIA,NVDA,Research & AI,Senior,78.8,381400,4.7
NVDA-0435,Grace Hassan,NVIDIA,NVDA,Finance,Principal,100.0,269300,13.6
NVDA-0436,Arjun Brown,NVIDIA,NVDA,Product,Staff,88.1,489900,10.3
NVDA-0437,David Singh,NVIDIA,NVDA,Finance,Principal,87.2,598500,3.4
NVDA-0438,Linda Martinez,NVIDIA,NVDA,Engineering,VP,70.5,551500,8.3
NVDA-0439,Aisha Okafor,NVIDIA,NVDA,Marketing,Senior,88.4,268400,3.6
NVDA-0440,Chen Johnson,NVIDIA,NVDA,Marketing,VP,89.2,1330300,12.2
NVDA-0441,Carlos Rossi,NVIDIA,NVDA,Research & AI,Senior Director,57.9,257000,6.6
NVDA-0442,John Kim,NVIDIA,NVDA,Sales & GTM,Principal,84.0,654400,6.4
NVDA-0443,Carlos Brown,NVIDIA,NVDA,Product,Director,80.5,1050500,3.4
NVDA-0444,Hiroshi Johnson,NVIDIA,NVDA,Sales & GTM,Senior,83.1,145000,8.4
NVDA-0445,Samuel Wilson,NVIDIA,NVDA,Engineering,Senior,82.4,177100,2.4
NVDA-0446,Aisha Silva,NVIDIA,NVDA,Engineering,Director,65.5,314100,7.6
NVDA-0447,Olivia Lopez,NVIDIA,NVDA,People/HR,Staff,74.6,347500,3.9
NVDA-0448,Emily Okafor,NVIDIA,NVDA,Sales & GTM,Principal,73.0,793200,7.3
NVDA-0449,Priya Lopez,NVIDIA,NVDA,Engineering,VP,100.0,987400,7.4
NVDA-0450,Michael Okafor,NVIDIA,NVDA,Operations,VP,79.9,922200,9.7
NVDA-0451,John Singh,NVIDIA,NVDA,Research & AI,Senior,100.0,654100,3.5
NVDA-0452,Priya Schmidt,NVIDIA,NVDA,Engineering,Staff,100.0,237400,1.9
NVDA-0453,Yuki Wilson,NVIDIA,NVDA,Sales & GTM,Director,65.1,702200,11.4
NVDA-0454,Mary Okafor,NVIDIA,NVDA,Product,Principal,64.6,839900,7.3
NVDA-0455,Mary Hassan,NVIDIA,NVDA,Product,Senior,76.2,411000,7.9
NVDA-0456,Priya Lopez,NVIDIA,NVDA,Legal & Policy,VP,85.1,526900,8.8
NVDA-0457,Maria Petrov,NVIDIA,NVDA,Research & AI,Principal,76.3,173300,16.1
NVDA-0458,Samuel Cohen,NVIDIA,NVDA,Research & AI,Staff,94.5,572900,5.5
NVDA-0459,Carlos Kim,NVIDIA,NVDA,Engineering,Director,97.8,1095000,9.1
NVDA-0460,Samuel Yamamoto,NVIDIA,NVDA,Marketing,Senior,77.9,258700,1.2
NVDA-0461,Emily Ali,NVIDIA,NVDA,Research & AI,Staff,71.0,565200,4.6
NVDA-0462,Elena Petrov,NVIDIA,NVDA,Engineering,Director,68.8,309500,3.5
NVDA-0463,Sofia Yamamoto,NVIDIA,NVDA,Marketing,Senior Director,96.5,534600,7.6
NVDA-0464,Daniel Wilson,NVIDIA,NVDA,Engineering,Principal,71.6,718500,5.8
NVDA-0465,Carlos Rossi,NVIDIA,NVDA,Research & AI,Senior,99.7,273500,7.0
NVDA-0466,Linda Tanaka,NVIDIA,NVDA,Operations,Principal,96.5,790700,14.9
NVDA-0467,Sofia Yamamoto,NVIDIA,NVDA,Engineering,Staff,99.9,307100,10.5
NVDA-0468,Thomas Patel,NVIDIA,NVDA,Product,VP,91.9,1337100,9.6
NVDA-0469,Hiroshi Chen,NVIDIA,NVDA,Engineering,Principal,76.2,683800,12.9
NVDA-0470,Nina Martinez,NVIDIA,NVDA,Product,Senior,84.1,150400,6.5
NVDA-0471,Hiroshi Yamamoto,NVIDIA,NVDA,Engineering,Director,80.8,639900,10.7
NVDA-0472,Olivia Johnson,NVIDIA,NVDA,Sales & GTM,Director,74.1,361000,10.6
NVDA-0473,Raj Singh,NVIDIA,NVDA,Sales & GTM,Staff,84.5,665400,8.3
NVDA-0474,Yuki Okafor,NVIDIA,NVDA,Legal & Policy,Senior,74.5,156600,2.7
NVDA-0475,Maria Wang,NVIDIA,NVDA,Product,SVP,90.8,1241000,12.4
NVDA-0476,Zoe Yamamoto,NVIDIA,NVDA,Engineering,Senior,93.5,1498700,10.9
NVDA-0477,Hannah Garcia,NVIDIA,NVDA,Product,Principal,91.9,404700,10.8
NVDA-0478,Priya Lee,NVIDIA,NVDA,Engineering,Senior Director,88.9,1224600,10.0
NVDA-0479,Mary Johnson,NVIDIA,NVDA,Legal & Policy,Principal,83.8,319400,9.3
NVDA-0480,Carlos Martinez,NVIDIA,NVDA,Engineering,Staff,67.7,436200,6.3
NVDA-0481,Michael Tanaka,NVIDIA,NVDA,Engineering,Principal,86.4,483900,11.4
NVDA-0482,Ahmed Park,NVIDIA,NVDA,Design,Senior,83.0,550300,11.1
NVDA-0483,James Smith,NVIDIA,NVDA,Engineering,Senior,89.1,258500,10.3
NVDA-0484,Raj Tanaka,NVIDIA,NVDA,Engineering,Principal,78.9,687800,7.4
NVDA-0485,Chen Brown,NVIDIA,NVDA,Operations,Principal,75.7,200300,7.5
NVDA-0486,Raj Patel,NVIDIA,NVDA,Sales & GTM,Senior Director,100.0,231100,5.8
NVDA-0487,Aisha Nguyen,NVIDIA,NVDA,Engineering,Principal,91.3,282300,8.7
NVDA-0488,Elena Reyes,NVIDIA,NVDA,Legal & Policy,Principal,86.5,1211700,17.5
NVDA-0489,James Lopez,NVIDIA,NVDA,Finance,Staff,88.0,431800,13.1
NVDA-0490,Michael Lopez,NVIDIA,NVDA,Product,VP,97.2,917500,6.7
NVDA-0491,Chen Hassan,NVIDIA,NVDA,Research & AI,Staff,86.6,379900,9.4
NVDA-0492,Hannah Brown,NVIDIA,NVDA,Engineering,SVP,81.0,1748300,8.6
NVDA-0493,Nina Petrov,NVIDIA,NVDA,Research & AI,Senior,77.0,345800,7.1
NVDA-0494,Emily Chen,NVIDIA,NVDA,Engineering,Senior Director,84.2,1077800,7.2
NVDA-0495,Aisha Smith,NVIDIA,NVDA,Finance,Senior Director,69.9,633700,6.0
NVDA-0496,Linda Chen,NVIDIA,NVDA,Operations,Director,100.0,670700,10.5
NVDA-0497,Grace Khan,NVIDIA,NVDA,Operations,Director,90.8,982300,13.9
NVDA-0498,Elena Rossi,NVIDIA,NVDA,Operations,VP,82.5,696800,11.1
NVDA-0499,Hannah Johnson,NVIDIA,NVDA,Engineering,Senior,76.6,348200,13.3
NVDA-0500,Linda Lee,NVIDIA,NVDA,Operations,Senior,74.4,441800,4.1
NVDA-0501,Arjun Chen,NVIDIA,NVDA,Engineering,Staff,68.7,458600,6.4
NVDA-0502,Hannah Johnson,NVIDIA,NVDA,Engineering,Principal,83.9,1730200,4.9
NVDA-0503,Zoe Cohen,NVIDIA,NVDA,Engineering,Principal,93.2,1381000,6.4
NVDA-0504,Kevin Tanaka,NVIDIA,NVDA,Finance,Principal,92.1,286500,14.1
NVDA-0505,John Rossi,NVIDIA,NVDA,Engineering,Staff,83.2,282700,6.3
NVDA-0506,Olivia Chen,NVIDIA,NVDA,Engineering,Staff,86.6,548500,15.5
NVDA-0507,Yuki Anderson,NVIDIA,NVDA,Research & AI,Staff,94.6,283700,9.0
NVDA-0508,Nina Murphy,NVIDIA,NVDA,Engineering,Staff,78.6,389700,6.9
NVDA-0509,Wei Yamamoto,NVIDIA,NVDA,Research & AI,VP,82.3,1922800,11.1
NVDA-0510,Hiroshi Garcia,NVIDIA,NVDA,Sales & GTM,Senior,63.7,263600,8.4
NVDA-0511,Daniel Cohen,NVIDIA,NVDA,Operations,Senior,86.4,435800,3.2
NVDA-0512,Wei Lee,NVIDIA,NVDA,Engineering,Director,94.4,769400,4.8
NVDA-0513,Maria Park,NVIDIA,NVDA,Engineering,Principal,83.6,819900,2.1
NVDA-0514,Elena Johnson,NVIDIA,NVDA,Sales & GTM,Senior,79.0,244400,3.3
NVDA-0515,James Park,NVIDIA,NVDA,Sales & GTM,Director,91.9,1166100,12.7
NVDA-0516,Sofia Martinez,NVIDIA,NVDA,Legal & Policy,Staff,73.1,330100,11.8
NVDA-0517,Yuki Murphy,NVIDIA,NVDA,Engineering,Director,79.1,701700,14.5
NVDA-0518,Wei Rossi,NVIDIA,NVDA,Operations,Senior,68.6,465000,2.8
NVDA-0519,Daniel Davis,NVIDIA,NVDA,Operations,Senior,78.6,76300,1.9
NVDA-0520,Grace Schmidt,NVIDIA,NVDA,Product,Senior,72.7,400700,9.7
NVDA-0521,Michael Ali,NVIDIA,NVDA,Design,Director,79.9,240500,5.0
NVDA-0522,John Okafor,NVIDIA,NVDA,Engineering,Principal,95.2,1226400,6.6
NVDA-0523,Fatima Ali,NVIDIA,NVDA,Finance,Staff,69.4,391500,9.5
NVDA-0524,Olivia Reyes,NVIDIA,NVDA,Operations,Director,73.8,1507800,7.2
NVDA-0525,Aisha Park,NVIDIA,NVDA,Engineering,Senior,75.0,361200,1.7
NVDA-0526,Hannah Chen,NVIDIA,NVDA,Operations,Director,87.7,723400,10.1
NVDA-0527,Ahmed Anderson,NVIDIA,NVDA,Research & AI,Senior,71.5,552400,2.2
NVDA-0528,Grace Lee,NVIDIA,NVDA,Operations,Staff,79.0,1162600,9.4
NVDA-0529,Elena Kim,NVIDIA,NVDA,People/HR,Staff,76.3,1036400,3.8
NVDA-0530,Emily Kim,NVIDIA,NVDA,Engineering,Principal,93.1,1022600,6.5
NVDA-0531,John Garcia,NVIDIA,NVDA,Research & AI,Staff,90.2,164800,5.2
NVDA-0532,Arjun Murphy,NVIDIA,NVDA,Engineering,Staff,83.7,330200,4.0
NVDA-0533,Carlos Martinez,NVIDIA,NVDA,Engineering,Senior,70.1,141300,1.1
NVDA-0534,Daniel Wilson,NVIDIA,NVDA,Product,SVP,97.5,888100,23.5
NVDA-0535,Fatima Reyes,NVIDIA,NVDA,Operations,Director,88.4,930100,14.5
NVDA-0536,Samuel Okafor,NVIDIA,NVDA,Engineering,Senior,75.6,434400,19.8
NVDA-0537,Wei Ali,NVIDIA,NVDA,Design,VP,82.9,1147300,7.8
NVDA-0538,Olivia Nguyen,NVIDIA,NVDA,Engineering,Principal,71.3,951300,10.5
NVDA-0539,Arjun Martinez,NVIDIA,NVDA,People/HR,Director,98.7,1703500,8.5
NVDA-0540,Maria Davis,NVIDIA,NVDA,Engineering,Senior,76.1,203300,2.5
NVDA-0541,Sofia Park,NVIDIA,NVDA,Engineering,Principal,84.5,1259900,11.7
NVDA-0542,Aisha Cohen,NVIDIA,NVDA,Engineering,Staff,90.3,461600,13.2
NVDA-0543,Thomas Park,NVIDIA,NVDA,Research & AI,Senior,85.1,396000,12.1
NVDA-0544,Hiroshi Brown,NVIDIA,NVDA,Engineering,SVP,65.2,1797100,13.8
NVDA-0545,Nina Lopez,NVIDIA,NVDA,Engineering,Senior,75.9,331900,11.7
NVDA-0546,Linda Lopez,NVIDIA,NVDA,Product,Senior,69.8,322800,2.9
NVDA-0547,Zoe Petrov,NVIDIA,NVDA,Sales & GTM,Senior,81.7,243200,5.3
NVDA-0548,Samuel Brown,NVIDIA,NVDA,Engineering,Principal,83.8,443400,5.6
NVDA-0549,David Wilson,NVIDIA,NVDA,Product,Principal,96.9,432600,8.8
NVDA-0550,Thomas Reyes,NVIDIA,NVDA,Research & AI,Senior,87.5,741300,6.2
NVDA-0551,Sofia Hassan,NVIDIA,NVDA,Marketing,Director,100.0,974800,9.8
NVDA-0552,Michael Ali,NVIDIA,NVDA,Design,Senior,69.9,365200,10.0
NVDA-0553,Chen Silva,NVIDIA,NVDA,Engineering,Senior,77.1,890700,1.3
NVDA-0554,Ahmed Johnson,NVIDIA,NVDA,Product,Staff,78.9,324900,11.5
NVDA-0555,Kevin Anderson,NVIDIA,NVDA,Research & AI,Director,90.9,499600,7.1
NVDA-0556,Raj Ali,NVIDIA,NVDA,Engineering,Principal,71.8,411000,4.0
NVDA-0557,Carlos Hassan,NVIDIA,NVDA,Research & AI,Director,80.7,542700,6.8
NVDA-0558,Kevin Singh,NVIDIA,NVDA,Operations,Principal,69.3,412800,8.0
NVDA-0559,Wei Ali,NVIDIA,NVDA,Sales & GTM,Staff,90.5,875200,3.5
NVDA-0560,Hannah Smith,NVIDIA,NVDA,Sales & GTM,Senior Director,100.0,920300,6.7
NVDA-0561,Linda Murphy,NVIDIA,NVDA,Operations,Senior,82.4,184600,6.5
NVDA-0562,Kevin Lopez,NVIDIA,NVDA,Engineering,Director,69.0,590200,12.0
NVDA-0563,Linda Nguyen,NVIDIA,NVDA,Finance,Senior,83.9,422300,9.1
NVDA-0564,Raj Ali,NVIDIA,NVDA,Sales & GTM,Principal,85.5,1887800,8.4
NVDA-0565,Hannah Park,NVIDIA,NVDA,Engineering,Staff,85.1,236800,3.2
NVDA-0566,Ahmed Davis,NVIDIA,NVDA,Engineering,Principal,80.1,334300,6.4
NVDA-0567,Maria Anderson,NVIDIA,NVDA,Legal & Policy,Senior,79.6,320300,1.8
NVDA-0568,Hiroshi Rossi,NVIDIA,NVDA,Engineering,Director,66.0,644700,13.2
NVDA-0569,Samuel Murphy,NVIDIA,NVDA,Marketing,Director,72.3,334700,14.0
NVDA-0570,Samuel Lee,NVIDIA,NVDA,Product,Staff,74.2,308300,4.7
NVDA-0571,Fatima Okafor,NVIDIA,NVDA,Engineering,Staff,76.5,464000,3.9
NVDA-0572,Carlos Chen,NVIDIA,NVDA,Product,Senior,70.3,207400,1.2
NVDA-0573,Ahmed Cohen,NVIDIA,NVDA,Operations,Senior,67.2,499000,6.9
NVDA-0574,Hannah Davis,NVIDIA,NVDA,Research & AI,Senior,73.4,361200,10.1
NVDA-0575,Daniel Petrov,NVIDIA,NVDA,Engineering,Senior,93.6,682900,9.0
NVDA-0576,Grace Garcia,NVIDIA,NVDA,Engineering,Principal,76.0,205900,4.9
NVDA-0577,Daniel Chen,NVIDIA,NVDA,Marketing,Senior,86.3,87900,3.7
NVDA-0578,Zoe Davis,NVIDIA,NVDA,Research & AI,Principal,83.6,783600,3.7
NVDA-0579,Elena Nguyen,NVIDIA,NVDA,Engineering,Senior Director,72.1,577200,13.8
NVDA-0580,Maria Johnson,NVIDIA,NVDA,Research & AI,Senior,80.3,252800,4.8
NVDA-0581,Chen Johnson,NVIDIA,NVDA,Engineering,VP,75.3,635800,4.8
NVDA-0582,David Rossi,NVIDIA,NVDA,Operations,SVP,71.4,798000,13.8
NVDA-0583,Fatima Chen,NVIDIA,NVDA,Engineering,Senior,79.8,198900,9.6
NVDA-0584,Yuki Martinez,NVIDIA,NVDA,Operations,VP,89.4,1374700,11.9
NVDA-0585,Ahmed Petrov,NVIDIA,NVDA,Design,Principal,80.7,598000,13.6
NVDA-0586,Ahmed Park,NVIDIA,NVDA,Finance,Principal,89.4,523900,3.9
NVDA-0587,Wei Murphy,NVIDIA,NVDA,Engineering,Senior,77.7,168400,2.0
NVDA-0588,Fatima Patel,NVIDIA,NVDA,Engineering,Senior,63.0,363600,14.0
NVDA-0589,Yuki Davis,NVIDIA,NVDA,Operations,VP,100.0,1244500,12.3
NVDA-0590,Sofia Anderson,NVIDIA,NVDA,Product,Principal,76.4,263200,2.9
NVDA-0591,Carlos Nguyen,NVIDIA,NVDA,Engineering,Director,80.2,911400,12.2
NVDA-0592,Mary Johnson,NVIDIA,NVDA,Engineering,Director,82.5,797500,6.8
NVDA-0593,Arjun Lopez,NVIDIA,NVDA,Operations,Senior Director,86.1,748600,15.3
NVDA-0594,Arjun Schmidt,NVIDIA,NVDA,Research & AI,Senior,73.3,212500,9.2
NVDA-0595,John Smith,NVIDIA,NVDA,Legal & Policy,Director,89.8,388500,5.5
NVDA-0596,Hannah Chen,NVIDIA,NVDA,Engineering,Principal,79.8,422100,9.7
NVDA-0597,Maria Singh,NVIDIA,NVDA,Engineering,Staff,78.4,266500,6.6
NVDA-0598,Chen Garcia,NVIDIA,NVDA,Engineering,Director,77.0,558500,7.7
NVDA-0599,Yuki Murphy,NVIDIA,NVDA,Design,Senior,93.6,177700,14.1
NVDA-0600,Aisha Yamamoto,NVIDIA,NVDA,Product,Senior,73.9,212600,3.3
NVDA-0601,Nina Reyes,NVIDIA,NVDA,Research & AI,Senior,93.9,561500,5.1
NVDA-0602,Hiroshi Lopez,NVIDIA,NVDA,Design,Senior,65.7,250000,1.8
NVDA-0603,Hannah Tanaka,NVIDIA,NVDA,Operations,Senior,72.2,339100,1.8
NVDA-0604,Samuel Brown,NVIDIA,NVDA,Research & AI,Senior,98.7,390100,2.7
NVDA-0605,Grace Yamamoto,NVIDIA,NVDA,Legal & Policy,Principal,88.2,280900,9.4
NVDA-0606,Fatima Hassan,NVIDIA,NVDA,Research & AI,Senior,88.4,125000,7.2
NVDA-0607,Aisha Okafor,NVIDIA,NVDA,Sales & GTM,Senior,86.4,350600,5.0
NVDA-0608,Zoe Anderson,NVIDIA,NVDA,Engineering,Senior,76.0,483500,2.6
NVDA-0609,Ahmed Chen,NVIDIA,NVDA,Research & AI,Director,70.4,716500,7.5
NVDA-0610,Ahmed Tanaka,NVIDIA,NVDA,Product,Staff,65.5,541500,11.5
NVDA-0611,Emily Garcia,NVIDIA,NVDA,Legal & Policy,Principal,88.0,332600,7.9
NVDA-0612,Wei Reyes,NVIDIA,NVDA,Engineering,Principal,69.6,446100,10.9
NVDA-0613,Hannah Anderson,NVIDIA,NVDA,Engineering,VP,89.7,1074200,7.3
NVDA-0614,Arjun Rossi,NVIDIA,NVDA,Engineering,Staff,70.5,221200,4.7
NVDA-0615,David Okafor,NVIDIA,NVDA,Legal & Policy,Staff,91.7,1695100,2.4
NVDA-0616,Zoe Rossi,NVIDIA,NVDA,Research & AI,Staff,78.3,261500,5.5
NVDA-0617,Priya Park,NVIDIA,NVDA,Research & AI,Senior Director,100.0,1172100,8.6
NVDA-0618,Mary Reyes,NVIDIA,NVDA,Engineering,Staff,71.6,452600,2.9
NVDA-0619,Zoe Davis,NVIDIA,NVDA,Engineering,Senior,86.0,535800,5.3
NVDA-0620,Samuel Okafor,NVIDIA,NVDA,Engineering,Senior,72.8,1430600,7.4
NVDA-0621,Raj Singh,NVIDIA,NVDA,Marketing,Director,83.4,454500,11.0
NVDA-0622,Linda Ali,NVIDIA,NVDA,Operations,Staff,87.0,567600,5.5
NVDA-0623,Mary Kim,NVIDIA,NVDA,Engineering,Principal,100.0,518400,6.6
NVDA-0624,Chen Chen,NVIDIA,NVDA,Research & AI,Staff,87.7,278300,8.4
NVDA-0625,Olivia Brown,NVIDIA,NVDA,Engineering,Senior,62.9,285400,6.0
NVDA-0626,Aisha Smith,NVIDIA,NVDA,Engineering,Senior,75.2,426200,5.7
NVDA-0627,Maria Wilson,NVIDIA,NVDA,Operations,Staff,92.2,157300,4.0
NVDA-0628,Fatima Reyes,NVIDIA,NVDA,Engineering,Senior,84.8,237900,5.5
NVDA-0629,Linda Nguyen,NVIDIA,NVDA,Sales & GTM,Principal,100.0,612900,3.6
NVDA-0630,Carlos Tanaka,NVIDIA,NVDA,Engineering,Senior,80.7,339900,1.4
NVDA-0631,John Nguyen,NVIDIA,NVDA,Sales & GTM,Staff,80.2,1160800,15.6
NVDA-0632,Aisha Lopez,NVIDIA,NVDA,Engineering,Staff,72.7,501400,7.7
NVDA-0633,Thomas Khan,NVIDIA,NVDA,Engineering,Staff,81.0,344200,4.3
NVDA-0634,Priya Park,NVIDIA,NVDA,Engineering,Director,70.8,426400,9.9
NVDA-0635,Chen Park,NVIDIA,NVDA,Product,Senior,67.7,378600,6.4
NVDA-0636,Wei Park,NVIDIA,NVDA,Sales & GTM,Staff,83.5,221700,6.4
NVDA-0637,Michael Wilson,NVIDIA,NVDA,Finance,Principal,65.4,288900,5.3
NVDA-0638,Elena Lee,NVIDIA,NVDA,Engineering,Director,92.6,3041300,3.2
NVDA-0639,Chen Anderson,NVIDIA,NVDA,Engineering,Principal,76.5,237200,9.1
NVDA-0640,James Brown,NVIDIA,NVDA,Product,Staff,65.1,332300,11.6
NVDA-0641,Priya Singh,NVIDIA,NVDA,Engineering,Senior,80.0,408800,5.3
NVDA-0642,Fatima Brown,NVIDIA,NVDA,Sales & GTM,Senior,79.5,412500,3.0
NVDA-0643,Wei Okafor,NVIDIA,NVDA,Engineering,Staff,79.1,933200,3.5
NVDA-0644,Hiroshi Martinez,NVIDIA,NVDA,Marketing,Senior,87.2,467300,2.4
NVDA-0645,Priya Yamamoto,NVIDIA,NVDA,Engineering,Senior,96.4,559100,2.0
NVDA-0646,Nina Nguyen,NVIDIA,NVDA,Product,Senior,94.1,732000,0.7
NVDA-0647,Grace Yamamoto,NVIDIA,NVDA,Product,Principal,76.8,630100,3.6
NVDA-0648,Priya Garcia,NVIDIA,NVDA,Marketing,Principal,68.7,773300,9.2
NVDA-0649,Elena Schmidt,NVIDIA,NVDA,Product,Principal,87.6,2567100,7.6
NVDA-0650,Nina Davis,NVIDIA,NVDA,Engineering,Director,79.0,809600,7.4
NVDA-0651,Sofia Ali,NVIDIA,NVDA,Product,Director,74.8,987800,5.0
NVDA-0652,Daniel Reyes,NVIDIA,NVDA,Engineering,Staff,66.1,374200,7.3
NVDA-0653,Zoe Smith,NVIDIA,NVDA,Engineering,Director,84.5,413700,4.8
NVDA-0654,Yuki Hassan,NVIDIA,NVDA,Operations,Senior,88.5,194500,3.8
NVDA-0655,Priya Murphy,NVIDIA,NVDA,Engineering,Staff,95.2,685100,7.8
NVDA-0656,Raj Okafor,NVIDIA,NVDA,Engineering,Senior,83.7,256200,9.9
NVDA-0657,Chen Lee,NVIDIA,NVDA,Engineering,Staff,100.0,409500,10.4
NVDA-0658,Hannah Reyes,NVIDIA,NVDA,Engineering,Staff,69.9,902500,2.0
NVDA-0659,Carlos Murphy,NVIDIA,NVDA,Sales & GTM,Staff,75.6,545300,6.2
NVDA-0660,Hannah Lee,NVIDIA,NVDA,Sales & GTM,Senior,73.9,343300,1.7
NVDA-0661,Hannah Silva,NVIDIA,NVDA,Marketing,Principal,69.7,359300,17.7
NVDA-0662,Sofia Lee,NVIDIA,NVDA,Marketing,Staff,81.3,262600,3.7
NVDA-0663,Hiroshi Anderson,NVIDIA,NVDA,Product,Director,82.8,634200,12.4
NVDA-0664,David Petrov,NVIDIA,NVDA,Operations,Staff,62.8,705700,13.7
NVDA-0665,Hannah Chen,NVIDIA,NVDA,Product,Principal,100.0,392400,12.8
NVDA-0666,Aisha Reyes,NVIDIA,NVDA,Legal & Policy,Staff,74.3,922100,3.6
NVDA-0667,Kevin Khan,NVIDIA,NVDA,Engineering,Staff,84.9,455200,1.5
NVDA-0668,Raj Martinez,NVIDIA,NVDA,Research & AI,Senior,69.3,226900,4.1
NVDA-0669,David Wang,NVIDIA,NVDA,Legal & Policy,Staff,89.3,974000,10.6
NVDA-0670,Daniel Nguyen,NVIDIA,NVDA,Engineering,Staff,85.8,173400,3.4
NVDA-0671,Hiroshi Tanaka,NVIDIA,NVDA,Operations,Staff,91.5,159800,3.6
NVDA-0672,Samuel Ali,NVIDIA,NVDA,Design,Director,77.1,756800,4.1
NVDA-0673,Daniel Garcia,NVIDIA,NVDA,Engineering,Staff,85.5,465900,2.7
NVDA-0674,Raj Wilson,NVIDIA,NVDA,Engineering,Senior,89.6,269200,2.8
NVDA-0675,Elena Anderson,NVIDIA,NVDA,Sales & GTM,Senior,86.4,422300,17.3
NVDA-0676,Carlos Martinez,NVIDIA,NVDA,Product,Senior,94.5,712300,3.3
NVDA-0677,Priya Murphy,NVIDIA,NVDA,Engineering,Principal,82.2,281100,5.3
NVDA-0678,Mary Smith,NVIDIA,NVDA,Engineering,Senior,100.0,430700,3.3
NVDA-0679,Hiroshi Cohen,NVIDIA,NVDA,Engineering,Principal,90.6,667300,13.3
NVDA-0680,Carlos Yamamoto,NVIDIA,NVDA,Engineering,Director,84.2,390000,12.2
NVDA-0681,Thomas Kim,NVIDIA,NVDA,Finance,Senior,76.8,210600,7.8
NVDA-0682,Arjun Patel,NVIDIA,NVDA,Research & AI,Senior Director,80.8,1280900,7.1
NVDA-0683,Wei Silva,NVIDIA,NVDA,Sales & GTM,Senior,71.4,246700,5.8
NVDA-0684,Hiroshi Kim,NVIDIA,NVDA,Finance,Principal,98.4,430700,12.0
NVDA-0685,Hannah Schmidt,NVIDIA,NVDA,Operations,Senior,76.5,612800,1.1
NVDA-0686,Linda Martinez,NVIDIA,NVDA,Finance,Senior Director,89.2,243300,9.3
NVDA-0687,Thomas Hassan,NVIDIA,NVDA,Engineering,Director,91.8,208500,6.6
NVDA-0688,Chen Hassan,NVIDIA,NVDA,Engineering,Staff,75.3,329700,7.8
NVDA-0689,Samuel Lee,NVIDIA,NVDA,Research & AI,Senior,90.9,361400,9.7
NVDA-0690,James Park,NVIDIA,NVDA,Engineering,VP,71.2,676900,5.4
NVDA-0691,Elena Reyes,NVIDIA,NVDA,Research & AI,Staff,64.2,374400,9.9
NVDA-0692,David Smith,NVIDIA,NVDA,Finance,Director,63.7,494500,6.0
NVDA-0693,Sofia Lee,NVIDIA,NVDA,Operations,Director,88.3,694800,14.5
NVDA-0694,Arjun Johnson,NVIDIA,NVDA,Design,Senior,56.9,209000,3.4
NVDA-0695,Ahmed Nguyen,NVIDIA,NVDA,Engineering,Senior,73.2,193900,6.8
NVDA-0696,David Yamamoto,NVIDIA,NVDA,Operations,Staff,75.1,134400,4.7
NVDA-0697,Emily Rossi,NVIDIA,NVDA,Operations,Senior,69.5,390300,4.6
NVDA-0698,Raj Petrov,NVIDIA,NVDA,Operations,VP,62.1,1261300,8.0
NVDA-0699,Thomas Silva,NVIDIA,NVDA,Engineering,Senior,88.0,320200,15.9
NVDA-0700,Arjun Schmidt,NVIDIA,NVDA,Sales & GTM,Senior,70.4,149200,2.0
NVDA-0701,Sofia Anderson,NVIDIA,NVDA,Design,Director,78.1,304200,11.1
NVDA-0702,Olivia Garcia,NVIDIA,NVDA,Research & AI,Senior,73.9,304800,6.1
NVDA-0703,Yuki Tanaka,NVIDIA,NVDA,Engineering,Senior,62.1,409200,5.4
NVDA-0704,Michael Rossi,NVIDIA,NVDA,Operations,Staff,79.8,594500,11.7
NVDA-0705,Ahmed Okafor,NVIDIA,NVDA,Product,VP,92.9,2172500,13.5
NVDA-0706,Nina Petrov,NVIDIA,NVDA,Engineering,SVP,85.8,2544600,7.8
NVDA-0707,Olivia Brown,NVIDIA,NVDA,Engineering,Senior,75.5,259700,13.3
NVDA-0708,Nina Yamamoto,NVIDIA,NVDA,Sales & GTM,Senior,71.3,358500,2.2
NVDA-0709,Elena Reyes,NVIDIA,NVDA,Operations,Principal,73.8,481500,10.2
NVDA-0710,Thomas Patel,NVIDIA,NVDA,Operations,Staff,87.7,194900,15.1
NVDA-0711,Michael Lee,NVIDIA,NVDA,Marketing,Senior Director,83.8,2081400,8.9
NVDA-0712,Carlos Anderson,NVIDIA,NVDA,Engineering,Staff,71.2,371000,6.4
NVDA-0713,Zoe Ali,NVIDIA,NVDA,Sales & GTM,Senior,82.5,336600,3.6
NVDA-0714,Hannah Khan,NVIDIA,NVDA,Finance,Senior Director,72.9,735500,6.8
NVDA-0715,Michael Lee,NVIDIA,NVDA,Engineering,Staff,100.0,202000,5.8
NVDA-0716,Samuel Silva,NVIDIA,NVDA,People/HR,Senior Director,84.0,443800,5.0
NVDA-0717,Thomas Nguyen,NVIDIA,NVDA,Engineering,Principal,60.8,690300,4.8
NVDA-0718,Emily Kim,NVIDIA,NVDA,Engineering,Senior,76.9,213100,8.4
NVDA-0719,Samuel Petrov,NVIDIA,NVDA,Sales & GTM,Principal,91.4,1361400,4.5
NVDA-0720,Olivia Smith,NVIDIA,NVDA,Operations,Senior,87.4,402000,5.9
NVDA-0721,Hannah Smith,NVIDIA,NVDA,Engineering,Staff,85.9,134900,6.4
NVDA-0722,Fatima Martinez,NVIDIA,NVDA,Product,Staff,72.0,989900,10.0
NVDA-0723,David Okafor,NVIDIA,NVDA,Product,Principal,94.1,354600,17.9
NVDA-0724,Carlos Tanaka,NVIDIA,NVDA,Design,Senior,67.1,633600,13.6
NVDA-0725,John Park,NVIDIA,NVDA,Engineering,VP,76.2,1000800,7.1
NVDA-0726,Raj Kim,NVIDIA,NVDA,Product,Senior,83.5,241300,15.6
NVDA-0727,Thomas Hassan,NVIDIA,NVDA,Design,Senior,75.3,604100,6.8
NVDA-0728,Olivia Wang,NVIDIA,NVDA,Marketing,Staff,67.0,363200,5.5
NVDA-0729,Chen Martinez,NVIDIA,NVDA,Sales & GTM,Senior,96.0,276400,6.0
NVDA-0730,Thomas Ali,NVIDIA,NVDA,Research & AI,Senior Director,81.8,584200,4.6
NVDA-0731,Yuki Anderson,NVIDIA,NVDA,Design,Senior,92.8,261200,13.5
NVDA-0732,Raj Lopez,NVIDIA,NVDA,Design,Senior,59.7,308800,3.3
NVDA-0733,Linda Hassan,NVIDIA,NVDA,Engineering,Staff,92.1,332600,3.9
NVDA-0734,Maria Anderson,NVIDIA,NVDA,Engineering,Staff,76.1,323700,7.4
NVDA-0735,Kevin Brown,NVIDIA,NVDA,Marketing,Senior Director,81.7,1311500,5.2
NVDA-0736,Grace Rossi,NVIDIA,NVDA,Research & AI,Principal,80.7,532500,6.4
NVDA-0737,Wei Wilson,NVIDIA,NVDA,Finance,Senior,81.5,211600,10.0
NVDA-0738,Hiroshi Tanaka,NVIDIA,NVDA,Finance,Staff,92.1,916900,3.2
NVDA-0739,John Martinez,NVIDIA,NVDA,Engineering,Staff,82.2,245400,17.0
NVDA-0740,Nina Reyes,NVIDIA,NVDA,Engineering,Staff,72.3,444500,4.0
NVDA-0741,Michael Lopez,NVIDIA,NVDA,Engineering,Director,73.3,818800,3.4
NVDA-0742,Michael Anderson,NVIDIA,NVDA,Research & AI,Principal,89.0,1014500,13.6
NVDA-0743,Michael Yamamoto,NVIDIA,NVDA,Engineering,Senior Director,88.6,1584900,12.3
NVDA-0744,Zoe Singh,NVIDIA,NVDA,People/HR,Senior,87.3,339800,1.0
NVDA-0745,Samuel Park,NVIDIA,NVDA,Operations,SVP,89.4,2669700,10.8
NVDA-0746,Hiroshi Kim,NVIDIA,NVDA,Sales & GTM,Director,85.9,1144300,12.7
NVDA-0747,Aisha Rossi,NVIDIA,NVDA,People/HR,Staff,60.8,123600,1.8
NVDA-0748,Sofia Lopez,NVIDIA,NVDA,Research & AI,Principal,82.4,194900,4.7
NVDA-0749,Hiroshi Reyes,NVIDIA,NVDA,Sales & GTM,Director,81.5,652600,13.6
NVDA-0750,Fatima Okafor,NVIDIA,NVDA,Sales & GTM,Principal,82.4,578900,4.5
NVDA-0751,Grace Yamamoto,NVIDIA,NVDA,Research & AI,VP,87.0,535700,17.5
NVDA-0752,Chen Tanaka,NVIDIA,NVDA,Sales & GTM,VP,69.8,1034800,7.8
NVDA-0753,Olivia Chen,NVIDIA,NVDA,Engineering,Director,70.5,1125400,12.1
NVDA-0754,Emily Johnson,NVIDIA,NVDA,Research & AI,Senior,100.0,336600,8.3
NVDA-0755,Daniel Garcia,NVIDIA,NVDA,Engineering,Principal,56.0,141400,11.8
NVDA-0756,Sofia Reyes,NVIDIA,NVDA,Engineering,Senior,59.3,214900,10.1
NVDA-0757,Raj Schmidt,NVIDIA,NVDA,Engineering,Staff,75.8,253200,2.4
NVDA-0758,John Reyes,NVIDIA,NVDA,Marketing,Staff,81.5,563400,6.8
NVDA-0759,John Martinez,NVIDIA,NVDA,Product,Staff,72.6,445900,7.8
NVDA-0760,Yuki Reyes,NVIDIA,NVDA,Sales & GTM,Director,77.4,342800,6.3
NVDA-0761,Olivia Garcia,NVIDIA,NVDA,Design,Senior,76.4,256000,0.7
NVDA-0762,Nina Khan,NVIDIA,NVDA,Marketing,Staff,78.6,661400,2.6
NVDA-0763,Thomas Patel,NVIDIA,NVDA,Operations,Senior,79.6,184800,5.1
NVDA-0764,Samuel Rossi,NVIDIA,NVDA,Engineering,Staff,84.4,428300,8.6
NVDA-0765,Kevin Ali,NVIDIA,NVDA,Product,Staff,79.4,1149200,1.7
NVDA-0766,Yuki Anderson,NVIDIA,NVDA,Engineering,Staff,94.8,436400,10.9
NVDA-0767,Aisha Silva,NVIDIA,NVDA,Legal & Policy,Staff,100.0,1003700,5.1
NVDA-0768,Kevin Patel,NVIDIA,NVDA,Legal & Policy,Senior Director,89.2,1030500,18.4
NVDA-0769,Nina Okafor,NVIDIA,NVDA,Operations,Staff,75.9,632000,7.3
NVDA-0770,Thomas Nguyen,NVIDIA,NVDA,Engineering,VP,82.0,1130100,12.6
NVDA-0771,Hannah Murphy,NVIDIA,NVDA,Engineering,Senior,78.9,226200,4.9
NVDA-0772,James Rossi,NVIDIA,NVDA,Sales & GTM,Principal,84.0,845300,6.2
NVDA-0773,David Johnson,NVIDIA,NVDA,Research & AI,Senior,86.6,308800,10.7
NVDA-0774,Fatima Davis,NVIDIA,NVDA,Marketing,Director,78.5,706000,12.7
NVDA-0775,Priya Lopez,NVIDIA,NVDA,Research & AI,Senior,74.6,512800,0.8
NVDA-0776,John Ali,NVIDIA,NVDA,Engineering,Staff,87.2,387300,11.4
NVDA-0777,Raj Petrov,NVIDIA,NVDA,Product,Senior,84.0,440700,10.5
NVDA-0778,Ahmed Anderson,NVIDIA,NVDA,Product,Principal,83.9,202900,4.8
NVDA-0779,David Petrov,NVIDIA,NVDA,Design,Senior,87.5,148700,3.2
NVDA-0780,Elena Chen,NVIDIA,NVDA,Operations,Senior Director,73.7,2072600,21.6
NVDA-0781,Linda Silva,NVIDIA,NVDA,Sales & GTM,Principal,85.1,696200,3.2
NVDA-0782,Aisha Nguyen,NVIDIA,NVDA,Engineering,Senior Director,65.1,391200,4.5
NVDA-0783,James Silva,NVIDIA,NVDA,Product,Staff,77.5,213300,5.8
NVDA-0784,David Johnson,NVIDIA,NVDA,Research & AI,Senior,72.4,398700,3.0
NVDA-0785,Olivia Ali,NVIDIA,NVDA,Engineering,Staff,90.0,441400,5.6
NVDA-0786,Mary Singh,NVIDIA,NVDA,Operations,Principal,91.3,439400,9.5
NVDA-0787,Chen Davis,NVIDIA,NVDA,Engineering,Staff,95.1,524200,11.8
NVDA-0788,Elena Park,NVIDIA,NVDA,Engineering,Staff,94.0,250000,2.7
NVDA-0789,Hannah Nguyen,NVIDIA,NVDA,Engineering,Staff,70.4,972400,2.8
NVDA-0790,Ahmed Patel,NVIDIA,NVDA,Operations,Staff,98.4,200700,6.8
NVDA-0791,Daniel Lee,NVIDIA,NVDA,Sales & GTM,Staff,77.8,410200,7.5
NVDA-0792,Daniel Davis,NVIDIA,NVDA,Product,Staff,75.0,159700,1.8
NVDA-0793,Michael Brown,NVIDIA,NVDA,Operations,VP,100.0,967400,9.5
NVDA-0794,Elena Garcia,NVIDIA,NVDA,Engineering,Director,73.2,678400,6.9
NVDA-0795,Elena Petrov,NVIDIA,NVDA,Engineering,Staff,99.2,320100,7.2
NVDA-0796,Sofia Garcia,NVIDIA,NVDA,Marketing,Staff,78.6,208100,3.8
NVDA-0797,Hannah Nguyen,NVIDIA,NVDA,Marketing,Senior,90.3,609100,3.2
NVDA-0798,Kevin Wilson,NVIDIA,NVDA,Operations,Staff,77.9,442500,17.1
NVDA-0799,Sofia Lee,NVIDIA,NVDA,People/HR,Senior,77.8,386500,7.7
NVDA-0800,Linda Yamamoto,NVIDIA,NVDA,Engineering,Director,100.0,889700,7.0
NVDA-0801,Samuel Garcia,NVIDIA,NVDA,Engineering,Principal,71.9,216800,6.8
NVDA-0802,Priya Okafor,NVIDIA,NVDA,Engineering,Staff,67.2,212200,5.0
NVDA-0803,Wei Silva,NVIDIA,NVDA,Operations,Director,79.4,417300,5.0
NVDA-0804,Carlos Schmidt,NVIDIA,NVDA,Engineering,Senior Director,68.9,1288600,16.7
NVDA-0805,Nina Lopez,NVIDIA,NVDA,Product,Senior,75.8,220800,3.5
NVDA-0806,Elena Singh,NVIDIA,NVDA,Engineering,Principal,74.1,274000,7.3
NVDA-0807,Wei Lopez,NVIDIA,NVDA,Engineering,Senior,74.5,772100,1.7
NVDA-0808,Yuki Wang,NVIDIA,NVDA,Research & AI,Senior,66.2,200600,3.4
NVDA-0809,Olivia Davis,NVIDIA,NVDA,Research & AI,Staff,66.6,240300,6.4
NVDA-0810,Mary Tanaka,NVIDIA,NVDA,Engineering,Director,96.8,792800,4.1
NVDA-0811,Thomas Petrov,NVIDIA,NVDA,Research & AI,Senior,65.3,100800,4.3
NVDA-0812,Daniel Chen,NVIDIA,NVDA,Engineering,Principal,99.3,822600,2.3
NVDA-0813,Grace Lee,NVIDIA,NVDA,Engineering,Principal,83.2,374700,7.1
NVDA-0814,Chen Rossi,NVIDIA,NVDA,Product,Principal,84.5,218400,2.9
NVDA-0815,Hiroshi Garcia,NVIDIA,NVDA,Engineering,Staff,85.0,661800,4.4
NVDA-0816,Wei Okafor,NVIDIA,NVDA,Legal & Policy,Staff,71.1,251700,10.2
NVDA-0817,Raj Murphy,NVIDIA,NVDA,Finance,Senior,72.6,525600,2.3
NVDA-0818,Emily Wang,NVIDIA,NVDA,Engineering,Senior,82.5,107400,2.0
NVDA-0819,Fatima Khan,NVIDIA,NVDA,Engineering,Principal,89.9,310400,15.2
NVDA-0820,Linda Cohen,NVIDIA,NVDA,Legal & Policy,Staff,77.4,238900,3.0
NVDA-0821,Arjun Martinez,NVIDIA,NVDA,Finance,Staff,83.5,305700,13.6
NVDA-0822,Yuki Kim,NVIDIA,NVDA,Sales & GTM,Senior Director,76.9,920900,8.3
NVDA-0823,David Tanaka,NVIDIA,NVDA,Research & AI,Senior,92.3,343500,3.7
NVDA-0824,Olivia Petrov,NVIDIA,NVDA,Finance,Director,79.9,648600,10.1
NVDA-0825,Samuel Hassan,NVIDIA,NVDA,Sales & GTM,Principal,74.1,455300,6.4
NVDA-0826,Raj Garcia,NVIDIA,NVDA,Engineering,Senior,77.5,677400,2.2
NVDA-0827,Grace Lopez,NVIDIA,NVDA,Research & AI,C-Suite,100.0,5069900,9.2
NVDA-0828,Raj Lee,NVIDIA,NVDA,Sales & GTM,Director,90.6,598700,24.5
NVDA-0829,Emily Tanaka,NVIDIA,NVDA,Research & AI,Senior,72.7,312400,13.0
NVDA-0830,Elena Chen,NVIDIA,NVDA,Product,Staff,70.6,894400,6.7
NVDA-0831,David Ali,NVIDIA,NVDA,Research & AI,Senior,82.9,132100,4.8
NVDA-0832,Olivia Lee,NVIDIA,NVDA,Engineering,Senior,64.6,167600,2.5
NVDA-0833,Michael Anderson,NVIDIA,NVDA,Research & AI,Director,86.4,847300,5.6
NVDA-0834,Priya Hassan,NVIDIA,NVDA,Research & AI,Principal,74.3,362000,8.2
NVDA-0835,Michael Ali,NVIDIA,NVDA,Engineering,Senior,88.7,198900,5.1
NVDA-0836,Arjun Martinez,NVIDIA,NVDA,Finance,Senior,63.1,157700,0.6
NVDA-0837,Wei Silva,NVIDIA,NVDA,Engineering,Director,92.6,658700,7.3
NVDA-0838,Grace Silva,NVIDIA,NVDA,Engineering,Senior,78.6,244900,12.6
NVDA-0839,Mary Johnson,NVIDIA,NVDA,Marketing,Principal,74.3,289300,10.1
NVDA-0840,James Anderson,NVIDIA,NVDA,Product,Senior,94.2,123500,2.6
NVDA-0841,John Martinez,NVIDIA,NVDA,Legal & Policy,Staff,74.1,525200,2.1
NVDA-0842,Olivia Rossi,NVIDIA,NVDA,Research & AI,Senior,100.0,304300,8.0
NVDA-0843,Arjun Martinez,NVIDIA,NVDA,Engineering,Senior,62.7,203800,3.2
NVDA-0844,Priya Davis,NVIDIA,NVDA,Design,Senior,55.8,207700,6.1
NVDA-0845,Olivia Chen,NVIDIA,NVDA,Research & AI,Staff,54.9,554000,2.7
NVDA-0846,Emily Singh,NVIDIA,NVDA,Operations,Principal,64.0,421000,4.9
NVDA-0847,Grace Cohen,NVIDIA,NVDA,Finance,Senior,96.8,300200,15.9
NVDA-0848,Zoe Hassan,NVIDIA,NVDA,Engineering,Director,96.4,1470900,11.2
NVDA-0849,Yuki Patel,NVIDIA,NVDA,Sales & GTM,Principal,77.1,343200,4.7
NVDA-0850,Fatima Martinez,NVIDIA,NVDA,Engineering,Staff,84.5,669700,4.0
NVDA-0851,Maria Singh,NVIDIA,NVDA,Engineering,Director,90.5,745500,10.2
NVDA-0852,Kevin Park,NVIDIA,NVDA,Sales & GTM,Senior,86.3,365800,3.0
NVDA-0853,Raj Ali,NVIDIA,NVDA,Product,VP,85.3,1753300,7.3
NVDA-0854,Arjun Patel,NVIDIA,NVDA,Engineering,Director,69.3,1025100,4.1
NVDA-0855,Wei Chen,NVIDIA,NVDA,Finance,VP,89.3,2202800,9.6
NVDA-0856,Thomas Garcia,NVIDIA,NVDA,People/HR,Senior,83.8,352300,1.7
NVDA-0857,Wei Tanaka,NVIDIA,NVDA,People/HR,Senior,82.7,296900,5.9
NVDA-0858,Linda Ali,NVIDIA,NVDA,People/HR,Senior,87.4,334700,4.1
NVDA-0859,Emily Garcia,NVIDIA,NVDA,Operations,Senior,85.7,214200,6.3
NVDA-0860,Grace Brown,NVIDIA,NVDA,Operations,VP,85.6,1715700,9.2
NVDA-0861,Michael Park,NVIDIA,NVDA,Finance,Senior,79.1,340400,2.6
NVDA-0862,Carlos Murphy,NVIDIA,NVDA,Research & AI,Staff,100.0,346800,0.7
NVDA-0863,Mary Martinez,NVIDIA,NVDA,Engineering,Senior,73.6,547300,4.4
NVDA-0864,Carlos Park,NVIDIA,NVDA,Engineering,Principal,78.7,588700,8.5
NVDA-0865,Michael Reyes,NVIDIA,NVDA,Research & AI,Staff,85.5,565400,2.1
NVDA-0866,Wei Wang,NVIDIA,NVDA,Finance,Principal,89.7,1060000,8.2
NVDA-0867,Chen Singh,NVIDIA,NVDA,Sales & GTM,Senior,98.1,356900,2.6
NVDA-0868,Emily Kim,NVIDIA,NVDA,Engineering,Staff,58.6,223800,2.6
NVDA-0869,Priya Brown,NVIDIA,NVDA,Sales & GTM,Senior,68.4,194100,1.0
NVDA-0870,Michael Davis,NVIDIA,NVDA,Engineering,Principal,81.7,1188200,4.0
NVDA-0871,Yuki Park,NVIDIA,NVDA,Engineering,Staff,61.8,105200,9.2
NVDA-0872,Arjun Lopez,NVIDIA,NVDA,Engineering,Staff,81.9,260000,3.3
NVDA-0873,Hiroshi Reyes,NVIDIA,NVDA,Operations,Principal,70.7,309400,5.5
NVDA-0874,Arjun Petrov,NVIDIA,NVDA,Engineering,Principal,86.5,975500,11.8
NVDA-0875,Sofia Martinez,NVIDIA,NVDA,Sales & GTM,Principal,83.5,261800,6.2
NVDA-0876,Priya Smith,NVIDIA,NVDA,Research & AI,Senior,77.0,342000,6.7
NVDA-0877,Hannah Tanaka,NVIDIA,NVDA,Sales & GTM,Senior,79.9,245900,16.3
NVDA-0878,Michael Lee,NVIDIA,NVDA,Operations,Director,79.2,1073300,12.7
NVDA-0879,John Khan,NVIDIA,NVDA,Finance,Senior,88.2,274700,3.7
NVDA-0880,Daniel Patel,NVIDIA,NVDA,Sales & GTM,Staff,70.5,982300,1.7
NVDA-0881,Hannah Murphy,NVIDIA,NVDA,Research & AI,Senior Director,70.0,689700,8.6
NVDA-0882,Raj Lopez,NVIDIA,NVDA,Product,Senior,82.1,155400,4.2
NVDA-0883,Fatima Yamamoto,NVIDIA,NVDA,Marketing,Director,78.0,700000,4.9
NVDA-0884,Kevin Chen,NVIDIA,NVDA,Engineering,Staff,88.3,294200,14.0
NVDA-0885,Kevin Murphy,NVIDIA,NVDA,Legal & Policy,Staff,68.0,295800,4.7
NVDA-0886,Olivia Lee,NVIDIA,NVDA,Engineering,Senior,80.7,229300,2.9
NVDA-0887,Hannah Lee,NVIDIA,NVDA,Legal & Policy,Senior,93.5,334900,6.1
NVDA-0888,Emily Nguyen,NVIDIA,NVDA,Product,Senior,71.2,294300,3.3
NVDA-0889,Nina Martinez,NVIDIA,NVDA,Engineering,Principal,80.4,550600,13.1
NVDA-0890,Hiroshi Garcia,NVIDIA,NVDA,Sales & GTM,Senior,72.0,204500,5.9
NVDA-0891,Kevin Ali,NVIDIA,NVDA,Research & AI,Senior,84.4,246000,0.7
NVDA-0892,Maria Brown,NVIDIA,NVDA,Engineering,Principal,83.1,696600,3.6
NVDA-0893,Wei Chen,NVIDIA,NVDA,Engineering,Senior,80.1,300800,5.2
NVDA-0894,Elena Lee,NVIDIA,NVDA,People/HR,Director,100.0,362800,3.7
NVDA-0895,Elena Murphy,NVIDIA,NVDA,Sales & GTM,Senior,84.9,310900,6.1
NVDA-0896,Chen Singh,NVIDIA,NVDA,Sales & GTM,Staff,83.3,534100,4.2
NVDA-0897,Hannah Chen,NVIDIA,NVDA,Engineering,Staff,91.1,437100,9.7
NVDA-0898,Aisha Park,NVIDIA,NVDA,Engineering,Staff,86.2,1337600,8.2
NVDA-0899,James Brown,NVIDIA,NVDA,Sales & GTM,VP,89.6,605200,6.2
NVDA-0900,James Singh,NVIDIA,NVDA,Engineering,Staff,94.3,327700,8.0
NVDA-0901,James Cohen,NVIDIA,NVDA,Legal & Policy,Senior,87.5,960000,7.6
NVDA-0902,Wei Davis,NVIDIA,NVDA,Engineering,Senior Director,93.2,814100,3.8
NVDA-0903,Zoe Rossi,NVIDIA,NVDA,Design,Senior,69.9,371400,5.1
NVDA-0904,Sofia Silva,NVIDIA,NVDA,Sales & GTM,Staff,74.5,599400,3.0
NVDA-0905,James Tanaka,NVIDIA,NVDA,Finance,Director,86.5,374900,10.3
NVDA-0906,Aisha Schmidt,NVIDIA,NVDA,Engineering,Staff,77.7,404100,6.0
NVDA-0907,Daniel Lopez,NVIDIA,NVDA,Sales & GTM,Staff,85.3,97400,2.5
NVDA-0908,Michael Martinez,NVIDIA,NVDA,Operations,SVP,83.0,976500,18.4
NVDA-0909,Raj Chen,NVIDIA,NVDA,Engineering,Senior,81.0,246500,2.5
NVDA-0910,James Singh,NVIDIA,NVDA,Product,Director,78.6,502700,9.3
NVDA-0911,Linda Chen,NVIDIA,NVDA,Engineering,Senior,76.5,422200,8.2
NVDA-0912,Sofia Davis,NVIDIA,NVDA,Operations,Staff,97.7,863700,5.1
NVDA-0913,Elena Martinez,NVIDIA,NVDA,Engineering,Senior,73.6,310800,7.7
NVDA-0914,Sofia Chen,NVIDIA,NVDA,Operations,SVP,89.7,2013700,11.6
NVDA-0915,Linda Petrov,NVIDIA,NVDA,Sales & GTM,Senior,76.9,319900,10.6
NVDA-0916,Mary Park,NVIDIA,NVDA,Design,Staff,73.6,561300,4.7
NVDA-0917,Maria Schmidt,NVIDIA,NVDA,Operations,Senior,90.3,471400,4.4
NVDA-0918,Olivia Garcia,NVIDIA,NVDA,Product,Principal,66.3,240300,5.6
NVDA-0919,Ahmed Lee,NVIDIA,NVDA,Engineering,Senior,76.0,483600,7.8
NVDA-0920,John Wang,NVIDIA,NVDA,Finance,Senior Director,85.3,758400,10.9
NVDA-0921,Yuki Patel,NVIDIA,NVDA,Engineering,Senior,82.0,618200,13.8
NVDA-0922,Mary Smith,NVIDIA,NVDA,Design,Staff,95.7,297800,4.7
NVDA-0923,Nina Silva,NVIDIA,NVDA,Engineering,Director,89.8,955600,11.6
NVDA-0924,Fatima Lopez,NVIDIA,NVDA,Marketing,Staff,92.7,559800,5.8
NVDA-0925,Grace Park,NVIDIA,NVDA,Research & AI,Principal,86.2,336600,7.6
NVDA-0926,Grace Okafor,NVIDIA,NVDA,Marketing,VP,62.5,723400,7.0
NVDA-0927,Samuel Lopez,NVIDIA,NVDA,Engineering,Staff,83.7,377800,0.7
NVDA-0928,Hiroshi Garcia,NVIDIA,NVDA,Engineering,Staff,79.8,310200,6.6
NVDA-0929,Elena Garcia,NVIDIA,NVDA,Finance,Staff,90.4,1092000,5.1
NVDA-0930,James Murphy,NVIDIA,NVDA,Engineering,Senior,69.2,159100,1.7
NVDA-0931,Priya Ali,NVIDIA,NVDA,People/HR,Senior Director,77.8,1582100,11.2
NVDA-0932,Elena Davis,NVIDIA,NVDA,Product,Principal,97.4,531800,12.3
NVDA-0933,Yuki Lee,NVIDIA,NVDA,Legal & Policy,SVP,79.5,1458100,10.7
NVDA-0934,Linda Johnson,NVIDIA,NVDA,Engineering,Senior,84.4,202800,8.9
NVDA-0935,Raj Khan,NVIDIA,NVDA,Sales & GTM,Principal,82.9,336200,5.7
NVDA-0936,Samuel Anderson,NVIDIA,NVDA,Engineering,Senior,71.1,549200,5.0
NVDA-0937,Daniel Park,NVIDIA,NVDA,Engineering,Staff,79.5,143400,7.3
NVDA-0938,Michael Tanaka,NVIDIA,NVDA,Engineering,Staff,93.0,823000,3.4
NVDA-0939,David Okafor,NVIDIA,NVDA,Operations,Senior,78.9,761500,2.4
NVDA-0940,Nina Davis,NVIDIA,NVDA,Engineering,Principal,92.7,561800,2.7
NVDA-0941,Michael Rossi,NVIDIA,NVDA,Product,Principal,78.2,613800,12.4
NVDA-0942,Linda Yamamoto,NVIDIA,NVDA,Engineering,Principal,75.3,305000,2.6
NVDA-0943,John Park,NVIDIA,NVDA,Research & AI,Senior,76.3,133500,4.7
NVDA-0944,Yuki Cohen,NVIDIA,NVDA,Marketing,Director,94.3,347100,7.5
NVDA-0945,Hannah Lee,NVIDIA,NVDA,Marketing,Senior Director,64.5,1116400,5.9
NVDA-0946,Zoe Reyes,NVIDIA,NVDA,Engineering,Principal,68.4,465700,4.9
NVDA-0947,Raj Kim,NVIDIA,NVDA,Research & AI,Senior Director,79.2,693000,17.0
NVDA-0948,Mary Murphy,NVIDIA,NVDA,Engineering,Senior,66.0,146600,5.7
NVDA-0949,Chen Garcia,NVIDIA,NVDA,Sales & GTM,Principal,89.0,274700,9.9
NVDA-0950,John Wilson,NVIDIA,NVDA,Product,Senior,75.0,487900,6.4
NVDA-0951,Kevin Park,NVIDIA,NVDA,Research & AI,Senior,66.3,618000,10.7
NVDA-0952,Mary Petrov,NVIDIA,NVDA,Engineering,Principal,68.8,561400,6.0
NVDA-0953,Carlos Cohen,NVIDIA,NVDA,Sales & GTM,Director,94.2,536300,4.0
NVDA-0954,Kevin Davis,NVIDIA,NVDA,Engineering,Senior,77.0,398400,7.2
NVDA-0955,Aisha Ali,NVIDIA,NVDA,Research & AI,Director,99.0,639500,8.5
NVDA-0956,Linda Brown,NVIDIA,NVDA,Finance,C-Suite,82.2,3549200,7.0
NVDA-0957,Yuki Reyes,NVIDIA,NVDA,Design,Director,100.0,526600,4.3
NVDA-0958,James Lopez,NVIDIA,NVDA,Operations,Senior,89.6,140800,4.3
NVDA-0959,Linda Schmidt,NVIDIA,NVDA,People/HR,Staff,87.1,805400,4.0
NVDA-0960,Linda Ali,NVIDIA,NVDA,Engineering,Staff,83.6,180200,2.1
NVDA-0961,Priya Ali,NVIDIA,NVDA,Engineering,Senior,96.6,192700,7.4
NVDA-0962,Grace Ali,NVIDIA,NVDA,People/HR,Senior,83.1,480600,7.3
NVDA-0963,Daniel Chen,NVIDIA,NVDA,Legal & Policy,Senior,84.4,346900,10.8
NVDA-0964,Hiroshi Martinez,NVIDIA,NVDA,Sales & GTM,Senior,78.1,118400,8.6
NVDA-0965,David Yamamoto,NVIDIA,NVDA,Engineering,Senior,81.2,257100,4.9
NVDA-0966,Yuki Johnson,NVIDIA,NVDA,Operations,Senior Director,77.9,331300,12.6
NVDA-0967,Sofia Brown,NVIDIA,NVDA,Legal & Policy,Director,81.6,851100,10.2
NVDA-0968,Ahmed Tanaka,NVIDIA,NVDA,Product,Senior,85.7,231300,14.0
NVDA-0969,Carlos Chen,NVIDIA,NVDA,Marketing,Director,67.2,1222100,5.1
NVDA-0970,John Patel,NVIDIA,NVDA,Engineering,Senior Director,84.9,533300,16.9
NVDA-0971,Raj Silva,NVIDIA,NVDA,Research & AI,Staff,72.4,438800,5.5
NVDA-0972,Kevin Wilson,NVIDIA,NVDA,Engineering,Principal,68.5,255100,11.3
NVDA-0973,Olivia Davis,NVIDIA,NVDA,People/HR,Senior Director,85.5,1343600,5.2
NVDA-0974,Michael Petrov,NVIDIA,NVDA,Design,SVP,89.5,1485100,10.0
NVDA-0975,Mary Garcia,NVIDIA,NVDA,Operations,Staff,83.0,616700,6.2
NVDA-0976,Priya Petrov,NVIDIA,NVDA,Product,Staff,76.9,228900,7.4
NVDA-0977,John Rossi,NVIDIA,NVDA,Sales & GTM,Staff,68.5,462700,5.5
NVDA-0978,Fatima Okafor,NVIDIA,NVDA,Legal & Policy,Principal,70.8,295000,2.1
NVDA-0979,Olivia Rossi,NVIDIA,NVDA,Research & AI,Senior,74.3,184400,7.3
NVDA-0980,James Garcia,NVIDIA,NVDA,Sales & GTM,Senior Director,94.1,246100,8.3
NVDA-0981,Thomas Wilson,NVIDIA,NVDA,Engineering,Senior,84.3,751300,0.8
NVDA-0982,Sofia Singh,NVIDIA,NVDA,Engineering,Senior,84.5,362400,5.2
NVDA-0983,Thomas Chen,NVIDIA,NVDA,Engineering,Principal,56.4,335500,3.4
NVDA-0984,James Davis,NVIDIA,NVDA,Research & AI,Director,92.2,1156800,5.6
NVDA-0985,Ahmed Anderson,NVIDIA,NVDA,Sales & GTM,Senior,91.5,257800,12.5
NVDA-0986,Carlos Singh,NVIDIA,NVDA,Engineering,Principal,86.6,285900,5.0
NVDA-0987,Kevin Park,NVIDIA,NVDA,Sales & GTM,Director,81.0,2033900,4.4
NVDA-0988,David Khan,NVIDIA,NVDA,Engineering,Staff,94.5,452600,8.7
NVDA-0989,Daniel Martinez,NVIDIA,NVDA,Operations,Senior,61.6,221600,4.6
NVDA-0990,Maria Davis,NVIDIA,NVDA,Legal & Policy,Principal,82.6,366800,15.2
NVDA-0991,Elena Martinez,NVIDIA,NVDA,Engineering,Staff,81.9,164600,5.5
NVDA-0992,Aisha Park,NVIDIA,NVDA,People/HR,Staff,78.7,240100,6.2
NVDA-0993,Nina Johnson,NVIDIA,NVDA,Research & AI,Director,86.9,1409000,7.1
NVDA-0994,Maria Nguyen,NVIDIA,NVDA,Engineering,Senior,68.0,406100,4.3
NVDA-0995,Raj Singh,NVIDIA,NVDA,Product,Staff,72.1,342600,4.0
NVDA-0996,Emily Singh,NVIDIA,NVDA,Research & AI,SVP,76.7,808800,12.9
NVDA-0997,Raj Yamamoto,NVIDIA,NVDA,Engineering,Staff,79.8,197100,7.2
NVDA-0998,Hannah Garcia,NVIDIA,NVDA,Operations,Staff,86.3,391000,3.0
NVDA-0999,Kevin Okafor,NVIDIA,NVDA,Sales & GTM,Senior,70.6,565000,3.8
NVDA-1000,Thomas Ali,NVIDIA,NVDA,Research & AI,Staff,96.1,348200,1.5
AAPL-0001,David Johnson,Apple,AAPL,Operations,Staff,61.9,185100,13.2
AAPL-0002,Michael Cohen,Apple,AAPL,Finance,Senior,74.5,669600,11.0
AAPL-0003,Samuel Nguyen,Apple,AAPL,Product,Staff,84.7,926100,6.4
AAPL-0004,Thomas Martinez,Apple,AAPL,Engineering,Director,84.7,197900,12.2
AAPL-0005,Priya Murphy,Apple,AAPL,Design,Principal,88.9,499200,13.0
AAPL-0006,James Smith,Apple,AAPL,Finance,Principal,89.9,334100,2.0
AAPL-0007,Aisha Lopez,Apple,AAPL,Engineering,Senior,76.7,326400,10.9
AAPL-0008,Daniel Lee,Apple,AAPL,Research & AI,Staff,89.0,297500,4.4
AAPL-0009,Linda Petrov,Apple,AAPL,Design,Principal,73.6,322800,8.8
AAPL-0010,Aisha Schmidt,Apple,AAPL,Engineering,Staff,86.9,235900,7.7
AAPL-0011,Linda Lopez,Apple,AAPL,Operations,Senior,85.2,294300,15.9
AAPL-0012,Emily Cohen,Apple,AAPL,Operations,Senior,72.1,275500,9.4
AAPL-0013,Raj Khan,Apple,AAPL,Sales & GTM,Senior,62.6,159200,5.2
AAPL-0014,Linda Khan,Apple,AAPL,Marketing,Staff,78.1,500100,2.7
AAPL-0015,Emily Silva,Apple,AAPL,Engineering,Senior,69.9,128400,8.9
AAPL-0016,Olivia Patel,Apple,AAPL,Engineering,Director,80.4,697400,8.1
AAPL-0017,Carlos Reyes,Apple,AAPL,Research & AI,Principal,96.0,389700,8.2
AAPL-0018,Aisha Khan,Apple,AAPL,Marketing,Principal,74.4,204100,4.8
AAPL-0019,Arjun Patel,Apple,AAPL,Research & AI,VP,99.8,1431200,13.7
AAPL-0020,Mary Singh,Apple,AAPL,Marketing,Principal,78.7,350800,11.1
AAPL-0021,Olivia Johnson,Apple,AAPL,Engineering,Principal,81.1,815400,15.9
AAPL-0022,James Petrov,Apple,AAPL,Engineering,Senior,72.7,388700,8.5
AAPL-0023,Maria Smith,Apple,AAPL,Engineering,Staff,72.2,415900,12.6
AAPL-0024,David Hassan,Apple,AAPL,Sales & GTM,Senior Director,98.4,1426700,8.5
AAPL-0025,Carlos Kim,Apple,AAPL,Engineering,Senior,78.6,587400,10.0
AAPL-0026,John Rossi,Apple,AAPL,Product,Senior,74.8,370800,7.3
AAPL-0027,Hiroshi Kim,Apple,AAPL,Operations,Director,97.8,1240900,9.4
AAPL-0028,Linda Murphy,Apple,AAPL,Engineering,Senior,67.3,572900,16.1
AAPL-0029,James Park,Apple,AAPL,Engineering,Staff,77.3,362400,8.2
AAPL-0030,Hannah Lee,Apple,AAPL,Engineering,Principal,80.9,502000,8.3
AAPL-0031,Aisha Johnson,Apple,AAPL,Finance,C-Suite,65.5,3237600,20.7
AAPL-0032,Aisha Davis,Apple,AAPL,Research & AI,Senior,79.0,99700,17.0
AAPL-0033,Daniel Martinez,Apple,AAPL,Engineering,Principal,94.6,685800,5.0
AAPL-0034,James Brown,Apple,AAPL,Research & AI,Senior Director,91.8,545800,17.5
AAPL-0035,Yuki Wang,Apple,AAPL,Finance,Senior,75.3,439600,4.1
AAPL-0036,Arjun Wilson,Apple,AAPL,Engineering,Principal,98.6,458200,14.9
AAPL-0037,Raj Yamamoto,Apple,AAPL,Research & AI,Staff,87.8,523900,11.8
AAPL-0038,Maria Lopez,Apple,AAPL,Marketing,Principal,90.6,231100,7.7
AAPL-0039,Mary Chen,Apple,AAPL,Product,Principal,85.8,423800,6.7
AAPL-0040,Maria Schmidt,Apple,AAPL,Product,Director,86.8,959100,9.6
AAPL-0041,Yuki Petrov,Apple,AAPL,Legal & Policy,VP,95.6,967600,5.2
AAPL-0042,Zoe Hassan,Apple,AAPL,Engineering,Senior,95.2,406700,11.7
AAPL-0043,Aisha Anderson,Apple,AAPL,Engineering,Director,85.8,475200,6.3
AAPL-0044,Aisha Garcia,Apple,AAPL,Engineering,Principal,89.1,825300,9.5
AAPL-0045,Grace Patel,Apple,AAPL,Finance,Senior Director,78.6,791500,20.2
AAPL-0046,Ahmed Wang,Apple,AAPL,People/HR,Staff,88.0,718300,10.2
AAPL-0047,Hiroshi Silva,Apple,AAPL,Operations,Staff,61.5,772700,7.6
AAPL-0048,Wei Smith,Apple,AAPL,Legal & Policy,Staff,81.9,496000,8.1
AAPL-0049,Daniel Martinez,Apple,AAPL,Engineering,Director,87.0,1620400,8.3
AAPL-0050,Samuel Cohen,Apple,AAPL,Finance,Senior,80.6,205000,6.4
AAPL-0051,Nina Murphy,Apple,AAPL,Operations,Staff,76.7,437100,13.7
AAPL-0052,Fatima Garcia,Apple,AAPL,Engineering,Principal,63.1,281700,9.6
AAPL-0053,Arjun Anderson,Apple,AAPL,Research & AI,Principal,93.2,347000,9.2
AAPL-0054,Grace Chen,Apple,AAPL,Research & AI,Staff,69.5,249500,3.1
AAPL-0055,Hiroshi Anderson,Apple,AAPL,Operations,Senior Director,91.9,1837800,12.8
AAPL-0056,Michael Silva,Apple,AAPL,Sales & GTM,Director,89.1,792800,5.5
AAPL-0057,Ahmed Chen,Apple,AAPL,Engineering,VP,65.4,414300,12.1
AAPL-0058,Raj Johnson,Apple,AAPL,Sales & GTM,SVP,83.1,1646400,16.9
AAPL-0059,Emily Anderson,Apple,AAPL,Engineering,C-Suite,85.8,1334500,24.8
AAPL-0060,David Johnson,Apple,AAPL,Finance,Senior,73.2,171100,9.4
AAPL-0061,Mary Lee,Apple,AAPL,Product,Senior Director,94.8,380700,8.4
AAPL-0062,Sofia Kim,Apple,AAPL,Product,Senior Director,75.5,297100,12.0
AAPL-0063,Raj Rossi,Apple,AAPL,Product,Director,86.6,497300,10.8
AAPL-0064,Nina Reyes,Apple,AAPL,Research & AI,Principal,71.3,556500,16.5
AAPL-0065,Elena Khan,Apple,AAPL,Operations,Principal,74.7,234400,8.6
AAPL-0066,Priya Brown,Apple,AAPL,Engineering,Senior,71.9,103200,9.9
AAPL-0067,Elena Johnson,Apple,AAPL,Research & AI,Staff,79.7,416000,11.0
AAPL-0068,Grace Petrov,Apple,AAPL,Finance,Senior,87.3,413600,9.2
AAPL-0069,Sofia Okafor,Apple,AAPL,Design,Senior Director,91.3,662600,10.3
AAPL-0070,Wei Patel,Apple,AAPL,Research & AI,Senior,77.8,286500,5.6
AAPL-0071,Michael Silva,Apple,AAPL,Product,Senior Director,77.1,472900,5.1
AAPL-0072,Olivia Patel,Apple,AAPL,Engineering,Senior,87.9,115600,8.4
AAPL-0073,Samuel Johnson,Apple,AAPL,Marketing,Staff,85.6,219500,11.6
AAPL-0074,Elena Singh,Apple,AAPL,Research & AI,Staff,76.9,230900,7.6
AAPL-0075,Olivia Nguyen,Apple,AAPL,Operations,Principal,79.7,222600,10.4
AAPL-0076,Aisha Lee,Apple,AAPL,Sales & GTM,SVP,86.0,851900,12.1
AAPL-0077,Olivia Wang,Apple,AAPL,Design,Director,85.0,803700,11.5
AAPL-0078,Chen Smith,Apple,AAPL,Sales & GTM,Senior Director,74.0,1089300,16.9
AAPL-0079,Arjun Kim,Apple,AAPL,Engineering,Director,82.6,175800,10.2
AAPL-0080,Grace Tanaka,Apple,AAPL,Engineering,Senior,77.9,192300,7.3
AAPL-0081,Hiroshi Tanaka,Apple,AAPL,Engineering,Staff,68.9,257400,3.4
AAPL-0082,Maria Silva,Apple,AAPL,Sales & GTM,Principal,88.5,226900,7.1
AAPL-0083,Zoe Davis,Apple,AAPL,Engineering,Staff,89.7,356400,2.0
AAPL-0084,Zoe Wang,Apple,AAPL,Research & AI,Director,61.3,674100,8.0
AAPL-0085,Zoe Garcia,Apple,AAPL,Engineering,SVP,85.5,1693100,12.5
AAPL-0086,Priya Patel,Apple,AAPL,Engineering,Senior,97.9,211400,1.5
AAPL-0087,Aisha Reyes,Apple,AAPL,Sales & GTM,Director,89.5,1756600,5.5
AAPL-0088,Aisha Chen,Apple,AAPL,Engineering,Director,83.5,878200,5.4
AAPL-0089,Fatima Okafor,Apple,AAPL,Engineering,VP,100.0,1149200,9.2
AAPL-0090,Maria Park,Apple,AAPL,Engineering,Senior Director,73.4,1145900,21.0
AAPL-0091,John Smith,Apple,AAPL,Engineering,Staff,59.7,212000,9.7
AAPL-0092,James Davis,Apple,AAPL,Finance,Principal,67.0,866800,7.6
AAPL-0093,Emily Silva,Apple,AAPL,Engineering,Principal,90.3,436400,8.8
AAPL-0094,Daniel Patel,Apple,AAPL,Design,Principal,84.0,217300,13.5
AAPL-0095,Zoe Park,Apple,AAPL,Research & AI,Staff,89.2,120100,13.5
AAPL-0096,Daniel Garcia,Apple,AAPL,Design,Staff,89.1,1179900,10.1
AAPL-0097,Mary Reyes,Apple,AAPL,Operations,Principal,84.9,691800,22.7
AAPL-0098,Nina Singh,Apple,AAPL,Sales & GTM,Staff,78.9,244100,5.9
AAPL-0099,Thomas Anderson,Apple,AAPL,Sales & GTM,VP,72.4,1247200,10.5
AAPL-0100,Olivia Brown,Apple,AAPL,Operations,Senior Director,100.0,760500,10.7
AAPL-0101,David Yamamoto,Apple,AAPL,Operations,VP,100.0,1129200,11.9
AAPL-0102,David Nguyen,Apple,AAPL,Operations,Senior,85.5,435600,5.6
AAPL-0103,Samuel Johnson,Apple,AAPL,Engineering,Director,70.4,374100,6.3
AAPL-0104,Sofia Yamamoto,Apple,AAPL,Engineering,Staff,63.8,206700,13.7
AAPL-0105,Priya Yamamoto,Apple,AAPL,Engineering,Staff,79.2,313800,5.8
AAPL-0106,James Park,Apple,AAPL,Product,Staff,59.6,816900,7.7
AAPL-0107,Linda Cohen,Apple,AAPL,Engineering,Staff,74.8,345500,2.7
AAPL-0108,David Hassan,Apple,AAPL,Sales & GTM,Senior,71.5,288000,4.4
AAPL-0109,Thomas Okafor,Apple,AAPL,Operations,Director,85.0,457700,5.2
AAPL-0110,James Lopez,Apple,AAPL,Operations,Senior,77.5,383100,12.1
AAPL-0111,Aisha Silva,Apple,AAPL,Engineering,Senior,94.1,487900,6.2
AAPL-0112,Wei Chen,Apple,AAPL,Research & AI,Senior,69.4,131300,5.9
AAPL-0113,Fatima Garcia,Apple,AAPL,Operations,Director,72.1,604900,11.9
AAPL-0114,Michael Hassan,Apple,AAPL,Research & AI,Director,85.3,1022300,18.9
AAPL-0115,Nina Schmidt,Apple,AAPL,Legal & Policy,Senior,62.8,107500,9.4
AAPL-0116,Hiroshi Davis,Apple,AAPL,Engineering,Staff,71.3,230500,10.1
AAPL-0117,Linda Anderson,Apple,AAPL,Engineering,Staff,89.1,422400,4.8
AAPL-0118,Priya Ali,Apple,AAPL,Research & AI,Senior,68.6,944200,16.7
AAPL-0119,Elena Murphy,Apple,AAPL,Engineering,Principal,96.5,635200,5.1
AAPL-0120,Yuki Yamamoto,Apple,AAPL,Engineering,Staff,84.0,369700,7.1
AAPL-0121,Zoe Brown,Apple,AAPL,Research & AI,Staff,77.1,391800,2.8
AAPL-0122,Linda Nguyen,Apple,AAPL,Operations,Senior,88.2,328200,7.5
AAPL-0123,Ahmed Reyes,Apple,AAPL,Engineering,Staff,83.6,1243800,4.2
AAPL-0124,Zoe Wang,Apple,AAPL,Design,Senior Director,85.3,642400,13.7
AAPL-0125,Grace Murphy,Apple,AAPL,Product,Senior,81.7,485100,9.1
AAPL-0126,Wei Okafor,Apple,AAPL,Research & AI,Senior Director,84.6,540600,13.5
AAPL-0127,Hannah Schmidt,Apple,AAPL,Finance,Senior,70.8,63000,12.2
AAPL-0128,Yuki Wilson,Apple,AAPL,Engineering,Senior,79.5,248100,18.5
AAPL-0129,Yuki Rossi,Apple,AAPL,Finance,Staff,88.7,1310500,12.4
AAPL-0130,Elena Silva,Apple,AAPL,Sales & GTM,Senior,71.1,269000,5.4
AAPL-0131,Wei Singh,Apple,AAPL,Engineering,Senior Director,84.8,567000,8.5
AAPL-0132,Hannah Yamamoto,Apple,AAPL,Engineering,Principal,82.8,317000,8.5
AAPL-0133,Aisha Wilson,Apple,AAPL,Legal & Policy,Principal,77.6,1019900,4.7
AAPL-0134,Arjun Anderson,Apple,AAPL,Sales & GTM,VP,88.7,738400,9.5
AAPL-0135,John Patel,Apple,AAPL,Product,Principal,67.3,358100,7.3
AAPL-0136,Hiroshi Martinez,Apple,AAPL,Engineering,Senior,75.5,605600,3.7
AAPL-0137,Arjun Tanaka,Apple,AAPL,Engineering,Senior,76.6,182100,10.6
AAPL-0138,Linda Murphy,Apple,AAPL,Engineering,Senior,66.8,291700,5.4
AAPL-0139,Kevin Nguyen,Apple,AAPL,Sales & GTM,Senior,77.3,276400,17.8
AAPL-0140,Carlos Lee,Apple,AAPL,Marketing,Staff,73.8,619000,3.4
AAPL-0141,John Wang,Apple,AAPL,Engineering,Senior Director,76.3,1586200,11.9
AAPL-0142,Arjun Yamamoto,Apple,AAPL,Engineering,Staff,87.2,354600,14.8
AAPL-0143,Hannah Singh,Apple,AAPL,Engineering,Staff,77.8,322300,11.7
AAPL-0144,Kevin Davis,Apple,AAPL,Finance,Principal,67.3,434100,3.3
AAPL-0145,Thomas Chen,Apple,AAPL,Research & AI,Senior,74.5,187200,3.4
AAPL-0146,John Petrov,Apple,AAPL,Product,Senior,68.0,240400,10.7
AAPL-0147,Yuki Cohen,Apple,AAPL,Engineering,Senior,83.0,187500,5.2
AAPL-0148,Mary Smith,Apple,AAPL,Engineering,Staff,85.7,485200,10.3
AAPL-0149,Maria Nguyen,Apple,AAPL,Engineering,Principal,87.5,383500,2.6
AAPL-0150,Michael Yamamoto,Apple,AAPL,Engineering,Director,77.1,497400,5.9
AAPL-0151,Kevin Ali,Apple,AAPL,Engineering,Principal,84.4,796300,13.7
AAPL-0152,James Davis,Apple,AAPL,Sales & GTM,Senior,80.9,304500,2.8
AAPL-0153,Aisha Rossi,Apple,AAPL,Research & AI,Staff,67.4,618400,21.0
AAPL-0154,Zoe Silva,Apple,AAPL,Product,Senior Director,77.9,403400,20.6
AAPL-0155,Ahmed Smith,Apple,AAPL,Research & AI,Principal,81.4,496500,9.6
AAPL-0156,Raj Nguyen,Apple,AAPL,Operations,SVP,66.1,1595100,12.1
AAPL-0157,James Park,Apple,AAPL,Finance,Staff,77.2,1108000,14.8
AAPL-0158,Daniel Lee,Apple,AAPL,Operations,Senior,70.6,335400,5.3
AAPL-0159,Ahmed Singh,Apple,AAPL,Engineering,Staff,78.6,180200,5.1
AAPL-0160,Mary Silva,Apple,AAPL,Engineering,VP,97.5,704100,10.9
AAPL-0161,Hiroshi Park,Apple,AAPL,Operations,SVP,87.4,1159600,12.7
AAPL-0162,Fatima Patel,Apple,AAPL,Engineering,Senior,92.8,527600,3.0
AAPL-0163,Olivia Park,Apple,AAPL,Engineering,Staff,85.8,514600,12.1
AAPL-0164,Fatima Cohen,Apple,AAPL,Product,Director,72.2,585700,6.7
AAPL-0165,Emily Petrov,Apple,AAPL,Marketing,Staff,74.2,496300,4.7
AAPL-0166,Raj Patel,Apple,AAPL,Research & AI,Senior,84.6,82600,14.7
AAPL-0167,Daniel Garcia,Apple,AAPL,Sales & GTM,Principal,82.1,540500,7.6
AAPL-0168,Wei Ali,Apple,AAPL,Sales & GTM,Principal,71.4,602400,7.8
AAPL-0169,Chen Singh,Apple,AAPL,Research & AI,Senior,88.0,480900,14.3
AAPL-0170,Chen Singh,Apple,AAPL,Operations,VP,69.7,865100,7.3
AAPL-0171,Emily Murphy,Apple,AAPL,People/HR,Principal,100.0,369600,10.5
AAPL-0172,Grace Khan,Apple,AAPL,Research & AI,VP,87.3,556500,19.6
AAPL-0173,Aisha Kim,Apple,AAPL,Product,Senior,86.3,395900,2.8
AAPL-0174,Nina Silva,Apple,AAPL,Research & AI,Director,80.0,343100,7.9
AAPL-0175,Michael Chen,Apple,AAPL,Legal & Policy,Director,87.4,515000,11.7
AAPL-0176,Yuki Murphy,Apple,AAPL,Engineering,VP,81.8,605700,16.8
AAPL-0177,Raj Ali,Apple,AAPL,Engineering,Senior,81.5,536700,9.4
AAPL-0178,John Cohen,Apple,AAPL,Engineering,Senior,74.2,174400,17.7
AAPL-0179,Michael Ali,Apple,AAPL,Engineering,Principal,84.4,836300,3.7
AAPL-0180,Emily Wilson,Apple,AAPL,Design,Director,75.7,321100,6.4
AAPL-0181,Hiroshi Chen,Apple,AAPL,People/HR,Senior Director,85.1,1261300,24.4
AAPL-0182,Samuel Petrov,Apple,AAPL,Research & AI,Staff,71.4,287900,25.8
AAPL-0183,Chen Martinez,Apple,AAPL,Product,Principal,79.5,281600,7.9
AAPL-0184,James Schmidt,Apple,AAPL,Legal & Policy,Staff,67.5,96400,21.3
AAPL-0185,Yuki Reyes,Apple,AAPL,Research & AI,Principal,66.0,714300,5.7
AAPL-0186,Olivia Kim,Apple,AAPL,Operations,Senior,79.6,462900,12.1
AAPL-0187,Arjun Lee,Apple,AAPL,Research & AI,Director,85.1,1549900,10.9
AAPL-0188,Hiroshi Johnson,Apple,AAPL,Engineering,Senior,69.4,191100,7.6
AAPL-0189,Sofia Tanaka,Apple,AAPL,Engineering,Director,83.0,208500,4.5
AAPL-0190,Daniel Lopez,Apple,AAPL,Engineering,Senior,78.5,207700,9.8
AAPL-0191,Raj Murphy,Apple,AAPL,Finance,Senior,84.4,208900,30.1
AAPL-0192,Hiroshi Kim,Apple,AAPL,Engineering,Senior Director,76.0,537500,10.0
AAPL-0193,Fatima Park,Apple,AAPL,People/HR,Staff,63.3,230800,5.7
AAPL-0194,Elena Reyes,Apple,AAPL,Engineering,VP,83.6,1419000,10.8
AAPL-0195,Nina Wang,Apple,AAPL,Engineering,Principal,71.4,540400,9.6
AAPL-0196,Priya Park,Apple,AAPL,Engineering,Principal,92.1,426900,18.6
AAPL-0197,David Johnson,Apple,AAPL,Engineering,Principal,90.4,354600,19.8
AAPL-0198,Samuel Anderson,Apple,AAPL,Research & AI,SVP,72.0,1078100,11.5
AAPL-0199,Yuki Kim,Apple,AAPL,Engineering,Staff,86.1,405000,14.6
AAPL-0200,Mary Tanaka,Apple,AAPL,Operations,Director,100.0,456700,12.8
AAPL-0201,Raj Petrov,Apple,AAPL,Sales & GTM,Senior,82.6,179100,8.3
AAPL-0202,Fatima Garcia,Apple,AAPL,Engineering,Principal,93.6,963000,6.6
AAPL-0203,Carlos Wang,Apple,AAPL,Engineering,Staff,100.0,584700,10.2
AAPL-0204,David Cohen,Apple,AAPL,Engineering,Principal,76.9,492600,4.5
AAPL-0205,Chen Brown,Apple,AAPL,Engineering,Principal,97.6,517100,3.3
AAPL-0206,Fatima Schmidt,Apple,AAPL,Engineering,Staff,82.0,508800,4.9
AAPL-0207,Maria Silva,Apple,AAPL,Legal & Policy,Senior,63.5,219600,5.7
AAPL-0208,Linda Reyes,Apple,AAPL,Operations,Principal,91.1,529400,9.9
AAPL-0209,Fatima Yamamoto,Apple,AAPL,Legal & Policy,Staff,81.3,250700,8.1
AAPL-0210,Michael Singh,Apple,AAPL,Engineering,Director,59.3,904200,24.4
AAPL-0211,Samuel Tanaka,Apple,AAPL,Engineering,Director,75.0,653900,8.8
AAPL-0212,Ahmed Schmidt,Apple,AAPL,Operations,VP,86.5,3006400,12.8
AAPL-0213,Elena Smith,Apple,AAPL,Sales & GTM,Senior,83.8,283200,10.3
AAPL-0214,Nina Reyes,Apple,AAPL,Engineering,Senior,80.3,381300,8.6
AAPL-0215,Zoe Yamamoto,Apple,AAPL,Engineering,Staff,72.9,452300,11.0
AAPL-0216,Linda Schmidt,Apple,AAPL,Operations,Principal,61.6,245200,16.2
AAPL-0217,David Yamamoto,Apple,AAPL,Research & AI,Director,96.2,615000,11.5
AAPL-0218,Zoe Garcia,Apple,AAPL,Engineering,Staff,66.3,247800,4.0
AAPL-0219,Elena Schmidt,Apple,AAPL,Engineering,Senior,66.0,153300,13.2
AAPL-0220,Priya Lee,Apple,AAPL,Research & AI,Senior Director,81.2,711800,13.1
AAPL-0221,Hannah Cohen,Apple,AAPL,Research & AI,Staff,87.9,646900,14.1
AAPL-0222,Olivia Martinez,Apple,AAPL,Sales & GTM,Senior,87.6,400400,16.3
AAPL-0223,Samuel Yamamoto,Apple,AAPL,Engineering,Senior Director,75.7,1571400,12.9
AAPL-0224,Nina Okafor,Apple,AAPL,Engineering,Senior,76.2,126500,7.6
AAPL-0225,Hannah Martinez,Apple,AAPL,Engineering,Senior Director,87.4,2323600,16.7
AAPL-0226,Wei Nguyen,Apple,AAPL,Design,Principal,73.4,528000,10.7
AAPL-0227,Wei Rossi,Apple,AAPL,Design,Senior,71.9,199500,3.4
AAPL-0228,Linda Reyes,Apple,AAPL,Operations,Senior,78.7,226700,6.2
AAPL-0229,Thomas Garcia,Apple,AAPL,Design,Staff,83.7,752200,4.4
AAPL-0230,Yuki Reyes,Apple,AAPL,Engineering,Staff,57.9,222200,4.0
AAPL-0231,Ahmed Park,Apple,AAPL,Research & AI,VP,96.1,1496800,10.6
AAPL-0232,Olivia Patel,Apple,AAPL,Engineering,Senior,85.4,265300,6.8
AAPL-0233,Emily Singh,Apple,AAPL,Engineering,Senior Director,72.7,1054800,9.8
AAPL-0234,Olivia Johnson,Apple,AAPL,Operations,Staff,76.9,207200,2.5
AAPL-0235,Elena Garcia,Apple,AAPL,Engineering,Staff,86.6,826200,9.4
AAPL-0236,Priya Murphy,Apple,AAPL,Sales & GTM,Staff,85.7,771000,5.0
AAPL-0237,Mary Ali,Apple,AAPL,Finance,Senior,68.5,179600,7.8
AAPL-0238,John Nguyen,Apple,AAPL,Engineering,Senior,65.5,608500,3.1
AAPL-0239,Carlos Wilson,Apple,AAPL,Engineering,Senior,90.0,122700,23.2
AAPL-0240,Emily Yamamoto,Apple,AAPL,Operations,VP,77.0,1135700,13.8
AAPL-0241,Daniel Nguyen,Apple,AAPL,Engineering,Principal,77.5,366000,14.5
AAPL-0242,James Tanaka,Apple,AAPL,Engineering,Senior,82.8,255800,14.0
AAPL-0243,James Anderson,Apple,AAPL,Design,Director,69.8,426600,11.4
AAPL-0244,Hannah Petrov,Apple,AAPL,Research & AI,Senior,87.9,260800,18.4
AAPL-0245,Priya Ali,Apple,AAPL,Engineering,Senior,75.3,444500,6.8
AAPL-0246,Chen Kim,Apple,AAPL,Operations,Director,85.6,237000,8.9
AAPL-0247,Wei Tanaka,Apple,AAPL,Engineering,Staff,98.0,670500,3.2
AAPL-0248,Grace Tanaka,Apple,AAPL,Sales & GTM,Principal,100.0,431900,8.4
AAPL-0249,Hiroshi Wang,Apple,AAPL,Product,Senior,70.1,152900,12.9
AAPL-0250,Elena Lopez,Apple,AAPL,Research & AI,Director,77.3,320400,11.0
AAPL-0251,Michael Davis,Apple,AAPL,Finance,Senior,88.7,295100,10.1
AAPL-0252,Hiroshi Park,Apple,AAPL,Finance,Director,74.4,756300,14.3
AAPL-0253,James Park,Apple,AAPL,Design,Senior Director,69.6,584700,20.6
AAPL-0254,Hiroshi Wilson,Apple,AAPL,Product,Staff,70.9,168400,13.2
AAPL-0255,Fatima Yamamoto,Apple,AAPL,Research & AI,Senior,75.2,254900,2.5
AAPL-0256,Zoe Rossi,Apple,AAPL,Legal & Policy,Principal,87.5,169800,8.7
AAPL-0257,Carlos Yamamoto,Apple,AAPL,Engineering,Director,77.9,454200,11.9
AAPL-0258,Thomas Petrov,Apple,AAPL,Operations,Staff,73.7,387500,2.7
AAPL-0259,Carlos Petrov,Apple,AAPL,Engineering,Staff,83.9,501500,5.9
AAPL-0260,Hannah Martinez,Apple,AAPL,Research & AI,Senior Director,90.5,565500,17.5
AAPL-0261,Emily Cohen,Apple,AAPL,Sales & GTM,Staff,91.4,799800,6.6
AAPL-0262,Carlos Silva,Apple,AAPL,Marketing,Senior Director,90.2,603000,14.4
AAPL-0263,Hiroshi Garcia,Apple,AAPL,Research & AI,Staff,100.0,756100,7.1
AAPL-0264,Chen Schmidt,Apple,AAPL,Sales & GTM,Staff,82.2,168500,12.0
AAPL-0265,Michael Wang,Apple,AAPL,Sales & GTM,Staff,74.3,101100,15.2
AAPL-0266,John Kim,Apple,AAPL,Legal & Policy,Senior Director,67.2,917200,10.0
AAPL-0267,Priya Silva,Apple,AAPL,Marketing,Senior,73.7,514000,8.1
AAPL-0268,Wei Anderson,Apple,AAPL,Engineering,Principal,65.1,447400,6.8
AAPL-0269,Yuki Anderson,Apple,AAPL,Research & AI,Staff,97.1,818500,12.8
AAPL-0270,Raj Patel,Apple,AAPL,People/HR,Director,87.7,666600,20.4
AAPL-0271,Hannah Wilson,Apple,AAPL,Finance,Senior,68.4,322600,7.6
AAPL-0272,Arjun Lee,Apple,AAPL,Operations,Senior,63.0,150000,10.7
AAPL-0273,Yuki Davis,Apple,AAPL,Operations,Senior,81.9,441600,5.4
AAPL-0274,Samuel Johnson,Apple,AAPL,Research & AI,Staff,68.0,454700,5.0
AAPL-0275,Kevin Martinez,Apple,AAPL,Design,Senior Director,79.8,413100,14.9
AAPL-0276,Yuki Patel,Apple,AAPL,Finance,Principal,89.2,456800,8.6
AAPL-0277,Thomas Wang,Apple,AAPL,Engineering,Senior,86.4,532000,4.5
AAPL-0278,Daniel Park,Apple,AAPL,Research & AI,Senior,77.2,243200,10.0
AAPL-0279,John Schmidt,Apple,AAPL,Marketing,Director,94.5,413400,8.2
AAPL-0280,Yuki Park,Apple,AAPL,Research & AI,Senior,97.0,211400,8.9
AAPL-0281,Mary Ali,Apple,AAPL,Engineering,Senior,74.0,344700,3.3
AAPL-0282,James Silva,Apple,AAPL,Engineering,Senior,70.2,187800,5.7
AAPL-0283,Samuel Murphy,Apple,AAPL,Operations,SVP,92.6,1198700,14.6
AAPL-0284,Hannah Schmidt,Apple,AAPL,Sales & GTM,Senior,67.8,115100,10.2
AAPL-0285,Wei Cohen,Apple,AAPL,Product,Senior,79.2,188600,7.3
AAPL-0286,Carlos Kim,Apple,AAPL,Product,SVP,95.3,380600,13.4
AAPL-0287,Maria Brown,Apple,AAPL,People/HR,Staff,80.4,341200,8.5
AAPL-0288,Mary Hassan,Apple,AAPL,Operations,Principal,77.1,330100,20.6
AAPL-0289,David Garcia,Apple,AAPL,Marketing,Principal,74.4,224600,3.3
AAPL-0290,Priya Hassan,Apple,AAPL,Research & AI,Director,83.4,1345300,7.6
AAPL-0291,John Johnson,Apple,AAPL,Sales & GTM,SVP,75.8,570200,12.9
AAPL-0292,Linda Chen,Apple,AAPL,Research & AI,Principal,97.7,439900,9.6
AAPL-0293,James Okafor,Apple,AAPL,Marketing,Senior,66.1,107600,8.4
AAPL-0294,Maria Reyes,Apple,AAPL,Engineering,Senior Director,65.2,632600,6.0
AAPL-0295,Grace Petrov,Apple,AAPL,Research & AI,Senior,62.9,402500,2.1
AAPL-0296,Carlos Brown,Apple,AAPL,Legal & Policy,Senior,73.5,667200,3.1
AAPL-0297,Linda Lee,Apple,AAPL,Research & AI,Staff,76.1,795400,5.9
AAPL-0298,Wei Khan,Apple,AAPL,Sales & GTM,Principal,92.3,402700,7.5
AAPL-0299,Ahmed Singh,Apple,AAPL,Operations,Senior,76.3,96900,7.5
AAPL-0300,Ahmed Davis,Apple,AAPL,Sales & GTM,Staff,96.2,301800,3.6
AAPL-0301,Hannah Smith,Apple,AAPL,Finance,VP,100.0,530700,13.0
AAPL-0302,Grace Lee,Apple,AAPL,Sales & GTM,Staff,74.2,162600,17.4
AAPL-0303,Hannah Lopez,Apple,AAPL,Sales & GTM,Senior,86.3,141500,8.7
AAPL-0304,Elena Chen,Apple,AAPL,Research & AI,Senior,78.6,235900,2.7
AAPL-0305,Zoe Anderson,Apple,AAPL,Finance,Principal,73.3,536100,12.7
AAPL-0306,Arjun Okafor,Apple,AAPL,Product,Senior Director,76.8,1061200,19.2
AAPL-0307,Olivia Smith,Apple,AAPL,Marketing,Director,84.2,1028600,6.4
AAPL-0308,Mary Lee,Apple,AAPL,Engineering,Principal,81.5,220300,2.1
AAPL-0309,Zoe Nguyen,Apple,AAPL,Engineering,Senior,64.6,284900,11.6
AAPL-0310,Chen Singh,Apple,AAPL,Engineering,Principal,87.9,327600,4.3
AAPL-0311,Maria Tanaka,Apple,AAPL,Operations,Director,92.0,424700,8.7
AAPL-0312,Yuki Park,Apple,AAPL,Product,Principal,72.7,726900,14.7
AAPL-0313,Arjun Johnson,Apple,AAPL,Engineering,Principal,100.0,455700,6.3
AAPL-0314,Wei Ali,Apple,AAPL,People/HR,Staff,90.3,531200,9.4
AAPL-0315,Carlos Chen,Apple,AAPL,Finance,Director,96.9,123900,10.9
AAPL-0316,Priya Nguyen,Apple,AAPL,Engineering,Principal,80.0,1047500,5.1
AAPL-0317,Hiroshi Lopez,Apple,AAPL,Legal & Policy,Senior Director,79.3,1011600,11.6
AAPL-0318,James Patel,Apple,AAPL,Engineering,Director,76.8,882900,17.3
AAPL-0319,Olivia Davis,Apple,AAPL,Engineering,SVP,72.1,810100,14.6
AAPL-0320,Samuel Park,Apple,AAPL,Engineering,Staff,62.4,160300,6.9
AAPL-0321,Priya Anderson,Apple,AAPL,Operations,Staff,76.4,652000,5.2
AAPL-0322,Emily Brown,Apple,AAPL,Engineering,Principal,57.6,341000,7.4
AAPL-0323,Wei Park,Apple,AAPL,Design,Principal,68.4,410200,7.3
AAPL-0324,Grace Lee,Apple,AAPL,Sales & GTM,Principal,85.1,241400,6.8
AAPL-0325,Emily Garcia,Apple,AAPL,Engineering,Senior,82.2,238100,3.6
AAPL-0326,Sofia Schmidt,Apple,AAPL,Sales & GTM,Staff,79.4,481300,2.4
AAPL-0327,Samuel Okafor,Apple,AAPL,Marketing,Senior,65.7,149300,7.8
AAPL-0328,Wei Brown,Apple,AAPL,Engineering,Principal,77.9,590500,11.5
AAPL-0329,Grace Park,Apple,AAPL,Operations,Principal,89.7,2180300,2.1
AAPL-0330,Raj Lee,Apple,AAPL,Engineering,Principal,85.1,338800,3.8
AAPL-0331,Aisha Silva,Apple,AAPL,Research & AI,Senior,68.5,595300,6.0
AAPL-0332,Grace Cohen,Apple,AAPL,Product,Senior,78.2,325900,5.2
AAPL-0333,Zoe Cohen,Apple,AAPL,Product,Principal,93.1,604700,20.5
AAPL-0334,Ahmed Silva,Apple,AAPL,Research & AI,Principal,97.6,859200,15.1
AAPL-0335,Hiroshi Nguyen,Apple,AAPL,Engineering,Senior Director,69.6,728600,12.7
AAPL-0336,Daniel Murphy,Apple,AAPL,Engineering,Senior,78.3,210400,2.7
AAPL-0337,Elena Martinez,Apple,AAPL,Finance,Staff,99.3,817800,1.2
AAPL-0338,John Nguyen,Apple,AAPL,Engineering,Senior,80.5,197300,3.7
AAPL-0339,Linda Nguyen,Apple,AAPL,Operations,Staff,87.8,791500,12.3
AAPL-0340,Hiroshi Davis,Apple,AAPL,Marketing,Senior,88.2,183300,13.1
AAPL-0341,Aisha Davis,Apple,AAPL,Engineering,Principal,77.5,291800,7.4
AAPL-0342,Raj Rossi,Apple,AAPL,Engineering,VP,72.2,671000,14.4
AAPL-0343,James Wang,Apple,AAPL,Engineering,Senior,82.9,344300,2.2
AAPL-0344,Priya Smith,Apple,AAPL,Research & AI,Senior Director,63.0,313200,11.6
AAPL-0345,Michael Garcia,Apple,AAPL,Research & AI,Staff,77.6,449600,6.4
AAPL-0346,Mary Wang,Apple,AAPL,Engineering,Director,92.4,261600,8.9
AAPL-0347,Maria Lee,Apple,AAPL,Engineering,Senior Director,78.2,1246600,8.7
AAPL-0348,Linda Singh,Apple,AAPL,Design,Senior,91.8,145900,2.2
AAPL-0349,Yuki Hassan,Apple,AAPL,Design,Senior,96.3,290800,11.8
AAPL-0350,Nina Garcia,Apple,AAPL,Engineering,Staff,84.8,566500,8.9
AAPL-0351,Nina Petrov,Apple,AAPL,Finance,Principal,100.0,471800,7.4
AAPL-0352,Sofia Rossi,Apple,AAPL,Product,Staff,82.5,395000,16.0
AAPL-0353,Hiroshi Reyes,Apple,AAPL,Research & AI,Senior,90.4,209600,4.2
AAPL-0354,Wei Petrov,Apple,AAPL,Engineering,Staff,89.4,263700,13.2
AAPL-0355,Zoe Kim,Apple,AAPL,Product,Principal,79.4,340200,8.5
AAPL-0356,Michael Okafor,Apple,AAPL,Product,Staff,71.9,372100,6.3
AAPL-0357,Elena Silva,Apple,AAPL,Engineering,VP,94.6,552200,16.3
AAPL-0358,Michael Lee,Apple,AAPL,Legal & Policy,VP,60.4,1273600,14.3
AAPL-0359,John Martinez,Apple,AAPL,Engineering,Director,93.5,1108900,17.4
AAPL-0360,Maria Khan,Apple,AAPL,Design,Staff,89.7,230400,10.7
AAPL-0361,Maria Ali,Apple,AAPL,Sales & GTM,Principal,80.1,396700,3.1
AAPL-0362,Ahmed Garcia,Apple,AAPL,Marketing,Staff,80.4,902400,7.1
AAPL-0363,Priya Ali,Apple,AAPL,Engineering,Senior,87.8,281600,6.6
AAPL-0364,Yuki Kim,Apple,AAPL,People/HR,Director,77.6,555100,7.3
AAPL-0365,Mary Park,Apple,AAPL,Product,Director,81.7,376200,8.0
AAPL-0366,Nina Petrov,Apple,AAPL,Product,VP,78.2,1294900,9.5
AAPL-0367,Sofia Khan,Apple,AAPL,Sales & GTM,Senior Director,76.9,314800,11.8
AAPL-0368,Daniel Lopez,Apple,AAPL,Marketing,Senior Director,99.0,950800,12.2
AAPL-0369,James Schmidt,Apple,AAPL,Research & AI,Senior,77.3,280300,15.3
AAPL-0370,Elena Smith,Apple,AAPL,Engineering,Senior,81.1,157000,9.1
AAPL-0371,Ahmed Rossi,Apple,AAPL,Sales & GTM,Director,72.1,399700,9.5
AAPL-0372,Sofia Tanaka,Apple,AAPL,Operations,Principal,70.5,308200,9.3
AAPL-0373,David Chen,Apple,AAPL,Operations,Senior,83.1,441200,5.0
AAPL-0374,Mary Reyes,Apple,AAPL,Engineering,Senior,75.4,174400,2.6
AAPL-0375,Hannah Brown,Apple,AAPL,Engineering,Senior Director,74.4,1264700,14.9
AAPL-0376,Ahmed Chen,Apple,AAPL,Engineering,Director,59.3,625500,5.2
AAPL-0377,Priya Tanaka,Apple,AAPL,Engineering,Senior,77.4,164200,5.0
AAPL-0378,Sofia Reyes,Apple,AAPL,Legal & Policy,Staff,78.7,667100,7.7
AAPL-0379,Sofia Reyes,Apple,AAPL,Operations,Staff,80.2,320800,3.6
AAPL-0380,Sofia Tanaka,Apple,AAPL,Operations,Senior,71.0,195300,9.1
AAPL-0381,Carlos Silva,Apple,AAPL,Product,Senior,80.1,249200,0.9
AAPL-0382,Hannah Tanaka,Apple,AAPL,Engineering,Director,80.3,279400,12.9
AAPL-0383,Chen Smith,Apple,AAPL,Engineering,Staff,74.2,257600,7.3
AAPL-0384,Olivia Khan,Apple,AAPL,Product,Senior Director,86.9,1188100,11.7
AAPL-0385,Fatima Khan,Apple,AAPL,Engineering,Director,84.5,733600,19.0
AAPL-0386,Yuki Johnson,Apple,AAPL,Engineering,Staff,80.3,464700,6.6
AAPL-0387,Ahmed Murphy,Apple,AAPL,Research & AI,SVP,100.0,1413600,15.2
AAPL-0388,Hiroshi Lee,Apple,AAPL,Operations,Principal,78.7,354100,12.1
AAPL-0389,Sofia Yamamoto,Apple,AAPL,Engineering,Principal,98.3,786800,5.4
AAPL-0390,Nina Garcia,Apple,AAPL,People/HR,Senior,81.7,252600,1.0
AAPL-0391,Maria Martinez,Apple,AAPL,Engineering,Staff,82.9,526400,8.4
AAPL-0392,Wei Wang,Apple,AAPL,Sales & GTM,Senior,70.2,352500,14.7
AAPL-0393,Michael Kim,Apple,AAPL,Engineering,Director,100.0,1145900,5.4
AAPL-0394,Grace Yamamoto,Apple,AAPL,People/HR,Senior,92.6,594000,6.8
AAPL-0395,Nina Wang,Apple,AAPL,Operations,Senior Director,88.2,1657600,17.0
AAPL-0396,Fatima Chen,Apple,AAPL,People/HR,Staff,75.4,239200,2.3
AAPL-0397,Wei Brown,Apple,AAPL,Research & AI,Staff,88.2,369700,6.0
AAPL-0398,Aisha Anderson,Apple,AAPL,Research & AI,Senior,68.4,120100,8.6
AAPL-0399,Thomas Park,Apple,AAPL,Product,Staff,68.1,376300,5.7
AAPL-0400,Hiroshi Martinez,Apple,AAPL,Engineering,Staff,78.5,379800,8.3
AAPL-0401,Mary Lopez,Apple,AAPL,Design,Staff,85.6,246700,11.3
AAPL-0402,Fatima Silva,Apple,AAPL,Research & AI,Senior Director,73.0,606200,17.4
AAPL-0403,Mary Okafor,Apple,AAPL,Product,Senior,62.8,124700,18.1
AAPL-0404,David Yamamoto,Apple,AAPL,Marketing,Senior,50.9,63300,9.0
AAPL-0405,Chen Ali,Apple,AAPL,Product,C-Suite,90.0,1454400,19.2
AAPL-0406,Zoe Brown,Apple,AAPL,Sales & GTM,Senior,100.0,458800,13.0
AAPL-0407,Wei Petrov,Apple,AAPL,Research & AI,Senior,56.4,137300,7.3
AAPL-0408,Mary Garcia,Apple,AAPL,People/HR,VP,76.5,2270900,10.6
AAPL-0409,Aisha Petrov,Apple,AAPL,Engineering,Staff,75.9,285100,6.2
AAPL-0410,Hannah Cohen,Apple,AAPL,Marketing,Staff,78.3,322900,5.0
AAPL-0411,Zoe Rossi,Apple,AAPL,Product,Senior,84.7,160800,11.6
AAPL-0412,Zoe Rossi,Apple,AAPL,Research & AI,Director,87.4,880600,7.3
AAPL-0413,Kevin Wang,Apple,AAPL,Research & AI,Staff,79.9,538600,8.3
AAPL-0414,Yuki Schmidt,Apple,AAPL,Engineering,Staff,79.9,206400,7.2
AAPL-0415,Thomas Khan,Apple,AAPL,Research & AI,Senior,88.2,369700,0.6
AAPL-0416,Chen Martinez,Apple,AAPL,Finance,Staff,56.3,206000,13.0
AAPL-0417,Michael Chen,Apple,AAPL,Research & AI,Senior Director,66.9,345200,5.1
AAPL-0418,Nina Wang,Apple,AAPL,Sales & GTM,Staff,93.0,114400,7.5
AAPL-0419,Thomas Khan,Apple,AAPL,Sales & GTM,Senior,53.1,159300,8.2
AAPL-0420,Linda Khan,Apple,AAPL,People/HR,Senior,82.1,223800,8.1
AAPL-0421,Daniel Tanaka,Apple,AAPL,Research & AI,Senior,82.7,389900,6.4
AAPL-0422,Olivia Garcia,Apple,AAPL,Engineering,Staff,82.9,483400,9.0
AAPL-0423,Emily Okafor,Apple,AAPL,Engineering,Principal,85.4,1275400,18.8
AAPL-0424,Maria Cohen,Apple,AAPL,Finance,Senior,89.9,394700,10.3
AAPL-0425,Olivia Schmidt,Apple,AAPL,Engineering,Staff,69.1,210700,10.4
AAPL-0426,Ahmed Johnson,Apple,AAPL,People/HR,Senior,78.9,162200,9.2
AAPL-0427,James Tanaka,Apple,AAPL,Research & AI,Principal,78.1,196700,7.0
AAPL-0428,Sofia Petrov,Apple,AAPL,Sales & GTM,Senior,91.5,211500,1.9
AAPL-0429,Hiroshi Lopez,Apple,AAPL,Sales & GTM,Senior,74.0,265300,8.5
AAPL-0430,Raj Smith,Apple,AAPL,Operations,Principal,89.9,638500,12.1
AAPL-0431,Aisha Martinez,Apple,AAPL,Engineering,Staff,71.4,271800,13.3
AAPL-0432,Hiroshi Garcia,Apple,AAPL,Legal & Policy,Senior,64.5,218500,8.7
AAPL-0433,Wei Martinez,Apple,AAPL,Engineering,Staff,65.7,465300,13.4
AAPL-0434,Hiroshi Okafor,Apple,AAPL,Engineering,Senior,85.0,119000,5.1
AAPL-0435,Thomas Hassan,Apple,AAPL,Engineering,Staff,90.3,175300,7.2
AAPL-0436,Linda Kim,Apple,AAPL,Legal & Policy,Staff,84.8,407900,9.6
AAPL-0437,David Singh,Apple,AAPL,Engineering,Staff,82.5,316100,15.1
AAPL-0438,Sofia Brown,Apple,AAPL,Engineering,Staff,78.5,168300,9.9
AAPL-0439,Fatima Park,Apple,AAPL,Operations,Senior,89.3,355000,2.5
AAPL-0440,Yuki Lee,Apple,AAPL,Finance,Senior,92.5,326100,5.1
AAPL-0441,Mary Nguyen,Apple,AAPL,Engineering,Senior,71.1,162400,3.6
AAPL-0442,Kevin Reyes,Apple,AAPL,Engineering,Senior,87.4,174500,3.0
AAPL-0443,Olivia Ali,Apple,AAPL,Engineering,Director,93.8,604800,7.3
AAPL-0444,Fatima Khan,Apple,AAPL,Product,Senior,85.4,277900,4.4
AAPL-0445,Wei Ali,Apple,AAPL,Product,Senior,95.9,483300,11.5
AAPL-0446,John Schmidt,Apple,AAPL,Product,Director,72.1,579000,13.2
AAPL-0447,Nina Chen,Apple,AAPL,Engineering,Director,97.3,887600,5.0
AAPL-0448,Sofia Smith,Apple,AAPL,Marketing,Senior,78.1,313500,6.0
AAPL-0449,Linda Kim,Apple,AAPL,Product,Senior,79.5,290200,7.3
AAPL-0450,Raj Lopez,Apple,AAPL,Operations,Senior,90.2,836300,5.4
AAPL-0451,Linda Hassan,Apple,AAPL,Finance,Director,71.1,368500,14.3
AAPL-0452,Ahmed Wilson,Apple,AAPL,Engineering,Senior Director,86.8,486800,15.4
AAPL-0453,Yuki Lopez,Apple,AAPL,Operations,Director,88.2,939400,19.0
AAPL-0454,Fatima Khan,Apple,AAPL,Research & AI,Senior,96.2,685600,10.2
AAPL-0455,Maria Petrov,Apple,AAPL,Engineering,Principal,77.4,867500,19.7
AAPL-0456,Nina Okafor,Apple,AAPL,Sales & GTM,Director,67.3,680500,7.6
AAPL-0457,Raj Park,Apple,AAPL,Engineering,Staff,92.6,328700,10.9
AAPL-0458,Priya Murphy,Apple,AAPL,Engineering,Senior,65.2,168100,3.0
AAPL-0459,Linda Brown,Apple,AAPL,Engineering,Senior Director,88.9,400600,7.8
AAPL-0460,Priya Chen,Apple,AAPL,Sales & GTM,Principal,95.2,686000,5.1
AAPL-0461,Elena Okafor,Apple,AAPL,Engineering,Senior,87.2,214900,3.6
AAPL-0462,Sofia Brown,Apple,AAPL,Research & AI,Staff,73.2,55000,6.7
AAPL-0463,Zoe Hassan,Apple,AAPL,Engineering,Senior,76.8,172000,9.1
AAPL-0464,Hiroshi Johnson,Apple,AAPL,Sales & GTM,Director,100.0,2039200,7.8
AAPL-0465,Emily Garcia,Apple,AAPL,Engineering,Director,81.7,419900,5.9
AAPL-0466,Hannah Lopez,Apple,AAPL,Sales & GTM,Staff,89.6,343200,8.8
AAPL-0467,Hiroshi Brown,Apple,AAPL,Engineering,Principal,71.5,496200,6.9
AAPL-0468,Wei Okafor,Apple,AAPL,People/HR,Senior,82.5,197400,5.0
AAPL-0469,Sofia Lee,Apple,AAPL,Research & AI,Principal,66.7,430200,4.9
AAPL-0470,Priya Cohen,Apple,AAPL,Engineering,Staff,84.4,562100,20.6
AAPL-0471,Maria Petrov,Apple,AAPL,Operations,Principal,76.4,1163500,4.9
AAPL-0472,Chen Kim,Apple,AAPL,Design,Senior,61.1,104700,4.4
AAPL-0473,James Silva,Apple,AAPL,Engineering,Senior,66.7,182700,7.9
AAPL-0474,Daniel Park,Apple,AAPL,Engineering,VP,86.9,1281300,8.6
AAPL-0475,Chen Davis,Apple,AAPL,Engineering,Principal,73.6,200200,16.6
AAPL-0476,Kevin Singh,Apple,AAPL,Sales & GTM,Staff,88.6,507500,13.6
AAPL-0477,David Martinez,Apple,AAPL,Product,Senior,86.2,222000,4.2
AAPL-0478,Fatima Smith,Apple,AAPL,Product,Senior,69.9,157400,11.9
AAPL-0479,Kevin Patel,Apple,AAPL,Operations,Senior Director,91.4,116400,15.1
AAPL-0480,James Silva,Apple,AAPL,Product,Principal,93.0,535200,12.8
AAPL-0481,Emily Singh,Apple,AAPL,Product,Staff,65.6,312000,6.0
AAPL-0482,Yuki Reyes,Apple,AAPL,Legal & Policy,Director,79.9,728400,12.4
AAPL-0483,Chen Cohen,Apple,AAPL,Engineering,Principal,92.7,188500,7.1
AAPL-0484,Mary Lopez,Apple,AAPL,Engineering,Director,71.2,185500,10.7
AAPL-0485,Mary Wang,Apple,AAPL,Finance,Staff,76.9,482900,8.0
AAPL-0486,Michael Murphy,Apple,AAPL,Engineering,Senior,68.4,169100,6.8
AAPL-0487,Carlos Smith,Apple,AAPL,Engineering,Senior,68.6,265900,7.6
AAPL-0488,Daniel Park,Apple,AAPL,Sales & GTM,Staff,86.9,152000,12.0
AAPL-0489,Samuel Lopez,Apple,AAPL,Engineering,VP,73.1,931200,21.3
AAPL-0490,Maria Ali,Apple,AAPL,Sales & GTM,Staff,100.0,320200,10.9
AAPL-0491,David Wang,Apple,AAPL,Product,Staff,82.9,317100,11.0
AAPL-0492,Fatima Yamamoto,Apple,AAPL,Sales & GTM,Principal,87.6,306300,9.5
AAPL-0493,Hiroshi Brown,Apple,AAPL,Research & AI,SVP,87.6,1691600,17.2
AAPL-0494,Samuel Silva,Apple,AAPL,Product,Senior,94.3,167700,14.0
AAPL-0495,Hiroshi Davis,Apple,AAPL,Sales & GTM,Senior Director,71.2,665500,8.7
AAPL-0496,Kevin Davis,Apple,AAPL,Marketing,Senior,96.3,201000,8.0
AAPL-0497,Sofia Garcia,Apple,AAPL,Engineering,Director,67.1,320900,8.1
AAPL-0498,Michael Singh,Apple,AAPL,Product,Senior,84.9,280100,15.3
AAPL-0499,Samuel Garcia,Apple,AAPL,Engineering,Staff,89.7,349500,12.1
AAPL-0500,Ahmed Wang,Apple,AAPL,Engineering,Staff,93.7,314300,9.0
AAPL-0501,Hannah Smith,Apple,AAPL,Engineering,Director,89.7,461500,8.0
AAPL-0502,Sofia Khan,Apple,AAPL,Finance,Senior Director,56.6,428300,10.5
AAPL-0503,Elena Hassan,Apple,AAPL,Marketing,Senior Director,74.9,1105900,9.1
AAPL-0504,Daniel Petrov,Apple,AAPL,People/HR,Senior,69.4,208700,1.3
AAPL-0505,Sofia Martinez,Apple,AAPL,Research & AI,Director,67.1,860800,8.0
AAPL-0506,Samuel Johnson,Apple,AAPL,Operations,VP,73.2,877100,17.8
AAPL-0507,Raj Cohen,Apple,AAPL,Design,Staff,72.2,504100,5.3
AAPL-0508,Thomas Murphy,Apple,AAPL,Finance,Director,67.3,329100,7.2
AAPL-0509,Mary Wang,Apple,AAPL,Engineering,Staff,82.3,353700,6.9
AAPL-0510,Zoe Singh,Apple,AAPL,Marketing,Staff,69.4,355000,10.5
AAPL-0511,Daniel Reyes,Apple,AAPL,Finance,Senior,68.4,475500,16.8
AAPL-0512,Arjun Schmidt,Apple,AAPL,Engineering,Senior,62.0,187700,8.0
AAPL-0513,Hiroshi Hassan,Apple,AAPL,Sales & GTM,Staff,72.7,269200,5.2
AAPL-0514,Priya Silva,Apple,AAPL,Sales & GTM,Senior,78.2,281500,6.0
AAPL-0515,Mary Martinez,Apple,AAPL,Engineering,Staff,92.9,763800,5.1
AAPL-0516,Samuel Garcia,Apple,AAPL,Engineering,Director,86.3,406600,12.5
AAPL-0517,Raj Kim,Apple,AAPL,Engineering,Senior,79.2,140500,12.1
AAPL-0518,Raj Tanaka,Apple,AAPL,Research & AI,Director,92.7,278400,6.5
AAPL-0519,Wei Patel,Apple,AAPL,Product,Senior,68.5,388400,6.6
AAPL-0520,Thomas Garcia,Apple,AAPL,Research & AI,Senior,67.4,164000,6.8
AAPL-0521,Grace Petrov,Apple,AAPL,Operations,Staff,85.9,397700,7.4
AAPL-0522,Sofia Garcia,Apple,AAPL,Sales & GTM,Senior,74.3,80100,4.5
AAPL-0523,Olivia Martinez,Apple,AAPL,People/HR,Staff,82.5,348600,10.3
AAPL-0524,Yuki Reyes,Apple,AAPL,Engineering,Senior,99.5,469000,3.7
AAPL-0525,Olivia Wang,Apple,AAPL,Finance,Senior,79.4,118800,4.1
AAPL-0526,Daniel Park,Apple,AAPL,Engineering,Director,87.5,862900,14.7
AAPL-0527,Sofia Reyes,Apple,AAPL,Product,Staff,82.9,346400,11.5
AAPL-0528,Michael Cohen,Apple,AAPL,Sales & GTM,Principal,83.4,870200,6.4
AAPL-0529,Hannah Murphy,Apple,AAPL,Operations,Senior,61.8,56100,3.7
AAPL-0530,Carlos Reyes,Apple,AAPL,Sales & GTM,Senior,81.4,85500,4.7
AAPL-0531,Nina Schmidt,Apple,AAPL,Engineering,SVP,70.3,628100,13.0
AAPL-0532,Michael Park,Apple,AAPL,Engineering,Staff,86.7,406500,12.0
AAPL-0533,Hiroshi Okafor,Apple,AAPL,Product,Director,93.5,1992300,13.5
AAPL-0534,Grace Singh,Apple,AAPL,Research & AI,Senior,83.0,212200,12.8
AAPL-0535,Kevin Rossi,Apple,AAPL,Design,Director,82.0,622600,23.0
AAPL-0536,John Lopez,Apple,AAPL,Product,Principal,88.7,615400,15.3
AAPL-0537,Olivia Cohen,Apple,AAPL,Engineering,Director,76.8,350400,10.4
AAPL-0538,Sofia Garcia,Apple,AAPL,Engineering,Staff,75.5,493100,6.1
AAPL-0539,Maria Singh,Apple,AAPL,Legal & Policy,Staff,98.4,145700,11.0
AAPL-0540,Ahmed Martinez,Apple,AAPL,Product,Staff,69.4,375500,9.2
AAPL-0541,James Cohen,Apple,AAPL,Marketing,Staff,89.7,631000,2.9
AAPL-0542,Raj Tanaka,Apple,AAPL,Marketing,Senior,82.7,95200,5.2
AAPL-0543,Carlos Wilson,Apple,AAPL,Engineering,Principal,51.3,895800,6.4
AAPL-0544,Priya Martinez,Apple,AAPL,Marketing,Director,88.3,653500,8.0
AAPL-0545,Carlos Reyes,Apple,AAPL,Sales & GTM,Director,81.6,1284200,9.7
AAPL-0546,David Lopez,Apple,AAPL,Research & AI,Senior,79.8,121800,10.4
AAPL-0547,Nina Wilson,Apple,AAPL,Engineering,Senior,74.0,123700,4.9
AAPL-0548,Mary Silva,Apple,AAPL,Operations,Director,89.7,307600,13.5
AAPL-0549,Raj Murphy,Apple,AAPL,Engineering,Director,99.0,726000,6.2
AAPL-0550,Hiroshi Schmidt,Apple,AAPL,Product,Principal,87.7,148700,12.1
AAPL-0551,Wei Cohen,Apple,AAPL,Research & AI,Senior,82.4,303900,14.5
AAPL-0552,Wei Lopez,Apple,AAPL,Operations,Staff,89.9,534500,4.8
AAPL-0553,Kevin Garcia,Apple,AAPL,Engineering,Senior,83.2,165500,3.9
AAPL-0554,James Park,Apple,AAPL,Operations,Principal,85.2,470100,24.7
AAPL-0555,Chen Tanaka,Apple,AAPL,Sales & GTM,Staff,77.6,444900,5.9
AAPL-0556,Aisha Nguyen,Apple,AAPL,Engineering,Director,74.8,666700,9.0
AAPL-0557,Olivia Smith,Apple,AAPL,Product,Senior,55.8,140600,6.7
AAPL-0558,Chen Rossi,Apple,AAPL,Marketing,Staff,62.9,289000,1.8
AAPL-0559,Thomas Garcia,Apple,AAPL,Engineering,VP,99.2,1267600,11.4
AAPL-0560,Zoe Kim,Apple,AAPL,Engineering,Director,86.6,403200,9.3
AAPL-0561,John Khan,Apple,AAPL,Marketing,Senior,73.4,299400,4.9
AAPL-0562,Carlos Reyes,Apple,AAPL,Product,Senior,81.9,693800,13.8
AAPL-0563,Kevin Hassan,Apple,AAPL,Engineering,Senior,63.2,182700,2.2
AAPL-0564,Samuel Murphy,Apple,AAPL,Design,Principal,77.7,265700,8.4
AAPL-0565,Fatima Okafor,Apple,AAPL,Research & AI,Senior Director,69.2,1693500,8.9
AAPL-0566,Maria Tanaka,Apple,AAPL,People/HR,Senior Director,81.4,532300,11.8
AAPL-0567,Fatima Nguyen,Apple,AAPL,Engineering,Staff,72.7,115100,7.6
AAPL-0568,Hannah Cohen,Apple,AAPL,Design,SVP,77.3,1556500,22.1
AAPL-0569,James Martinez,Apple,AAPL,Finance,Principal,74.5,1253500,9.5
AAPL-0570,Michael Hassan,Apple,AAPL,Product,Principal,98.9,650000,6.9
AAPL-0571,Carlos Schmidt,Apple,AAPL,Marketing,Staff,79.9,539900,7.4
AAPL-0572,Chen Park,Apple,AAPL,Product,C-Suite,95.0,3513700,16.9
AAPL-0573,Elena Tanaka,Apple,AAPL,Engineering,Senior,74.8,930000,6.2
AAPL-0574,Zoe Cohen,Apple,AAPL,Engineering,Senior,71.2,256600,12.1
AAPL-0575,Samuel Reyes,Apple,AAPL,Engineering,Staff,87.4,412400,4.2
AAPL-0576,James Wilson,Apple,AAPL,Marketing,Principal,81.4,612700,6.4
AAPL-0577,Hiroshi Wang,Apple,AAPL,Product,Principal,79.1,550800,5.4
AAPL-0578,Ahmed Nguyen,Apple,AAPL,Finance,Staff,90.5,642700,5.5
AAPL-0579,Linda Yamamoto,Apple,AAPL,Product,Senior,75.2,265000,3.6
AAPL-0580,Michael Garcia,Apple,AAPL,Sales & GTM,Principal,100.0,243600,8.8
AAPL-0581,Zoe Wilson,Apple,AAPL,Sales & GTM,Director,89.4,626700,10.2
AAPL-0582,Thomas Chen,Apple,AAPL,Engineering,Senior Director,86.0,1227400,11.2
AAPL-0583,Hannah Reyes,Apple,AAPL,Finance,Principal,97.1,478900,2.4
AAPL-0584,Hiroshi Cohen,Apple,AAPL,Sales & GTM,Senior,71.1,181800,12.5
AAPL-0585,Chen Chen,Apple,AAPL,Research & AI,Principal,92.1,392800,6.0
AAPL-0586,Nina Tanaka,Apple,AAPL,Engineering,SVP,82.9,2059900,21.4
AAPL-0587,Maria Wang,Apple,AAPL,Marketing,Director,73.7,328900,8.6
AAPL-0588,Ahmed Hassan,Apple,AAPL,Engineering,Senior,73.4,121500,7.2
AAPL-0589,Thomas Khan,Apple,AAPL,Product,Principal,66.2,857400,10.5
AAPL-0590,Maria Anderson,Apple,AAPL,Sales & GTM,Staff,93.4,273500,9.3
AAPL-0591,Ahmed Cohen,Apple,AAPL,Product,Staff,65.4,411800,4.6
AAPL-0592,Priya Rossi,Apple,AAPL,Sales & GTM,Principal,97.3,454000,8.7
AAPL-0593,Ahmed Martinez,Apple,AAPL,Engineering,Senior,78.7,659000,2.0
AAPL-0594,Nina Rossi,Apple,AAPL,Engineering,Senior,76.3,243400,6.3
AAPL-0595,Emily Brown,Apple,AAPL,Sales & GTM,Senior,85.5,245600,3.9
AAPL-0596,Priya Davis,Apple,AAPL,Sales & GTM,Principal,86.9,406200,3.3
AAPL-0597,Aisha Smith,Apple,AAPL,Engineering,Staff,74.6,425800,11.0
AAPL-0598,Olivia Chen,Apple,AAPL,Sales & GTM,Senior Director,77.4,666900,18.3
AAPL-0599,James Hassan,Apple,AAPL,Engineering,Senior,67.6,174900,7.0
AAPL-0600,Hannah Garcia,Apple,AAPL,Legal & Policy,Senior,93.2,367800,11.1
AAPL-0601,Ahmed Reyes,Apple,AAPL,Research & AI,C-Suite,86.4,1441100,21.9
AAPL-0602,Grace Garcia,Apple,AAPL,Engineering,Principal,93.6,893400,7.1
AAPL-0603,Aisha Yamamoto,Apple,AAPL,Finance,Director,74.9,611100,8.9
AAPL-0604,David Smith,Apple,AAPL,Design,Staff,79.4,358500,11.4
AAPL-0605,Aisha Okafor,Apple,AAPL,Product,Senior,72.6,344800,0.9
AAPL-0606,Kevin Ali,Apple,AAPL,People/HR,Staff,75.6,136500,9.6
AAPL-0607,Aisha Hassan,Apple,AAPL,Product,Staff,78.3,268700,10.2
AAPL-0608,John Schmidt,Apple,AAPL,Operations,Staff,66.4,281500,1.2
AAPL-0609,David Lopez,Apple,AAPL,Research & AI,Staff,80.1,367400,4.3
AAPL-0610,Kevin Anderson,Apple,AAPL,Design,Senior Director,85.0,1610100,17.8
AAPL-0611,Grace Okafor,Apple,AAPL,Engineering,Staff,71.9,157300,10.0
AAPL-0612,David Anderson,Apple,AAPL,Engineering,Staff,65.8,193500,7.8
AAPL-0613,Aisha Martinez,Apple,AAPL,Product,Senior Director,76.2,1532900,10.0
AAPL-0614,Hiroshi Davis,Apple,AAPL,Engineering,Director,79.8,1011800,10.8
AAPL-0615,Ahmed Wilson,Apple,AAPL,Research & AI,Staff,76.9,356900,4.1
AAPL-0616,Sofia Okafor,Apple,AAPL,Sales & GTM,Staff,72.0,250700,4.3
AAPL-0617,Hiroshi Okafor,Apple,AAPL,Operations,Senior,77.0,227800,4.6
AAPL-0618,Hannah Khan,Apple,AAPL,Engineering,Staff,63.5,281500,7.0
AAPL-0619,David Murphy,Apple,AAPL,Design,Staff,68.1,367000,10.1
AAPL-0620,Grace Khan,Apple,AAPL,Engineering,VP,89.7,1122800,8.9
AAPL-0621,Samuel Hassan,Apple,AAPL,Marketing,Senior,100.0,332600,7.5
AAPL-0622,Yuki Cohen,Apple,AAPL,Legal & Policy,Staff,78.6,157900,7.8
AAPL-0623,Michael Patel,Apple,AAPL,Engineering,Director,90.6,783000,7.8
AAPL-0624,Zoe Anderson,Apple,AAPL,Research & AI,Senior,87.5,267900,3.6
AAPL-0625,Arjun Reyes,Apple,AAPL,Operations,Staff,74.3,104100,5.8
AAPL-0626,Chen Rossi,Apple,AAPL,Finance,Principal,83.4,378700,6.7
AAPL-0627,Sofia Martinez,Apple,AAPL,Sales & GTM,VP,90.5,776200,19.2
AAPL-0628,Sofia Petrov,Apple,AAPL,Operations,Principal,64.8,260600,23.9
AAPL-0629,Nina Smith,Apple,AAPL,Engineering,Staff,78.8,1594300,9.9
AAPL-0630,Sofia Patel,Apple,AAPL,Engineering,VP,76.9,906800,10.2
AAPL-0631,Hannah Murphy,Apple,AAPL,Finance,Senior Director,60.6,812300,7.7
AAPL-0632,Chen Murphy,Apple,AAPL,Engineering,Principal,83.0,255900,11.4
AAPL-0633,Yuki Wang,Apple,AAPL,Research & AI,Senior,68.0,172400,12.5
AAPL-0634,Carlos Cohen,Apple,AAPL,People/HR,Director,78.2,490200,11.2
AAPL-0635,Ahmed Singh,Apple,AAPL,Marketing,Senior,79.7,445300,7.2
AAPL-0636,David Khan,Apple,AAPL,Engineering,Principal,84.1,161200,6.3
AAPL-0637,John Ali,Apple,AAPL,Design,Senior,60.6,155200,11.9
AAPL-0638,Thomas Murphy,Apple,AAPL,Product,Senior,87.1,276600,5.2
AAPL-0639,Aisha Patel,Apple,AAPL,Engineering,VP,83.7,522000,12.7
AAPL-0640,Linda Wilson,Apple,AAPL,People/HR,Staff,88.1,382100,14.6
AAPL-0641,Zoe Khan,Apple,AAPL,Engineering,VP,86.3,1027600,15.0
AAPL-0642,Samuel Tanaka,Apple,AAPL,Research & AI,VP,69.5,834000,20.2
AAPL-0643,Sofia Khan,Apple,AAPL,Sales & GTM,Senior,74.7,182800,3.3
AAPL-0644,Carlos Smith,Apple,AAPL,Engineering,Senior Director,83.6,480400,7.9
AAPL-0645,Priya Petrov,Apple,AAPL,Legal & Policy,Senior,79.8,341200,1.8
AAPL-0646,Chen Wilson,Apple,AAPL,Product,Senior,55.1,159300,6.3
AAPL-0647,Maria Schmidt,Apple,AAPL,Marketing,Staff,78.2,396500,21.4
AAPL-0648,Michael Nguyen,Apple,AAPL,Operations,Senior,74.3,231200,8.2
AAPL-0649,Olivia Brown,Apple,AAPL,Operations,Principal,89.2,635800,8.4
AAPL-0650,Olivia Patel,Apple,AAPL,Sales & GTM,Staff,77.5,702400,5.1
AAPL-0651,Arjun Hassan,Apple,AAPL,Operations,Senior,90.8,175400,10.1
AAPL-0652,Linda Wang,Apple,AAPL,Marketing,Senior,82.9,298200,8.0
AAPL-0653,Yuki Reyes,Apple,AAPL,Engineering,Principal,73.0,249100,14.5
AAPL-0654,Wei Yamamoto,Apple,AAPL,Legal & Policy,Senior Director,84.9,806000,18.7
AAPL-0655,Olivia Patel,Apple,AAPL,People/HR,Staff,74.1,369600,9.2
AAPL-0656,Hiroshi Hassan,Apple,AAPL,Engineering,Staff,87.0,280300,10.2
AAPL-0657,Wei Murphy,Apple,AAPL,Engineering,Staff,83.1,171400,13.1
AAPL-0658,Nina Kim,Apple,AAPL,Research & AI,Director,92.3,437900,10.1
AAPL-0659,Samuel Garcia,Apple,AAPL,Engineering,Director,76.2,394500,13.4
AAPL-0660,Aisha Lopez,Apple,AAPL,People/HR,Senior,89.3,418000,11.9
AAPL-0661,Thomas Lee,Apple,AAPL,Engineering,Principal,86.9,619300,6.3
AAPL-0662,Carlos Rossi,Apple,AAPL,Operations,Senior,74.8,253500,3.4
AAPL-0663,Michael Davis,Apple,AAPL,Research & AI,Senior,70.0,308600,5.4
AAPL-0664,David Chen,Apple,AAPL,Sales & GTM,Senior Director,62.7,839100,11.6
AAPL-0665,Linda Wang,Apple,AAPL,Engineering,Principal,87.0,283700,9.5
AAPL-0666,Maria Anderson,Apple,AAPL,Product,Director,94.4,546400,9.3
AAPL-0667,Emily Smith,Apple,AAPL,Legal & Policy,Senior,69.4,246300,8.4
AAPL-0668,Wei Murphy,Apple,AAPL,Research & AI,Senior,75.7,874200,9.2
AAPL-0669,Aisha Singh,Apple,AAPL,Research & AI,Principal,70.3,480300,6.3
AAPL-0670,Thomas Tanaka,Apple,AAPL,Product,Director,85.2,435900,6.2
AAPL-0671,Olivia Davis,Apple,AAPL,Research & AI,Senior,80.2,434200,7.7
AAPL-0672,Nina Ali,Apple,AAPL,Engineering,Senior,64.9,115100,2.3
AAPL-0673,Yuki Reyes,Apple,AAPL,Engineering,Director,73.6,463700,3.8
AAPL-0674,James Kim,Apple,AAPL,Sales & GTM,Senior,92.7,271400,5.5
AAPL-0675,James Anderson,Apple,AAPL,Design,Staff,77.7,257500,7.1
AAPL-0676,John Okafor,Apple,AAPL,People/HR,Director,74.3,521900,10.6
AAPL-0677,Maria Petrov,Apple,AAPL,Sales & GTM,Principal,64.2,811100,25.2
AAPL-0678,Grace Wilson,Apple,AAPL,Finance,Principal,74.3,421500,11.0
AAPL-0679,Elena Johnson,Apple,AAPL,Finance,Staff,76.0,196100,6.0
AAPL-0680,Aisha Khan,Apple,AAPL,Sales & GTM,Director,79.7,287100,8.6
AAPL-0681,James Khan,Apple,AAPL,Product,Senior,76.2,505400,5.8
AAPL-0682,Emily Garcia,Apple,AAPL,Product,Staff,81.3,494200,10.2
AAPL-0683,Emily Murphy,Apple,AAPL,Engineering,Senior,83.0,173100,9.0
AAPL-0684,Ahmed Okafor,Apple,AAPL,People/HR,Senior,67.5,355600,11.7
AAPL-0685,Yuki Yamamoto,Apple,AAPL,Sales & GTM,Principal,85.8,560100,6.6
AAPL-0686,Chen Silva,Apple,AAPL,Sales & GTM,Staff,80.3,339900,10.3
AAPL-0687,John Singh,Apple,AAPL,Design,Staff,84.9,492000,14.8
AAPL-0688,Thomas Lee,Apple,AAPL,Operations,Staff,72.5,466200,11.0
AAPL-0689,Olivia Wilson,Apple,AAPL,People/HR,Senior,70.8,200800,1.5
AAPL-0690,Chen Singh,Apple,AAPL,Research & AI,Director,62.7,525000,3.8
AAPL-0691,Aisha Singh,Apple,AAPL,Marketing,Principal,70.3,730100,6.5
AAPL-0692,Linda Reyes,Apple,AAPL,Sales & GTM,Senior,65.9,318000,1.9
AAPL-0693,Priya Yamamoto,Apple,AAPL,Operations,Staff,79.3,187400,9.3
AAPL-0694,Aisha Lopez,Apple,AAPL,Engineering,Director,80.1,320700,12.5
AAPL-0695,John Schmidt,Apple,AAPL,Legal & Policy,Senior,78.8,365100,12.0
AAPL-0696,Maria Lee,Apple,AAPL,Finance,Principal,83.7,796400,17.2
AAPL-0697,Mary Ali,Apple,AAPL,Product,Staff,75.2,484300,11.5
AAPL-0698,David Lopez,Apple,AAPL,Engineering,Senior Director,89.7,333000,17.0
AAPL-0699,Chen Johnson,Apple,AAPL,Finance,Staff,78.7,856200,3.8
AAPL-0700,Fatima Park,Apple,AAPL,Engineering,SVP,80.5,637100,31.6
AAPL-0701,Ahmed Reyes,Apple,AAPL,Finance,Senior,74.9,530900,8.3
AAPL-0702,Aisha Silva,Apple,AAPL,Engineering,Senior,71.4,311400,10.8
AAPL-0703,Chen Silva,Apple,AAPL,Engineering,Director,72.4,437500,22.9
AAPL-0704,Elena Yamamoto,Apple,AAPL,Product,Staff,74.0,108100,7.0
AAPL-0705,Fatima Rossi,Apple,AAPL,Operations,Senior,78.4,118000,12.9
AAPL-0706,Olivia Wang,Apple,AAPL,Engineering,Principal,88.0,658300,8.1
AAPL-0707,Samuel Cohen,Apple,AAPL,Engineering,Staff,81.2,461400,3.9
AAPL-0708,Aisha Tanaka,Apple,AAPL,Research & AI,Staff,78.2,142700,8.7
AAPL-0709,Carlos Kim,Apple,AAPL,Product,Principal,61.5,266900,10.3
AAPL-0710,Sofia Davis,Apple,AAPL,Engineering,Senior,64.8,186800,13.4
AAPL-0711,Aisha Lopez,Apple,AAPL,Product,Principal,81.2,876200,9.9
AAPL-0712,Zoe Wang,Apple,AAPL,Engineering,Principal,83.1,383900,7.3
AAPL-0713,Aisha Patel,Apple,AAPL,Engineering,Senior,59.5,67400,7.0
AAPL-0714,Linda Brown,Apple,AAPL,Marketing,Director,79.4,202500,9.8
AAPL-0715,Zoe Kim,Apple,AAPL,Design,Senior,73.3,149100,3.4
AAPL-0716,David Tanaka,Apple,AAPL,Marketing,Senior Director,76.2,290000,8.6
AAPL-0717,Nina Kim,Apple,AAPL,Legal & Policy,Staff,67.4,341600,5.5
AAPL-0718,Thomas Ali,Apple,AAPL,Research & AI,Principal,79.1,326300,17.8
AAPL-0719,Hannah Rossi,Apple,AAPL,Research & AI,Senior,63.1,415600,5.3
AAPL-0720,Maria Yamamoto,Apple,AAPL,Sales & GTM,Principal,82.0,955100,6.1
AAPL-0721,Mary Ali,Apple,AAPL,Operations,Staff,70.1,163600,9.7
AAPL-0722,Nina Okafor,Apple,AAPL,Operations,Principal,64.0,170200,9.4
AAPL-0723,Wei Hassan,Apple,AAPL,Product,Senior,95.9,597300,2.8
AAPL-0724,Aisha Kim,Apple,AAPL,Engineering,Staff,88.5,309400,7.8
AAPL-0725,Hiroshi Garcia,Apple,AAPL,Design,Principal,92.3,516200,5.4
AAPL-0726,Michael Martinez,Apple,AAPL,Engineering,Principal,86.2,543200,23.6
AAPL-0727,Sofia Yamamoto,Apple,AAPL,Legal & Policy,Staff,91.4,651200,8.8
AAPL-0728,Chen Smith,Apple,AAPL,Sales & GTM,SVP,65.4,776500,10.2
AAPL-0729,David Nguyen,Apple,AAPL,Product,Staff,89.7,483000,11.9
AAPL-0730,Hannah Nguyen,Apple,AAPL,Engineering,Senior,92.5,172800,11.0
AAPL-0731,Fatima Park,Apple,AAPL,Product,Senior,83.6,171300,8.0
AAPL-0732,Linda Park,Apple,AAPL,Operations,Senior Director,80.1,593100,13.5
AAPL-0733,Nina Murphy,Apple,AAPL,Engineering,Principal,86.4,358200,15.4
AAPL-0734,Hannah Wilson,Apple,AAPL,Engineering,Director,82.4,755600,6.5
AAPL-0735,Hannah Singh,Apple,AAPL,Engineering,Staff,77.6,525000,3.1
AAPL-0736,Michael Tanaka,Apple,AAPL,People/HR,Senior Director,81.6,245300,16.6
AAPL-0737,Grace Kim,Apple,AAPL,Product,Director,95.2,654000,13.7
AAPL-0738,Maria Silva,Apple,AAPL,Engineering,VP,70.1,1218100,11.6
AAPL-0739,Fatima Tanaka,Apple,AAPL,Product,Principal,81.2,259000,6.0
AAPL-0740,Yuki Garcia,Apple,AAPL,Finance,Senior,93.4,107900,10.4
AAPL-0741,Linda Brown,Apple,AAPL,Engineering,Staff,75.9,335400,9.0
AAPL-0742,Sofia Hassan,Apple,AAPL,Operations,VP,95.1,1606800,10.6
AAPL-0743,John Lopez,Apple,AAPL,Engineering,Staff,70.8,233100,4.5
AAPL-0744,Elena Wang,Apple,AAPL,Operations,Director,94.8,558600,17.4
AAPL-0745,Hiroshi Tanaka,Apple,AAPL,Engineering,Director,69.4,598300,10.3
AAPL-0746,Michael Nguyen,Apple,AAPL,Engineering,Senior,63.7,154400,1.7
AAPL-0747,Kevin Garcia,Apple,AAPL,Marketing,Principal,77.5,368400,3.9
AAPL-0748,Mary Reyes,Apple,AAPL,Operations,VP,67.4,691200,12.7
AAPL-0749,David Kim,Apple,AAPL,Legal & Policy,Senior,79.4,329500,3.4
AAPL-0750,Linda Tanaka,Apple,AAPL,People/HR,Director,80.0,600500,6.9
AAPL-0751,Wei Davis,Apple,AAPL,Marketing,Principal,80.9,464500,4.5
AAPL-0752,Emily Chen,Apple,AAPL,Engineering,Director,68.0,1315100,6.4
AAPL-0753,Thomas Brown,Apple,AAPL,Engineering,Principal,81.2,366100,12.5
AAPL-0754,Yuki Davis,Apple,AAPL,Finance,Staff,91.6,313900,9.4
AAPL-0755,Fatima Silva,Apple,AAPL,Research & AI,Senior,71.1,146800,6.4
AAPL-0756,Yuki Patel,Apple,AAPL,Engineering,Principal,84.6,366200,3.6
AAPL-0757,Maria Silva,Apple,AAPL,Engineering,SVP,86.7,974200,14.8
AAPL-0758,Fatima Kim,Apple,AAPL,Legal & Policy,Senior,85.8,115600,16.6
AAPL-0759,Arjun Schmidt,Apple,AAPL,Sales & GTM,Staff,71.9,340700,2.9
AAPL-0760,Zoe Kim,Apple,AAPL,Operations,Principal,84.7,609600,8.2
AAPL-0761,Yuki Garcia,Apple,AAPL,People/HR,Principal,84.1,390600,5.9
AAPL-0762,Grace Kim,Apple,AAPL,Sales & GTM,Staff,55.4,168800,8.1
AAPL-0763,Ahmed Khan,Apple,AAPL,Operations,Senior,90.9,122600,9.2
AAPL-0764,Thomas Wilson,Apple,AAPL,Design,Principal,100.0,901400,13.4
AAPL-0765,Priya Ali,Apple,AAPL,Finance,Staff,78.4,562000,7.9
AAPL-0766,Samuel Murphy,Apple,AAPL,Engineering,Senior,70.9,337300,5.3
AAPL-0767,Daniel Lopez,Apple,AAPL,Research & AI,Senior,72.9,213400,8.1
AAPL-0768,Yuki Wang,Apple,AAPL,Legal & Policy,Senior,87.4,427100,3.3
AAPL-0769,John Okafor,Apple,AAPL,Design,Staff,74.6,460000,7.9
AAPL-0770,Mary Patel,Apple,AAPL,People/HR,Principal,69.6,659500,4.1
AAPL-0771,Carlos Schmidt,Apple,AAPL,Engineering,Staff,87.7,159300,2.3
AAPL-0772,Maria Hassan,Apple,AAPL,Operations,Senior,93.1,246600,13.1
AAPL-0773,Maria Reyes,Apple,AAPL,Research & AI,Staff,90.4,539000,12.6
AAPL-0774,Raj Reyes,Apple,AAPL,Research & AI,Staff,61.6,334300,10.0
AAPL-0775,Hannah Cohen,Apple,AAPL,Research & AI,Principal,76.5,392700,9.8
AAPL-0776,James Chen,Apple,AAPL,Engineering,Director,82.5,689400,6.5
AAPL-0777,Arjun Khan,Apple,AAPL,Sales & GTM,Senior,88.0,170000,3.3
AAPL-0778,Nina Singh,Apple,AAPL,Engineering,Staff,79.9,442300,5.8
AAPL-0779,Hiroshi Chen,Apple,AAPL,Engineering,Senior Director,86.0,385600,16.7
AAPL-0780,Zoe Patel,Apple,AAPL,Engineering,Staff,65.4,290200,5.4
AAPL-0781,Maria Smith,Apple,AAPL,People/HR,Senior Director,72.9,994100,8.6
AAPL-0782,James Anderson,Apple,AAPL,Legal & Policy,Senior,87.4,369000,7.3
AAPL-0783,Wei Khan,Apple,AAPL,People/HR,Senior Director,88.0,1062800,10.3
AAPL-0784,Sofia Davis,Apple,AAPL,Operations,Staff,89.9,326300,1.7
AAPL-0785,Grace Tanaka,Apple,AAPL,Sales & GTM,Senior,60.0,288400,4.9
AAPL-0786,Linda Davis,Apple,AAPL,Marketing,Principal,90.6,144200,9.8
AAPL-0787,James Wang,Apple,AAPL,Operations,Director,96.0,762300,7.7
AAPL-0788,Sofia Wang,Apple,AAPL,Engineering,Senior,86.1,197600,8.5
AAPL-0789,John Smith,Apple,AAPL,Engineering,Senior,74.1,131400,7.9
AAPL-0790,Hannah Johnson,Apple,AAPL,Engineering,Principal,71.4,334600,6.4
AAPL-0791,Yuki Park,Apple,AAPL,Engineering,Staff,92.6,587600,2.7
AAPL-0792,Michael Martinez,Apple,AAPL,Design,Senior,83.8,296500,10.3
AAPL-0793,Maria Martinez,Apple,AAPL,Engineering,Principal,56.5,212500,11.8
AAPL-0794,Elena Lee,Apple,AAPL,Legal & Policy,Senior,81.7,288700,8.1
AAPL-0795,Olivia Patel,Apple,AAPL,Engineering,Principal,70.2,263700,7.2
AAPL-0796,James Wilson,Apple,AAPL,Design,C-Suite,92.4,3246700,8.5
AAPL-0797,Hiroshi Johnson,Apple,AAPL,Sales & GTM,SVP,83.1,2027200,13.1
AAPL-0798,Fatima Tanaka,Apple,AAPL,Engineering,Staff,81.8,623800,6.2
AAPL-0799,Olivia Reyes,Apple,AAPL,Engineering,Principal,80.7,1051500,10.7
AAPL-0800,Hiroshi Lopez,Apple,AAPL,Engineering,Director,82.5,1121800,7.0
AAPL-0801,Yuki Lee,Apple,AAPL,Engineering,Principal,100.0,533700,7.4
AAPL-0802,Grace Rossi,Apple,AAPL,Engineering,Senior Director,86.0,1057500,9.3
AAPL-0803,Linda Johnson,Apple,AAPL,People/HR,Senior Director,74.6,751600,10.4
AAPL-0804,Sofia Chen,Apple,AAPL,Engineering,Staff,75.0,427100,9.0
AAPL-0805,Sofia Cohen,Apple,AAPL,Engineering,Staff,85.4,1112500,5.5
AAPL-0806,Ahmed Nguyen,Apple,AAPL,Engineering,Staff,86.2,202600,3.8
AAPL-0807,Grace Petrov,Apple,AAPL,Operations,Senior Director,90.2,464600,8.5
AAPL-0808,Elena Wilson,Apple,AAPL,Product,Senior Director,69.6,600900,13.0
AAPL-0809,Elena Tanaka,Apple,AAPL,Research & AI,Senior,94.9,312400,10.3
AAPL-0810,Nina Schmidt,Apple,AAPL,Product,Staff,73.3,570000,2.3
AAPL-0811,Ahmed Patel,Apple,AAPL,Engineering,Senior Director,78.1,576300,13.6
AAPL-0812,Olivia Khan,Apple,AAPL,Research & AI,Director,72.0,170300,5.1
AAPL-0813,Linda Ali,Apple,AAPL,Engineering,Principal,82.2,323500,10.4
AAPL-0814,Emily Petrov,Apple,AAPL,Finance,Senior,61.2,211100,5.4
AAPL-0815,Olivia Johnson,Apple,AAPL,Research & AI,Senior,84.6,458500,7.2
AAPL-0816,Yuki Tanaka,Apple,AAPL,Operations,Staff,85.3,332800,4.2
AAPL-0817,Emily Yamamoto,Apple,AAPL,Engineering,Staff,73.4,290500,4.3
AAPL-0818,Zoe Ali,Apple,AAPL,Research & AI,Staff,79.3,286500,3.8
AAPL-0819,John Davis,Apple,AAPL,Sales & GTM,Director,74.3,391700,5.1
AAPL-0820,Olivia Silva,Apple,AAPL,Sales & GTM,VP,81.7,898400,13.2
AAPL-0821,Hannah Wilson,Apple,AAPL,Engineering,Senior,74.4,207100,2.0
AAPL-0822,Daniel Martinez,Apple,AAPL,Engineering,Principal,85.0,1071000,5.4
AAPL-0823,Mary Silva,Apple,AAPL,Engineering,Senior,61.6,183200,4.2
AAPL-0824,Emily Nguyen,Apple,AAPL,Sales & GTM,Staff,80.6,130800,8.4
AAPL-0825,Fatima Nguyen,Apple,AAPL,Engineering,Senior,71.5,130700,8.1
AAPL-0826,Elena Ali,Apple,AAPL,Legal & Policy,SVP,87.2,1403800,13.7
AAPL-0827,Aisha Rossi,Apple,AAPL,Finance,Senior,78.1,83400,8.3
AAPL-0828,Carlos Silva,Apple,AAPL,Legal & Policy,Senior,89.8,580000,5.6
AAPL-0829,Raj Garcia,Apple,AAPL,Engineering,VP,83.0,1383000,10.7
AAPL-0830,Kevin Anderson,Apple,AAPL,Operations,Senior,79.8,509500,5.8
AAPL-0831,Priya Lopez,Apple,AAPL,Operations,Senior,72.1,145100,10.8
AAPL-0832,Sofia Anderson,Apple,AAPL,Engineering,Staff,98.1,439400,5.6
AAPL-0833,Hannah Wang,Apple,AAPL,Product,SVP,85.8,1391900,28.0
AAPL-0834,Nina Wilson,Apple,AAPL,Research & AI,Staff,83.7,754400,1.8
AAPL-0835,Zoe Schmidt,Apple,AAPL,Engineering,Senior,72.6,103900,6.9
AAPL-0836,Aisha Cohen,Apple,AAPL,Research & AI,Senior,95.2,479600,5.1
AAPL-0837,Daniel Smith,Apple,AAPL,Marketing,Senior,71.6,164800,11.1
AAPL-0838,Olivia Wang,Apple,AAPL,Research & AI,Senior,63.2,83600,12.8
AAPL-0839,Maria Brown,Apple,AAPL,People/HR,Director,83.8,421800,11.8
AAPL-0840,Linda Schmidt,Apple,AAPL,Engineering,Senior,77.5,336000,9.5
AAPL-0841,Daniel Okafor,Apple,AAPL,Engineering,Senior Director,56.9,314800,14.6
AAPL-0842,Kevin Hassan,Apple,AAPL,Engineering,Senior,65.2,161100,12.1
AAPL-0843,John Martinez,Apple,AAPL,Engineering,Principal,81.8,207500,7.5
AAPL-0844,Elena Cohen,Apple,AAPL,Operations,Staff,65.4,373900,5.3
AAPL-0845,Elena Brown,Apple,AAPL,Research & AI,Senior,100.0,542100,3.8
AAPL-0846,David Patel,Apple,AAPL,Engineering,Principal,76.9,333900,11.5
AAPL-0847,Grace Smith,Apple,AAPL,Research & AI,Director,85.2,327400,18.4
AAPL-0848,Hiroshi Kim,Apple,AAPL,People/HR,Senior,88.3,198300,6.6
AAPL-0849,Elena Nguyen,Apple,AAPL,Engineering,Staff,77.4,135700,8.4
AAPL-0850,Aisha Wilson,Apple,AAPL,Engineering,Senior Director,89.2,1722700,20.6
AAPL-0851,Maria Wang,Apple,AAPL,Legal & Policy,Staff,100.0,255700,3.6
AAPL-0852,Priya Brown,Apple,AAPL,Engineering,Senior,81.0,246200,7.8
AAPL-0853,Michael Chen,Apple,AAPL,Product,Staff,81.7,283500,16.3
AAPL-0854,Chen Wang,Apple,AAPL,Sales & GTM,Principal,60.3,321200,6.4
AAPL-0855,Chen Singh,Apple,AAPL,Research & AI,Staff,79.5,267100,5.8
AAPL-0856,Wei Schmidt,Apple,AAPL,Engineering,Director,92.3,1109900,10.9
AAPL-0857,Michael Tanaka,Apple,AAPL,Research & AI,Senior,82.4,606900,4.4
AAPL-0858,Arjun Brown,Apple,AAPL,Finance,Staff,84.3,371900,5.4
AAPL-0859,Wei Silva,Apple,AAPL,Engineering,Senior,86.6,364100,6.1
AAPL-0860,Aisha Singh,Apple,AAPL,Finance,Senior Director,83.0,545500,16.8
AAPL-0861,Aisha Johnson,Apple,AAPL,Finance,Director,72.5,813700,6.9
AAPL-0862,Yuki Reyes,Apple,AAPL,Engineering,Senior,88.5,372300,14.8
AAPL-0863,Samuel Rossi,Apple,AAPL,Marketing,Senior,73.8,186000,7.8
AAPL-0864,Samuel Davis,Apple,AAPL,Engineering,Senior,65.6,130100,5.6
AAPL-0865,Grace Anderson,Apple,AAPL,Engineering,Staff,88.6,381300,1.7
AAPL-0866,David Park,Apple,AAPL,Marketing,Senior,79.9,301100,2.1
AAPL-0867,Thomas Brown,Apple,AAPL,Research & AI,Staff,68.7,456600,3.9
AAPL-0868,Carlos Okafor,Apple,AAPL,Engineering,Staff,92.3,764600,18.1
AAPL-0869,Samuel Lopez,Apple,AAPL,Engineering,Principal,80.3,515000,13.3
AAPL-0870,Maria Johnson,Apple,AAPL,Research & AI,Senior,67.7,108200,1.7
AAPL-0871,Michael Nguyen,Apple,AAPL,Research & AI,Principal,73.7,608400,2.9
AAPL-0872,Grace Lopez,Apple,AAPL,Marketing,Principal,81.0,216000,11.7
AAPL-0873,Linda Wang,Apple,AAPL,Sales & GTM,Staff,97.3,503400,4.1
AAPL-0874,Hannah Smith,Apple,AAPL,Engineering,Staff,71.9,399600,6.6
AAPL-0875,Kevin Yamamoto,Apple,AAPL,Research & AI,Senior Director,68.7,410200,13.9
AAPL-0876,Zoe Johnson,Apple,AAPL,Marketing,Senior Director,100.0,476900,13.2
AAPL-0877,Elena Schmidt,Apple,AAPL,Product,Staff,86.0,306500,16.0
AAPL-0878,Arjun Petrov,Apple,AAPL,Engineering,Senior,62.6,320700,8.5
AAPL-0879,Olivia Tanaka,Apple,AAPL,Finance,Director,78.0,173600,12.2
AAPL-0880,James Anderson,Apple,AAPL,Sales & GTM,Senior,68.0,420700,2.3
AAPL-0881,David Garcia,Apple,AAPL,Legal & Policy,Staff,81.6,279600,12.6
AAPL-0882,Raj Tanaka,Apple,AAPL,Operations,Principal,74.9,591600,11.6
AAPL-0883,Kevin Okafor,Apple,AAPL,Engineering,Senior Director,89.5,258500,6.8
AAPL-0884,Wei Kim,Apple,AAPL,Engineering,Senior,69.1,287900,2.6
AAPL-0885,Nina Nguyen,Apple,AAPL,Engineering,Senior,85.4,411700,7.6
AAPL-0886,Mary Reyes,Apple,AAPL,Sales & GTM,Director,71.1,972800,9.0
AAPL-0887,Samuel Brown,Apple,AAPL,Sales & GTM,Staff,75.5,252400,6.4
AAPL-0888,Samuel Davis,Apple,AAPL,Engineering,Senior Director,76.5,400700,11.5
AAPL-0889,Elena Brown,Apple,AAPL,Engineering,Principal,76.2,325000,5.2
AAPL-0890,Michael Wang,Apple,AAPL,Operations,Senior Director,91.5,861300,12.3
AAPL-0891,Olivia Anderson,Apple,AAPL,Product,Director,98.5,280200,5.2
AAPL-0892,Elena Anderson,Apple,AAPL,Research & AI,Staff,73.3,165700,12.2
AAPL-0893,Hannah Chen,Apple,AAPL,Engineering,Principal,50.8,300200,12.3
AAPL-0894,Elena Garcia,Apple,AAPL,Design,Staff,85.6,387700,12.0
AAPL-0895,Mary Lopez,Apple,AAPL,Engineering,Principal,82.4,465200,14.9
AAPL-0896,Daniel Patel,Apple,AAPL,Engineering,Senior,82.3,291800,9.3
AAPL-0897,Wei Johnson,Apple,AAPL,Engineering,Principal,79.4,447600,6.3
AAPL-0898,Zoe Schmidt,Apple,AAPL,Engineering,Senior Director,70.7,1461000,10.2
AAPL-0899,Arjun Rossi,Apple,AAPL,Engineering,Senior,85.8,221800,8.1
AAPL-0900,Raj Davis,Apple,AAPL,Product,Director,49.9,523800,7.2
AAPL-0901,Zoe Ali,Apple,AAPL,Engineering,Senior,78.0,176700,8.6
AAPL-0902,Elena Murphy,Apple,AAPL,Marketing,Staff,69.6,329700,12.5
AAPL-0903,Elena Rossi,Apple,AAPL,Research & AI,Staff,90.0,418400,5.9
AAPL-0904,Aisha Wang,Apple,AAPL,Research & AI,Staff,83.2,344300,6.2
AAPL-0905,Daniel Reyes,Apple,AAPL,Finance,Principal,73.5,413300,9.1
AAPL-0906,Yuki Wang,Apple,AAPL,Sales & GTM,Staff,78.7,150100,9.0
AAPL-0907,Hannah Silva,Apple,AAPL,Research & AI,Staff,88.4,174300,10.9
AAPL-0908,Ahmed Garcia,Apple,AAPL,Engineering,Senior,92.7,378100,12.8
AAPL-0909,Sofia Garcia,Apple,AAPL,Design,Director,83.1,746700,7.5
AAPL-0910,Yuki Cohen,Apple,AAPL,Research & AI,Senior Director,74.5,1238000,20.8
AAPL-0911,Elena Park,Apple,AAPL,Product,VP,78.0,373200,14.8
AAPL-0912,Wei Brown,Apple,AAPL,Engineering,Staff,77.9,769700,1.2
AAPL-0913,Hannah Murphy,Apple,AAPL,Design,Senior,64.1,241000,16.0
AAPL-0914,Wei Chen,Apple,AAPL,Marketing,Principal,75.8,234400,8.4
AAPL-0915,Arjun Martinez,Apple,AAPL,Engineering,Senior,90.1,341000,3.4
AAPL-0916,John Khan,Apple,AAPL,Finance,Senior,76.8,285500,8.1
AAPL-0917,James Davis,Apple,AAPL,Product,Senior,89.8,267000,6.5
AAPL-0918,Daniel Chen,Apple,AAPL,Engineering,VP,85.8,1499300,8.7
AAPL-0919,Grace Tanaka,Apple,AAPL,Design,Senior,83.5,564600,16.2
AAPL-0920,Elena Tanaka,Apple,AAPL,Sales & GTM,Principal,96.4,616100,9.4
AAPL-0921,Linda Brown,Apple,AAPL,People/HR,Staff,74.9,551100,3.3
AAPL-0922,James Singh,Apple,AAPL,Engineering,Senior,74.0,463800,1.1
AAPL-0923,James Yamamoto,Apple,AAPL,Legal & Policy,Senior,70.5,658000,8.4
AAPL-0924,Carlos Khan,Apple,AAPL,Engineering,Staff,88.4,575000,4.6
AAPL-0925,Hannah Park,Apple,AAPL,People/HR,Staff,77.1,835900,7.4
AAPL-0926,Chen Wilson,Apple,AAPL,Engineering,Principal,90.3,745600,7.0
AAPL-0927,Zoe Khan,Apple,AAPL,Design,Principal,73.6,595600,4.3
AAPL-0928,Yuki Schmidt,Apple,AAPL,Research & AI,Senior,78.3,462800,12.4
AAPL-0929,Ahmed Murphy,Apple,AAPL,Design,Director,85.4,1224300,6.1
AAPL-0930,Hiroshi Patel,Apple,AAPL,Sales & GTM,Principal,92.5,1133300,19.6
AAPL-0931,Priya Garcia,Apple,AAPL,Engineering,Principal,85.3,310700,10.5
AAPL-0932,Nina Wilson,Apple,AAPL,Research & AI,Senior,89.8,440700,13.6
AAPL-0933,Ahmed Ali,Apple,AAPL,Engineering,Staff,72.3,374500,4.7
AAPL-0934,Grace Davis,Apple,AAPL,Research & AI,Staff,67.2,334800,3.8
AAPL-0935,Hannah Patel,Apple,AAPL,Engineering,Principal,88.2,467800,3.8
AAPL-0936,Fatima Murphy,Apple,AAPL,Engineering,Staff,54.4,237700,7.2
AAPL-0937,Wei Martinez,Apple,AAPL,Engineering,Principal,81.2,450100,7.9
AAPL-0938,Maria Rossi,Apple,AAPL,Engineering,Senior Director,78.8,1199500,9.4
AAPL-0939,John Yamamoto,Apple,AAPL,Engineering,Staff,83.4,364800,8.7
AAPL-0940,John Brown,Apple,AAPL,Operations,Staff,69.6,126000,8.2
AAPL-0941,Elena Hassan,Apple,AAPL,Operations,Principal,74.7,204400,16.7
AAPL-0942,Michael Brown,Apple,AAPL,Research & AI,Senior,83.1,326300,7.2
AAPL-0943,Daniel Schmidt,Apple,AAPL,Product,Director,79.5,840300,11.0
AAPL-0944,Maria Rossi,Apple,AAPL,Research & AI,Staff,71.3,141800,10.9
AAPL-0945,Maria Petrov,Apple,AAPL,Sales & GTM,Senior Director,81.6,830200,5.7
AAPL-0946,Chen Park,Apple,AAPL,Sales & GTM,Principal,69.4,402900,19.7
AAPL-0947,Chen Tanaka,Apple,AAPL,Engineering,Staff,71.2,567500,11.3
AAPL-0948,Sofia Patel,Apple,AAPL,Operations,Senior,77.3,239400,18.6
AAPL-0949,Wei Kim,Apple,AAPL,Engineering,Senior Director,89.8,2399400,8.2
AAPL-0950,David Petrov,Apple,AAPL,Marketing,Senior,67.8,112600,20.5
AAPL-0951,Daniel Hassan,Apple,AAPL,Engineering,Director,74.6,390400,5.9
AAPL-0952,Chen Reyes,Apple,AAPL,Sales & GTM,Principal,86.2,570000,6.1
AAPL-0953,Hannah Murphy,Apple,AAPL,Product,Principal,67.0,196200,5.6
AAPL-0954,Hannah Garcia,Apple,AAPL,Research & AI,Principal,86.1,632400,9.0
AAPL-0955,Yuki Chen,Apple,AAPL,Sales & GTM,Senior Director,78.1,1221400,20.5
AAPL-0956,Michael Ali,Apple,AAPL,Research & AI,Principal,57.9,1169200,13.1
AAPL-0957,Thomas Murphy,Apple,AAPL,Finance,Staff,57.9,148000,6.0
AAPL-0958,Maria Rossi,Apple,AAPL,Research & AI,Senior Director,100.0,3232600,18.7
AAPL-0959,Grace Davis,Apple,AAPL,Operations,Staff,79.4,533900,10.5
AAPL-0960,Mary Murphy,Apple,AAPL,Engineering,Senior,75.5,433200,19.2
AAPL-0961,Yuki Anderson,Apple,AAPL,Sales & GTM,Staff,87.8,380500,9.5
AAPL-0962,Mary Lopez,Apple,AAPL,Marketing,Principal,62.8,203900,15.1
AAPL-0963,Fatima Wang,Apple,AAPL,Sales & GTM,Staff,87.9,249100,8.4
AAPL-0964,Nina Patel,Apple,AAPL,Sales & GTM,Staff,69.0,790700,18.8
AAPL-0965,Elena Martinez,Apple,AAPL,Engineering,Senior,61.3,91000,7.2
AAPL-0966,Raj Reyes,Apple,AAPL,Marketing,Senior,86.2,228400,8.7
AAPL-0967,Arjun Schmidt,Apple,AAPL,Product,Principal,90.6,400100,7.0
AAPL-0968,Chen Singh,Apple,AAPL,Sales & GTM,Principal,74.9,408300,14.2
AAPL-0969,Arjun Martinez,Apple,AAPL,Sales & GTM,Principal,67.2,1113500,9.6
AAPL-0970,Aisha Khan,Apple,AAPL,Research & AI,Principal,83.0,203100,16.4
AAPL-0971,Yuki Schmidt,Apple,AAPL,Sales & GTM,Senior,86.1,159100,7.8
AAPL-0972,Yuki Khan,Apple,AAPL,Research & AI,Principal,76.7,403900,3.7
AAPL-0973,Samuel Ali,Apple,AAPL,Engineering,Senior,73.6,201300,5.3
AAPL-0974,Arjun Yamamoto,Apple,AAPL,Engineering,Staff,70.8,258900,5.2
AAPL-0975,John Garcia,Apple,AAPL,Research & AI,Senior,75.7,201100,29.9
AAPL-0976,Mary Wang,Apple,AAPL,Engineering,Principal,96.1,997100,16.7
AAPL-0977,Mary Schmidt,Apple,AAPL,Product,Senior,83.0,385100,2.0
AAPL-0978,Zoe Hassan,Apple,AAPL,Engineering,Director,81.3,756200,9.2
AAPL-0979,Thomas Davis,Apple,AAPL,Engineering,VP,83.0,926500,12.7
AAPL-0980,Olivia Murphy,Apple,AAPL,Engineering,Staff,68.8,303000,6.4
AAPL-0981,Sofia Rossi,Apple,AAPL,Operations,Staff,68.0,142500,4.8
AAPL-0982,James Smith,Apple,AAPL,Product,Senior,78.1,635100,7.2
AAPL-0983,Carlos Rossi,Apple,AAPL,Engineering,Staff,61.3,238100,8.9
AAPL-0984,Yuki Nguyen,Apple,AAPL,Research & AI,Principal,98.2,355500,6.4
AAPL-0985,Wei Smith,Apple,AAPL,Engineering,Senior,78.2,484100,4.8
AAPL-0986,Hiroshi Martinez,Apple,AAPL,Engineering,Senior Director,86.2,858300,10.5
AAPL-0987,John Murphy,Apple,AAPL,Product,VP,70.3,540400,16.5
AAPL-0988,Nina Cohen,Apple,AAPL,Finance,Senior,74.6,103100,15.0
AAPL-0989,Hannah Lopez,Apple,AAPL,Engineering,VP,87.8,407100,5.9
AAPL-0990,Hiroshi Patel,Apple,AAPL,Research & AI,Director,65.3,455200,7.8
AAPL-0991,Sofia Okafor,Apple,AAPL,Engineering,Senior Director,69.7,714800,12.8
AAPL-0992,Zoe Reyes,Apple,AAPL,Engineering,Staff,88.1,291300,3.0
AAPL-0993,Maria Cohen,Apple,AAPL,Marketing,SVP,77.2,1205700,16.2
AAPL-0994,Fatima Kim,Apple,AAPL,Engineering,Principal,71.7,392600,8.8
AAPL-0995,Emily Murphy,Apple,AAPL,Product,Senior Director,81.4,472700,8.0
AAPL-0996,Yuki Park,Apple,AAPL,Operations,Staff,100.0,324900,5.6
AAPL-0997,Priya Reyes,Apple,AAPL,Research & AI,Principal,71.3,169400,12.6
AAPL-0998,Wei Rossi,Apple,AAPL,Legal & Policy,Principal,88.3,1064000,9.3
AAPL-0999,Hannah Nguyen,Apple,AAPL,Engineering,Senior Director,94.9,899900,17.6
AAPL-1000,Wei Davis,Apple,AAPL,Product,Senior,73.9,106900,15.8
GOOG-0001,Grace Singh,Alphabet (Google),GOOG,Research & AI,VP,73.8,2645800,8.8
GOOG-0002,John Anderson,Alphabet (Google),GOOG,Engineering,Principal,80.8,331700,10.4
GOOG-0003,David Petrov,Alphabet (Google),GOOG,Engineering,Staff,79.6,341800,4.6
GOOG-0004,Nina Brown,Alphabet (Google),GOOG,Finance,Staff,74.6,225200,3.9
GOOG-0005,Maria Park,Alphabet (Google),GOOG,Operations,Principal,90.1,257800,6.9
GOOG-0006,Aisha Johnson,Alphabet (Google),GOOG,Research & AI,Staff,73.4,613000,2.4
GOOG-0007,Elena Tanaka,Alphabet (Google),GOOG,Engineering,Senior,83.6,238600,10.6
GOOG-0008,Daniel Kim,Alphabet (Google),GOOG,Engineering,Director,99.9,155100,8.8
GOOG-0009,Daniel Cohen,Alphabet (Google),GOOG,Product,Director,91.4,437700,4.7
GOOG-0010,Maria Brown,Alphabet (Google),GOOG,Engineering,Staff,65.6,200300,6.6
GOOG-0011,Zoe Silva,Alphabet (Google),GOOG,Product,Director,75.0,366500,7.0
GOOG-0012,Mary Lopez,Alphabet (Google),GOOG,Product,Director,76.6,1426500,6.1
GOOG-0013,Fatima Johnson,Alphabet (Google),GOOG,Engineering,Senior,64.0,123900,17.2
GOOG-0014,Thomas Silva,Alphabet (Google),GOOG,Finance,Senior,66.4,126200,6.5
GOOG-0015,David Khan,Alphabet (Google),GOOG,Research & AI,Director,93.1,945000,10.2
GOOG-0016,Arjun Okafor,Alphabet (Google),GOOG,People/HR,Senior,93.3,241900,12.8
GOOG-0017,Hannah Brown,Alphabet (Google),GOOG,Product,Staff,84.0,655000,10.7
GOOG-0018,Daniel Davis,Alphabet (Google),GOOG,Engineering,Director,81.3,744700,5.6
GOOG-0019,Samuel Singh,Alphabet (Google),GOOG,Research & AI,Principal,73.7,518500,13.3
GOOG-0020,Michael Rossi,Alphabet (Google),GOOG,Design,Principal,70.9,465700,5.8
GOOG-0021,Priya Chen,Alphabet (Google),GOOG,Marketing,Senior Director,86.6,626000,8.4
GOOG-0022,Aisha Tanaka,Alphabet (Google),GOOG,Finance,Senior,75.5,126200,8.3
GOOG-0023,Priya Lee,Alphabet (Google),GOOG,Engineering,Senior,82.2,110800,4.9
GOOG-0024,Samuel Lopez,Alphabet (Google),GOOG,Engineering,Staff,89.1,519700,11.5
GOOG-0025,Yuki Silva,Alphabet (Google),GOOG,Engineering,Senior Director,75.1,365600,11.1
GOOG-0026,Michael Lee,Alphabet (Google),GOOG,Engineering,Senior Director,65.1,823100,7.6
GOOG-0027,David Davis,Alphabet (Google),GOOG,Engineering,Staff,74.7,95500,3.2
GOOG-0028,Arjun Khan,Alphabet (Google),GOOG,Engineering,Senior,94.8,1099600,7.5
GOOG-0029,David Lopez,Alphabet (Google),GOOG,Research & AI,VP,85.4,1146800,10.2
GOOG-0030,Grace Smith,Alphabet (Google),GOOG,Engineering,C-Suite,85.4,2453900,12.3
GOOG-0031,Hannah Rossi,Alphabet (Google),GOOG,Marketing,Staff,78.8,321900,7.2
GOOG-0032,Fatima Smith,Alphabet (Google),GOOG,Finance,Senior,80.4,242000,10.6
GOOG-0033,Linda Wilson,Alphabet (Google),GOOG,Research & AI,Senior,95.1,372000,19.7
GOOG-0034,Ahmed Petrov,Alphabet (Google),GOOG,Engineering,Principal,77.2,490600,8.4
GOOG-0035,Daniel Tanaka,Alphabet (Google),GOOG,Finance,Staff,76.1,131700,13.7
GOOG-0036,Emily Rossi,Alphabet (Google),GOOG,Design,VP,82.8,1405700,5.2
GOOG-0037,Sofia Yamamoto,Alphabet (Google),GOOG,Sales & GTM,Senior,96.4,409000,4.1
GOOG-0038,Michael Martinez,Alphabet (Google),GOOG,Product,Director,82.9,1239700,4.4
GOOG-0039,Nina Smith,Alphabet (Google),GOOG,Product,C-Suite,93.2,1553200,11.2
GOOG-0040,Daniel Murphy,Alphabet (Google),GOOG,Research & AI,Principal,65.1,954100,8.1
GOOG-0041,Zoe Okafor,Alphabet (Google),GOOG,Engineering,Staff,84.9,276100,5.2
GOOG-0042,Carlos Garcia,Alphabet (Google),GOOG,Finance,Director,86.2,449800,3.8
GOOG-0043,Arjun Johnson,Alphabet (Google),GOOG,Engineering,Director,69.9,742700,16.5
GOOG-0044,Elena Lopez,Alphabet (Google),GOOG,People/HR,Staff,74.2,431900,3.1
GOOG-0045,Yuki Tanaka,Alphabet (Google),GOOG,Marketing,Senior,73.4,199000,1.6
GOOG-0046,Nina Chen,Alphabet (Google),GOOG,Engineering,Senior,99.4,936600,17.9
GOOG-0047,Carlos Brown,Alphabet (Google),GOOG,Engineering,Senior,79.8,201800,2.8
GOOG-0048,Carlos Reyes,Alphabet (Google),GOOG,Engineering,Principal,100.0,165300,9.7
GOOG-0049,Aisha Singh,Alphabet (Google),GOOG,Engineering,Senior,91.8,426300,4.8
GOOG-0050,Wei Smith,Alphabet (Google),GOOG,Product,VP,80.3,773200,12.9
GOOG-0051,Thomas Kim,Alphabet (Google),GOOG,Sales & GTM,Senior,86.9,264900,11.5
GOOG-0052,David Reyes,Alphabet (Google),GOOG,People/HR,Senior,79.1,164400,11.8
GOOG-0053,Linda Brown,Alphabet (Google),GOOG,Engineering,Staff,80.1,281500,8.8
GOOG-0054,Hiroshi Singh,Alphabet (Google),GOOG,Engineering,Senior,77.7,451400,9.5
GOOG-0055,Mary Chen,Alphabet (Google),GOOG,People/HR,Senior Director,75.2,629800,8.8
GOOG-0056,Sofia Silva,Alphabet (Google),GOOG,Operations,VP,100.0,1175600,10.5
GOOG-0057,Kevin Schmidt,Alphabet (Google),GOOG,Legal & Policy,Director,80.9,668700,9.3
GOOG-0058,Carlos Smith,Alphabet (Google),GOOG,Research & AI,Principal,67.6,731700,8.1
GOOG-0059,Fatima Anderson,Alphabet (Google),GOOG,Engineering,Staff,88.3,446800,3.5
GOOG-0060,Zoe Park,Alphabet (Google),GOOG,Engineering,Principal,93.3,384800,4.6
GOOG-0061,James Murphy,Alphabet (Google),GOOG,Operations,Senior,69.3,389000,12.2
GOOG-0062,Kevin Tanaka,Alphabet (Google),GOOG,People/HR,Principal,90.2,255800,7.0
GOOG-0063,Raj Rossi,Alphabet (Google),GOOG,Design,Senior,81.0,403600,12.4
GOOG-0064,Yuki Smith,Alphabet (Google),GOOG,Finance,Principal,67.3,429100,8.1
GOOG-0065,Mary Patel,Alphabet (Google),GOOG,Sales & GTM,Director,81.1,295100,6.6
GOOG-0066,Raj Park,Alphabet (Google),GOOG,Design,Senior Director,77.4,242800,10.1
GOOG-0067,Priya Tanaka,Alphabet (Google),GOOG,Product,Senior,87.2,286500,6.1
GOOG-0068,James Okafor,Alphabet (Google),GOOG,Engineering,VP,92.2,826600,10.3
GOOG-0069,Ahmed Tanaka,Alphabet (Google),GOOG,Engineering,Senior,74.4,496000,4.6
GOOG-0070,Fatima Tanaka,Alphabet (Google),GOOG,Operations,Senior,84.3,360100,6.8
GOOG-0071,David Johnson,Alphabet (Google),GOOG,Legal & Policy,Staff,82.6,246400,3.9
GOOG-0072,James Lee,Alphabet (Google),GOOG,Research & AI,Senior,74.8,158500,11.4
GOOG-0073,John Park,Alphabet (Google),GOOG,Research & AI,Staff,81.6,413600,2.1
GOOG-0074,Linda Cohen,Alphabet (Google),GOOG,Finance,Director,80.0,1143400,7.7
GOOG-0075,Chen Ali,Alphabet (Google),GOOG,Operations,Staff,85.6,407000,4.3
GOOG-0076,Michael Tanaka,Alphabet (Google),GOOG,Engineering,Senior Director,68.0,506900,14.5
GOOG-0077,Raj Johnson,Alphabet (Google),GOOG,Research & AI,Principal,63.6,598000,22.0
GOOG-0078,Arjun Silva,Alphabet (Google),GOOG,Engineering,Senior,92.9,866300,12.1
GOOG-0079,Fatima Reyes,Alphabet (Google),GOOG,Sales & GTM,Staff,67.7,196300,6.5
GOOG-0080,Kevin Okafor,Alphabet (Google),GOOG,Marketing,Staff,78.4,543500,13.4
GOOG-0081,Fatima Brown,Alphabet (Google),GOOG,People/HR,Senior Director,73.1,581400,6.7
GOOG-0082,Arjun Anderson,Alphabet (Google),GOOG,Research & AI,Senior,80.0,282900,3.0
GOOG-0083,Hannah Tanaka,Alphabet (Google),GOOG,Operations,Principal,89.8,705200,14.9
GOOG-0084,Grace Park,Alphabet (Google),GOOG,Engineering,Principal,75.3,556400,3.6
GOOG-0085,Fatima Park,Alphabet (Google),GOOG,Design,Senior,86.3,89500,3.6
GOOG-0086,Michael Okafor,Alphabet (Google),GOOG,Marketing,Staff,84.0,845700,4.0
GOOG-0087,Thomas Park,Alphabet (Google),GOOG,Engineering,Senior Director,80.9,797100,9.8
GOOG-0088,David Chen,Alphabet (Google),GOOG,Design,Staff,74.4,263400,4.9
GOOG-0089,Olivia Lee,Alphabet (Google),GOOG,Engineering,Senior Director,84.1,1276900,14.6
GOOG-0090,James Kim,Alphabet (Google),GOOG,Sales & GTM,Senior,76.1,479100,14.5
GOOG-0091,Kevin Cohen,Alphabet (Google),GOOG,Sales & GTM,Staff,87.9,304200,7.0
GOOG-0092,Ahmed Patel,Alphabet (Google),GOOG,Design,Staff,83.4,592800,2.5
GOOG-0093,John Wang,Alphabet (Google),GOOG,Research & AI,Principal,89.7,604300,2.9
GOOG-0094,David Cohen,Alphabet (Google),GOOG,Research & AI,Senior Director,88.4,730800,5.5
GOOG-0095,David Petrov,Alphabet (Google),GOOG,Marketing,VP,76.0,751000,5.2
GOOG-0096,Yuki Silva,Alphabet (Google),GOOG,Marketing,Staff,86.3,190800,16.5
GOOG-0097,Chen Reyes,Alphabet (Google),GOOG,Marketing,Principal,63.0,244100,2.3
GOOG-0098,Nina Tanaka,Alphabet (Google),GOOG,Product,Staff,99.1,303200,11.5
GOOG-0099,Ahmed Anderson,Alphabet (Google),GOOG,Sales & GTM,Senior Director,76.6,836000,7.9
GOOG-0100,Ahmed Patel,Alphabet (Google),GOOG,Operations,Senior Director,87.4,1040300,10.7
GOOG-0101,Zoe Ali,Alphabet (Google),GOOG,Engineering,Senior Director,76.6,1020400,9.4
GOOG-0102,John Chen,Alphabet (Google),GOOG,Engineering,VP,85.1,1345600,5.4
GOOG-0103,Mary Smith,Alphabet (Google),GOOG,Legal & Policy,Principal,80.9,608600,12.2
GOOG-0104,Ahmed Wang,Alphabet (Google),GOOG,Research & AI,Senior,73.5,130900,2.8
GOOG-0105,Yuki Okafor,Alphabet (Google),GOOG,Sales & GTM,Principal,87.2,619100,3.0
GOOG-0106,Emily Hassan,Alphabet (Google),GOOG,Research & AI,Staff,83.6,639200,4.0
GOOG-0107,Ahmed Garcia,Alphabet (Google),GOOG,Operations,Principal,71.6,237200,10.4
GOOG-0108,Michael Khan,Alphabet (Google),GOOG,People/HR,Senior Director,83.1,296600,10.1
GOOG-0109,Raj Wilson,Alphabet (Google),GOOG,Engineering,Senior,65.2,157300,10.1
GOOG-0110,Elena Wilson,Alphabet (Google),GOOG,Operations,Senior,79.9,203700,7.4
GOOG-0111,Maria Davis,Alphabet (Google),GOOG,Engineering,Director,97.2,603900,9.6
GOOG-0112,Yuki Lee,Alphabet (Google),GOOG,Engineering,SVP,81.4,1369800,9.6
GOOG-0113,Kevin Brown,Alphabet (Google),GOOG,Research & AI,Senior,100.0,1206000,8.1
GOOG-0114,Elena Park,Alphabet (Google),GOOG,Research & AI,Staff,69.0,569900,9.6
GOOG-0115,Arjun Davis,Alphabet (Google),GOOG,Legal & Policy,Senior,75.6,308600,8.8
GOOG-0116,Zoe Davis,Alphabet (Google),GOOG,Engineering,Staff,74.0,115500,4.5
GOOG-0117,John Brown,Alphabet (Google),GOOG,Engineering,Senior,74.0,755600,5.8
GOOG-0118,Mary Ali,Alphabet (Google),GOOG,Engineering,Senior Director,89.7,694500,11.0
GOOG-0119,Arjun Davis,Alphabet (Google),GOOG,Design,Director,90.6,341300,11.3
GOOG-0120,Hannah Yamamoto,Alphabet (Google),GOOG,Engineering,Senior,96.3,290400,8.7
GOOG-0121,John Singh,Alphabet (Google),GOOG,Research & AI,Staff,91.1,695200,4.5
GOOG-0122,Fatima Garcia,Alphabet (Google),GOOG,Engineering,Senior,65.7,389900,3.3
GOOG-0123,Linda Anderson,Alphabet (Google),GOOG,Engineering,Senior,73.9,182100,12.5
GOOG-0124,Thomas Petrov,Alphabet (Google),GOOG,Engineering,Principal,78.9,531300,5.2
GOOG-0125,Mary Rossi,Alphabet (Google),GOOG,Research & AI,Principal,72.4,262500,10.8
GOOG-0126,Samuel Schmidt,Alphabet (Google),GOOG,Engineering,C-Suite,68.3,769400,11.0
GOOG-0127,Olivia Cohen,Alphabet (Google),GOOG,Finance,Senior,82.3,164200,7.5
GOOG-0128,Olivia Silva,Alphabet (Google),GOOG,Operations,Senior Director,91.1,709100,5.0
GOOG-0129,Zoe Khan,Alphabet (Google),GOOG,Research & AI,Staff,64.0,446900,2.4
GOOG-0130,David Park,Alphabet (Google),GOOG,Engineering,Principal,90.7,354200,5.2
GOOG-0131,Carlos Rossi,Alphabet (Google),GOOG,Sales & GTM,Senior,85.0,324800,1.6
GOOG-0132,Kevin Nguyen,Alphabet (Google),GOOG,Product,Senior,72.0,121100,2.7
GOOG-0133,Maria Okafor,Alphabet (Google),GOOG,Sales & GTM,Senior,88.3,679000,2.4
GOOG-0134,Linda Kim,Alphabet (Google),GOOG,Research & AI,VP,84.5,920100,8.2
GOOG-0135,Aisha Rossi,Alphabet (Google),GOOG,Research & AI,Principal,82.5,589000,10.6
GOOG-0136,Thomas Lee,Alphabet (Google),GOOG,Finance,Principal,73.1,149900,6.5
GOOG-0137,Mary Khan,Alphabet (Google),GOOG,Research & AI,Staff,96.4,233100,5.4
GOOG-0138,Michael Wang,Alphabet (Google),GOOG,Finance,Senior,74.6,226600,2.6
GOOG-0139,Maria Chen,Alphabet (Google),GOOG,Engineering,Staff,76.3,442800,21.8
GOOG-0140,Linda Rossi,Alphabet (Google),GOOG,Engineering,Staff,83.6,310000,6.6
GOOG-0141,Aisha Wang,Alphabet (Google),GOOG,Product,Senior,80.8,238700,13.3
GOOG-0142,Samuel Park,Alphabet (Google),GOOG,Research & AI,Senior,70.3,206600,10.0
GOOG-0143,Grace Johnson,Alphabet (Google),GOOG,Marketing,Senior,100.0,590700,4.8
GOOG-0144,Elena Garcia,Alphabet (Google),GOOG,Engineering,Senior Director,77.8,1287200,12.0
GOOG-0145,Priya Khan,Alphabet (Google),GOOG,Research & AI,Senior,84.5,322300,2.7
GOOG-0146,Grace Yamamoto,Alphabet (Google),GOOG,People/HR,Senior,65.4,596900,4.2
GOOG-0147,Daniel Hassan,Alphabet (Google),GOOG,Engineering,Senior,73.1,394800,5.5
GOOG-0148,Zoe Tanaka,Alphabet (Google),GOOG,Product,Senior,70.9,130700,4.3
GOOG-0149,Chen Silva,Alphabet (Google),GOOG,Sales & GTM,Senior,74.4,355800,18.7
GOOG-0150,David Silva,Alphabet (Google),GOOG,Product,Senior,74.5,549500,13.3
GOOG-0151,John Anderson,Alphabet (Google),GOOG,Engineering,Principal,70.7,415700,5.6
GOOG-0152,Samuel Anderson,Alphabet (Google),GOOG,Product,VP,81.4,1792800,9.5
GOOG-0153,Arjun Petrov,Alphabet (Google),GOOG,Marketing,Director,80.6,834900,8.4
GOOG-0154,Elena Okafor,Alphabet (Google),GOOG,Engineering,Senior,51.0,186500,10.2
GOOG-0155,James Johnson,Alphabet (Google),GOOG,Sales & GTM,Director,89.9,1005000,9.8
GOOG-0156,Wei Johnson,Alphabet (Google),GOOG,Design,Senior Director,81.9,459800,7.0
GOOG-0157,Emily Anderson,Alphabet (Google),GOOG,People/HR,Staff,66.2,403000,4.0
GOOG-0158,Ahmed Davis,Alphabet (Google),GOOG,Engineering,Principal,91.1,265700,9.0
GOOG-0159,Fatima Tanaka,Alphabet (Google),GOOG,Operations,SVP,95.4,809100,9.3
GOOG-0160,Priya Nguyen,Alphabet (Google),GOOG,Product,Staff,78.5,502800,10.7
GOOG-0161,Hannah Davis,Alphabet (Google),GOOG,Engineering,Principal,70.9,365500,6.0
GOOG-0162,Wei Brown,Alphabet (Google),GOOG,Marketing,Director,96.4,569700,10.0
GOOG-0163,Grace Silva,Alphabet (Google),GOOG,Operations,Staff,91.7,594200,11.0
GOOG-0164,Elena Anderson,Alphabet (Google),GOOG,Engineering,Senior,63.2,121300,3.4
GOOG-0165,Thomas Johnson,Alphabet (Google),GOOG,Finance,Senior,74.8,110700,3.7
GOOG-0166,Zoe Schmidt,Alphabet (Google),GOOG,Sales & GTM,Director,63.9,187500,6.5
GOOG-0167,Arjun Anderson,Alphabet (Google),GOOG,Sales & GTM,Senior,87.4,258900,5.1
GOOG-0168,Fatima Ali,Alphabet (Google),GOOG,People/HR,Staff,65.1,1228100,7.3
GOOG-0169,Yuki Okafor,Alphabet (Google),GOOG,Product,Senior,75.5,155400,3.9
GOOG-0170,Mary Khan,Alphabet (Google),GOOG,Engineering,Principal,82.2,2339100,3.1
GOOG-0171,Daniel Anderson,Alphabet (Google),GOOG,Product,Principal,85.8,360100,16.8
GOOG-0172,Chen Murphy,Alphabet (Google),GOOG,Operations,Staff,74.0,566900,4.3
GOOG-0173,Hannah Singh,Alphabet (Google),GOOG,Engineering,Principal,85.5,354300,14.4
GOOG-0174,Priya Nguyen,Alphabet (Google),GOOG,Engineering,Principal,89.1,500000,11.5
GOOG-0175,Linda Garcia,Alphabet (Google),GOOG,Engineering,Staff,99.1,431600,5.2
GOOG-0176,Ahmed Yamamoto,Alphabet (Google),GOOG,Product,SVP,93.9,717800,16.6
GOOG-0177,Yuki Cohen,Alphabet (Google),GOOG,Research & AI,Principal,90.7,794200,4.7
GOOG-0178,Mary Johnson,Alphabet (Google),GOOG,Engineering,Senior Director,91.5,1597400,4.2
GOOG-0179,Chen Petrov,Alphabet (Google),GOOG,Engineering,Senior Director,72.0,1177700,11.2
GOOG-0180,Ahmed Smith,Alphabet (Google),GOOG,Research & AI,Principal,94.0,693700,11.0
GOOG-0181,David Murphy,Alphabet (Google),GOOG,Product,Staff,71.7,246800,4.3
GOOG-0182,John Silva,Alphabet (Google),GOOG,Research & AI,Staff,75.8,378700,14.2
GOOG-0183,Hannah Smith,Alphabet (Google),GOOG,Design,Staff,71.1,111800,8.4
GOOG-0184,Elena Davis,Alphabet (Google),GOOG,Engineering,Senior,79.4,348500,13.7
GOOG-0185,Carlos Yamamoto,Alphabet (Google),GOOG,Legal & Policy,Senior,92.1,259200,11.8
GOOG-0186,Ahmed Rossi,Alphabet (Google),GOOG,Engineering,Director,71.2,520100,7.3
GOOG-0187,Ahmed Lee,Alphabet (Google),GOOG,Operations,Staff,68.2,176900,5.1
GOOG-0188,Kevin Yamamoto,Alphabet (Google),GOOG,Engineering,Senior,81.9,382300,6.4
GOOG-0189,Aisha Schmidt,Alphabet (Google),GOOG,Research & AI,Senior,86.1,575800,7.7
GOOG-0190,Aisha Martinez,Alphabet (Google),GOOG,Design,Staff,83.9,711400,6.2
GOOG-0191,Kevin Smith,Alphabet (Google),GOOG,Engineering,Principal,78.7,438500,10.6
GOOG-0192,Ahmed Martinez,Alphabet (Google),GOOG,Sales & GTM,Senior,63.7,309300,7.1
GOOG-0193,Kevin Hassan,Alphabet (Google),GOOG,People/HR,Director,87.7,490100,3.9
GOOG-0194,Maria Nguyen,Alphabet (Google),GOOG,Research & AI,Staff,85.2,282300,21.3
GOOG-0195,Fatima Yamamoto,Alphabet (Google),GOOG,Operations,Senior,77.6,312100,8.1
GOOG-0196,Daniel Davis,Alphabet (Google),GOOG,Research & AI,Senior,88.9,212700,4.5
GOOG-0197,Wei Park,Alphabet (Google),GOOG,Design,Principal,70.5,543600,16.7
GOOG-0198,Linda Brown,Alphabet (Google),GOOG,Operations,Director,100.0,596600,6.2
GOOG-0199,Sofia Cohen,Alphabet (Google),GOOG,Engineering,Senior,91.0,285400,15.2
GOOG-0200,Chen Davis,Alphabet (Google),GOOG,Engineering,Senior Director,87.2,1427500,5.0
GOOG-0201,Thomas Wilson,Alphabet (Google),GOOG,Product,Principal,76.9,1265500,5.0
GOOG-0202,Chen Johnson,Alphabet (Google),GOOG,Research & AI,Senior,90.5,603400,3.5
GOOG-0203,Olivia Davis,Alphabet (Google),GOOG,Design,Senior,66.6,229800,1.5
GOOG-0204,Linda Murphy,Alphabet (Google),GOOG,Engineering,Principal,83.7,295100,7.3
GOOG-0205,Wei Khan,Alphabet (Google),GOOG,Operations,Senior,70.5,552600,5.1
GOOG-0206,Olivia Garcia,Alphabet (Google),GOOG,Legal & Policy,Principal,62.2,383300,10.3
GOOG-0207,Chen Patel,Alphabet (Google),GOOG,Finance,Senior,89.5,370700,0.9
GOOG-0208,John Martinez,Alphabet (Google),GOOG,Engineering,VP,90.3,2258300,18.8
GOOG-0209,Hiroshi Chen,Alphabet (Google),GOOG,People/HR,Senior,79.5,216300,4.2
GOOG-0210,Fatima Murphy,Alphabet (Google),GOOG,Operations,Director,85.9,414100,6.0
GOOG-0211,Sofia Tanaka,Alphabet (Google),GOOG,Product,Staff,84.9,289100,5.1
GOOG-0212,Mary Anderson,Alphabet (Google),GOOG,Engineering,Staff,82.2,680600,10.3
GOOG-0213,Wei Hassan,Alphabet (Google),GOOG,Engineering,Principal,97.5,364400,12.9
GOOG-0214,Mary Yamamoto,Alphabet (Google),GOOG,Research & AI,Principal,80.7,575700,5.7
GOOG-0215,Kevin Nguyen,Alphabet (Google),GOOG,Research & AI,Principal,98.5,404200,14.4
GOOG-0216,Aisha Lee,Alphabet (Google),GOOG,Product,Director,84.3,416000,4.9
GOOG-0217,Chen Johnson,Alphabet (Google),GOOG,Research & AI,VP,100.0,2707700,10.5
GOOG-0218,Arjun Wilson,Alphabet (Google),GOOG,Legal & Policy,Senior,86.1,449300,2.4
GOOG-0219,Chen Kim,Alphabet (Google),GOOG,Research & AI,Senior,72.8,200000,4.3
GOOG-0220,Yuki Kim,Alphabet (Google),GOOG,Engineering,Director,88.4,800200,17.8
GOOG-0221,Samuel Wang,Alphabet (Google),GOOG,Research & AI,Senior,81.9,275300,9.3
GOOG-0222,Fatima Hassan,Alphabet (Google),GOOG,Engineering,Principal,84.8,272900,5.6
GOOG-0223,Samuel Martinez,Alphabet (Google),GOOG,Operations,Principal,77.3,399500,5.6
GOOG-0224,Sofia Martinez,Alphabet (Google),GOOG,Product,Principal,81.1,496900,4.0
GOOG-0225,Linda Garcia,Alphabet (Google),GOOG,Operations,Senior Director,90.4,495500,7.9
GOOG-0226,Linda Murphy,Alphabet (Google),GOOG,Engineering,Director,86.2,1116500,11.5
GOOG-0227,John Lopez,Alphabet (Google),GOOG,Research & AI,Senior,78.3,364300,9.3
GOOG-0228,Hiroshi Silva,Alphabet (Google),GOOG,Finance,Senior,65.3,500700,6.7
GOOG-0229,Maria Anderson,Alphabet (Google),GOOG,Engineering,Principal,82.4,671200,9.0
GOOG-0230,Hiroshi Reyes,Alphabet (Google),GOOG,Engineering,C-Suite,82.6,2098200,13.5
GOOG-0231,Samuel Singh,Alphabet (Google),GOOG,Operations,Staff,62.4,219500,11.4
GOOG-0232,Grace Wilson,Alphabet (Google),GOOG,Sales & GTM,Principal,75.0,306600,8.3
GOOG-0233,Linda Schmidt,Alphabet (Google),GOOG,Research & AI,Senior,78.9,100300,1.2
GOOG-0234,Elena Tanaka,Alphabet (Google),GOOG,Legal & Policy,Senior,74.0,429600,4.7
GOOG-0235,Hannah Schmidt,Alphabet (Google),GOOG,Sales & GTM,Senior,72.0,286100,1.1
GOOG-0236,Thomas Cohen,Alphabet (Google),GOOG,Operations,Staff,85.5,216700,14.9
GOOG-0237,Hiroshi Kim,Alphabet (Google),GOOG,Finance,Principal,88.9,902900,6.6
GOOG-0238,Samuel Petrov,Alphabet (Google),GOOG,Research & AI,Staff,87.0,841100,2.7
GOOG-0239,Hiroshi Martinez,Alphabet (Google),GOOG,Operations,Senior,74.4,1062800,8.5
GOOG-0240,Yuki Lopez,Alphabet (Google),GOOG,Product,Principal,91.1,333900,6.2
GOOG-0241,Maria Cohen,Alphabet (Google),GOOG,Sales & GTM,Staff,71.7,170500,7.3
GOOG-0242,James Wang,Alphabet (Google),GOOG,Product,Principal,86.7,428300,4.7
GOOG-0243,Carlos Yamamoto,Alphabet (Google),GOOG,Operations,Staff,67.1,135600,9.1
GOOG-0244,Hannah Reyes,Alphabet (Google),GOOG,Engineering,Senior,98.8,159200,2.9
GOOG-0245,Raj Brown,Alphabet (Google),GOOG,Research & AI,Principal,69.7,152300,13.3
GOOG-0246,Wei Kim,Alphabet (Google),GOOG,Sales & GTM,Principal,73.9,267300,9.3
GOOG-0247,Linda Silva,Alphabet (Google),GOOG,Research & AI,Senior,81.3,410400,8.3
GOOG-0248,David Smith,Alphabet (Google),GOOG,Marketing,VP,86.0,1395800,14.5
GOOG-0249,John Yamamoto,Alphabet (Google),GOOG,Operations,Senior,69.1,423300,4.6
GOOG-0250,Wei Hassan,Alphabet (Google),GOOG,Engineering,Director,91.9,1179700,10.8
GOOG-0251,David Chen,Alphabet (Google),GOOG,Marketing,Senior,75.0,330200,4.6
GOOG-0252,Carlos Garcia,Alphabet (Google),GOOG,Sales & GTM,Principal,87.3,1002500,12.0
GOOG-0253,Nina Silva,Alphabet (Google),GOOG,People/HR,Staff,78.5,198600,6.4
GOOG-0254,Fatima Murphy,Alphabet (Google),GOOG,People/HR,Senior,85.8,883800,6.2
GOOG-0255,Arjun Yamamoto,Alphabet (Google),GOOG,Operations,Senior,67.9,164100,3.3
GOOG-0256,Linda Wilson,Alphabet (Google),GOOG,Operations,Senior,82.6,597300,7.9
GOOG-0257,Hiroshi Brown,Alphabet (Google),GOOG,Marketing,Director,100.0,731300,7.7
GOOG-0258,James Wilson,Alphabet (Google),GOOG,Engineering,Staff,54.8,344400,3.3
GOOG-0259,Elena Wilson,Alphabet (Google),GOOG,Product,Senior,72.2,198000,2.4
GOOG-0260,Daniel Ali,Alphabet (Google),GOOG,Product,VP,85.0,604500,11.7
GOOG-0261,Samuel Anderson,Alphabet (Google),GOOG,Sales & GTM,Staff,86.6,484700,4.7
GOOG-0262,Sofia Chen,Alphabet (Google),GOOG,Sales & GTM,Staff,64.9,324500,9.7
GOOG-0263,Thomas Garcia,Alphabet (Google),GOOG,Marketing,Principal,78.2,819300,8.7
GOOG-0264,Ahmed Brown,Alphabet (Google),GOOG,Product,Director,92.4,1057500,9.8
GOOG-0265,Carlos Garcia,Alphabet (Google),GOOG,People/HR,Director,87.1,1766400,5.7
GOOG-0266,Ahmed Cohen,Alphabet (Google),GOOG,Sales & GTM,Senior,87.9,422300,3.0
GOOG-0267,Chen Tanaka,Alphabet (Google),GOOG,Engineering,Staff,90.2,661900,3.0
GOOG-0268,Samuel Anderson,Alphabet (Google),GOOG,Operations,Staff,82.5,227200,6.2
GOOG-0269,Kevin Murphy,Alphabet (Google),GOOG,Engineering,Senior,65.2,208900,10.1
GOOG-0270,Kevin Khan,Alphabet (Google),GOOG,Operations,VP,99.8,1114000,6.7
GOOG-0271,Maria Wang,Alphabet (Google),GOOG,Product,Principal,100.0,639100,5.8
GOOG-0272,Nina Hassan,Alphabet (Google),GOOG,Engineering,C-Suite,86.6,1214400,12.2
GOOG-0273,Wei Yamamoto,Alphabet (Google),GOOG,Product,Senior,83.2,589000,5.2
GOOG-0274,Priya Ali,Alphabet (Google),GOOG,Engineering,Principal,96.5,654900,8.9
GOOG-0275,Hannah Murphy,Alphabet (Google),GOOG,Sales & GTM,Director,100.0,509200,6.0
GOOG-0276,Daniel Chen,Alphabet (Google),GOOG,Engineering,Principal,79.6,424500,8.8
GOOG-0277,Hannah Silva,Alphabet (Google),GOOG,Engineering,VP,67.2,1392000,10.4
GOOG-0278,Fatima Tanaka,Alphabet (Google),GOOG,Marketing,Staff,63.1,397800,9.1
GOOG-0279,Chen Okafor,Alphabet (Google),GOOG,Marketing,Senior,83.4,318100,7.4
GOOG-0280,James Brown,Alphabet (Google),GOOG,Product,Staff,69.7,133800,1.3
GOOG-0281,Priya Johnson,Alphabet (Google),GOOG,Engineering,Senior,74.3,164300,4.6
GOOG-0282,Samuel Yamamoto,Alphabet (Google),GOOG,Design,Director,88.3,761700,8.5
GOOG-0283,James Johnson,Alphabet (Google),GOOG,Design,Senior,75.3,104700,4.8
GOOG-0284,Fatima Khan,Alphabet (Google),GOOG,Operations,Staff,79.2,510000,4.8
GOOG-0285,Olivia Cohen,Alphabet (Google),GOOG,Design,Staff,79.6,206200,5.0
GOOG-0286,Ahmed Wilson,Alphabet (Google),GOOG,Research & AI,Senior Director,77.5,867400,18.4
GOOG-0287,Raj Khan,Alphabet (Google),GOOG,Research & AI,Staff,82.5,233700,5.0
GOOG-0288,Hannah Reyes,Alphabet (Google),GOOG,Marketing,Director,83.5,430600,7.5
GOOG-0289,Wei Yamamoto,Alphabet (Google),GOOG,Operations,Senior,95.4,495600,10.8
GOOG-0290,Raj Martinez,Alphabet (Google),GOOG,Sales & GTM,Staff,90.2,780900,7.9
GOOG-0291,Ahmed Lee,Alphabet (Google),GOOG,Product,Principal,89.8,1341600,6.1
GOOG-0292,Aisha Murphy,Alphabet (Google),GOOG,Sales & GTM,Staff,75.8,640600,2.8
GOOG-0293,Wei Smith,Alphabet (Google),GOOG,Sales & GTM,Senior,75.6,512000,3.5
GOOG-0294,Fatima Lopez,Alphabet (Google),GOOG,Research & AI,Director,98.9,1022600,5.8
GOOG-0295,Arjun Kim,Alphabet (Google),GOOG,Engineering,Senior Director,98.9,667200,5.5
GOOG-0296,Elena Wilson,Alphabet (Google),GOOG,Engineering,Senior,81.3,124200,6.3
GOOG-0297,Linda Garcia,Alphabet (Google),GOOG,Engineering,Principal,92.2,729000,10.1
GOOG-0298,Raj Murphy,Alphabet (Google),GOOG,Engineering,Principal,67.1,601100,3.8
GOOG-0299,Hannah Wilson,Alphabet (Google),GOOG,Operations,Staff,93.8,612000,9.5
GOOG-0300,Elena Reyes,Alphabet (Google),GOOG,Engineering,Staff,82.0,492800,5.6
GOOG-0301,Emily Ali,Alphabet (Google),GOOG,Sales & GTM,Staff,77.4,436700,5.1
GOOG-0302,Ahmed Hassan,Alphabet (Google),GOOG,Engineering,Director,69.8,254100,12.5
GOOG-0303,Yuki Kim,Alphabet (Google),GOOG,Design,Senior,94.3,515300,3.1
GOOG-0304,Yuki Hassan,Alphabet (Google),GOOG,Engineering,Senior Director,80.9,473300,8.5
GOOG-0305,Olivia Khan,Alphabet (Google),GOOG,Engineering,Principal,76.5,1280400,4.5
GOOG-0306,Grace Ali,Alphabet (Google),GOOG,Product,Director,83.7,905000,6.3
GOOG-0307,Ahmed Lopez,Alphabet (Google),GOOG,Design,Director,89.4,624300,10.9
GOOG-0308,Carlos Martinez,Alphabet (Google),GOOG,Engineering,Senior Director,81.6,1526100,9.7
GOOG-0309,Olivia Chen,Alphabet (Google),GOOG,Marketing,Director,67.0,364900,6.0
GOOG-0310,Maria Wang,Alphabet (Google),GOOG,Engineering,Director,85.4,432000,13.0
GOOG-0311,Grace Nguyen,Alphabet (Google),GOOG,Engineering,Senior,89.5,294000,9.5
GOOG-0312,John Yamamoto,Alphabet (Google),GOOG,Product,Director,71.6,568700,7.7
GOOG-0313,Ahmed Johnson,Alphabet (Google),GOOG,Finance,Senior,86.9,421400,1.5
GOOG-0314,Zoe Martinez,Alphabet (Google),GOOG,Engineering,Staff,66.1,411400,4.4
GOOG-0315,John Ali,Alphabet (Google),GOOG,Engineering,Staff,91.1,239500,7.0
GOOG-0316,James Brown,Alphabet (Google),GOOG,Finance,Senior,96.3,256900,3.0
GOOG-0317,Raj Smith,Alphabet (Google),GOOG,Research & AI,Senior,79.4,198300,29.4
GOOG-0318,Grace Lee,Alphabet (Google),GOOG,Sales & GTM,Staff,87.5,581100,3.7
GOOG-0319,Ahmed Hassan,Alphabet (Google),GOOG,Operations,Staff,84.6,385600,2.7
GOOG-0320,John Singh,Alphabet (Google),GOOG,Research & AI,Senior,70.6,109700,3.5
GOOG-0321,Michael Wilson,Alphabet (Google),GOOG,Engineering,Senior,87.7,315500,11.7
GOOG-0322,Hannah Nguyen,Alphabet (Google),GOOG,Legal & Policy,Senior Director,76.1,1073700,12.5
GOOG-0323,Fatima Murphy,Alphabet (Google),GOOG,Design,Staff,71.6,480900,3.4
GOOG-0324,Priya Khan,Alphabet (Google),GOOG,Engineering,VP,88.7,1688500,7.6
GOOG-0325,Grace Schmidt,Alphabet (Google),GOOG,Sales & GTM,Senior,91.8,213400,7.7
GOOG-0326,Arjun Reyes,Alphabet (Google),GOOG,Research & AI,VP,78.6,1572400,12.0
GOOG-0327,Hannah Tanaka,Alphabet (Google),GOOG,Finance,Principal,58.9,185900,9.2
GOOG-0328,Priya Khan,Alphabet (Google),GOOG,Engineering,Senior,69.0,587000,8.0
GOOG-0329,James Chen,Alphabet (Google),GOOG,Engineering,Director,90.0,957100,13.2
GOOG-0330,Mary Nguyen,Alphabet (Google),GOOG,Legal & Policy,VP,73.8,961400,7.5
GOOG-0331,Hiroshi Kim,Alphabet (Google),GOOG,Operations,Senior Director,96.1,563200,6.9
GOOG-0332,Thomas Rossi,Alphabet (Google),GOOG,Legal & Policy,Senior,71.6,582000,4.0
GOOG-0333,Yuki Wilson,Alphabet (Google),GOOG,Research & AI,Principal,78.1,401600,13.2
GOOG-0334,Raj Okafor,Alphabet (Google),GOOG,Legal & Policy,Principal,82.6,278500,10.4
GOOG-0335,David Lopez,Alphabet (Google),GOOG,Engineering,Senior Director,93.0,345100,10.7
GOOG-0336,Aisha Tanaka,Alphabet (Google),GOOG,People/HR,Staff,76.1,324900,7.3
GOOG-0337,Nina Wang,Alphabet (Google),GOOG,Operations,Senior,63.4,177000,7.1
GOOG-0338,Nina Murphy,Alphabet (Google),GOOG,Sales & GTM,Senior,82.3,154300,4.9
GOOG-0339,Sofia Petrov,Alphabet (Google),GOOG,Research & AI,Staff,78.5,526800,4.3
GOOG-0340,Yuki Cohen,Alphabet (Google),GOOG,Engineering,Staff,77.8,937900,4.2
GOOG-0341,Aisha Hassan,Alphabet (Google),GOOG,People/HR,Senior Director,99.4,998100,11.2
GOOG-0342,Daniel Hassan,Alphabet (Google),GOOG,Engineering,Senior,82.4,329200,6.2
GOOG-0343,Kevin Kim,Alphabet (Google),GOOG,Operations,Senior,77.0,197600,5.1
GOOG-0344,Ahmed Chen,Alphabet (Google),GOOG,Operations,Staff,82.3,298500,10.1
GOOG-0345,Thomas Garcia,Alphabet (Google),GOOG,Research & AI,Staff,72.2,589100,6.5
GOOG-0346,Wei Singh,Alphabet (Google),GOOG,Legal & Policy,Director,76.6,1000500,5.8
GOOG-0347,Michael Lee,Alphabet (Google),GOOG,Operations,Staff,83.7,488500,5.1
GOOG-0348,John Khan,Alphabet (Google),GOOG,Research & AI,Principal,82.1,212100,8.0
GOOG-0349,Grace Cohen,Alphabet (Google),GOOG,Engineering,Senior Director,87.9,777800,7.0
GOOG-0350,Fatima Schmidt,Alphabet (Google),GOOG,Research & AI,Senior,81.8,291300,9.8
GOOG-0351,Kevin Martinez,Alphabet (Google),GOOG,Engineering,Senior,83.9,239200,2.8
GOOG-0352,Aisha Nguyen,Alphabet (Google),GOOG,Engineering,Senior,100.0,242000,2.0
GOOG-0353,Raj Wang,Alphabet (Google),GOOG,Engineering,Staff,73.9,633900,5.2
GOOG-0354,Hannah Silva,Alphabet (Google),GOOG,Operations,C-Suite,79.7,2802300,17.0
GOOG-0355,Daniel Rossi,Alphabet (Google),GOOG,Engineering,Principal,70.5,658400,10.2
GOOG-0356,Priya Martinez,Alphabet (Google),GOOG,Sales & GTM,Principal,67.6,968800,3.9
GOOG-0357,Nina Lee,Alphabet (Google),GOOG,Engineering,Staff,68.7,627700,4.1
GOOG-0358,Elena Park,Alphabet (Google),GOOG,Engineering,Principal,77.7,519600,23.4
GOOG-0359,Maria Petrov,Alphabet (Google),GOOG,Operations,Senior Director,86.5,727100,8.2
GOOG-0360,Linda Okafor,Alphabet (Google),GOOG,Operations,Senior,84.1,245400,2.8
GOOG-0361,Hiroshi Kim,Alphabet (Google),GOOG,Sales & GTM,Director,86.0,585000,12.4
GOOG-0362,Maria Petrov,Alphabet (Google),GOOG,Engineering,SVP,100.0,1299200,10.3
GOOG-0363,Sofia Tanaka,Alphabet (Google),GOOG,Finance,Staff,78.5,439100,9.7
GOOG-0364,Nina Petrov,Alphabet (Google),GOOG,Engineering,Senior,89.0,606100,5.1
GOOG-0365,Thomas Yamamoto,Alphabet (Google),GOOG,Product,Staff,75.8,422300,2.1
GOOG-0366,James Brown,Alphabet (Google),GOOG,Sales & GTM,VP,88.8,1973800,10.1
GOOG-0367,Wei Singh,Alphabet (Google),GOOG,Operations,Senior,100.0,113800,8.4
GOOG-0368,Priya Park,Alphabet (Google),GOOG,Engineering,Principal,76.1,269000,12.5
GOOG-0369,Olivia Johnson,Alphabet (Google),GOOG,Engineering,Staff,75.4,308600,6.5
GOOG-0370,Zoe Chen,Alphabet (Google),GOOG,Sales & GTM,Director,86.4,225800,3.6
GOOG-0371,Carlos Singh,Alphabet (Google),GOOG,Engineering,Principal,85.5,638800,11.8
GOOG-0372,Daniel Petrov,Alphabet (Google),GOOG,Engineering,Principal,73.3,920500,6.8
GOOG-0373,David Nguyen,Alphabet (Google),GOOG,Product,Staff,69.9,157300,29.5
GOOG-0374,Aisha Johnson,Alphabet (Google),GOOG,People/HR,Staff,82.9,443600,6.5
GOOG-0375,Raj Ali,Alphabet (Google),GOOG,Engineering,Senior,73.5,609600,3.8
GOOG-0376,Aisha Singh,Alphabet (Google),GOOG,Sales & GTM,Senior,100.0,316800,3.0
GOOG-0377,Ahmed Lee,Alphabet (Google),GOOG,Finance,Director,82.7,559300,14.2
GOOG-0378,Fatima Brown,Alphabet (Google),GOOG,Engineering,Director,85.3,522800,9.9
GOOG-0379,Arjun Khan,Alphabet (Google),GOOG,Design,Director,92.2,691300,8.9
GOOG-0380,Aisha Schmidt,Alphabet (Google),GOOG,Legal & Policy,Staff,78.4,736000,4.1
GOOG-0381,Samuel Silva,Alphabet (Google),GOOG,Operations,Director,83.6,1239200,8.1
GOOG-0382,Chen Yamamoto,Alphabet (Google),GOOG,Sales & GTM,Senior,72.6,223600,9.8
GOOG-0383,Ahmed Schmidt,Alphabet (Google),GOOG,Finance,Director,71.7,803800,6.0
GOOG-0384,Daniel Reyes,Alphabet (Google),GOOG,Product,Staff,85.7,317300,14.5
GOOG-0385,Grace Wilson,Alphabet (Google),GOOG,Engineering,Staff,88.0,319600,12.8
GOOG-0386,Yuki Smith,Alphabet (Google),GOOG,Product,Director,76.5,550600,7.1
GOOG-0387,Priya Nguyen,Alphabet (Google),GOOG,Engineering,Senior,84.5,580200,1.3
GOOG-0388,Fatima Cohen,Alphabet (Google),GOOG,Engineering,Staff,75.7,215500,4.2
GOOG-0389,Chen Cohen,Alphabet (Google),GOOG,Engineering,Senior,83.8,249600,5.6
GOOG-0390,Priya Kim,Alphabet (Google),GOOG,Finance,Senior Director,74.1,1016400,7.6
GOOG-0391,Maria Garcia,Alphabet (Google),GOOG,Design,Principal,95.1,584300,4.2
GOOG-0392,Wei Smith,Alphabet (Google),GOOG,Sales & GTM,Senior Director,68.6,503300,10.7
GOOG-0393,Carlos Khan,Alphabet (Google),GOOG,Finance,Senior,78.4,413600,20.0
GOOG-0394,Samuel Hassan,Alphabet (Google),GOOG,Research & AI,Staff,71.9,264800,4.2
GOOG-0395,Wei Patel,Alphabet (Google),GOOG,Design,Staff,77.1,470800,4.4
GOOG-0396,Olivia Brown,Alphabet (Google),GOOG,Design,VP,80.6,565500,5.8
GOOG-0397,Samuel Johnson,Alphabet (Google),GOOG,Research & AI,Staff,98.2,259700,15.6
GOOG-0398,Priya Lopez,Alphabet (Google),GOOG,Sales & GTM,Senior,81.6,208400,3.1
GOOG-0399,Nina Lopez,Alphabet (Google),GOOG,Engineering,Director,61.4,487500,13.4
GOOG-0400,Ahmed Silva,Alphabet (Google),GOOG,People/HR,Director,100.0,1061000,7.2
GOOG-0401,Hannah Singh,Alphabet (Google),GOOG,Design,Principal,87.2,740000,4.0
GOOG-0402,Emily Martinez,Alphabet (Google),GOOG,Legal & Policy,Director,88.8,723300,9.0
GOOG-0403,Daniel Singh,Alphabet (Google),GOOG,Research & AI,Senior,60.6,225400,4.0
GOOG-0404,Carlos Wang,Alphabet (Google),GOOG,Finance,Staff,79.9,640000,12.5
GOOG-0405,Daniel Murphy,Alphabet (Google),GOOG,Sales & GTM,Staff,79.4,671200,2.4
GOOG-0406,Michael Hassan,Alphabet (Google),GOOG,Operations,Senior,83.6,665000,10.1
GOOG-0407,Nina Murphy,Alphabet (Google),GOOG,Research & AI,Senior,86.7,207500,6.5
GOOG-0408,Arjun Rossi,Alphabet (Google),GOOG,Finance,Director,81.6,401500,10.3
GOOG-0409,Wei Cohen,Alphabet (Google),GOOG,Research & AI,Director,78.1,309500,9.6
GOOG-0410,Aisha Smith,Alphabet (Google),GOOG,Product,Director,83.1,158300,3.9
GOOG-0411,Wei Park,Alphabet (Google),GOOG,Product,VP,91.4,1995700,9.1
GOOG-0412,Hannah Silva,Alphabet (Google),GOOG,Legal & Policy,Senior,61.0,371600,7.4
GOOG-0413,Thomas Davis,Alphabet (Google),GOOG,Product,Senior,79.6,334700,3.7
GOOG-0414,Linda Ali,Alphabet (Google),GOOG,Marketing,Principal,72.9,621100,6.2
GOOG-0415,Grace Davis,Alphabet (Google),GOOG,Operations,Principal,75.2,330200,10.9
GOOG-0416,Emily Kim,Alphabet (Google),GOOG,Sales & GTM,Staff,83.1,537600,3.4
GOOG-0417,John Singh,Alphabet (Google),GOOG,Engineering,Staff,99.2,375600,10.8
GOOG-0418,Zoe Silva,Alphabet (Google),GOOG,Product,SVP,83.7,1146500,24.9
GOOG-0419,Thomas Schmidt,Alphabet (Google),GOOG,Sales & GTM,Senior,68.9,298200,5.4
GOOG-0420,Kevin Lopez,Alphabet (Google),GOOG,Sales & GTM,Senior,76.5,469800,3.4
GOOG-0421,Samuel Johnson,Alphabet (Google),GOOG,Operations,Staff,97.7,498100,2.4
GOOG-0422,Chen Davis,Alphabet (Google),GOOG,Engineering,Director,92.0,709200,15.7
GOOG-0423,Wei Lee,Alphabet (Google),GOOG,Finance,Senior,79.0,487500,5.1
GOOG-0424,Nina Park,Alphabet (Google),GOOG,Engineering,Senior,73.6,209300,7.8
GOOG-0425,Hannah Silva,Alphabet (Google),GOOG,Operations,Staff,79.9,540700,12.0
GOOG-0426,Daniel Ali,Alphabet (Google),GOOG,Engineering,Principal,62.9,730100,2.8
GOOG-0427,James Hassan,Alphabet (Google),GOOG,Research & AI,Director,75.9,682100,10.5
GOOG-0428,David Ali,Alphabet (Google),GOOG,Product,Staff,79.4,429200,5.2
GOOG-0429,Emily Lopez,Alphabet (Google),GOOG,Sales & GTM,Senior Director,87.4,328200,11.9
GOOG-0430,Chen Nguyen,Alphabet (Google),GOOG,Operations,Director,80.2,824400,10.1
GOOG-0431,Maria Patel,Alphabet (Google),GOOG,Operations,Staff,75.0,406000,13.7
GOOG-0432,Emily Schmidt,Alphabet (Google),GOOG,Marketing,Director,84.9,470700,18.4
GOOG-0433,Thomas Ali,Alphabet (Google),GOOG,Marketing,Senior,68.7,348300,9.0
GOOG-0434,Maria Lee,Alphabet (Google),GOOG,Finance,Staff,76.5,185800,8.2
GOOG-0435,Hiroshi Nguyen,Alphabet (Google),GOOG,Finance,Staff,79.3,413700,15.5
GOOG-0436,Linda Brown,Alphabet (Google),GOOG,Marketing,Principal,86.1,743800,5.7
GOOG-0437,Samuel Tanaka,Alphabet (Google),GOOG,Engineering,SVP,82.6,794000,11.6
GOOG-0438,Samuel Lopez,Alphabet (Google),GOOG,Engineering,Senior,73.2,289500,7.7
GOOG-0439,Carlos Smith,Alphabet (Google),GOOG,Engineering,VP,72.8,2236000,9.2
GOOG-0440,Linda Tanaka,Alphabet (Google),GOOG,Marketing,Director,70.6,361500,13.0
GOOG-0441,Aisha Chen,Alphabet (Google),GOOG,Operations,Principal,84.8,469100,8.3
GOOG-0442,Hannah Wilson,Alphabet (Google),GOOG,Sales & GTM,Senior,82.7,422100,10.2
GOOG-0443,Raj Rossi,Alphabet (Google),GOOG,Research & AI,Director,68.9,710900,4.7
GOOG-0444,Aisha Smith,Alphabet (Google),GOOG,Sales & GTM,Senior Director,68.2,785400,6.3
GOOG-0445,Samuel Davis,Alphabet (Google),GOOG,Engineering,Senior,90.1,204800,1.7
GOOG-0446,Sofia Lee,Alphabet (Google),GOOG,Sales & GTM,Director,76.9,476800,6.8
GOOG-0447,Carlos Lee,Alphabet (Google),GOOG,Engineering,Senior Director,67.9,1445800,7.6
GOOG-0448,Emily Wang,Alphabet (Google),GOOG,Engineering,Senior Director,94.8,3004900,10.6
GOOG-0449,Elena Anderson,Alphabet (Google),GOOG,Research & AI,Senior,62.7,465300,5.7
GOOG-0450,Priya Johnson,Alphabet (Google),GOOG,Product,Principal,80.7,569200,13.7
GOOG-0451,Thomas Khan,Alphabet (Google),GOOG,Research & AI,Staff,95.2,606500,9.7
GOOG-0452,Linda Martinez,Alphabet (Google),GOOG,Finance,Senior,59.1,151100,4.6
GOOG-0453,Nina Silva,Alphabet (Google),GOOG,Research & AI,Principal,88.7,445800,5.2
GOOG-0454,Emily Okafor,Alphabet (Google),GOOG,Engineering,Senior,82.4,125700,3.6
GOOG-0455,Fatima Nguyen,Alphabet (Google),GOOG,People/HR,Senior,76.4,399000,3.4
GOOG-0456,Mary Anderson,Alphabet (Google),GOOG,Sales & GTM,Staff,62.6,295800,4.0
GOOG-0457,Hannah Khan,Alphabet (Google),GOOG,Operations,Senior,62.9,197800,6.9
GOOG-0458,Mary Tanaka,Alphabet (Google),GOOG,Research & AI,Principal,81.5,479300,5.7
GOOG-0459,Wei Patel,Alphabet (Google),GOOG,Marketing,Senior,76.0,178100,6.5
GOOG-0460,John Reyes,Alphabet (Google),GOOG,Design,Principal,90.6,540400,5.3
GOOG-0461,Maria Kim,Alphabet (Google),GOOG,Engineering,Director,62.2,944000,4.3
GOOG-0462,Daniel Rossi,Alphabet (Google),GOOG,Research & AI,Principal,82.7,343400,6.3
GOOG-0463,Grace Anderson,Alphabet (Google),GOOG,Engineering,Staff,73.6,543800,17.8
GOOG-0464,Emily Martinez,Alphabet (Google),GOOG,Engineering,Senior Director,76.9,393500,6.1
GOOG-0465,Mary Davis,Alphabet (Google),GOOG,Design,Principal,82.1,401400,5.0
GOOG-0466,Hiroshi Wang,Alphabet (Google),GOOG,Sales & GTM,Senior Director,100.0,1190200,8.4
GOOG-0467,Raj Brown,Alphabet (Google),GOOG,Sales & GTM,Director,68.8,1233900,14.7
GOOG-0468,Sofia Tanaka,Alphabet (Google),GOOG,Engineering,Senior,83.0,536000,12.0
GOOG-0469,Maria Wang,Alphabet (Google),GOOG,Product,Principal,88.2,578300,3.6
GOOG-0470,Ahmed Johnson,Alphabet (Google),GOOG,Legal & Policy,Senior Director,93.7,654000,19.1
GOOG-0471,Raj Khan,Alphabet (Google),GOOG,People/HR,Staff,92.6,536800,7.2
GOOG-0472,Nina Martinez,Alphabet (Google),GOOG,Product,Staff,81.6,449900,6.7
GOOG-0473,John Lee,Alphabet (Google),GOOG,Engineering,Senior,95.9,147800,3.0
GOOG-0474,Samuel Lopez,Alphabet (Google),GOOG,Research & AI,Senior,83.5,157600,9.0
GOOG-0475,Zoe Johnson,Alphabet (Google),GOOG,Operations,Senior,81.4,625000,7.2
GOOG-0476,Grace Johnson,Alphabet (Google),GOOG,Research & AI,Senior Director,81.8,608200,6.2
GOOG-0477,Samuel Okafor,Alphabet (Google),GOOG,People/HR,Principal,82.4,356300,9.2
GOOG-0478,Raj Smith,Alphabet (Google),GOOG,Operations,Senior Director,59.1,876900,6.5
GOOG-0479,Michael Kim,Alphabet (Google),GOOG,Sales & GTM,Director,94.8,853400,5.8
GOOG-0480,Thomas Murphy,Alphabet (Google),GOOG,Research & AI,Senior Director,76.6,832700,13.9
GOOG-0481,Maria Singh,Alphabet (Google),GOOG,Product,Senior Director,79.6,907500,7.0
GOOG-0482,Carlos Okafor,Alphabet (Google),GOOG,Design,Staff,62.9,526400,2.8
GOOG-0483,Sofia Park,Alphabet (Google),GOOG,Research & AI,Director,80.2,391400,4.8
GOOG-0484,Thomas Silva,Alphabet (Google),GOOG,Product,Staff,91.7,162600,5.7
GOOG-0485,Ahmed Anderson,Alphabet (Google),GOOG,Sales & GTM,Senior,86.8,247700,3.9
GOOG-0486,Aisha Cohen,Alphabet (Google),GOOG,Sales & GTM,Staff,76.4,389000,4.5
GOOG-0487,Yuki Patel,Alphabet (Google),GOOG,Marketing,Senior,68.2,77600,6.5
GOOG-0488,John Lee,Alphabet (Google),GOOG,Research & AI,Principal,86.6,1072200,8.4
GOOG-0489,Mary Patel,Alphabet (Google),GOOG,Sales & GTM,Principal,87.7,450100,7.0
GOOG-0490,Yuki Rossi,Alphabet (Google),GOOG,Sales & GTM,Senior,75.4,335900,9.6
GOOG-0491,Chen Okafor,Alphabet (Google),GOOG,Marketing,VP,85.4,757600,9.4
GOOG-0492,Olivia Ali,Alphabet (Google),GOOG,Legal & Policy,Director,87.7,756400,13.1
GOOG-0493,Hannah Silva,Alphabet (Google),GOOG,Research & AI,Senior,91.2,287200,9.4
GOOG-0494,Emily Singh,Alphabet (Google),GOOG,Product,VP,71.9,705000,21.3
GOOG-0495,Chen Garcia,Alphabet (Google),GOOG,Finance,Senior,93.7,476500,1.4
GOOG-0496,Sofia Singh,Alphabet (Google),GOOG,Engineering,Senior,79.2,130500,13.0
GOOG-0497,James Nguyen,Alphabet (Google),GOOG,Finance,Senior,86.4,265300,1.1
GOOG-0498,Grace Kim,Alphabet (Google),GOOG,Finance,Staff,79.9,667600,12.5
GOOG-0499,Daniel Anderson,Alphabet (Google),GOOG,Legal & Policy,VP,86.2,1785400,8.4
GOOG-0500,Wei Silva,Alphabet (Google),GOOG,Engineering,Senior,69.8,346800,6.1
GOOG-0501,Linda Anderson,Alphabet (Google),GOOG,Research & AI,Staff,69.8,299300,5.6
GOOG-0502,Raj Park,Alphabet (Google),GOOG,Engineering,Director,64.3,871500,8.6
GOOG-0503,Emily Chen,Alphabet (Google),GOOG,Product,Senior Director,75.3,480400,5.0
GOOG-0504,Hannah Wilson,Alphabet (Google),GOOG,Operations,Senior,88.9,296600,12.7
GOOG-0505,Chen Lopez,Alphabet (Google),GOOG,Engineering,Principal,80.2,245200,7.0
GOOG-0506,Emily Brown,Alphabet (Google),GOOG,Finance,Staff,64.1,386800,9.9
GOOG-0507,Wei Wilson,Alphabet (Google),GOOG,Finance,Senior,92.6,399500,4.7
GOOG-0508,Emily Patel,Alphabet (Google),GOOG,Product,Senior,82.5,197400,12.5
GOOG-0509,Emily Lee,Alphabet (Google),GOOG,People/HR,Director,81.8,482900,7.9
GOOG-0510,Elena Rossi,Alphabet (Google),GOOG,Engineering,Senior Director,68.1,1035600,8.7
GOOG-0511,John Ali,Alphabet (Google),GOOG,Sales & GTM,Director,83.8,215100,6.8
GOOG-0512,Carlos Petrov,Alphabet (Google),GOOG,Engineering,Senior,60.0,133200,4.1
GOOG-0513,Grace Rossi,Alphabet (Google),GOOG,Research & AI,VP,81.1,1335900,10.3
GOOG-0514,Hiroshi Tanaka,Alphabet (Google),GOOG,Design,Director,69.2,739800,7.6
GOOG-0515,Mary Lee,Alphabet (Google),GOOG,Sales & GTM,Senior Director,82.5,740700,5.6
GOOG-0516,Arjun Martinez,Alphabet (Google),GOOG,Engineering,Senior Director,89.3,402100,12.8
GOOG-0517,Hannah Park,Alphabet (Google),GOOG,Research & AI,Senior,76.9,154400,3.6
GOOG-0518,Carlos Murphy,Alphabet (Google),GOOG,Design,Senior,61.6,108400,5.0
GOOG-0519,Grace Reyes,Alphabet (Google),GOOG,Finance,Senior,83.4,1165200,7.5
GOOG-0520,Mary Cohen,Alphabet (Google),GOOG,Engineering,Staff,72.6,166300,10.6
GOOG-0521,Grace Park,Alphabet (Google),GOOG,Engineering,Senior,80.8,393400,8.6
GOOG-0522,Maria Kim,Alphabet (Google),GOOG,Engineering,Director,76.6,494700,9.0
GOOG-0523,Mary Kim,Alphabet (Google),GOOG,Product,Director,75.1,519300,36.0
GOOG-0524,Mary Yamamoto,Alphabet (Google),GOOG,Design,Staff,82.9,429800,4.6
GOOG-0525,Kevin Yamamoto,Alphabet (Google),GOOG,Engineering,Principal,70.3,515400,7.6
GOOG-0526,Thomas Lopez,Alphabet (Google),GOOG,Marketing,Director,78.7,788600,23.4
GOOG-0527,Nina Okafor,Alphabet (Google),GOOG,Marketing,Principal,87.4,541600,8.5
GOOG-0528,Ahmed Yamamoto,Alphabet (Google),GOOG,Legal & Policy,Staff,76.9,373800,9.2
GOOG-0529,Daniel Park,Alphabet (Google),GOOG,Sales & GTM,Senior,81.7,235600,5.5
GOOG-0530,Carlos Tanaka,Alphabet (Google),GOOG,People/HR,Senior Director,86.0,534800,21.8
GOOG-0531,Priya Smith,Alphabet (Google),GOOG,Product,Director,86.6,278800,25.3
GOOG-0532,Mary Okafor,Alphabet (Google),GOOG,Sales & GTM,Principal,90.7,291500,5.1
GOOG-0533,Chen Chen,Alphabet (Google),GOOG,Operations,Principal,83.6,883500,4.9
GOOG-0534,Raj Hassan,Alphabet (Google),GOOG,Research & AI,Principal,84.8,416100,8.0
GOOG-0535,Kevin Rossi,Alphabet (Google),GOOG,Engineering,Staff,72.8,182400,9.8
GOOG-0536,Yuki Johnson,Alphabet (Google),GOOG,Legal & Policy,Principal,100.0,2685000,12.4
GOOG-0537,Priya Rossi,Alphabet (Google),GOOG,Operations,Staff,81.3,378600,14.5
GOOG-0538,Yuki Davis,Alphabet (Google),GOOG,Research & AI,Director,100.0,446800,5.9
GOOG-0539,Grace Chen,Alphabet (Google),GOOG,Sales & GTM,VP,91.4,988500,7.7
GOOG-0540,Priya Smith,Alphabet (Google),GOOG,Product,Senior,80.1,714100,4.8
GOOG-0541,Olivia Yamamoto,Alphabet (Google),GOOG,Operations,Director,79.0,962200,11.8
GOOG-0542,Nina Wang,Alphabet (Google),GOOG,Design,Principal,74.7,289900,10.6
GOOG-0543,Carlos Okafor,Alphabet (Google),GOOG,Engineering,Senior,70.6,363400,7.5
GOOG-0544,James Petrov,Alphabet (Google),GOOG,Marketing,Staff,100.0,464900,12.1
GOOG-0545,Hannah Wang,Alphabet (Google),GOOG,Engineering,Staff,61.8,244500,4.3
GOOG-0546,Nina Brown,Alphabet (Google),GOOG,Engineering,Staff,70.8,467800,6.1
GOOG-0547,Mary Silva,Alphabet (Google),GOOG,Product,Principal,67.8,211300,9.6
GOOG-0548,Hiroshi Yamamoto,Alphabet (Google),GOOG,Engineering,Staff,88.4,350500,5.9
GOOG-0549,David Hassan,Alphabet (Google),GOOG,Engineering,Principal,73.5,167200,5.3
GOOG-0550,Fatima Wilson,Alphabet (Google),GOOG,Engineering,Senior,59.8,370400,2.2
GOOG-0551,John Rossi,Alphabet (Google),GOOG,Engineering,Principal,84.7,188300,8.0
GOOG-0552,Thomas Khan,Alphabet (Google),GOOG,Engineering,VP,87.1,3530800,19.0
GOOG-0553,Ahmed Yamamoto,Alphabet (Google),GOOG,Engineering,Director,84.6,344400,10.0
GOOG-0554,Priya Johnson,Alphabet (Google),GOOG,Engineering,Senior,70.1,430200,15.1
GOOG-0555,Grace Silva,Alphabet (Google),GOOG,Research & AI,Staff,88.8,1195000,5.1
GOOG-0556,Raj Silva,Alphabet (Google),GOOG,Sales & GTM,Director,79.5,460600,5.5
GOOG-0557,Priya Silva,Alphabet (Google),GOOG,Engineering,Staff,79.9,472700,4.2
GOOG-0558,Priya Patel,Alphabet (Google),GOOG,Engineering,Staff,82.7,464300,9.7
GOOG-0559,Thomas Chen,Alphabet (Google),GOOG,Engineering,Staff,74.3,230000,15.5
GOOG-0560,Priya Ali,Alphabet (Google),GOOG,Engineering,Director,71.2,470900,11.4
GOOG-0561,Hannah Park,Alphabet (Google),GOOG,Sales & GTM,Staff,78.5,394600,6.8
GOOG-0562,Chen Yamamoto,Alphabet (Google),GOOG,Research & AI,Staff,76.4,295900,1.6
GOOG-0563,Hannah Yamamoto,Alphabet (Google),GOOG,Engineering,Staff,90.8,722900,4.9
GOOG-0564,Emily Hassan,Alphabet (Google),GOOG,Legal & Policy,Senior,68.0,186500,2.2
GOOG-0565,Nina Anderson,Alphabet (Google),GOOG,Design,Staff,80.4,298300,10.8
GOOG-0566,Arjun Nguyen,Alphabet (Google),GOOG,Sales & GTM,Principal,91.4,876100,4.7
GOOG-0567,Aisha Cohen,Alphabet (Google),GOOG,Research & AI,Staff,92.1,348300,10.7
GOOG-0568,Ahmed Lee,Alphabet (Google),GOOG,Research & AI,Director,78.4,1013700,3.4
GOOG-0569,Emily Brown,Alphabet (Google),GOOG,Finance,Staff,75.9,214400,8.1
GOOG-0570,Chen Smith,Alphabet (Google),GOOG,Legal & Policy,Director,91.5,652700,10.9
GOOG-0571,Olivia Wilson,Alphabet (Google),GOOG,Research & AI,Senior,92.5,333100,7.3
GOOG-0572,Hiroshi Lopez,Alphabet (Google),GOOG,Operations,Senior,85.9,638400,8.1
GOOG-0573,Chen Tanaka,Alphabet (Google),GOOG,People/HR,Senior,83.3,1138000,5.4
GOOG-0574,James Singh,Alphabet (Google),GOOG,Engineering,Staff,80.4,320200,12.3
GOOG-0575,Elena Wilson,Alphabet (Google),GOOG,Engineering,Senior Director,84.3,610600,8.9
GOOG-0576,Arjun Johnson,Alphabet (Google),GOOG,Engineering,Director,64.8,770800,7.9
GOOG-0577,Fatima Brown,Alphabet (Google),GOOG,Sales & GTM,VP,100.0,528700,9.4
GOOG-0578,Daniel Hassan,Alphabet (Google),GOOG,Marketing,Principal,82.6,290800,9.0
GOOG-0579,Michael Wang,Alphabet (Google),GOOG,Sales & GTM,Staff,76.9,492000,4.9
GOOG-0580,Mary Davis,Alphabet (Google),GOOG,Engineering,Staff,79.1,587300,3.8
GOOG-0581,Aisha Lee,Alphabet (Google),GOOG,Research & AI,Senior,86.4,237300,5.1
GOOG-0582,Ahmed Ali,Alphabet (Google),GOOG,Sales & GTM,Senior,75.4,173100,1.8
GOOG-0583,Raj Schmidt,Alphabet (Google),GOOG,People/HR,Principal,93.2,373900,3.3
GOOG-0584,Grace Smith,Alphabet (Google),GOOG,Product,Principal,74.5,550800,17.4
GOOG-0585,Michael Martinez,Alphabet (Google),GOOG,Research & AI,Senior,70.9,315200,1.9
GOOG-0586,Ahmed Chen,Alphabet (Google),GOOG,Product,Senior Director,73.9,345000,10.1
GOOG-0587,Aisha Ali,Alphabet (Google),GOOG,Sales & GTM,VP,67.6,651000,5.7
GOOG-0588,Fatima Cohen,Alphabet (Google),GOOG,Research & AI,Principal,66.9,262400,4.1
GOOG-0589,Olivia Cohen,Alphabet (Google),GOOG,Finance,Principal,77.6,431600,5.1
GOOG-0590,Priya Patel,Alphabet (Google),GOOG,Engineering,Staff,71.2,215300,16.8
GOOG-0591,Grace Reyes,Alphabet (Google),GOOG,Research & AI,Senior,85.3,361500,6.3
GOOG-0592,Hiroshi Yamamoto,Alphabet (Google),GOOG,Sales & GTM,Staff,69.9,110400,4.9
GOOG-0593,Hiroshi Nguyen,Alphabet (Google),GOOG,Research & AI,Senior,87.4,368900,3.8
GOOG-0594,Daniel Brown,Alphabet (Google),GOOG,Marketing,Staff,90.1,179200,6.2
GOOG-0595,Hannah Okafor,Alphabet (Google),GOOG,Product,Senior,72.4,219900,2.4
GOOG-0596,Linda Martinez,Alphabet (Google),GOOG,Marketing,Director,95.5,988200,4.7
GOOG-0597,Olivia Schmidt,Alphabet (Google),GOOG,People/HR,Senior,65.9,241700,2.4
GOOG-0598,Thomas Petrov,Alphabet (Google),GOOG,Sales & GTM,Director,96.0,419500,14.2
GOOG-0599,Aisha Patel,Alphabet (Google),GOOG,Design,Senior,75.6,663500,11.3
GOOG-0600,Nina Brown,Alphabet (Google),GOOG,Engineering,Staff,55.7,81600,4.7
GOOG-0601,Wei Ali,Alphabet (Google),GOOG,Finance,Staff,83.8,467000,6.6
GOOG-0602,Nina Kim,Alphabet (Google),GOOG,Research & AI,Principal,77.4,377900,11.2
GOOG-0603,Raj Rossi,Alphabet (Google),GOOG,People/HR,Principal,94.0,340100,9.1
GOOG-0604,Daniel Chen,Alphabet (Google),GOOG,Sales & GTM,Director,77.5,977200,12.7
GOOG-0605,Ahmed Wilson,Alphabet (Google),GOOG,Engineering,Principal,82.8,454100,13.3
GOOG-0606,Carlos Ali,Alphabet (Google),GOOG,Research & AI,Senior,81.0,528600,6.7
GOOG-0607,Fatima Garcia,Alphabet (Google),GOOG,Finance,VP,69.1,342500,10.4
GOOG-0608,Nina Nguyen,Alphabet (Google),GOOG,Engineering,Director,71.3,983000,6.7
GOOG-0609,Hiroshi Lopez,Alphabet (Google),GOOG,Engineering,Director,87.7,435000,7.4
GOOG-0610,David Park,Alphabet (Google),GOOG,Sales & GTM,Principal,60.8,729900,8.2
GOOG-0611,Aisha Davis,Alphabet (Google),GOOG,Research & AI,Principal,94.5,849700,17.0
GOOG-0612,Hiroshi Ali,Alphabet (Google),GOOG,Product,Senior,85.5,677900,7.3
GOOG-0613,Kevin Chen,Alphabet (Google),GOOG,Research & AI,Senior,96.5,136700,3.4
GOOG-0614,Nina Tanaka,Alphabet (Google),GOOG,Engineering,Staff,69.2,626700,6.7
GOOG-0615,Fatima Brown,Alphabet (Google),GOOG,Operations,VP,81.1,826200,13.2
GOOG-0616,Fatima Wilson,Alphabet (Google),GOOG,Finance,Principal,66.9,549900,10.1
GOOG-0617,Arjun Park,Alphabet (Google),GOOG,Engineering,Senior Director,84.9,1259000,9.8
GOOG-0618,Yuki Hassan,Alphabet (Google),GOOG,Engineering,Principal,92.0,786800,12.0
GOOG-0619,Fatima Park,Alphabet (Google),GOOG,Operations,Staff,94.1,393200,5.6
GOOG-0620,Grace Brown,Alphabet (Google),GOOG,Research & AI,Senior,73.8,213900,13.3
GOOG-0621,Ahmed Petrov,Alphabet (Google),GOOG,Research & AI,Senior,80.2,249400,1.9
GOOG-0622,Hannah Singh,Alphabet (Google),GOOG,Engineering,Staff,76.1,1168700,7.9
GOOG-0623,Grace Petrov,Alphabet (Google),GOOG,Operations,Director,79.9,626500,12.5
GOOG-0624,Kevin Nguyen,Alphabet (Google),GOOG,Finance,Senior Director,88.9,531400,6.1
GOOG-0625,Grace Anderson,Alphabet (Google),GOOG,Engineering,Principal,100.0,275300,4.4
GOOG-0626,John Hassan,Alphabet (Google),GOOG,Design,Senior,85.0,275500,6.2
GOOG-0627,Mary Kim,Alphabet (Google),GOOG,Engineering,Principal,78.3,399300,9.2
GOOG-0628,Kevin Ali,Alphabet (Google),GOOG,Engineering,Director,79.6,1253600,4.8
GOOG-0629,Aisha Johnson,Alphabet (Google),GOOG,Sales & GTM,Staff,89.7,377000,5.2
GOOG-0630,Yuki Petrov,Alphabet (Google),GOOG,Marketing,Senior,81.2,229200,2.1
GOOG-0631,Hannah Schmidt,Alphabet (Google),GOOG,Finance,Staff,77.9,475400,7.1
GOOG-0632,Yuki Schmidt,Alphabet (Google),GOOG,Engineering,Principal,100.0,1188300,6.5
GOOG-0633,Hannah Garcia,Alphabet (Google),GOOG,Research & AI,Senior Director,88.3,412000,5.5
GOOG-0634,Carlos Nguyen,Alphabet (Google),GOOG,Design,Principal,85.5,444400,5.1
GOOG-0635,Wei Nguyen,Alphabet (Google),GOOG,Product,Senior,81.8,92300,5.5
GOOG-0636,Michael Patel,Alphabet (Google),GOOG,Marketing,Senior,84.5,561100,5.9
GOOG-0637,James Hassan,Alphabet (Google),GOOG,People/HR,Director,84.5,987800,5.7
GOOG-0638,Ahmed Johnson,Alphabet (Google),GOOG,Legal & Policy,Staff,69.0,132900,18.9
GOOG-0639,John Schmidt,Alphabet (Google),GOOG,Engineering,Staff,80.6,698100,5.7
GOOG-0640,Fatima Tanaka,Alphabet (Google),GOOG,Product,VP,81.6,2982200,11.4
GOOG-0641,Arjun Davis,Alphabet (Google),GOOG,Sales & GTM,C-Suite,86.5,5143500,20.1
GOOG-0642,Raj Lopez,Alphabet (Google),GOOG,Operations,Staff,75.2,86100,13.3
GOOG-0643,Wei Rossi,Alphabet (Google),GOOG,Finance,Director,87.2,720000,8.2
GOOG-0644,Chen Anderson,Alphabet (Google),GOOG,Product,Staff,86.5,464400,4.8
GOOG-0645,Michael Tanaka,Alphabet (Google),GOOG,Engineering,Staff,69.4,266200,1.7
GOOG-0646,Elena Martinez,Alphabet (Google),GOOG,Engineering,VP,77.6,742200,12.8
GOOG-0647,Carlos Reyes,Alphabet (Google),GOOG,Product,Senior,78.3,330800,3.6
GOOG-0648,Mary Ali,Alphabet (Google),GOOG,Legal & Policy,Senior,67.9,270000,9.6
GOOG-0649,James Tanaka,Alphabet (Google),GOOG,People/HR,Senior,92.6,309900,3.3
GOOG-0650,Maria Reyes,Alphabet (Google),GOOG,Product,VP,92.1,1485100,6.1
GOOG-0651,David Singh,Alphabet (Google),GOOG,Marketing,Senior,85.9,209300,5.7
GOOG-0652,Aisha Davis,Alphabet (Google),GOOG,Marketing,Staff,80.8,671800,5.1
GOOG-0653,Priya Garcia,Alphabet (Google),GOOG,Sales & GTM,Staff,67.7,298700,11.7
GOOG-0654,Hannah Davis,Alphabet (Google),GOOG,Research & AI,Staff,88.2,438200,8.8
GOOG-0655,Sofia Silva,Alphabet (Google),GOOG,Product,Senior Director,94.0,615300,8.4
GOOG-0656,Yuki Tanaka,Alphabet (Google),GOOG,Engineering,Principal,77.7,542700,16.8
GOOG-0657,Wei Okafor,Alphabet (Google),GOOG,Operations,Senior Director,79.8,456000,12.0
GOOG-0658,Elena Kim,Alphabet (Google),GOOG,Operations,Senior,88.1,110200,1.5
GOOG-0659,Wei Cohen,Alphabet (Google),GOOG,Finance,Senior,83.9,643500,1.3
GOOG-0660,Hiroshi Cohen,Alphabet (Google),GOOG,Finance,Principal,73.7,354900,8.2
GOOG-0661,Chen Khan,Alphabet (Google),GOOG,Product,Staff,88.6,285800,14.0
GOOG-0662,Yuki Hassan,Alphabet (Google),GOOG,Engineering,Staff,89.5,443400,5.2
GOOG-0663,Zoe Wang,Alphabet (Google),GOOG,Engineering,Senior,74.2,169700,3.8
GOOG-0664,Thomas Patel,Alphabet (Google),GOOG,Operations,Principal,89.9,540200,5.0
GOOG-0665,Samuel Hassan,Alphabet (Google),GOOG,Engineering,Senior,80.1,237800,1.9
GOOG-0666,Raj Reyes,Alphabet (Google),GOOG,Engineering,Senior,73.9,144200,7.6
GOOG-0667,Maria Wilson,Alphabet (Google),GOOG,Engineering,Staff,75.1,262600,4.3
GOOG-0668,Carlos Ali,Alphabet (Google),GOOG,Research & AI,Staff,75.4,95600,2.2
GOOG-0669,Carlos Reyes,Alphabet (Google),GOOG,Legal & Policy,Senior,66.7,104400,8.4
GOOG-0670,David Hassan,Alphabet (Google),GOOG,Research & AI,Senior,80.7,682300,8.0
GOOG-0671,Ahmed Silva,Alphabet (Google),GOOG,Product,Director,96.7,717300,5.2
GOOG-0672,Elena Park,Alphabet (Google),GOOG,Research & AI,Director,85.8,1219100,6.0
GOOG-0673,Zoe Khan,Alphabet (Google),GOOG,Research & AI,Director,82.1,576500,11.5
GOOG-0674,Wei Garcia,Alphabet (Google),GOOG,Sales & GTM,Director,80.6,1050800,5.9
GOOG-0675,Sofia Brown,Alphabet (Google),GOOG,Engineering,Senior,75.9,550100,2.7
GOOG-0676,David Hassan,Alphabet (Google),GOOG,Research & AI,Staff,80.3,903600,12.9
GOOG-0677,Fatima Silva,Alphabet (Google),GOOG,Engineering,Director,93.1,849900,9.2
GOOG-0678,David Yamamoto,Alphabet (Google),GOOG,Operations,VP,84.6,1316600,8.1
GOOG-0679,David Anderson,Alphabet (Google),GOOG,Product,Staff,74.1,230000,5.4
GOOG-0680,James Tanaka,Alphabet (Google),GOOG,Research & AI,Senior,92.4,224500,8.8
GOOG-0681,Aisha Kim,Alphabet (Google),GOOG,Research & AI,Staff,83.1,151800,3.5
GOOG-0682,Ahmed Martinez,Alphabet (Google),GOOG,Research & AI,Senior,91.5,378600,6.5
GOOG-0683,Ahmed Okafor,Alphabet (Google),GOOG,Legal & Policy,Senior,76.7,105200,10.8
GOOG-0684,Aisha Martinez,Alphabet (Google),GOOG,Research & AI,Senior,78.9,338700,4.7
GOOG-0685,Emily Tanaka,Alphabet (Google),GOOG,Engineering,Director,73.8,988500,11.0
GOOG-0686,Wei Chen,Alphabet (Google),GOOG,Legal & Policy,Principal,80.1,343600,7.5
GOOG-0687,Grace Nguyen,Alphabet (Google),GOOG,Marketing,Staff,69.5,180200,3.9
GOOG-0688,Hannah Anderson,Alphabet (Google),GOOG,Engineering,Principal,71.9,537600,5.3
GOOG-0689,Hiroshi Tanaka,Alphabet (Google),GOOG,Engineering,Staff,82.8,1096900,3.9
GOOG-0690,Emily Schmidt,Alphabet (Google),GOOG,Engineering,Director,77.0,397800,6.4
GOOG-0691,Sofia Kim,Alphabet (Google),GOOG,Marketing,Senior Director,77.0,618900,17.0
GOOG-0692,Aisha Lopez,Alphabet (Google),GOOG,Engineering,Director,86.0,533400,8.2
GOOG-0693,Chen Silva,Alphabet (Google),GOOG,Engineering,Senior,94.3,232600,0.6
GOOG-0694,Nina Lee,Alphabet (Google),GOOG,Product,Director,78.7,838100,8.1
GOOG-0695,Arjun Khan,Alphabet (Google),GOOG,Engineering,Principal,94.1,262700,12.4
GOOG-0696,Chen Schmidt,Alphabet (Google),GOOG,Engineering,Staff,79.2,651100,12.6
GOOG-0697,Hiroshi Wang,Alphabet (Google),GOOG,Design,Director,81.2,2214400,9.3
GOOG-0698,Carlos Brown,Alphabet (Google),GOOG,Engineering,Staff,93.2,208200,6.8
GOOG-0699,Nina Wang,Alphabet (Google),GOOG,Engineering,Staff,87.0,330000,9.3
GOOG-0700,Kevin Patel,Alphabet (Google),GOOG,Marketing,Principal,93.2,591500,4.3
GOOG-0701,Olivia Brown,Alphabet (Google),GOOG,Operations,Director,72.0,540100,8.4
GOOG-0702,Olivia Martinez,Alphabet (Google),GOOG,Engineering,Principal,81.9,470200,28.9
GOOG-0703,Ahmed Okafor,Alphabet (Google),GOOG,Engineering,Principal,71.8,567800,3.6
GOOG-0704,Hiroshi Khan,Alphabet (Google),GOOG,Research & AI,Principal,89.1,1748800,7.2
GOOG-0705,Arjun Nguyen,Alphabet (Google),GOOG,Research & AI,Principal,80.5,558800,9.5
GOOG-0706,Hiroshi Nguyen,Alphabet (Google),GOOG,Product,Principal,70.3,648100,8.2
GOOG-0707,Zoe Chen,Alphabet (Google),GOOG,Operations,Staff,68.5,175800,6.7
GOOG-0708,Arjun Johnson,Alphabet (Google),GOOG,Research & AI,Senior Director,94.2,1095100,5.1
GOOG-0709,Fatima Hassan,Alphabet (Google),GOOG,Research & AI,VP,83.8,2195000,9.1
GOOG-0710,Samuel Tanaka,Alphabet (Google),GOOG,Research & AI,SVP,70.6,1133600,8.7
GOOG-0711,Linda Murphy,Alphabet (Google),GOOG,Research & AI,Principal,85.2,348900,7.8
GOOG-0712,Thomas Chen,Alphabet (Google),GOOG,Operations,Senior,93.9,177700,8.9
GOOG-0713,Raj Chen,Alphabet (Google),GOOG,Product,Principal,86.8,598500,8.3
GOOG-0714,David Martinez,Alphabet (Google),GOOG,Operations,VP,86.5,1570700,15.8
GOOG-0715,David Nguyen,Alphabet (Google),GOOG,Sales & GTM,Senior,89.6,177100,9.7
GOOG-0716,Ahmed Murphy,Alphabet (Google),GOOG,Sales & GTM,Staff,62.9,360000,4.4
GOOG-0717,James Wilson,Alphabet (Google),GOOG,Sales & GTM,Senior,79.1,143500,16.5
GOOG-0718,Aisha Petrov,Alphabet (Google),GOOG,Design,Staff,67.5,340500,4.2
GOOG-0719,Chen Tanaka,Alphabet (Google),GOOG,Engineering,Principal,89.4,474100,8.3
GOOG-0720,Hannah Chen,Alphabet (Google),GOOG,Sales & GTM,Staff,71.6,290400,9.6
GOOG-0721,Wei Hassan,Alphabet (Google),GOOG,Research & AI,Senior,75.8,372100,8.8
GOOG-0722,Priya Wilson,Alphabet (Google),GOOG,Engineering,Staff,90.6,553600,2.4
GOOG-0723,Hiroshi Wilson,Alphabet (Google),GOOG,Design,Senior,74.0,154900,3.5
GOOG-0724,Carlos Brown,Alphabet (Google),GOOG,Engineering,Staff,84.4,190700,8.8
GOOG-0725,Priya Lee,Alphabet (Google),GOOG,Operations,Principal,85.6,1100300,15.1
GOOG-0726,Yuki Anderson,Alphabet (Google),GOOG,Design,Senior,94.8,413000,14.5
GOOG-0727,Olivia Patel,Alphabet (Google),GOOG,Engineering,Principal,70.9,93500,3.2
GOOG-0728,Zoe Chen,Alphabet (Google),GOOG,Finance,Staff,73.6,191100,4.3
GOOG-0729,Chen Lee,Alphabet (Google),GOOG,Product,Senior,90.3,687300,4.6
GOOG-0730,Kevin Park,Alphabet (Google),GOOG,Engineering,C-Suite,78.4,2049700,23.1
GOOG-0731,Elena Silva,Alphabet (Google),GOOG,Finance,Director,76.7,377700,6.6
GOOG-0732,Olivia Petrov,Alphabet (Google),GOOG,Engineering,Senior,74.6,464900,7.0
GOOG-0733,Maria Smith,Alphabet (Google),GOOG,Engineering,Director,91.0,914000,9.6
GOOG-0734,Mary Rossi,Alphabet (Google),GOOG,Engineering,Senior,70.6,265200,15.8
GOOG-0735,Yuki Chen,Alphabet (Google),GOOG,Finance,Principal,84.6,226400,5.7
GOOG-0736,Fatima Kim,Alphabet (Google),GOOG,Sales & GTM,VP,63.3,540800,9.4
GOOG-0737,Yuki Park,Alphabet (Google),GOOG,Research & AI,Staff,79.4,739800,4.1
GOOG-0738,Elena Anderson,Alphabet (Google),GOOG,Design,Senior,86.6,154300,7.0
GOOG-0739,Zoe Tanaka,Alphabet (Google),GOOG,Operations,Senior,81.1,422300,1.7
GOOG-0740,Yuki Ali,Alphabet (Google),GOOG,Operations,Senior,56.0,417500,3.7
GOOG-0741,Hiroshi Brown,Alphabet (Google),GOOG,Engineering,Director,87.1,740600,9.8
GOOG-0742,Olivia Smith,Alphabet (Google),GOOG,Research & AI,Principal,78.8,355200,12.0
GOOG-0743,Linda Anderson,Alphabet (Google),GOOG,Operations,Senior,78.7,161700,9.3
GOOG-0744,Daniel Schmidt,Alphabet (Google),GOOG,Operations,Senior,67.4,127700,9.4
GOOG-0745,Linda Park,Alphabet (Google),GOOG,Marketing,Director,67.3,432600,5.5
GOOG-0746,John Martinez,Alphabet (Google),GOOG,Engineering,VP,88.8,3134900,7.2
GOOG-0747,Raj Lee,Alphabet (Google),GOOG,Engineering,Senior,78.2,271900,1.5
GOOG-0748,Michael Smith,Alphabet (Google),GOOG,Finance,Staff,70.9,157800,3.8
GOOG-0749,Nina Hassan,Alphabet (Google),GOOG,Design,Staff,79.2,503900,10.3
GOOG-0750,Fatima Park,Alphabet (Google),GOOG,Product,Staff,68.7,267300,7.7
GOOG-0751,Nina Reyes,Alphabet (Google),GOOG,Engineering,Director,86.7,397400,13.8
GOOG-0752,Yuki Cohen,Alphabet (Google),GOOG,Research & AI,Senior,71.7,497700,3.6
GOOG-0753,Elena Singh,Alphabet (Google),GOOG,Design,Senior,84.2,158200,7.5
GOOG-0754,Sofia Martinez,Alphabet (Google),GOOG,Engineering,Principal,80.9,440400,9.9
GOOG-0755,David Rossi,Alphabet (Google),GOOG,Product,Principal,84.4,378400,7.0
GOOG-0756,Emily Smith,Alphabet (Google),GOOG,Engineering,Staff,86.3,478100,4.7
GOOG-0757,Aisha Singh,Alphabet (Google),GOOG,Engineering,Senior Director,76.5,245400,6.3
GOOG-0758,Arjun Silva,Alphabet (Google),GOOG,Product,Staff,87.9,177200,21.2
GOOG-0759,Olivia Smith,Alphabet (Google),GOOG,Engineering,Principal,81.1,557500,20.0
GOOG-0760,David Nguyen,Alphabet (Google),GOOG,Sales & GTM,Staff,78.7,638900,4.8
GOOG-0761,Carlos Smith,Alphabet (Google),GOOG,Research & AI,Director,90.8,467100,7.9
GOOG-0762,Mary Schmidt,Alphabet (Google),GOOG,Engineering,Staff,90.0,929300,9.8
GOOG-0763,Nina Petrov,Alphabet (Google),GOOG,Product,Senior,65.7,407900,5.8
GOOG-0764,Fatima Davis,Alphabet (Google),GOOG,Product,Principal,67.6,509900,10.0
GOOG-0765,Hannah Davis,Alphabet (Google),GOOG,Engineering,SVP,81.1,2599900,12.6
GOOG-0766,David Cohen,Alphabet (Google),GOOG,Finance,Director,95.2,476500,15.3
GOOG-0767,Raj Tanaka,Alphabet (Google),GOOG,Legal & Policy,Senior,77.4,234700,11.5
GOOG-0768,Samuel Petrov,Alphabet (Google),GOOG,Sales & GTM,Senior,78.8,243900,4.8
GOOG-0769,Kevin Reyes,Alphabet (Google),GOOG,Legal & Policy,VP,81.3,787700,8.7
GOOG-0770,Carlos Johnson,Alphabet (Google),GOOG,Product,Senior,66.7,398200,3.9
GOOG-0771,Kevin Nguyen,Alphabet (Google),GOOG,Engineering,Principal,77.3,358800,14.1
GOOG-0772,Nina Yamamoto,Alphabet (Google),GOOG,Marketing,Principal,87.9,266400,7.6
GOOG-0773,Hannah Johnson,Alphabet (Google),GOOG,Finance,Principal,74.9,312700,5.1
GOOG-0774,Emily Silva,Alphabet (Google),GOOG,Engineering,Director,79.6,787300,10.7
GOOG-0775,Yuki Johnson,Alphabet (Google),GOOG,Marketing,Senior,75.9,209200,13.4
GOOG-0776,Aisha Lopez,Alphabet (Google),GOOG,Finance,Senior Director,82.0,1028300,12.7
GOOG-0777,Aisha Nguyen,Alphabet (Google),GOOG,Engineering,Staff,95.4,419500,20.2
GOOG-0778,John Wilson,Alphabet (Google),GOOG,Engineering,Senior,81.6,212000,11.0
GOOG-0779,Hannah Patel,Alphabet (Google),GOOG,Engineering,Principal,68.6,220000,15.1
GOOG-0780,Samuel Tanaka,Alphabet (Google),GOOG,Legal & Policy,Director,76.7,580000,16.2
GOOG-0781,Nina Petrov,Alphabet (Google),GOOG,Marketing,Senior Director,97.3,1588700,5.5
GOOG-0782,Michael Khan,Alphabet (Google),GOOG,Engineering,Principal,76.8,356400,12.3
GOOG-0783,Zoe Rossi,Alphabet (Google),GOOG,Engineering,Staff,74.1,261400,2.5
GOOG-0784,Ahmed Petrov,Alphabet (Google),GOOG,Marketing,Senior,100.0,164500,11.2
GOOG-0785,John Yamamoto,Alphabet (Google),GOOG,Research & AI,Senior,70.5,204700,6.6
GOOG-0786,Sofia Martinez,Alphabet (Google),GOOG,Research & AI,Senior,100.0,380900,8.8
GOOG-0787,Priya Rossi,Alphabet (Google),GOOG,Engineering,Senior,80.5,261600,12.8
GOOG-0788,Elena Martinez,Alphabet (Google),GOOG,Engineering,Senior,59.4,195600,4.1
GOOG-0789,Grace Nguyen,Alphabet (Google),GOOG,Legal & Policy,Senior,72.2,173100,5.6
GOOG-0790,Priya Okafor,Alphabet (Google),GOOG,Engineering,Senior Director,92.5,1982100,10.1
GOOG-0791,Priya Cohen,Alphabet (Google),GOOG,Research & AI,Senior Director,80.4,1307600,9.0
GOOG-0792,Linda Yamamoto,Alphabet (Google),GOOG,Engineering,Principal,70.0,188700,4.7
GOOG-0793,Grace Ali,Alphabet (Google),GOOG,Finance,Senior,96.9,266600,5.5
GOOG-0794,Hiroshi Kim,Alphabet (Google),GOOG,Research & AI,Senior,67.2,212500,2.2
GOOG-0795,Thomas Murphy,Alphabet (Google),GOOG,Engineering,Senior Director,93.2,471200,10.9
GOOG-0796,Priya Wilson,Alphabet (Google),GOOG,Engineering,Senior,97.4,451500,16.4
GOOG-0797,Arjun Lopez,Alphabet (Google),GOOG,Sales & GTM,Principal,88.2,705000,7.1
GOOG-0798,Fatima Tanaka,Alphabet (Google),GOOG,Research & AI,Senior,85.6,356400,8.5
GOOG-0799,David Wang,Alphabet (Google),GOOG,Engineering,Senior,80.5,242400,6.3
GOOG-0800,Carlos Martinez,Alphabet (Google),GOOG,Legal & Policy,Senior,74.2,109400,7.7
GOOG-0801,Priya Khan,Alphabet (Google),GOOG,Engineering,Senior,69.0,423800,2.1
GOOG-0802,Sofia Murphy,Alphabet (Google),GOOG,Engineering,Senior,73.2,527000,8.8
GOOG-0803,David Smith,Alphabet (Google),GOOG,Research & AI,Director,70.3,432300,12.8
GOOG-0804,Nina Lee,Alphabet (Google),GOOG,Engineering,Principal,80.0,645900,5.3
GOOG-0805,Olivia Ali,Alphabet (Google),GOOG,Operations,Principal,74.9,150000,6.7
GOOG-0806,Maria Nguyen,Alphabet (Google),GOOG,Engineering,Senior,88.6,482900,2.0
GOOG-0807,Thomas Rossi,Alphabet (Google),GOOG,Engineering,Senior Director,82.3,587900,6.7
GOOG-0808,Hiroshi Martinez,Alphabet (Google),GOOG,Sales & GTM,Principal,87.1,466200,10.6
GOOG-0809,Yuki Kim,Alphabet (Google),GOOG,Product,Senior Director,82.0,465500,10.8
GOOG-0810,Chen Cohen,Alphabet (Google),GOOG,Marketing,Senior,78.4,334400,3.3
GOOG-0811,Olivia Kim,Alphabet (Google),GOOG,Sales & GTM,Senior,91.5,293100,10.5
GOOG-0812,Emily Martinez,Alphabet (Google),GOOG,Design,Staff,83.9,336600,4.9
GOOG-0813,Chen Smith,Alphabet (Google),GOOG,Finance,Staff,77.6,366800,11.7
GOOG-0814,James Smith,Alphabet (Google),GOOG,Product,VP,63.8,915600,16.5
GOOG-0815,Fatima Hassan,Alphabet (Google),GOOG,Engineering,Senior,67.5,336000,9.3
GOOG-0816,Yuki Khan,Alphabet (Google),GOOG,Sales & GTM,Director,84.0,274200,5.8
GOOG-0817,Carlos Johnson,Alphabet (Google),GOOG,Engineering,Principal,82.7,337600,8.3
GOOG-0818,Zoe Singh,Alphabet (Google),GOOG,Product,Principal,74.5,688900,12.5
GOOG-0819,Linda Khan,Alphabet (Google),GOOG,Finance,Staff,77.4,212900,3.0
GOOG-0820,Maria Silva,Alphabet (Google),GOOG,Finance,VP,74.4,531400,11.1
GOOG-0821,Hannah Reyes,Alphabet (Google),GOOG,Sales & GTM,Senior,94.7,212800,0.8
GOOG-0822,Sofia Petrov,Alphabet (Google),GOOG,Design,Senior,58.8,507800,1.9
GOOG-0823,Raj Martinez,Alphabet (Google),GOOG,Finance,Director,78.7,1041200,11.6
GOOG-0824,John Smith,Alphabet (Google),GOOG,Engineering,Staff,84.1,228700,7.9
GOOG-0825,John Rossi,Alphabet (Google),GOOG,Engineering,Senior,84.3,264500,2.9
GOOG-0826,Arjun Lee,Alphabet (Google),GOOG,Engineering,Senior,89.8,97300,10.3
GOOG-0827,Olivia Park,Alphabet (Google),GOOG,Sales & GTM,Director,88.7,585800,5.0
GOOG-0828,Hannah Martinez,Alphabet (Google),GOOG,Engineering,SVP,85.8,759100,9.6
GOOG-0829,Sofia Brown,Alphabet (Google),GOOG,Engineering,Staff,85.9,354900,12.9
GOOG-0830,James Park,Alphabet (Google),GOOG,Sales & GTM,Staff,80.3,476000,7.7
GOOG-0831,Samuel Martinez,Alphabet (Google),GOOG,Design,Staff,87.7,477300,12.6
GOOG-0832,Daniel Yamamoto,Alphabet (Google),GOOG,People/HR,Principal,81.7,648700,9.6
GOOG-0833,Nina Brown,Alphabet (Google),GOOG,Sales & GTM,Senior,88.0,1400800,5.5
GOOG-0834,Ahmed Tanaka,Alphabet (Google),GOOG,Engineering,Principal,90.3,141600,6.4
GOOG-0835,John Singh,Alphabet (Google),GOOG,Engineering,Staff,77.1,358300,6.9
GOOG-0836,Kevin Yamamoto,Alphabet (Google),GOOG,Operations,Staff,58.0,113500,3.4
GOOG-0837,Linda Park,Alphabet (Google),GOOG,Research & AI,Staff,67.1,172500,6.5
GOOG-0838,David Garcia,Alphabet (Google),GOOG,Engineering,Senior,78.6,421300,9.2
GOOG-0839,Aisha Tanaka,Alphabet (Google),GOOG,Engineering,Senior,79.2,459900,3.4
GOOG-0840,Yuki Ali,Alphabet (Google),GOOG,Marketing,Principal,73.9,1861600,11.4
GOOG-0841,Arjun Johnson,Alphabet (Google),GOOG,Engineering,Senior,69.2,180500,8.7
GOOG-0842,Priya Khan,Alphabet (Google),GOOG,Design,Senior,84.0,276900,15.4
GOOG-0843,David Cohen,Alphabet (Google),GOOG,Marketing,Principal,69.9,298600,5.8
GOOG-0844,Thomas Anderson,Alphabet (Google),GOOG,Engineering,Staff,85.8,1189900,5.2
GOOG-0845,David Lee,Alphabet (Google),GOOG,Engineering,Staff,82.8,954000,6.3
GOOG-0846,Hiroshi Chen,Alphabet (Google),GOOG,Research & AI,Principal,79.3,727600,3.8
GOOG-0847,Grace Ali,Alphabet (Google),GOOG,Engineering,Principal,78.4,785400,2.5
GOOG-0848,Fatima Nguyen,Alphabet (Google),GOOG,Product,Principal,86.7,600600,7.0
GOOG-0849,Sofia Anderson,Alphabet (Google),GOOG,Research & AI,Principal,90.5,398000,37.5
GOOG-0850,Priya Murphy,Alphabet (Google),GOOG,Finance,Senior,81.1,189700,3.7
GOOG-0851,Daniel Chen,Alphabet (Google),GOOG,Marketing,Director,81.9,668600,9.2
GOOG-0852,Olivia Lee,Alphabet (Google),GOOG,Sales & GTM,Principal,79.7,312500,7.1
GOOG-0853,Hiroshi Garcia,Alphabet (Google),GOOG,Operations,Staff,79.5,175000,7.8
GOOG-0854,Hannah Hassan,Alphabet (Google),GOOG,Operations,Senior Director,97.6,554700,16.7
GOOG-0855,Grace Murphy,Alphabet (Google),GOOG,Research & AI,Staff,84.0,566200,3.9
GOOG-0856,Raj Brown,Alphabet (Google),GOOG,Product,Director,81.1,557000,4.2
GOOG-0857,Kevin Cohen,Alphabet (Google),GOOG,Operations,Director,94.0,871800,9.1
GOOG-0858,Arjun Martinez,Alphabet (Google),GOOG,Research & AI,Principal,62.2,451600,9.2
GOOG-0859,David Cohen,Alphabet (Google),GOOG,Operations,Staff,72.0,1623400,7.5
GOOG-0860,Arjun Petrov,Alphabet (Google),GOOG,People/HR,Senior,71.2,282800,2.2
GOOG-0861,David Schmidt,Alphabet (Google),GOOG,Design,Staff,84.7,260000,17.9
GOOG-0862,Sofia Hassan,Alphabet (Google),GOOG,Legal & Policy,Senior Director,65.2,273400,15.8
GOOG-0863,Fatima Garcia,Alphabet (Google),GOOG,Engineering,Senior Director,64.2,597200,15.3
GOOG-0864,Wei Smith,Alphabet (Google),GOOG,Research & AI,Staff,79.7,309600,7.9
GOOG-0865,Yuki Ali,Alphabet (Google),GOOG,Operations,Staff,76.0,294700,5.5
GOOG-0866,Mary Smith,Alphabet (Google),GOOG,Engineering,Senior,69.8,103400,10.3
GOOG-0867,Emily Rossi,Alphabet (Google),GOOG,Engineering,Staff,53.5,321700,8.5
GOOG-0868,Aisha Nguyen,Alphabet (Google),GOOG,Research & AI,Staff,91.7,842300,4.6
GOOG-0869,Grace Wilson,Alphabet (Google),GOOG,Finance,Senior,67.4,297000,7.1
GOOG-0870,Yuki Okafor,Alphabet (Google),GOOG,Finance,Senior,61.7,123400,8.5
GOOG-0871,Linda Wang,Alphabet (Google),GOOG,Finance,Principal,68.5,704400,9.6
GOOG-0872,Yuki Singh,Alphabet (Google),GOOG,Design,Principal,81.9,705100,10.8
GOOG-0873,James Khan,Alphabet (Google),GOOG,Marketing,Staff,95.6,382300,4.1
GOOG-0874,Chen Brown,Alphabet (Google),GOOG,People/HR,Principal,61.2,969400,6.4
GOOG-0875,Hiroshi Rossi,Alphabet (Google),GOOG,People/HR,Senior,89.5,300600,6.8
GOOG-0876,James Yamamoto,Alphabet (Google),GOOG,Design,Director,85.3,455900,8.0
GOOG-0877,Elena Park,Alphabet (Google),GOOG,Operations,Senior,77.1,281700,16.0
GOOG-0878,Raj Cohen,Alphabet (Google),GOOG,Operations,Senior,79.8,141300,17.2
GOOG-0879,Sofia Lee,Alphabet (Google),GOOG,Marketing,VP,73.3,1170200,18.5
GOOG-0880,Hannah Petrov,Alphabet (Google),GOOG,Engineering,Staff,80.0,1096800,8.3
GOOG-0881,Chen Park,Alphabet (Google),GOOG,Research & AI,VP,80.1,485100,15.5
GOOG-0882,Aisha Park,Alphabet (Google),GOOG,Marketing,Staff,74.5,270300,2.1
GOOG-0883,Zoe Smith,Alphabet (Google),GOOG,Engineering,C-Suite,92.0,2186800,12.0
GOOG-0884,Maria Singh,Alphabet (Google),GOOG,Engineering,Senior,79.1,420500,8.8
GOOG-0885,Arjun Chen,Alphabet (Google),GOOG,Research & AI,Principal,72.9,855900,16.9
GOOG-0886,Mary Martinez,Alphabet (Google),GOOG,Engineering,Senior,85.1,298500,3.2
GOOG-0887,Grace Kim,Alphabet (Google),GOOG,Legal & Policy,Senior,78.6,293800,12.5
GOOG-0888,Aisha Martinez,Alphabet (Google),GOOG,Finance,Staff,87.5,383500,2.8
GOOG-0889,Fatima Nguyen,Alphabet (Google),GOOG,Engineering,Senior,63.5,293500,5.2
GOOG-0890,Samuel Yamamoto,Alphabet (Google),GOOG,Product,Senior Director,96.1,841000,13.4
GOOG-0891,Maria Anderson,Alphabet (Google),GOOG,Marketing,Principal,76.4,653500,7.2
GOOG-0892,Daniel Garcia,Alphabet (Google),GOOG,Engineering,Director,75.2,1162700,11.1
GOOG-0893,David Garcia,Alphabet (Google),GOOG,Engineering,Principal,99.0,451700,6.7
GOOG-0894,Raj Davis,Alphabet (Google),GOOG,Finance,Staff,74.6,299500,5.1
GOOG-0895,Hannah Murphy,Alphabet (Google),GOOG,Design,Staff,71.4,259400,3.9
GOOG-0896,Olivia Yamamoto,Alphabet (Google),GOOG,Research & AI,Principal,75.4,690400,2.7
GOOG-0897,Yuki Yamamoto,Alphabet (Google),GOOG,Sales & GTM,Director,82.0,874700,15.4
GOOG-0898,Raj Anderson,Alphabet (Google),GOOG,Product,Senior Director,68.8,857800,11.5
GOOG-0899,Grace Nguyen,Alphabet (Google),GOOG,Research & AI,Principal,90.5,283500,10.1
GOOG-0900,Hannah Ali,Alphabet (Google),GOOG,Sales & GTM,Director,90.8,608100,13.6
GOOG-0901,Sofia Cohen,Alphabet (Google),GOOG,Engineering,Senior,86.5,290300,5.0
GOOG-0902,Nina Anderson,Alphabet (Google),GOOG,Sales & GTM,VP,81.5,1248500,7.0
GOOG-0903,Maria Schmidt,Alphabet (Google),GOOG,Operations,VP,76.2,747000,15.3
GOOG-0904,Emily Wilson,Alphabet (Google),GOOG,Research & AI,Staff,79.6,577200,8.4
GOOG-0905,David Khan,Alphabet (Google),GOOG,People/HR,VP,88.3,564900,9.9
GOOG-0906,Nina Wang,Alphabet (Google),GOOG,Research & AI,Senior,78.3,345600,1.2
GOOG-0907,Daniel Garcia,Alphabet (Google),GOOG,Engineering,Principal,80.4,289600,3.6
GOOG-0908,Carlos Singh,Alphabet (Google),GOOG,Sales & GTM,Senior,76.4,715600,2.6
GOOG-0909,Raj Lee,Alphabet (Google),GOOG,Finance,Director,91.0,1323900,5.2
GOOG-0910,Yuki Rossi,Alphabet (Google),GOOG,Design,Principal,58.5,715300,8.4
GOOG-0911,Linda Khan,Alphabet (Google),GOOG,Legal & Policy,Senior,75.4,617000,6.0
GOOG-0912,Thomas Okafor,Alphabet (Google),GOOG,Product,Staff,81.9,601500,8.4
GOOG-0913,Chen Davis,Alphabet (Google),GOOG,Engineering,Director,87.7,927100,12.6
GOOG-0914,Emily Park,Alphabet (Google),GOOG,Research & AI,VP,85.1,791300,8.4
GOOG-0915,Fatima Reyes,Alphabet (Google),GOOG,Operations,Senior,77.3,114500,4.7
GOOG-0916,Yuki Reyes,Alphabet (Google),GOOG,Engineering,Principal,86.6,630800,6.5
GOOG-0917,David Cohen,Alphabet (Google),GOOG,Engineering,Senior Director,87.2,696400,6.9
GOOG-0918,Linda Davis,Alphabet (Google),GOOG,Product,Staff,78.4,323300,2.5
GOOG-0919,Fatima Tanaka,Alphabet (Google),GOOG,Engineering,Senior,84.8,172000,8.5
GOOG-0920,Elena Kim,Alphabet (Google),GOOG,People/HR,Staff,85.4,818800,1.6
GOOG-0921,Samuel Yamamoto,Alphabet (Google),GOOG,Operations,Staff,88.9,432900,4.7
GOOG-0922,Sofia Reyes,Alphabet (Google),GOOG,Engineering,Senior Director,78.5,140100,9.9
GOOG-0923,Mary Brown,Alphabet (Google),GOOG,Engineering,Staff,63.0,451600,11.0
GOOG-0924,James Nguyen,Alphabet (Google),GOOG,Engineering,Director,70.1,358300,6.7
GOOG-0925,Aisha Park,Alphabet (Google),GOOG,Product,Principal,70.0,1027400,4.7
GOOG-0926,Thomas Murphy,Alphabet (Google),GOOG,Legal & Policy,Senior,89.2,112100,9.9
GOOG-0927,Michael Silva,Alphabet (Google),GOOG,Marketing,Principal,74.0,324300,8.8
GOOG-0928,Maria Johnson,Alphabet (Google),GOOG,Research & AI,C-Suite,68.5,2057000,15.9
GOOG-0929,Yuki Wilson,Alphabet (Google),GOOG,Engineering,Principal,71.6,327000,6.1
GOOG-0930,Sofia Tanaka,Alphabet (Google),GOOG,Research & AI,Principal,78.6,192300,8.0
GOOG-0931,Yuki Reyes,Alphabet (Google),GOOG,Design,Senior,91.1,295400,15.7
GOOG-0932,Carlos Brown,Alphabet (Google),GOOG,Engineering,Principal,81.5,783200,16.7
GOOG-0933,Linda Lee,Alphabet (Google),GOOG,Operations,VP,100.0,2589100,8.9
GOOG-0934,Sofia Lopez,Alphabet (Google),GOOG,Engineering,Senior,50.8,109600,8.0
GOOG-0935,Linda Lopez,Alphabet (Google),GOOG,Sales & GTM,Senior Director,87.9,1228500,5.8
GOOG-0936,Samuel Brown,Alphabet (Google),GOOG,Engineering,Senior,83.7,410500,5.5
GOOG-0937,Thomas Schmidt,Alphabet (Google),GOOG,Finance,Principal,100.0,756800,10.8
GOOG-0938,Carlos Hassan,Alphabet (Google),GOOG,Finance,Staff,70.0,183900,7.4
GOOG-0939,Linda Cohen,Alphabet (Google),GOOG,Engineering,Staff,95.4,258100,3.1
GOOG-0940,Sofia Schmidt,Alphabet (Google),GOOG,Engineering,Principal,84.7,682600,8.5
GOOG-0941,Aisha Silva,Alphabet (Google),GOOG,People/HR,Principal,79.0,372800,5.2
GOOG-0942,Mary Petrov,Alphabet (Google),GOOG,Finance,Senior Director,85.6,631500,5.4
GOOG-0943,Raj Lopez,Alphabet (Google),GOOG,Sales & GTM,Senior,81.8,272000,1.9
GOOG-0944,Fatima Rossi,Alphabet (Google),GOOG,People/HR,Senior,71.3,223600,3.5
GOOG-0945,Mary Petrov,Alphabet (Google),GOOG,Engineering,Staff,73.2,311000,4.5
GOOG-0946,Yuki Johnson,Alphabet (Google),GOOG,Marketing,Senior,85.3,236700,8.6
GOOG-0947,Raj Wang,Alphabet (Google),GOOG,Research & AI,Director,84.4,948200,10.2
GOOG-0948,Chen Hassan,Alphabet (Google),GOOG,Finance,Principal,74.7,252300,9.9
GOOG-0949,James Davis,Alphabet (Google),GOOG,Research & AI,Staff,87.8,467000,7.5
GOOG-0950,Ahmed Smith,Alphabet (Google),GOOG,Engineering,Staff,80.1,285500,7.2
GOOG-0951,Raj Garcia,Alphabet (Google),GOOG,Product,Senior,65.0,219000,8.6
GOOG-0952,Wei Kim,Alphabet (Google),GOOG,Marketing,Senior,84.0,546800,12.7
GOOG-0953,Chen Anderson,Alphabet (Google),GOOG,Marketing,Senior,74.7,369500,4.7
GOOG-0954,John Reyes,Alphabet (Google),GOOG,Operations,Staff,87.5,277400,5.4
GOOG-0955,Thomas Reyes,Alphabet (Google),GOOG,Sales & GTM,Principal,72.9,149500,7.4
GOOG-0956,Raj Tanaka,Alphabet (Google),GOOG,Engineering,Staff,66.5,468700,7.5
GOOG-0957,Daniel Singh,Alphabet (Google),GOOG,Engineering,Senior,73.6,100800,5.1
GOOG-0958,James Davis,Alphabet (Google),GOOG,Engineering,Director,77.0,1191300,6.4
GOOG-0959,Thomas Garcia,Alphabet (Google),GOOG,Research & AI,Senior,84.4,274300,16.2
GOOG-0960,Kevin Lopez,Alphabet (Google),GOOG,Product,Director,89.1,1289900,10.0
GOOG-0961,Ahmed Rossi,Alphabet (Google),GOOG,Research & AI,VP,83.1,887900,17.9
GOOG-0962,Arjun Singh,Alphabet (Google),GOOG,Operations,Principal,72.1,1035000,3.6
GOOG-0963,Arjun Petrov,Alphabet (Google),GOOG,Engineering,Senior Director,83.4,880600,5.4
GOOG-0964,Sofia Wang,Alphabet (Google),GOOG,Operations,Senior,87.9,397400,14.4
GOOG-0965,Zoe Anderson,Alphabet (Google),GOOG,Product,Director,78.6,977800,5.3
GOOG-0966,Elena Reyes,Alphabet (Google),GOOG,Research & AI,Principal,82.2,392600,5.8
GOOG-0967,Ahmed Smith,Alphabet (Google),GOOG,Product,SVP,79.3,834300,15.7
GOOG-0968,David Davis,Alphabet (Google),GOOG,Engineering,Senior,93.4,391300,6.9
GOOG-0969,Aisha Garcia,Alphabet (Google),GOOG,Product,Senior,90.3,234800,3.8
GOOG-0970,Daniel Patel,Alphabet (Google),GOOG,Product,Senior Director,52.8,1128100,5.1
GOOG-0971,James Anderson,Alphabet (Google),GOOG,Engineering,Staff,91.4,531500,1.9
GOOG-0972,Kevin Hassan,Alphabet (Google),GOOG,Engineering,Director,72.2,178000,10.2
GOOG-0973,Daniel Martinez,Alphabet (Google),GOOG,Operations,Principal,75.9,320300,5.0
GOOG-0974,Aisha Smith,Alphabet (Google),GOOG,People/HR,Staff,97.0,453100,2.7
GOOG-0975,Wei Hassan,Alphabet (Google),GOOG,Product,Staff,85.5,444700,2.7
GOOG-0976,Samuel Garcia,Alphabet (Google),GOOG,Engineering,Staff,78.8,463300,6.1
GOOG-0977,Grace Wilson,Alphabet (Google),GOOG,Product,Director,76.2,270000,14.2
GOOG-0978,Emily Ali,Alphabet (Google),GOOG,Engineering,Principal,87.1,638300,6.2
GOOG-0979,Michael Tanaka,Alphabet (Google),GOOG,Design,Director,80.4,288500,4.4
GOOG-0980,Priya Yamamoto,Alphabet (Google),GOOG,Design,Senior,90.5,419200,4.2
GOOG-0981,Yuki Khan,Alphabet (Google),GOOG,Finance,Principal,99.7,740200,6.9
GOOG-0982,Carlos Okafor,Alphabet (Google),GOOG,Engineering,Principal,86.9,594000,11.3
GOOG-0983,Emily Khan,Alphabet (Google),GOOG,Engineering,VP,71.3,998500,8.0
GOOG-0984,David Wilson,Alphabet (Google),GOOG,Operations,Staff,83.6,657200,6.2
GOOG-0985,Olivia Garcia,Alphabet (Google),GOOG,Operations,VP,79.4,395300,9.9
GOOG-0986,Grace Martinez,Alphabet (Google),GOOG,Finance,Staff,68.0,501900,5.4
GOOG-0987,Maria Lee,Alphabet (Google),GOOG,Product,Director,84.6,637300,3.6
GOOG-0988,Hiroshi Yamamoto,Alphabet (Google),GOOG,Research & AI,VP,98.2,2169700,10.0
GOOG-0989,Priya Rossi,Alphabet (Google),GOOG,Engineering,Senior,54.3,160800,5.2
GOOG-0990,Hiroshi Singh,Alphabet (Google),GOOG,Legal & Policy,Staff,73.5,231300,11.3
GOOG-0991,Emily Silva,Alphabet (Google),GOOG,Product,Staff,89.8,374200,3.6
GOOG-0992,Fatima Schmidt,Alphabet (Google),GOOG,Engineering,Senior,60.9,197600,3.5
GOOG-0993,Mary Martinez,Alphabet (Google),GOOG,Engineering,Senior,75.5,455900,8.3
GOOG-0994,David Lopez,Alphabet (Google),GOOG,Finance,Director,83.3,1006900,7.0
GOOG-0995,Zoe Lee,Alphabet (Google),GOOG,Product,Senior,73.3,516300,3.6
GOOG-0996,Raj Petrov,Alphabet (Google),GOOG,Finance,Principal,87.9,968600,16.8
GOOG-0997,Raj Singh,Alphabet (Google),GOOG,Engineering,Senior,72.8,299800,14.8
GOOG-0998,Linda Silva,Alphabet (Google),GOOG,Engineering,Senior,76.0,566000,5.7
GOOG-0999,Wei Khan,Alphabet (Google),GOOG,Design,Staff,74.2,275800,4.2
GOOG-1000,Grace Reyes,Alphabet (Google),GOOG,Engineering,Staff,81.7,428300,7.9
MSFT-0001,Ahmed Singh,Microsoft,MSFT,Sales & GTM,Staff,78.6,477400,8.4
MSFT-0002,Arjun Singh,Microsoft,MSFT,Engineering,Principal,73.0,432800,11.5
MSFT-0003,Olivia Ali,Microsoft,MSFT,Design,Senior,81.8,175800,7.2
MSFT-0004,Zoe Wilson,Microsoft,MSFT,Engineering,Principal,94.4,474000,6.5
MSFT-0005,Chen Lopez,Microsoft,MSFT,Research & AI,VP,83.4,743700,10.4
MSFT-0006,Kevin Lopez,Microsoft,MSFT,Sales & GTM,Senior Director,88.8,1030800,20.3
MSFT-0007,Yuki Rossi,Microsoft,MSFT,Operations,Senior,72.4,476200,4.0
MSFT-0008,Hiroshi Chen,Microsoft,MSFT,Sales & GTM,Senior,75.1,54700,6.4
MSFT-0009,Olivia Lee,Microsoft,MSFT,Product,Principal,84.7,260700,7.1
MSFT-0010,Linda Rossi,Microsoft,MSFT,Research & AI,Staff,79.6,297600,3.6
MSFT-0011,Raj Petrov,Microsoft,MSFT,Engineering,Senior,74.0,420000,16.8
MSFT-0012,Arjun Cohen,Microsoft,MSFT,Operations,Senior Director,76.2,916900,7.5
MSFT-0013,James Rossi,Microsoft,MSFT,Product,Senior,80.7,354700,8.2
MSFT-0014,Mary Park,Microsoft,MSFT,Research & AI,Staff,83.6,288800,8.2
MSFT-0015,Samuel Wang,Microsoft,MSFT,Finance,Principal,67.4,193300,5.5
MSFT-0016,Raj Garcia,Microsoft,MSFT,Design,Senior,75.8,143300,5.5
MSFT-0017,Hiroshi Silva,Microsoft,MSFT,Engineering,Principal,75.9,884200,6.5
MSFT-0018,David Murphy,Microsoft,MSFT,Product,Staff,68.9,249800,11.6
MSFT-0019,Hiroshi Smith,Microsoft,MSFT,Engineering,Principal,77.9,322200,9.6
MSFT-0020,Priya Wilson,Microsoft,MSFT,Sales & GTM,Senior,76.6,160900,4.2
MSFT-0021,Thomas Schmidt,Microsoft,MSFT,Engineering,Senior Director,81.1,1304200,7.0
MSFT-0022,Ahmed Wilson,Microsoft,MSFT,Operations,Principal,79.5,626300,10.3
MSFT-0023,Fatima Wilson,Microsoft,MSFT,Operations,Director,83.0,288300,9.1
MSFT-0024,Zoe Ali,Microsoft,MSFT,Research & AI,Senior Director,95.7,1299500,13.8
MSFT-0025,Raj Schmidt,Microsoft,MSFT,Sales & GTM,Senior,68.2,247500,8.6
MSFT-0026,Fatima Lopez,Microsoft,MSFT,Engineering,Principal,67.7,438500,9.4
MSFT-0027,Yuki Tanaka,Microsoft,MSFT,Engineering,Director,68.8,288000,13.7
MSFT-0028,Daniel Anderson,Microsoft,MSFT,Research & AI,C-Suite,91.4,1372900,11.6
MSFT-0029,Priya Wilson,Microsoft,MSFT,Operations,Senior,92.6,138500,8.3
MSFT-0030,John Smith,Microsoft,MSFT,Research & AI,Senior,81.9,250100,2.8
MSFT-0031,Grace Hassan,Microsoft,MSFT,Engineering,Senior,76.4,208300,3.4
MSFT-0032,Wei Okafor,Microsoft,MSFT,Engineering,Principal,76.8,423300,7.3
MSFT-0033,Grace Reyes,Microsoft,MSFT,Operations,Staff,73.2,131000,4.1
MSFT-0034,Samuel Park,Microsoft,MSFT,Research & AI,Senior,71.4,147200,2.7
MSFT-0035,Kevin Martinez,Microsoft,MSFT,Sales & GTM,Director,87.0,477600,6.7
MSFT-0036,Wei Johnson,Microsoft,MSFT,Research & AI,Senior,65.0,153200,7.0
MSFT-0037,Olivia Wilson,Microsoft,MSFT,Research & AI,Staff,83.3,454900,12.1
MSFT-0038,Fatima Hassan,Microsoft,MSFT,Engineering,C-Suite,84.0,4711600,23.2
MSFT-0039,Maria Ali,Microsoft,MSFT,People/HR,Senior,74.3,587400,1.7
MSFT-0040,James Lopez,Microsoft,MSFT,Product,Staff,89.9,255500,9.4
MSFT-0041,Raj Chen,Microsoft,MSFT,Engineering,Staff,69.2,190200,1.4
MSFT-0042,Aisha Park,Microsoft,MSFT,Research & AI,Director,88.3,836800,11.1
MSFT-0043,Olivia Lee,Microsoft,MSFT,Engineering,Staff,78.9,286300,21.1
MSFT-0044,Linda Schmidt,Microsoft,MSFT,Sales & GTM,Senior,66.7,226800,6.1
MSFT-0045,Zoe Kim,Microsoft,MSFT,Legal & Policy,Staff,74.0,175200,10.0
MSFT-0046,Fatima Park,Microsoft,MSFT,Legal & Policy,Staff,100.0,472500,16.8
MSFT-0047,Sofia Brown,Microsoft,MSFT,Engineering,Staff,79.0,201800,16.6
MSFT-0048,Hiroshi Wang,Microsoft,MSFT,Engineering,Senior,78.7,321100,5.1
MSFT-0049,Yuki Garcia,Microsoft,MSFT,Engineering,Principal,80.1,350200,4.5
MSFT-0050,Chen Singh,Microsoft,MSFT,Engineering,Senior,81.9,263200,10.9
MSFT-0051,Wei Tanaka,Microsoft,MSFT,People/HR,SVP,83.7,2061400,15.0
MSFT-0052,Fatima Tanaka,Microsoft,MSFT,Engineering,Senior,84.5,595200,17.0
MSFT-0053,John Reyes,Microsoft,MSFT,Engineering,Senior,66.8,228200,11.7
MSFT-0054,John Johnson,Microsoft,MSFT,People/HR,Staff,75.6,1232000,3.1
MSFT-0055,Carlos Cohen,Microsoft,MSFT,Engineering,Staff,72.4,413000,14.4
MSFT-0056,Arjun Petrov,Microsoft,MSFT,Legal & Policy,Staff,66.3,303900,6.4
MSFT-0057,Linda Okafor,Microsoft,MSFT,Operations,Senior,69.9,312200,11.1
MSFT-0058,Emily Martinez,Microsoft,MSFT,Research & AI,Principal,85.2,449300,12.6
MSFT-0059,James Yamamoto,Microsoft,MSFT,Engineering,Senior,83.6,445800,16.1
MSFT-0060,Yuki Reyes,Microsoft,MSFT,Operations,VP,88.5,1199700,7.0
MSFT-0061,Linda Ali,Microsoft,MSFT,Engineering,Senior,85.6,467300,15.1
MSFT-0062,Linda Murphy,Microsoft,MSFT,Engineering,Director,92.0,692500,11.7
MSFT-0063,James Yamamoto,Microsoft,MSFT,Finance,SVP,82.2,412800,11.8
MSFT-0064,Daniel Wilson,Microsoft,MSFT,Sales & GTM,Senior,85.6,149600,5.2
MSFT-0065,Carlos Schmidt,Microsoft,MSFT,Product,Senior,84.7,240300,7.0
MSFT-0066,Wei Brown,Microsoft,MSFT,Engineering,Principal,94.9,406500,7.5
MSFT-0067,Raj Garcia,Microsoft,MSFT,Research & AI,Principal,93.1,526700,8.5
MSFT-0068,Linda Martinez,Microsoft,MSFT,Sales & GTM,Staff,89.1,305800,6.8
MSFT-0069,Chen Martinez,Microsoft,MSFT,Engineering,Staff,81.8,470400,2.4
MSFT-0070,David Smith,Microsoft,MSFT,Engineering,Senior,70.9,261800,15.6
MSFT-0071,Sofia Rossi,Microsoft,MSFT,Engineering,Senior,84.6,166300,6.9
MSFT-0072,Ahmed Kim,Microsoft,MSFT,Engineering,Senior,79.2,91200,8.3
MSFT-0073,Daniel Davis,Microsoft,MSFT,Engineering,Senior,79.3,102600,8.1
MSFT-0074,Carlos Martinez,Microsoft,MSFT,Engineering,Director,71.4,1018000,4.2
MSFT-0075,Daniel Lopez,Microsoft,MSFT,Engineering,Director,84.4,514400,8.5
MSFT-0076,Linda Wilson,Microsoft,MSFT,Engineering,Director,88.1,535400,5.8
MSFT-0077,John Brown,Microsoft,MSFT,Engineering,Principal,96.7,173200,16.8
MSFT-0078,Hannah Okafor,Microsoft,MSFT,Engineering,Staff,73.6,249400,22.7
MSFT-0079,Fatima Hassan,Microsoft,MSFT,Operations,Staff,100.0,249100,2.3
MSFT-0080,Zoe Rossi,Microsoft,MSFT,Engineering,SVP,83.7,2169900,22.5
MSFT-0081,Hiroshi Patel,Microsoft,MSFT,Sales & GTM,VP,71.4,321100,7.8
MSFT-0082,Carlos Martinez,Microsoft,MSFT,People/HR,Principal,70.0,307100,5.9
MSFT-0083,Elena Khan,Microsoft,MSFT,Operations,Staff,78.5,677900,8.5
MSFT-0084,Raj Petrov,Microsoft,MSFT,Engineering,Staff,86.8,548400,11.2
MSFT-0085,Thomas Brown,Microsoft,MSFT,Engineering,Staff,67.5,144600,9.3
MSFT-0086,Chen Martinez,Microsoft,MSFT,Legal & Policy,Staff,82.3,171100,13.4
MSFT-0087,Mary Schmidt,Microsoft,MSFT,Product,Principal,86.6,750800,14.8
MSFT-0088,Grace Anderson,Microsoft,MSFT,Engineering,Principal,61.5,397700,4.4
MSFT-0089,Chen Lee,Microsoft,MSFT,Engineering,Director,85.1,672300,5.0
MSFT-0090,David Lee,Microsoft,MSFT,Product,Senior,68.3,114800,4.5
MSFT-0091,Michael Khan,Microsoft,MSFT,Product,Staff,73.2,239200,6.6
MSFT-0092,Elena Hassan,Microsoft,MSFT,Engineering,Staff,90.8,387800,3.6
MSFT-0093,Arjun Khan,Microsoft,MSFT,Engineering,Senior,85.2,483600,2.6
MSFT-0094,Kevin Ali,Microsoft,MSFT,Engineering,Principal,74.3,335700,6.1
MSFT-0095,Ahmed Brown,Microsoft,MSFT,Sales & GTM,Staff,71.4,143900,10.4
MSFT-0096,Mary Anderson,Microsoft,MSFT,Engineering,VP,74.9,333000,11.8
MSFT-0097,John Chen,Microsoft,MSFT,People/HR,Director,67.0,517900,6.6
MSFT-0098,Ahmed Garcia,Microsoft,MSFT,Engineering,Principal,90.9,392000,11.5
MSFT-0099,Nina Singh,Microsoft,MSFT,Engineering,Director,78.7,955000,4.7
MSFT-0100,John Lee,Microsoft,MSFT,Engineering,Principal,87.0,374900,11.2
MSFT-0101,Aisha Rossi,Microsoft,MSFT,Engineering,Staff,68.9,236000,8.5
MSFT-0102,Yuki Davis,Microsoft,MSFT,Engineering,Principal,72.2,155600,10.9
MSFT-0103,Michael Tanaka,Microsoft,MSFT,Operations,Staff,52.8,183100,21.9
MSFT-0104,Sofia Khan,Microsoft,MSFT,Engineering,Principal,77.0,281500,5.4
MSFT-0105,Chen Garcia,Microsoft,MSFT,Finance,Principal,66.8,271800,4.8
MSFT-0106,Priya Davis,Microsoft,MSFT,Legal & Policy,Staff,77.5,441200,15.0
MSFT-0107,Sofia Lopez,Microsoft,MSFT,Research & AI,Senior,63.5,184400,12.1
MSFT-0108,Hiroshi Hassan,Microsoft,MSFT,Engineering,Staff,78.2,533300,3.6
MSFT-0109,Hiroshi Rossi,Microsoft,MSFT,Operations,Senior,73.0,232300,3.1
MSFT-0110,Elena Wang,Microsoft,MSFT,Design,Director,91.7,871600,10.7
MSFT-0111,Thomas Patel,Microsoft,MSFT,Engineering,Director,78.8,692400,12.3
MSFT-0112,Chen Cohen,Microsoft,MSFT,Sales & GTM,Senior Director,71.5,928400,7.8
MSFT-0113,Raj Cohen,Microsoft,MSFT,Product,Senior,85.5,326500,7.7
MSFT-0114,Wei Wilson,Microsoft,MSFT,People/HR,Senior,99.4,566100,2.0
MSFT-0115,Raj Brown,Microsoft,MSFT,Design,Staff,83.4,795900,6.2
MSFT-0116,Sofia Garcia,Microsoft,MSFT,Product,Staff,61.9,427300,4.2
MSFT-0117,Mary Tanaka,Microsoft,MSFT,Research & AI,Staff,85.2,359900,8.6
MSFT-0118,Carlos Ali,Microsoft,MSFT,People/HR,Staff,89.0,215100,14.4
MSFT-0119,Hannah Okafor,Microsoft,MSFT,Engineering,Senior,76.5,266000,2.0
MSFT-0120,James Schmidt,Microsoft,MSFT,Research & AI,Staff,82.0,824900,3.7
MSFT-0121,Priya Lee,Microsoft,MSFT,Research & AI,Principal,88.5,367300,6.8
MSFT-0122,Aisha Wang,Microsoft,MSFT,Engineering,Principal,99.7,339300,10.1
MSFT-0123,Elena Silva,Microsoft,MSFT,Sales & GTM,Principal,85.8,518400,22.4
MSFT-0124,Michael Cohen,Microsoft,MSFT,Engineering,Senior,83.0,330700,10.2
MSFT-0125,Olivia Hassan,Microsoft,MSFT,Marketing,Principal,75.6,366200,8.6
MSFT-0126,Michael Garcia,Microsoft,MSFT,Finance,SVP,79.6,1519900,8.5
MSFT-0127,Linda Okafor,Microsoft,MSFT,Research & AI,Senior,75.9,298900,3.7
MSFT-0128,Wei Smith,Microsoft,MSFT,Engineering,Principal,82.5,559100,7.2
MSFT-0129,Raj Tanaka,Microsoft,MSFT,Design,Staff,74.5,295700,10.0
MSFT-0130,Wei Nguyen,Microsoft,MSFT,Operations,C-Suite,72.2,4722600,8.5
MSFT-0131,Wei Schmidt,Microsoft,MSFT,Engineering,Director,77.4,1038400,5.1
MSFT-0132,Olivia Okafor,Microsoft,MSFT,Engineering,Senior Director,96.0,293200,8.8
MSFT-0133,Sofia Murphy,Microsoft,MSFT,Research & AI,Director,74.2,563400,16.4
MSFT-0134,Hiroshi Wang,Microsoft,MSFT,Finance,Senior,96.9,137500,9.8
MSFT-0135,Nina Murphy,Microsoft,MSFT,Engineering,Senior,65.3,116500,14.2
MSFT-0136,Ahmed Yamamoto,Microsoft,MSFT,Research & AI,Staff,59.3,330500,3.7
MSFT-0137,Zoe Petrov,Microsoft,MSFT,Engineering,Staff,81.1,438100,3.5
MSFT-0138,Priya Cohen,Microsoft,MSFT,Engineering,SVP,85.1,1305400,15.1
MSFT-0139,James Smith,Microsoft,MSFT,Finance,Senior,76.8,130100,16.9
MSFT-0140,David Hassan,Microsoft,MSFT,Research & AI,Staff,81.9,105900,3.0
MSFT-0141,Nina Kim,Microsoft,MSFT,Sales & GTM,Senior,78.0,243800,10.6
MSFT-0142,John Ali,Microsoft,MSFT,Engineering,Staff,79.7,175100,8.2
MSFT-0143,Nina Lopez,Microsoft,MSFT,People/HR,Senior,76.5,150200,7.2
MSFT-0144,Hannah Lopez,Microsoft,MSFT,Engineering,Director,89.9,1065500,4.2
MSFT-0145,Maria Khan,Microsoft,MSFT,Sales & GTM,Senior,81.1,218400,13.5
MSFT-0146,Zoe Chen,Microsoft,MSFT,Sales & GTM,Senior,62.3,92600,2.2
MSFT-0147,David Martinez,Microsoft,MSFT,People/HR,Director,75.1,283900,11.2
MSFT-0148,Sofia Silva,Microsoft,MSFT,Engineering,Staff,88.0,355600,4.4
MSFT-0149,Michael Anderson,Microsoft,MSFT,People/HR,Principal,79.8,262000,3.8
MSFT-0150,Grace Kim,Microsoft,MSFT,Legal & Policy,Senior Director,74.6,371800,11.9
MSFT-0151,Ahmed Murphy,Microsoft,MSFT,Engineering,Director,78.3,300300,9.8
MSFT-0152,Elena Okafor,Microsoft,MSFT,Sales & GTM,Senior Director,78.8,1323400,11.1
MSFT-0153,Nina Schmidt,Microsoft,MSFT,Sales & GTM,Director,86.2,634800,6.1
MSFT-0154,David Chen,Microsoft,MSFT,Engineering,Senior,63.0,51400,11.7
MSFT-0155,Raj Lopez,Microsoft,MSFT,Engineering,Senior,90.6,173200,5.4
MSFT-0156,Chen Anderson,Microsoft,MSFT,Product,Principal,81.4,315000,7.9
MSFT-0157,Ahmed Rossi,Microsoft,MSFT,Research & AI,Principal,72.2,129500,13.9
MSFT-0158,Thomas Nguyen,Microsoft,MSFT,Engineering,Senior,70.7,141500,4.7
MSFT-0159,Arjun Schmidt,Microsoft,MSFT,Sales & GTM,Senior,69.6,176000,3.4
MSFT-0160,Hiroshi Murphy,Microsoft,MSFT,Engineering,Principal,81.1,1454900,7.6
MSFT-0161,Linda Kim,Microsoft,MSFT,Engineering,Senior,89.1,223300,9.2
MSFT-0162,Olivia Park,Microsoft,MSFT,Engineering,Staff,84.4,365600,5.8
MSFT-0163,John Park,Microsoft,MSFT,Engineering,Principal,70.0,560500,7.7
MSFT-0164,Priya Yamamoto,Microsoft,MSFT,Legal & Policy,Senior Director,79.6,618100,13.4
MSFT-0165,Ahmed Okafor,Microsoft,MSFT,Product,Senior,73.8,585400,8.3
MSFT-0166,John Murphy,Microsoft,MSFT,Operations,Senior,77.0,277700,6.1
MSFT-0167,Wei Tanaka,Microsoft,MSFT,Product,Senior,91.7,294600,9.2
MSFT-0168,Mary Nguyen,Microsoft,MSFT,Research & AI,Staff,86.1,125100,14.9
MSFT-0169,Elena Wilson,Microsoft,MSFT,Engineering,Senior Director,87.1,829700,15.3
MSFT-0170,Hannah Tanaka,Microsoft,MSFT,Engineering,Director,77.1,508000,6.2
MSFT-0171,Arjun Garcia,Microsoft,MSFT,Product,Senior,82.2,273200,5.9
MSFT-0172,Elena Khan,Microsoft,MSFT,Product,Director,88.2,1246400,12.7
MSFT-0173,Aisha Park,Microsoft,MSFT,Engineering,Senior,81.8,284900,3.6
MSFT-0174,Fatima Smith,Microsoft,MSFT,Product,Director,95.4,310200,7.3
MSFT-0175,Grace Garcia,Microsoft,MSFT,Engineering,Senior,83.1,218400,5.7
MSFT-0176,Hiroshi Okafor,Microsoft,MSFT,Sales & GTM,Director,94.5,632700,9.7
MSFT-0177,Daniel Okafor,Microsoft,MSFT,People/HR,Staff,82.5,333300,5.1
MSFT-0178,Carlos Wang,Microsoft,MSFT,Product,Staff,74.5,292600,14.6
MSFT-0179,Thomas Silva,Microsoft,MSFT,Sales & GTM,Senior,69.3,219200,6.0
MSFT-0180,Hannah Rossi,Microsoft,MSFT,Legal & Policy,Senior,76.3,498200,3.1
MSFT-0181,Linda Schmidt,Microsoft,MSFT,Research & AI,Principal,71.1,451900,6.5
MSFT-0182,Thomas Nguyen,Microsoft,MSFT,Product,Senior,73.2,140200,2.7
MSFT-0183,John Murphy,Microsoft,MSFT,Engineering,Director,100.0,846000,9.3
MSFT-0184,Grace Johnson,Microsoft,MSFT,Product,Staff,91.4,191800,5.3
MSFT-0185,Chen Murphy,Microsoft,MSFT,Engineering,Senior,70.4,130900,2.1
MSFT-0186,Elena Ali,Microsoft,MSFT,Engineering,Senior,85.2,252300,6.3
MSFT-0187,Wei Schmidt,Microsoft,MSFT,Sales & GTM,Staff,87.4,120700,26.7
MSFT-0188,Carlos Wilson,Microsoft,MSFT,Marketing,VP,82.4,803000,15.3
MSFT-0189,Priya Johnson,Microsoft,MSFT,Engineering,Staff,74.8,297600,9.9
MSFT-0190,Thomas Silva,Microsoft,MSFT,Engineering,VP,86.5,1760000,20.1
MSFT-0191,Aisha Hassan,Microsoft,MSFT,Engineering,Senior,77.5,189500,10.1
MSFT-0192,Hiroshi Kim,Microsoft,MSFT,Product,Senior,86.3,395600,9.4
MSFT-0193,Mary Silva,Microsoft,MSFT,Engineering,Senior,86.3,474900,16.5
MSFT-0194,James Schmidt,Microsoft,MSFT,Engineering,Senior,76.3,432700,5.8
MSFT-0195,Elena Silva,Microsoft,MSFT,Engineering,Principal,78.2,586800,5.6
MSFT-0196,Samuel Okafor,Microsoft,MSFT,People/HR,VP,84.4,1724600,6.9
MSFT-0197,Thomas Rossi,Microsoft,MSFT,Engineering,Staff,84.0,861700,16.3
MSFT-0198,Michael Reyes,Microsoft,MSFT,Engineering,VP,70.9,848400,7.5
MSFT-0199,Olivia Kim,Microsoft,MSFT,People/HR,Senior,66.8,296700,21.2
MSFT-0200,Fatima Khan,Microsoft,MSFT,Research & AI,Staff,64.7,278200,7.4
MSFT-0201,Samuel Brown,Microsoft,MSFT,Marketing,Principal,62.2,170100,5.8
MSFT-0202,Michael Schmidt,Microsoft,MSFT,Engineering,Director,77.7,1036400,4.7
MSFT-0203,Daniel Anderson,Microsoft,MSFT,Engineering,Director,74.3,646700,10.6
MSFT-0204,Fatima Davis,Microsoft,MSFT,Engineering,Staff,85.6,656200,7.4
MSFT-0205,Mary Yamamoto,Microsoft,MSFT,Engineering,Staff,70.1,512000,4.4
MSFT-0206,Carlos Kim,Microsoft,MSFT,Engineering,Staff,74.0,189600,11.6
MSFT-0207,Nina Khan,Microsoft,MSFT,Engineering,Staff,79.4,410500,3.4
MSFT-0208,John Wilson,Microsoft,MSFT,Engineering,Senior,75.1,200100,2.2
MSFT-0209,Maria Brown,Microsoft,MSFT,Product,Senior,85.4,306000,6.3
MSFT-0210,Nina Anderson,Microsoft,MSFT,Research & AI,Senior,84.7,386300,5.7
MSFT-0211,Zoe Ali,Microsoft,MSFT,Sales & GTM,Staff,67.0,134500,3.2
MSFT-0212,Yuki Petrov,Microsoft,MSFT,Engineering,Principal,78.2,444900,9.3
MSFT-0213,Hannah Lee,Microsoft,MSFT,Engineering,Senior,76.9,208000,7.3
MSFT-0214,Michael Yamamoto,Microsoft,MSFT,Operations,Director,80.8,911200,8.4
MSFT-0215,James Anderson,Microsoft,MSFT,Marketing,Senior,77.1,551400,10.5
MSFT-0216,Carlos Schmidt,Microsoft,MSFT,Sales & GTM,Senior,83.6,745400,9.6
MSFT-0217,Michael Chen,Microsoft,MSFT,Finance,Principal,71.7,281100,16.9
MSFT-0218,Wei Nguyen,Microsoft,MSFT,Marketing,Principal,94.7,318500,5.8
MSFT-0219,Priya Garcia,Microsoft,MSFT,Sales & GTM,VP,73.9,826300,16.7
MSFT-0220,Samuel Schmidt,Microsoft,MSFT,Operations,Senior,65.3,123100,2.3
MSFT-0221,Aisha Murphy,Microsoft,MSFT,Design,Senior,87.1,95100,2.2
MSFT-0222,Hiroshi Wang,Microsoft,MSFT,Design,Director,91.3,528200,7.7
MSFT-0223,Hannah Park,Microsoft,MSFT,Design,VP,86.3,1937200,6.7
MSFT-0224,James Martinez,Microsoft,MSFT,Product,Director,82.5,346400,5.2
MSFT-0225,Kevin Rossi,Microsoft,MSFT,Engineering,Principal,93.5,292100,10.6
MSFT-0226,Arjun Khan,Microsoft,MSFT,Engineering,Staff,87.3,268800,5.1
MSFT-0227,Mary Wilson,Microsoft,MSFT,Research & AI,Principal,73.1,1043400,11.5
MSFT-0228,Elena Reyes,Microsoft,MSFT,Engineering,Staff,89.5,882600,18.2
MSFT-0229,Samuel Yamamoto,Microsoft,MSFT,Engineering,Senior Director,73.6,667700,11.8
MSFT-0230,Arjun Cohen,Microsoft,MSFT,Engineering,Senior Director,79.5,830400,6.4
MSFT-0231,Wei Garcia,Microsoft,MSFT,Product,SVP,68.2,484200,18.6
MSFT-0232,Emily Wang,Microsoft,MSFT,Product,Senior,79.5,455600,3.1
MSFT-0233,Carlos Lopez,Microsoft,MSFT,Sales & GTM,Staff,93.3,418900,1.6
MSFT-0234,Maria Patel,Microsoft,MSFT,Sales & GTM,Senior,81.2,280800,13.9
MSFT-0235,Mary Khan,Microsoft,MSFT,Product,Senior,76.3,432300,1.8
MSFT-0236,Emily Tanaka,Microsoft,MSFT,Engineering,Senior Director,82.7,965600,5.1
MSFT-0237,Mary Davis,Microsoft,MSFT,Engineering,Senior,74.5,235800,9.9
MSFT-0238,Olivia Johnson,Microsoft,MSFT,Product,Senior Director,91.0,1727900,13.7
MSFT-0239,Carlos Davis,Microsoft,MSFT,Sales & GTM,Principal,82.5,264600,8.3
MSFT-0240,Olivia Khan,Microsoft,MSFT,Engineering,Principal,75.5,274900,8.0
MSFT-0241,Linda Patel,Microsoft,MSFT,Marketing,Staff,78.3,249800,15.6
MSFT-0242,Elena Hassan,Microsoft,MSFT,Product,Staff,81.6,303500,5.6
MSFT-0243,Kevin Rossi,Microsoft,MSFT,Research & AI,Principal,81.5,342700,7.7
MSFT-0244,John Tanaka,Microsoft,MSFT,Engineering,Senior,71.1,385200,7.5
MSFT-0245,Emily Wang,Microsoft,MSFT,Research & AI,Staff,86.8,303400,10.4
MSFT-0246,Arjun Ali,Microsoft,MSFT,Engineering,Principal,76.6,407200,8.3
MSFT-0247,Daniel Johnson,Microsoft,MSFT,Product,Senior,85.9,149600,9.5
MSFT-0248,James Patel,Microsoft,MSFT,Sales & GTM,Principal,94.9,269100,3.8
MSFT-0249,John Tanaka,Microsoft,MSFT,Sales & GTM,Senior,86.3,292100,13.6
MSFT-0250,Maria Wang,Microsoft,MSFT,Engineering,SVP,86.4,816200,10.8
MSFT-0251,Thomas Singh,Microsoft,MSFT,Product,Staff,81.3,161800,3.2
MSFT-0252,Grace Johnson,Microsoft,MSFT,Research & AI,Senior,77.2,152200,8.6
MSFT-0253,Raj Yamamoto,Microsoft,MSFT,Operations,VP,90.1,967100,10.8
MSFT-0254,Mary Davis,Microsoft,MSFT,Operations,Senior,92.1,212300,14.1
MSFT-0255,Hiroshi Silva,Microsoft,MSFT,Engineering,Senior,89.2,522300,4.6
MSFT-0256,Aisha Petrov,Microsoft,MSFT,People/HR,Principal,82.8,292100,10.0
MSFT-0257,James Garcia,Microsoft,MSFT,Engineering,Senior,86.0,160400,9.7
MSFT-0258,James Silva,Microsoft,MSFT,Marketing,Senior,85.1,219400,13.7
MSFT-0259,David Petrov,Microsoft,MSFT,Engineering,Staff,74.1,144900,10.9
MSFT-0260,Aisha Petrov,Microsoft,MSFT,Engineering,Staff,73.7,653800,1.5
MSFT-0261,Zoe Wilson,Microsoft,MSFT,Engineering,Staff,77.2,200900,6.7
MSFT-0262,Michael Khan,Microsoft,MSFT,Research & AI,Director,86.7,908300,25.0
MSFT-0263,Raj Reyes,Microsoft,MSFT,Engineering,Director,72.3,347500,5.4
MSFT-0264,Aisha Anderson,Microsoft,MSFT,Design,Staff,90.0,200500,7.0
MSFT-0265,Kevin Chen,Microsoft,MSFT,Engineering,VP,83.1,388600,6.6
MSFT-0266,Kevin Martinez,Microsoft,MSFT,Engineering,VP,72.9,1302400,11.7
MSFT-0267,Michael Johnson,Microsoft,MSFT,Operations,Principal,88.1,981200,5.7
MSFT-0268,Chen Singh,Microsoft,MSFT,Engineering,Senior,68.2,83800,1.6
MSFT-0269,James Okafor,Microsoft,MSFT,Operations,Senior,89.2,554400,4.3
MSFT-0270,Michael Ali,Microsoft,MSFT,Product,Staff,77.9,234900,4.5
MSFT-0271,Raj Anderson,Microsoft,MSFT,Engineering,Senior Director,76.3,1264000,13.9
MSFT-0272,Olivia Johnson,Microsoft,MSFT,Legal & Policy,Staff,62.0,209400,15.7
MSFT-0273,Hannah Park,Microsoft,MSFT,People/HR,Senior Director,87.7,310300,10.0
MSFT-0274,Raj Schmidt,Microsoft,MSFT,Legal & Policy,Director,85.1,480600,8.0
MSFT-0275,Thomas Park,Microsoft,MSFT,Engineering,Staff,76.5,189800,3.6
MSFT-0276,Thomas Singh,Microsoft,MSFT,Marketing,Director,91.1,379200,12.3
MSFT-0277,Aisha Hassan,Microsoft,MSFT,Engineering,Staff,81.5,234200,10.0
MSFT-0278,Michael Khan,Microsoft,MSFT,Engineering,VP,79.5,1649900,9.3
MSFT-0279,Aisha Cohen,Microsoft,MSFT,Marketing,VP,72.1,1007200,8.8
MSFT-0280,John Anderson,Microsoft,MSFT,Legal & Policy,Staff,93.9,631000,14.2
MSFT-0281,Wei Wilson,Microsoft,MSFT,Engineering,Principal,87.3,338300,3.9
MSFT-0282,Carlos Murphy,Microsoft,MSFT,Research & AI,Senior,74.9,306400,7.9
MSFT-0283,Thomas Reyes,Microsoft,MSFT,Engineering,Director,96.1,850800,7.7
MSFT-0284,Ahmed Lee,Microsoft,MSFT,Sales & GTM,Director,80.4,481100,7.4
MSFT-0285,Zoe Khan,Microsoft,MSFT,Finance,Senior,74.8,379600,5.1
MSFT-0286,Nina Johnson,Microsoft,MSFT,Product,Principal,69.1,425700,12.3
MSFT-0287,Linda Silva,Microsoft,MSFT,Engineering,Principal,81.9,312400,12.9
MSFT-0288,Hannah Yamamoto,Microsoft,MSFT,Sales & GTM,Senior,100.0,307900,10.1
MSFT-0289,Fatima Silva,Microsoft,MSFT,Engineering,Principal,68.2,412500,10.3
MSFT-0290,Michael Murphy,Microsoft,MSFT,Engineering,Senior,82.9,94200,3.0
MSFT-0291,Grace Smith,Microsoft,MSFT,Research & AI,Director,74.6,845500,7.3
MSFT-0292,Chen Yamamoto,Microsoft,MSFT,Marketing,Staff,78.1,478900,4.9
MSFT-0293,Elena Garcia,Microsoft,MSFT,Engineering,Senior,84.0,201900,5.1
MSFT-0294,Maria Smith,Microsoft,MSFT,Engineering,Senior,76.4,265600,6.5
MSFT-0295,Hannah Patel,Microsoft,MSFT,Engineering,VP,75.8,797400,16.7
MSFT-0296,Emily Petrov,Microsoft,MSFT,Operations,Senior,87.4,337100,7.3
MSFT-0297,David Garcia,Microsoft,MSFT,Engineering,Staff,82.8,147600,10.1
MSFT-0298,Elena Patel,Microsoft,MSFT,Engineering,Principal,92.9,267300,11.4
MSFT-0299,Ahmed Khan,Microsoft,MSFT,Engineering,Staff,74.9,486000,10.0
MSFT-0300,Yuki Patel,Microsoft,MSFT,Engineering,Director,70.9,530800,7.0
MSFT-0301,Samuel Yamamoto,Microsoft,MSFT,Finance,Senior,78.3,211800,8.2
MSFT-0302,Emily Singh,Microsoft,MSFT,Design,Staff,74.9,238700,8.1
MSFT-0303,Thomas Hassan,Microsoft,MSFT,Engineering,SVP,91.6,1120500,12.4
MSFT-0304,Hiroshi Garcia,Microsoft,MSFT,Sales & GTM,Staff,91.0,399700,2.2
MSFT-0305,Grace Chen,Microsoft,MSFT,Sales & GTM,Staff,75.8,312600,9.9
MSFT-0306,Kevin Brown,Microsoft,MSFT,Operations,Senior,84.0,329800,5.5
MSFT-0307,Samuel Yamamoto,Microsoft,MSFT,Engineering,Staff,78.7,180400,14.3
MSFT-0308,Hiroshi Schmidt,Microsoft,MSFT,Engineering,VP,90.1,941000,21.6
MSFT-0309,James Kim,Microsoft,MSFT,Finance,Senior Director,83.1,879600,11.0
MSFT-0310,John Petrov,Microsoft,MSFT,Sales & GTM,Senior,74.0,281200,22.5
MSFT-0311,Daniel Kim,Microsoft,MSFT,Marketing,Staff,86.8,312100,8.3
MSFT-0312,James Schmidt,Microsoft,MSFT,Research & AI,Senior Director,85.5,245600,8.5
MSFT-0313,Hannah Lee,Microsoft,MSFT,People/HR,Staff,83.9,785500,4.7
MSFT-0314,James Brown,Microsoft,MSFT,Legal & Policy,Senior,67.7,622400,7.7
MSFT-0315,Raj Yamamoto,Microsoft,MSFT,Marketing,Senior,78.5,227400,11.0
MSFT-0316,Hiroshi Hassan,Microsoft,MSFT,Design,Senior,71.5,491500,4.0
MSFT-0317,Kevin Patel,Microsoft,MSFT,Engineering,VP,98.8,814300,9.1
MSFT-0318,Samuel Yamamoto,Microsoft,MSFT,Engineering,Senior,83.8,357200,8.6
MSFT-0319,Michael Patel,Microsoft,MSFT,Sales & GTM,Senior,67.6,297000,6.9
MSFT-0320,Aisha Chen,Microsoft,MSFT,Sales & GTM,Senior,77.6,258700,2.6
MSFT-0321,Arjun Silva,Microsoft,MSFT,Engineering,Staff,96.9,347400,4.6
MSFT-0322,Michael Martinez,Microsoft,MSFT,Engineering,Principal,87.8,1027000,10.5
MSFT-0323,Ahmed Johnson,Microsoft,MSFT,Sales & GTM,Senior Director,74.6,909900,16.7
MSFT-0324,Yuki Schmidt,Microsoft,MSFT,Sales & GTM,Senior Director,79.1,989600,10.1
MSFT-0325,Daniel Lee,Microsoft,MSFT,Product,Senior Director,78.9,426400,9.0
MSFT-0326,Daniel Wang,Microsoft,MSFT,Research & AI,Senior,78.8,260100,6.9
MSFT-0327,John Tanaka,Microsoft,MSFT,Engineering,Staff,84.7,225100,4.5
MSFT-0328,Yuki Wilson,Microsoft,MSFT,Sales & GTM,Senior,72.6,235100,7.1
MSFT-0329,Sofia Patel,Microsoft,MSFT,Finance,Senior,77.0,278900,10.7
MSFT-0330,Carlos Lee,Microsoft,MSFT,Engineering,Senior Director,86.1,1353600,6.4
MSFT-0331,James Smith,Microsoft,MSFT,Operations,Principal,83.1,1178300,4.4
MSFT-0332,Zoe Lopez,Microsoft,MSFT,Engineering,Staff,76.3,660300,4.4
MSFT-0333,Zoe Ali,Microsoft,MSFT,Legal & Policy,Principal,69.9,674200,12.3
MSFT-0334,Nina Khan,Microsoft,MSFT,Sales & GTM,Senior,63.5,308800,13.1
MSFT-0335,Daniel Lopez,Microsoft,MSFT,Operations,Staff,75.6,380500,9.4
MSFT-0336,Priya Lee,Microsoft,MSFT,Engineering,Senior,89.4,567900,16.0
MSFT-0337,Arjun Kim,Microsoft,MSFT,Engineering,Principal,71.1,695000,3.7
MSFT-0338,Chen Okafor,Microsoft,MSFT,Research & AI,Senior,63.2,134600,6.8
MSFT-0339,Maria Lee,Microsoft,MSFT,Engineering,Staff,83.1,545700,7.4
MSFT-0340,Daniel Schmidt,Microsoft,MSFT,Research & AI,Principal,84.8,475800,12.7
MSFT-0341,Mary Nguyen,Microsoft,MSFT,Sales & GTM,Staff,74.4,329400,30.6
MSFT-0342,Thomas Wilson,Microsoft,MSFT,People/HR,Senior,76.9,149800,6.1
MSFT-0343,Kevin Hassan,Microsoft,MSFT,Engineering,Staff,77.4,289700,1.0
MSFT-0344,Yuki Kim,Microsoft,MSFT,Research & AI,Staff,66.6,176600,14.8
MSFT-0345,Wei Silva,Microsoft,MSFT,Research & AI,Staff,83.0,297600,6.2
MSFT-0346,Yuki Tanaka,Microsoft,MSFT,Legal & Policy,Senior Director,77.7,636800,8.9
MSFT-0347,Linda Okafor,Microsoft,MSFT,Marketing,Staff,85.6,604700,9.2
MSFT-0348,Thomas Wang,Microsoft,MSFT,Sales & GTM,Principal,81.5,292700,9.7
MSFT-0349,James Martinez,Microsoft,MSFT,Sales & GTM,Director,87.7,633300,5.8
MSFT-0350,Maria Chen,Microsoft,MSFT,People/HR,Senior,71.0,189100,29.8
MSFT-0351,Zoe Lee,Microsoft,MSFT,Operations,Director,100.0,382000,12.9
MSFT-0352,James Ali,Microsoft,MSFT,Research & AI,Senior Director,90.3,592200,6.7
MSFT-0353,Priya Murphy,Microsoft,MSFT,Operations,Senior Director,79.4,252400,11.4
MSFT-0354,Raj Patel,Microsoft,MSFT,Engineering,Senior,86.2,287200,7.9
MSFT-0355,Michael Anderson,Microsoft,MSFT,Sales & GTM,Director,80.6,412400,6.0
MSFT-0356,Hiroshi Petrov,Microsoft,MSFT,Sales & GTM,Director,77.5,579000,18.6
MSFT-0357,Hiroshi Smith,Microsoft,MSFT,Engineering,Staff,91.5,257100,9.9
MSFT-0358,Raj Nguyen,Microsoft,MSFT,Engineering,SVP,76.8,1433200,7.1
MSFT-0359,David Wilson,Microsoft,MSFT,Research & AI,Staff,90.4,621900,9.8
MSFT-0360,Yuki Hassan,Microsoft,MSFT,Engineering,Staff,82.6,150500,7.4
MSFT-0361,David Silva,Microsoft,MSFT,Engineering,Staff,68.8,219500,4.0
MSFT-0362,Grace Kim,Microsoft,MSFT,Research & AI,Senior,78.6,98800,2.3
MSFT-0363,Michael Petrov,Microsoft,MSFT,Finance,Senior,84.0,265500,5.2
MSFT-0364,Kevin Tanaka,Microsoft,MSFT,People/HR,Senior,85.8,116300,6.9
MSFT-0365,Daniel Okafor,Microsoft,MSFT,Operations,Senior,74.5,178300,4.2
MSFT-0366,Grace Park,Microsoft,MSFT,Sales & GTM,Senior,71.8,225200,1.6
MSFT-0367,Hiroshi Schmidt,Microsoft,MSFT,Engineering,Senior Director,77.1,576700,12.1
MSFT-0368,Arjun Kim,Microsoft,MSFT,Research & AI,Senior,79.4,69500,5.7
MSFT-0369,Olivia Park,Microsoft,MSFT,Research & AI,Principal,64.2,486900,1.9
MSFT-0370,Kevin Chen,Microsoft,MSFT,Research & AI,Principal,78.1,862300,11.0
MSFT-0371,Ahmed Hassan,Microsoft,MSFT,Research & AI,Staff,75.9,432000,11.8
MSFT-0372,Elena Wilson,Microsoft,MSFT,Engineering,Principal,75.6,552500,15.3
MSFT-0373,Sofia Singh,Microsoft,MSFT,Marketing,Senior,76.6,159600,7.1
MSFT-0374,Grace Reyes,Microsoft,MSFT,Operations,C-Suite,95.8,2211800,22.9
MSFT-0375,Grace Yamamoto,Microsoft,MSFT,Marketing,Director,88.0,839000,3.7
MSFT-0376,Raj Wang,Microsoft,MSFT,Research & AI,Director,59.7,697900,11.0
MSFT-0377,Raj Nguyen,Microsoft,MSFT,Product,Director,73.7,341500,15.0
MSFT-0378,Fatima Murphy,Microsoft,MSFT,Marketing,Senior Director,72.0,909000,16.2
MSFT-0379,Wei Silva,Microsoft,MSFT,Product,SVP,78.4,2378400,25.6
MSFT-0380,Priya Okafor,Microsoft,MSFT,Product,Director,86.3,1699300,8.1
MSFT-0381,Hiroshi Lopez,Microsoft,MSFT,Engineering,Senior Director,91.0,469500,8.5
MSFT-0382,Grace Martinez,Microsoft,MSFT,Research & AI,VP,78.5,950200,23.0
MSFT-0383,Carlos Okafor,Microsoft,MSFT,Research & AI,Senior,70.4,579800,9.0
MSFT-0384,Fatima Rossi,Microsoft,MSFT,People/HR,C-Suite,77.9,2889700,16.9
MSFT-0385,Hiroshi Murphy,Microsoft,MSFT,Sales & GTM,Senior,63.6,389600,7.5
MSFT-0386,Olivia Schmidt,Microsoft,MSFT,Engineering,Staff,57.5,467500,8.1
MSFT-0387,Sofia Tanaka,Microsoft,MSFT,Operations,Principal,85.6,765400,14.6
MSFT-0388,Fatima Wang,Microsoft,MSFT,Engineering,SVP,80.9,2053200,10.9
MSFT-0389,Thomas Anderson,Microsoft,MSFT,Engineering,Staff,89.6,470300,5.1
MSFT-0390,Maria Patel,Microsoft,MSFT,Design,Principal,71.7,432200,15.4
MSFT-0391,Wei Patel,Microsoft,MSFT,Engineering,Senior,90.1,103300,6.2
MSFT-0392,Michael Reyes,Microsoft,MSFT,Engineering,Staff,81.8,333900,4.6
MSFT-0393,Daniel Anderson,Microsoft,MSFT,Engineering,Principal,80.8,589900,11.4
MSFT-0394,Ahmed Hassan,Microsoft,MSFT,Finance,Staff,77.9,382100,6.9
MSFT-0395,Sofia Davis,Microsoft,MSFT,Operations,Senior,73.5,270000,1.7
MSFT-0396,Fatima Reyes,Microsoft,MSFT,Research & AI,Senior,91.0,266600,3.7
MSFT-0397,Carlos Kim,Microsoft,MSFT,Engineering,Principal,94.4,448000,10.1
MSFT-0398,Samuel Schmidt,Microsoft,MSFT,Engineering,Principal,68.5,223900,5.4
MSFT-0399,Ahmed Khan,Microsoft,MSFT,Engineering,Staff,93.2,555200,5.6
MSFT-0400,Chen Khan,Microsoft,MSFT,Marketing,Senior,76.8,455500,8.0
MSFT-0401,Michael Singh,Microsoft,MSFT,Research & AI,Staff,76.5,343200,3.2
MSFT-0402,Nina Khan,Microsoft,MSFT,Legal & Policy,Senior,73.0,133900,4.7
MSFT-0403,James Garcia,Microsoft,MSFT,Operations,Staff,75.2,458700,6.8
MSFT-0404,Sofia Smith,Microsoft,MSFT,Operations,Principal,76.4,714100,18.9
MSFT-0405,Olivia Ali,Microsoft,MSFT,Marketing,Staff,88.3,278700,9.9
MSFT-0406,Wei Reyes,Microsoft,MSFT,Legal & Policy,Staff,77.5,701500,8.1
MSFT-0407,Nina Chen,Microsoft,MSFT,Design,VP,77.7,616100,14.7
MSFT-0408,Linda Hassan,Microsoft,MSFT,Engineering,Senior,83.5,230000,8.3
MSFT-0409,Hiroshi Kim,Microsoft,MSFT,Marketing,Senior,88.9,322700,15.0
MSFT-0410,James Kim,Microsoft,MSFT,Research & AI,Director,88.5,1052300,11.9
MSFT-0411,Thomas Wilson,Microsoft,MSFT,Product,Senior,75.9,358400,7.7
MSFT-0412,John Petrov,Microsoft,MSFT,Research & AI,Staff,80.6,392800,8.8
MSFT-0413,Emily Murphy,Microsoft,MSFT,Engineering,Staff,77.6,240700,13.9
MSFT-0414,Olivia Lopez,Microsoft,MSFT,Engineering,Senior,56.7,90200,4.3
MSFT-0415,Sofia Schmidt,Microsoft,MSFT,Research & AI,Senior,67.6,209200,13.3
MSFT-0416,Mary Yamamoto,Microsoft,MSFT,Product,Senior Director,81.6,420400,6.8
MSFT-0417,Hiroshi Yamamoto,Microsoft,MSFT,Engineering,Staff,76.8,254300,22.5
MSFT-0418,Emily Murphy,Microsoft,MSFT,Engineering,Staff,89.4,395300,1.1
MSFT-0419,Olivia Okafor,Microsoft,MSFT,Sales & GTM,Senior,79.9,249100,4.9
MSFT-0420,Olivia Patel,Microsoft,MSFT,Sales & GTM,Principal,78.8,1041300,5.8
MSFT-0421,Thomas Chen,Microsoft,MSFT,Engineering,Director,81.5,710500,7.5
MSFT-0422,Thomas Tanaka,Microsoft,MSFT,Design,Staff,70.5,408000,13.7
MSFT-0423,Samuel Park,Microsoft,MSFT,People/HR,Staff,50.1,229000,6.0
MSFT-0424,Zoe Wang,Microsoft,MSFT,Research & AI,Principal,79.0,333500,4.4
MSFT-0425,Hiroshi Hassan,Microsoft,MSFT,Sales & GTM,Senior,67.1,422900,16.6
MSFT-0426,Daniel Davis,Microsoft,MSFT,Legal & Policy,Senior Director,83.7,393900,9.5
MSFT-0427,Elena Lee,Microsoft,MSFT,Marketing,Senior,66.8,178300,5.6
MSFT-0428,Elena Anderson,Microsoft,MSFT,Design,Senior,70.6,158700,3.8
MSFT-0429,Maria Anderson,Microsoft,MSFT,Sales & GTM,Principal,82.1,603600,16.0
MSFT-0430,David Hassan,Microsoft,MSFT,Engineering,Staff,72.5,512200,10.6
MSFT-0431,Sofia Johnson,Microsoft,MSFT,Engineering,Staff,72.2,259600,9.1
MSFT-0432,Michael Yamamoto,Microsoft,MSFT,Engineering,Senior,62.9,198600,8.0
MSFT-0433,Hiroshi Patel,Microsoft,MSFT,Sales & GTM,Principal,86.0,534400,14.9
MSFT-0434,Maria Smith,Microsoft,MSFT,Legal & Policy,Principal,100.0,692500,12.2
MSFT-0435,Chen Silva,Microsoft,MSFT,Research & AI,Senior,85.0,388400,4.3
MSFT-0436,Linda Kim,Microsoft,MSFT,Research & AI,Principal,87.7,572600,9.9
MSFT-0437,Aisha Tanaka,Microsoft,MSFT,Engineering,VP,86.5,919600,17.8
MSFT-0438,Yuki Martinez,Microsoft,MSFT,Legal & Policy,Principal,84.2,410000,9.6
MSFT-0439,Elena Petrov,Microsoft,MSFT,Engineering,Senior,79.3,270900,4.7
MSFT-0440,Grace Yamamoto,Microsoft,MSFT,Research & AI,Senior,79.0,593000,4.4
MSFT-0441,Maria Singh,Microsoft,MSFT,Sales & GTM,Staff,78.9,359800,4.7
MSFT-0442,Priya Reyes,Microsoft,MSFT,Engineering,Senior,78.4,136600,10.5
MSFT-0443,Aisha Davis,Microsoft,MSFT,Product,Senior,64.4,247400,6.9
MSFT-0444,Nina Petrov,Microsoft,MSFT,Research & AI,Director,80.0,770900,7.7
MSFT-0445,Maria Patel,Microsoft,MSFT,Engineering,SVP,83.2,1853300,11.3
MSFT-0446,Maria Reyes,Microsoft,MSFT,Research & AI,Principal,89.2,840600,16.3
MSFT-0447,Hannah Cohen,Microsoft,MSFT,Operations,Staff,83.7,196300,5.1
MSFT-0448,Daniel Khan,Microsoft,MSFT,Engineering,Staff,88.2,689100,7.9
MSFT-0449,Yuki Cohen,Microsoft,MSFT,Operations,Staff,69.5,205000,9.1
MSFT-0450,Maria Petrov,Microsoft,MSFT,People/HR,Staff,82.7,264200,7.1
MSFT-0451,Grace Yamamoto,Microsoft,MSFT,Operations,Principal,80.7,609600,5.9
MSFT-0452,Hiroshi Garcia,Microsoft,MSFT,Research & AI,Senior,76.7,292000,5.9
MSFT-0453,Grace Reyes,Microsoft,MSFT,People/HR,Senior,78.6,619500,2.1
MSFT-0454,John Murphy,Microsoft,MSFT,Engineering,Senior,70.5,224800,6.5
MSFT-0455,Ahmed Hassan,Microsoft,MSFT,Product,Senior Director,72.0,645800,14.0
MSFT-0456,Sofia Brown,Microsoft,MSFT,Engineering,Senior Director,71.5,666900,9.7
MSFT-0457,Mary Khan,Microsoft,MSFT,People/HR,Staff,81.6,508900,4.3
MSFT-0458,Linda Patel,Microsoft,MSFT,Design,Senior,76.3,173100,14.0
MSFT-0459,Daniel Hassan,Microsoft,MSFT,Operations,Senior,72.8,172200,11.7
MSFT-0460,Grace Johnson,Microsoft,MSFT,Research & AI,Senior,85.6,727800,4.2
MSFT-0461,Michael Yamamoto,Microsoft,MSFT,Engineering,Director,68.0,337300,7.3
MSFT-0462,Chen Khan,Microsoft,MSFT,Engineering,Principal,65.6,500000,14.0
MSFT-0463,Nina Khan,Microsoft,MSFT,Engineering,Staff,87.2,432600,3.9
MSFT-0464,Hannah Wilson,Microsoft,MSFT,Engineering,Staff,79.3,107000,8.4
MSFT-0465,Linda Smith,Microsoft,MSFT,Product,VP,88.8,757000,6.6
MSFT-0466,Samuel Johnson,Microsoft,MSFT,Engineering,Principal,82.1,888600,5.9
MSFT-0467,Carlos Davis,Microsoft,MSFT,Research & AI,Principal,68.5,549800,10.7
MSFT-0468,Michael Martinez,Microsoft,MSFT,Engineering,Staff,89.2,432400,4.9
MSFT-0469,Grace Chen,Microsoft,MSFT,Research & AI,SVP,80.5,1428600,8.9
MSFT-0470,Arjun Khan,Microsoft,MSFT,Engineering,C-Suite,100.0,1152600,14.2
MSFT-0471,Nina Petrov,Microsoft,MSFT,Engineering,Senior,69.5,479700,4.5
MSFT-0472,David Johnson,Microsoft,MSFT,Research & AI,Director,80.7,302500,11.4
MSFT-0473,Daniel Brown,Microsoft,MSFT,Legal & Policy,Staff,73.1,283600,8.4
MSFT-0474,Ahmed Anderson,Microsoft,MSFT,Operations,Senior,100.0,404500,8.1
MSFT-0475,Kevin Okafor,Microsoft,MSFT,Design,Senior,67.8,355400,6.8
MSFT-0476,David Johnson,Microsoft,MSFT,Legal & Policy,Senior,75.9,593800,9.8
MSFT-0477,Arjun Cohen,Microsoft,MSFT,Sales & GTM,Senior,96.2,188100,17.0
MSFT-0478,Daniel Johnson,Microsoft,MSFT,Sales & GTM,Staff,85.4,509300,4.3
MSFT-0479,Sofia Garcia,Microsoft,MSFT,Engineering,Senior Director,74.4,1341200,4.8
MSFT-0480,Elena Reyes,Microsoft,MSFT,Design,Principal,72.8,603100,6.6
MSFT-0481,David Rossi,Microsoft,MSFT,Engineering,Principal,78.3,792600,8.5
MSFT-0482,Raj Petrov,Microsoft,MSFT,Engineering,Staff,71.2,170800,10.5
MSFT-0483,Daniel Kim,Microsoft,MSFT,Legal & Policy,Staff,74.7,245900,6.9
MSFT-0484,Olivia Reyes,Microsoft,MSFT,Engineering,Senior Director,94.2,504800,16.2
MSFT-0485,Thomas Park,Microsoft,MSFT,Design,Senior Director,83.3,366900,12.1
MSFT-0486,David Nguyen,Microsoft,MSFT,Engineering,Senior Director,86.8,855700,5.9
MSFT-0487,David Rossi,Microsoft,MSFT,Engineering,Principal,86.6,343100,4.8
MSFT-0488,Mary Wang,Microsoft,MSFT,Operations,Senior,71.2,300500,3.4
MSFT-0489,Priya Smith,Microsoft,MSFT,Operations,Senior,77.5,112400,3.1
MSFT-0490,Hiroshi Lopez,Microsoft,MSFT,Operations,Senior,87.4,264000,7.8
MSFT-0491,Nina Cohen,Microsoft,MSFT,Engineering,Principal,89.6,450500,14.6
MSFT-0492,Fatima Nguyen,Microsoft,MSFT,Research & AI,Principal,66.0,317900,15.5
MSFT-0493,Sofia Garcia,Microsoft,MSFT,Design,VP,88.4,627100,15.5
MSFT-0494,Zoe Lee,Microsoft,MSFT,Engineering,Senior,81.5,96200,15.7
MSFT-0495,Yuki Wang,Microsoft,MSFT,People/HR,Director,65.9,546500,9.2
MSFT-0496,John Khan,Microsoft,MSFT,Engineering,VP,58.3,493500,12.3
MSFT-0497,Priya Murphy,Microsoft,MSFT,Operations,Senior,83.8,234800,8.6
MSFT-0498,Kevin Khan,Microsoft,MSFT,Sales & GTM,Principal,74.3,429600,12.6
MSFT-0499,Priya Anderson,Microsoft,MSFT,Sales & GTM,Principal,74.6,759900,7.4
MSFT-0500,Fatima Hassan,Microsoft,MSFT,Operations,Staff,51.1,299100,8.6
MSFT-0501,Arjun Singh,Microsoft,MSFT,Research & AI,VP,82.6,1315800,13.7
MSFT-0502,Daniel Lopez,Microsoft,MSFT,Engineering,SVP,86.2,1722900,11.5
MSFT-0503,Aisha Chen,Microsoft,MSFT,People/HR,Principal,94.4,582700,13.2
MSFT-0504,Carlos Murphy,Microsoft,MSFT,Marketing,VP,90.7,962100,13.9
MSFT-0505,Grace Johnson,Microsoft,MSFT,Finance,Staff,94.7,327700,9.6
MSFT-0506,Nina Tanaka,Microsoft,MSFT,Engineering,Senior,94.8,269500,5.1
MSFT-0507,Wei Kim,Microsoft,MSFT,Operations,Staff,80.1,273200,11.0
MSFT-0508,Chen Murphy,Microsoft,MSFT,Marketing,C-Suite,73.5,1426300,12.0
MSFT-0509,Carlos Murphy,Microsoft,MSFT,Sales & GTM,Senior,72.0,206500,5.1
MSFT-0510,Michael Tanaka,Microsoft,MSFT,Research & AI,Principal,71.7,455400,7.8
MSFT-0511,Daniel Khan,Microsoft,MSFT,Operations,Senior Director,85.7,2343100,14.7
MSFT-0512,Michael Murphy,Microsoft,MSFT,Sales & GTM,Staff,85.7,403800,5.0
MSFT-0513,Daniel Wilson,Microsoft,MSFT,Legal & Policy,Senior,89.5,373000,7.1
MSFT-0514,Carlos Nguyen,Microsoft,MSFT,Operations,Staff,68.2,250300,16.5
MSFT-0515,Sofia Okafor,Microsoft,MSFT,Engineering,Senior Director,85.7,539000,10.4
MSFT-0516,James Petrov,Microsoft,MSFT,Research & AI,Senior,87.0,389300,7.8
MSFT-0517,Kevin Cohen,Microsoft,MSFT,Operations,Senior Director,85.3,363400,24.4
MSFT-0518,Hiroshi Johnson,Microsoft,MSFT,Operations,Director,62.2,520500,8.2
MSFT-0519,Maria Wilson,Microsoft,MSFT,Legal & Policy,Senior Director,94.9,1210900,7.8
MSFT-0520,Sofia Reyes,Microsoft,MSFT,Engineering,Principal,68.9,296500,8.9
MSFT-0521,David Yamamoto,Microsoft,MSFT,Sales & GTM,Senior,79.4,152200,9.3
MSFT-0522,Priya Singh,Microsoft,MSFT,Engineering,Senior,73.4,177200,3.3
MSFT-0523,James Ali,Microsoft,MSFT,Engineering,Staff,70.1,395300,5.1
MSFT-0524,Fatima Petrov,Microsoft,MSFT,Product,Staff,79.7,229900,8.0
MSFT-0525,Ahmed Yamamoto,Microsoft,MSFT,Engineering,Principal,83.3,369500,13.5
MSFT-0526,Olivia Wang,Microsoft,MSFT,Engineering,VP,90.3,467100,14.0
MSFT-0527,Priya Chen,Microsoft,MSFT,Engineering,Staff,87.4,273400,8.0
MSFT-0528,Chen Park,Microsoft,MSFT,People/HR,Principal,80.6,942300,7.1
MSFT-0529,David Anderson,Microsoft,MSFT,Engineering,Principal,71.9,1054200,12.3
MSFT-0530,Hiroshi Cohen,Microsoft,MSFT,Finance,Principal,83.1,316400,10.3
MSFT-0531,Aisha Chen,Microsoft,MSFT,Design,Senior,81.6,168000,6.3
MSFT-0532,Chen Chen,Microsoft,MSFT,Operations,Senior,82.1,120100,8.0
MSFT-0533,Elena Reyes,Microsoft,MSFT,Research & AI,Senior,84.7,451400,9.1
MSFT-0534,Thomas Davis,Microsoft,MSFT,Finance,Principal,91.4,510800,10.7
MSFT-0535,Olivia Reyes,Microsoft,MSFT,Engineering,Staff,83.6,543600,3.3
MSFT-0536,Thomas Silva,Microsoft,MSFT,Engineering,Principal,90.2,150600,4.7
MSFT-0537,Zoe Tanaka,Microsoft,MSFT,Engineering,Staff,75.1,190400,19.2
MSFT-0538,Daniel Singh,Microsoft,MSFT,Engineering,VP,79.6,799900,11.5
MSFT-0539,Thomas Wilson,Microsoft,MSFT,Design,Staff,93.2,432700,10.3
MSFT-0540,Maria Tanaka,Microsoft,MSFT,Research & AI,Principal,81.5,222000,9.0
MSFT-0541,Wei Ali,Microsoft,MSFT,Design,Senior,68.4,247700,4.9
MSFT-0542,Ahmed Johnson,Microsoft,MSFT,Sales & GTM,Staff,58.8,281400,3.3
MSFT-0543,James Davis,Microsoft,MSFT,Finance,Principal,65.2,375200,6.3
MSFT-0544,Aisha Garcia,Microsoft,MSFT,Operations,Staff,74.1,253400,2.9
MSFT-0545,John Davis,Microsoft,MSFT,Finance,Director,81.1,743700,5.5
MSFT-0546,Hiroshi Lee,Microsoft,MSFT,Engineering,Director,85.1,1084700,11.9
MSFT-0547,Thomas Schmidt,Microsoft,MSFT,Legal & Policy,Principal,79.3,284400,13.6
MSFT-0548,Chen Patel,Microsoft,MSFT,Research & AI,Principal,84.3,165900,9.5
MSFT-0549,Aisha Lopez,Microsoft,MSFT,Engineering,Senior,76.6,348100,4.2
MSFT-0550,Grace Kim,Microsoft,MSFT,Product,VP,84.5,1749200,9.2
MSFT-0551,Arjun Okafor,Microsoft,MSFT,Engineering,Principal,71.2,451900,7.2
MSFT-0552,Chen Silva,Microsoft,MSFT,Research & AI,Senior,86.1,569500,2.5
MSFT-0553,Zoe Ali,Microsoft,MSFT,Operations,Senior,87.7,77000,8.2
MSFT-0554,James Smith,Microsoft,MSFT,Engineering,Senior,83.1,245300,3.2
MSFT-0555,Kevin Silva,Microsoft,MSFT,Product,Senior,84.3,259300,2.4
MSFT-0556,Elena Martinez,Microsoft,MSFT,Engineering,Principal,73.1,284600,5.8
MSFT-0557,Hiroshi Okafor,Microsoft,MSFT,Engineering,Staff,72.1,532900,11.7
MSFT-0558,James Reyes,Microsoft,MSFT,People/HR,Staff,74.9,458800,9.4
MSFT-0559,Daniel Murphy,Microsoft,MSFT,Engineering,Principal,98.3,618700,4.0
MSFT-0560,Arjun Davis,Microsoft,MSFT,Marketing,Senior Director,84.9,480800,5.4
MSFT-0561,Raj Anderson,Microsoft,MSFT,Finance,Principal,77.1,505000,5.9
MSFT-0562,Sofia Okafor,Microsoft,MSFT,Research & AI,Senior,92.7,264200,5.9
MSFT-0563,Sofia Wang,Microsoft,MSFT,Engineering,SVP,72.0,639400,13.1
MSFT-0564,Chen Hassan,Microsoft,MSFT,Engineering,Senior Director,82.9,1428200,4.3
MSFT-0565,Raj Reyes,Microsoft,MSFT,People/HR,Director,95.0,204200,8.6
MSFT-0566,James Schmidt,Microsoft,MSFT,Legal & Policy,Senior Director,82.5,534500,16.3
MSFT-0567,Ahmed Smith,Microsoft,MSFT,Marketing,Director,74.0,434500,5.4
MSFT-0568,Priya Brown,Microsoft,MSFT,Sales & GTM,Senior,89.0,330200,6.9
MSFT-0569,Hannah Singh,Microsoft,MSFT,Product,VP,77.2,1473100,9.4
MSFT-0570,Zoe Brown,Microsoft,MSFT,Engineering,Senior,83.7,159300,6.4
MSFT-0571,Elena Johnson,Microsoft,MSFT,Finance,Senior,68.6,937900,7.0
MSFT-0572,David Yamamoto,Microsoft,MSFT,Engineering,Principal,77.2,332200,11.6
MSFT-0573,Aisha Khan,Microsoft,MSFT,Research & AI,Staff,80.1,295000,2.8
MSFT-0574,Wei Ali,Microsoft,MSFT,Finance,Principal,77.0,331500,12.1
MSFT-0575,Zoe Lopez,Microsoft,MSFT,Engineering,Senior,67.1,185100,7.1
MSFT-0576,Kevin Petrov,Microsoft,MSFT,Engineering,Senior,77.1,165200,12.8
MSFT-0577,Samuel Patel,Microsoft,MSFT,Sales & GTM,Senior,67.5,850400,4.6
MSFT-0578,Emily Park,Microsoft,MSFT,Engineering,Senior,91.5,220000,4.1
MSFT-0579,Michael Cohen,Microsoft,MSFT,Research & AI,Senior,83.0,411000,6.0
MSFT-0580,Yuki Rossi,Microsoft,MSFT,Finance,Senior,87.2,430000,5.0
MSFT-0581,James Chen,Microsoft,MSFT,Engineering,Principal,77.0,851600,3.5
MSFT-0582,Carlos Ali,Microsoft,MSFT,Engineering,Director,82.5,259700,4.4
MSFT-0583,Grace Khan,Microsoft,MSFT,Engineering,Staff,95.5,647500,7.3
MSFT-0584,Chen Khan,Microsoft,MSFT,Research & AI,SVP,77.0,1560700,26.7
MSFT-0585,Mary Brown,Microsoft,MSFT,Operations,Senior,96.5,84600,2.0
MSFT-0586,Carlos Patel,Microsoft,MSFT,Product,Senior Director,86.5,1264100,11.7
MSFT-0587,Daniel Cohen,Microsoft,MSFT,Engineering,C-Suite,92.2,1460500,14.4
MSFT-0588,Aisha Wilson,Microsoft,MSFT,Marketing,Principal,68.6,669100,11.0
MSFT-0589,Hiroshi Petrov,Microsoft,MSFT,Engineering,Senior,80.3,239100,12.2
MSFT-0590,Daniel Patel,Microsoft,MSFT,Operations,Senior,77.6,446100,2.6
MSFT-0591,Wei Silva,Microsoft,MSFT,Engineering,Principal,58.0,481400,8.2
MSFT-0592,Thomas Anderson,Microsoft,MSFT,Engineering,Senior Director,100.0,407200,5.4
MSFT-0593,Carlos Nguyen,Microsoft,MSFT,Engineering,Senior,64.3,86700,3.4
MSFT-0594,James Schmidt,Microsoft,MSFT,Operations,Director,82.8,253400,7.0
MSFT-0595,Zoe Ali,Microsoft,MSFT,Sales & GTM,Senior,89.6,217800,3.2
MSFT-0596,Kevin Yamamoto,Microsoft,MSFT,Sales & GTM,Director,100.0,709800,7.5
MSFT-0597,Hiroshi Reyes,Microsoft,MSFT,Product,Senior Director,78.1,891700,5.9
MSFT-0598,Daniel Ali,Microsoft,MSFT,Research & AI,Director,91.4,290200,8.3
MSFT-0599,Michael Schmidt,Microsoft,MSFT,Sales & GTM,Staff,73.0,289500,3.9
MSFT-0600,Olivia Nguyen,Microsoft,MSFT,Research & AI,VP,87.5,1030800,9.6
MSFT-0601,Zoe Patel,Microsoft,MSFT,Engineering,Senior,83.8,260200,13.6
MSFT-0602,Michael Garcia,Microsoft,MSFT,Research & AI,Senior,69.6,123200,9.8
MSFT-0603,Yuki Reyes,Microsoft,MSFT,Engineering,Senior,83.5,490700,8.7
MSFT-0604,Kevin Smith,Microsoft,MSFT,Engineering,Senior,81.7,367200,7.2
MSFT-0605,Linda Garcia,Microsoft,MSFT,Design,Senior,70.1,149300,3.2
MSFT-0606,Elena Yamamoto,Microsoft,MSFT,Engineering,Senior Director,78.6,881000,8.3
MSFT-0607,Nina Brown,Microsoft,MSFT,Sales & GTM,Staff,66.3,147400,4.0
MSFT-0608,James Singh,Microsoft,MSFT,Operations,Senior,72.9,130800,7.0
MSFT-0609,Aisha Wang,Microsoft,MSFT,Research & AI,Staff,76.1,761300,11.3
MSFT-0610,James Wilson,Microsoft,MSFT,Finance,Senior,80.9,230800,12.5
MSFT-0611,Priya Martinez,Microsoft,MSFT,Research & AI,VP,82.6,507100,8.4
MSFT-0612,Zoe Okafor,Microsoft,MSFT,Sales & GTM,SVP,73.4,937900,12.5
MSFT-0613,Arjun Anderson,Microsoft,MSFT,Engineering,Staff,53.4,64000,7.2
MSFT-0614,Wei Martinez,Microsoft,MSFT,Operations,Director,73.4,321000,16.1
MSFT-0615,Elena Schmidt,Microsoft,MSFT,Legal & Policy,Senior,64.3,144000,1.5
MSFT-0616,Sofia Chen,Microsoft,MSFT,Legal & Policy,Principal,85.1,265200,4.4
MSFT-0617,Wei Okafor,Microsoft,MSFT,Design,Principal,74.5,148700,7.2
MSFT-0618,Michael Singh,Microsoft,MSFT,Design,Principal,69.4,273700,8.4
MSFT-0619,James Lee,Microsoft,MSFT,Sales & GTM,C-Suite,82.2,2139800,11.4
MSFT-0620,Grace Rossi,Microsoft,MSFT,Sales & GTM,VP,86.8,1931800,5.6
MSFT-0621,Aisha Park,Microsoft,MSFT,People/HR,Senior Director,87.6,1455400,7.9
MSFT-0622,Thomas Reyes,Microsoft,MSFT,Engineering,Senior,86.0,189400,5.0
MSFT-0623,Kevin Murphy,Microsoft,MSFT,Finance,Senior,73.4,313200,7.3
MSFT-0624,David Silva,Microsoft,MSFT,Engineering,Principal,81.9,300800,10.3
MSFT-0625,Fatima Murphy,Microsoft,MSFT,Research & AI,Senior Director,78.5,1394600,8.6
MSFT-0626,David Lopez,Microsoft,MSFT,Finance,C-Suite,77.8,791600,18.4
MSFT-0627,John Johnson,Microsoft,MSFT,Operations,VP,90.5,2080100,12.0
MSFT-0628,Maria Garcia,Microsoft,MSFT,Sales & GTM,Staff,85.2,158500,9.0
MSFT-0629,Daniel Petrov,Microsoft,MSFT,Product,Principal,81.8,1336600,6.8
MSFT-0630,Samuel Schmidt,Microsoft,MSFT,Research & AI,Senior Director,78.5,823100,22.6
MSFT-0631,Kevin Yamamoto,Microsoft,MSFT,Finance,Staff,74.1,208100,20.4
MSFT-0632,Emily Lee,Microsoft,MSFT,Engineering,Senior Director,80.9,512300,8.5
MSFT-0633,Michael Wilson,Microsoft,MSFT,Product,Principal,83.2,226600,3.8
MSFT-0634,Ahmed Anderson,Microsoft,MSFT,Product,Director,67.1,648900,17.9
MSFT-0635,Emily Ali,Microsoft,MSFT,Sales & GTM,SVP,71.6,1275400,16.3
MSFT-0636,Nina Yamamoto,Microsoft,MSFT,People/HR,Staff,72.8,83900,10.0
MSFT-0637,David Khan,Microsoft,MSFT,Operations,Principal,77.6,358900,12.5
MSFT-0638,Aisha Khan,Microsoft,MSFT,Engineering,Principal,84.3,416700,12.3
MSFT-0639,Kevin Wang,Microsoft,MSFT,Research & AI,VP,83.0,804600,17.5
MSFT-0640,Michael Wang,Microsoft,MSFT,Engineering,Principal,92.6,376600,9.8
MSFT-0641,James Smith,Microsoft,MSFT,Research & AI,Staff,70.7,167400,7.5
MSFT-0642,Kevin Patel,Microsoft,MSFT,Marketing,Senior Director,89.5,1384400,7.6
MSFT-0643,Grace Davis,Microsoft,MSFT,Engineering,Director,77.6,507800,8.9
MSFT-0644,Nina Martinez,Microsoft,MSFT,Design,Staff,79.9,356500,7.8
MSFT-0645,Priya Lee,Microsoft,MSFT,Research & AI,Senior,73.1,205500,2.5
MSFT-0646,Wei Singh,Microsoft,MSFT,Engineering,Senior,58.6,140300,7.8
MSFT-0647,Emily Anderson,Microsoft,MSFT,Sales & GTM,Senior,76.1,269300,8.6
MSFT-0648,Elena Hassan,Microsoft,MSFT,Finance,Senior,84.6,136200,5.6
MSFT-0649,Arjun Garcia,Microsoft,MSFT,Research & AI,Senior,74.0,306000,7.3
MSFT-0650,Ahmed Lopez,Microsoft,MSFT,Marketing,Director,82.5,595700,4.6
MSFT-0651,Linda Davis,Microsoft,MSFT,Sales & GTM,Staff,67.1,93200,18.5
MSFT-0652,Elena Garcia,Microsoft,MSFT,Engineering,Director,77.4,668000,12.0
MSFT-0653,Carlos Brown,Microsoft,MSFT,Engineering,Director,70.2,626200,8.2
MSFT-0654,Mary Davis,Microsoft,MSFT,Product,Staff,76.2,473200,8.1
MSFT-0655,Yuki Petrov,Microsoft,MSFT,Engineering,Senior Director,86.5,523200,9.1
MSFT-0656,Hannah Garcia,Microsoft,MSFT,Research & AI,Senior Director,78.0,758500,7.1
MSFT-0657,Arjun Brown,Microsoft,MSFT,Design,Staff,74.1,582400,11.7
MSFT-0658,Wei Kim,Microsoft,MSFT,Engineering,Principal,88.2,596800,13.5
MSFT-0659,Grace Tanaka,Microsoft,MSFT,Operations,Principal,85.5,380000,2.3
MSFT-0660,Samuel Wang,Microsoft,MSFT,Product,Senior,85.2,88600,3.1
MSFT-0661,Hannah Kim,Microsoft,MSFT,Operations,Senior,73.3,247300,9.7
MSFT-0662,Elena Tanaka,Microsoft,MSFT,Research & AI,Senior,82.7,192600,1.7
MSFT-0663,Olivia Murphy,Microsoft,MSFT,Operations,Director,85.5,701900,11.7
MSFT-0664,Nina Anderson,Microsoft,MSFT,Research & AI,Staff,71.8,359100,20.5
MSFT-0665,Hiroshi Nguyen,Microsoft,MSFT,Engineering,Senior Director,87.7,349200,17.3
MSFT-0666,Nina Patel,Microsoft,MSFT,Operations,Senior,80.3,198500,4.0
MSFT-0667,James Patel,Microsoft,MSFT,Product,Staff,85.8,296500,6.9
MSFT-0668,Sofia Khan,Microsoft,MSFT,Research & AI,VP,88.0,738700,19.1
MSFT-0669,Sofia Anderson,Microsoft,MSFT,Operations,Senior,81.1,549700,5.7
MSFT-0670,Carlos Brown,Microsoft,MSFT,People/HR,Staff,77.8,108200,13.2
MSFT-0671,James Murphy,Microsoft,MSFT,Engineering,Director,88.6,1331100,10.3
MSFT-0672,David Silva,Microsoft,MSFT,Marketing,Senior,83.2,313100,17.3
MSFT-0673,Carlos Chen,Microsoft,MSFT,Finance,Senior,81.1,159600,9.1
MSFT-0674,David Brown,Microsoft,MSFT,Sales & GTM,Director,88.9,434200,6.5
MSFT-0675,Emily Petrov,Microsoft,MSFT,Sales & GTM,Senior,71.4,138000,6.9
MSFT-0676,Zoe Patel,Microsoft,MSFT,Engineering,VP,79.9,2028200,19.5
MSFT-0677,Nina Wilson,Microsoft,MSFT,Legal & Policy,Principal,84.0,545000,6.4
MSFT-0678,James Martinez,Microsoft,MSFT,Engineering,Staff,77.0,218700,16.9
MSFT-0679,Zoe Brown,Microsoft,MSFT,Design,Senior,78.5,241700,14.6
MSFT-0680,Aisha Smith,Microsoft,MSFT,Engineering,Senior,77.6,305600,11.2
MSFT-0681,Fatima Davis,Microsoft,MSFT,Product,Principal,86.9,1143900,11.0
MSFT-0682,Zoe Tanaka,Microsoft,MSFT,Research & AI,Principal,76.1,274200,5.9
MSFT-0683,Ahmed Schmidt,Microsoft,MSFT,Operations,Senior,79.3,271600,7.8
MSFT-0684,Priya Patel,Microsoft,MSFT,Engineering,Director,72.0,1242800,4.7
MSFT-0685,James Petrov,Microsoft,MSFT,Engineering,Senior Director,86.5,433900,9.3
MSFT-0686,Aisha Martinez,Microsoft,MSFT,Finance,Director,73.3,611800,6.7
MSFT-0687,Zoe Schmidt,Microsoft,MSFT,Marketing,Staff,89.5,307800,8.7
MSFT-0688,John Silva,Microsoft,MSFT,Marketing,Principal,72.7,526200,10.3
MSFT-0689,Elena Kim,Microsoft,MSFT,Marketing,Senior,100.0,119300,4.4
MSFT-0690,Emily Singh,Microsoft,MSFT,Product,Principal,83.5,734500,6.0
MSFT-0691,Olivia Reyes,Microsoft,MSFT,Sales & GTM,Staff,77.2,219400,3.6
MSFT-0692,Carlos Murphy,Microsoft,MSFT,Marketing,Senior,75.7,162400,4.3
MSFT-0693,Nina Singh,Microsoft,MSFT,People/HR,Principal,87.9,486800,8.3
MSFT-0694,Nina Kim,Microsoft,MSFT,Engineering,Senior,83.2,230000,9.3
MSFT-0695,Fatima Rossi,Microsoft,MSFT,Engineering,Senior,69.3,212000,1.4
MSFT-0696,Hannah Hassan,Microsoft,MSFT,Research & AI,Staff,83.3,230400,20.8
MSFT-0697,Mary Brown,Microsoft,MSFT,Sales & GTM,Senior,70.6,260200,10.1
MSFT-0698,Maria Rossi,Microsoft,MSFT,Design,Director,89.6,897700,4.9
MSFT-0699,Aisha Patel,Microsoft,MSFT,Sales & GTM,Principal,79.7,301000,21.2
MSFT-0700,James Garcia,Microsoft,MSFT,Operations,Director,90.5,1409800,6.8
MSFT-0701,David Patel,Microsoft,MSFT,Engineering,VP,61.2,814900,9.1
MSFT-0702,Raj Murphy,Microsoft,MSFT,Marketing,VP,78.6,1265700,14.0
MSFT-0703,Hiroshi Lee,Microsoft,MSFT,Design,Staff,70.7,279500,24.7
MSFT-0704,Kevin Kim,Microsoft,MSFT,Product,Principal,86.1,1314300,4.5
MSFT-0705,Aisha Davis,Microsoft,MSFT,Product,Principal,76.1,557800,18.2
MSFT-0706,Hiroshi Schmidt,Microsoft,MSFT,Operations,Staff,61.0,434700,2.5
MSFT-0707,Elena Brown,Microsoft,MSFT,Finance,Staff,90.8,592500,12.4
MSFT-0708,Chen Patel,Microsoft,MSFT,Engineering,Senior,71.2,268400,3.9
MSFT-0709,Zoe Okafor,Microsoft,MSFT,Legal & Policy,Senior,75.6,411200,8.7
MSFT-0710,Raj Tanaka,Microsoft,MSFT,Research & AI,Staff,78.7,528900,3.0
MSFT-0711,John Patel,Microsoft,MSFT,Engineering,Director,91.8,268300,15.3
MSFT-0712,John Brown,Microsoft,MSFT,Product,Director,72.3,386100,4.0
MSFT-0713,Sofia Silva,Microsoft,MSFT,Engineering,Principal,86.2,508600,12.5
MSFT-0714,Thomas Khan,Microsoft,MSFT,Engineering,Director,99.8,1320300,5.0
MSFT-0715,Sofia Rossi,Microsoft,MSFT,Sales & GTM,Director,85.7,319600,7.1
MSFT-0716,Michael Singh,Microsoft,MSFT,Marketing,Senior,87.3,438900,3.1
MSFT-0717,Yuki Johnson,Microsoft,MSFT,Research & AI,Senior,71.6,140700,10.5
MSFT-0718,Raj Murphy,Microsoft,MSFT,Engineering,VP,91.9,1063300,12.4
MSFT-0719,Chen Petrov,Microsoft,MSFT,Finance,Senior Director,80.9,548500,22.6
MSFT-0720,Zoe Kim,Microsoft,MSFT,Engineering,Senior Director,84.4,1121200,6.4
MSFT-0721,Grace Johnson,Microsoft,MSFT,Operations,VP,87.5,1153200,10.4
MSFT-0722,Mary Davis,Microsoft,MSFT,Engineering,Staff,73.1,250900,5.9
MSFT-0723,Kevin Chen,Microsoft,MSFT,Engineering,Senior Director,73.8,413000,7.6
MSFT-0724,James Brown,Microsoft,MSFT,Sales & GTM,Principal,75.9,395500,11.8
MSFT-0725,Michael Park,Microsoft,MSFT,Engineering,Senior,68.8,165200,4.6
MSFT-0726,Michael Cohen,Microsoft,MSFT,Engineering,Senior,62.4,239900,2.9
MSFT-0727,Emily Patel,Microsoft,MSFT,Finance,Senior,73.2,300900,9.9
MSFT-0728,Zoe Brown,Microsoft,MSFT,Engineering,Principal,79.1,768500,18.3
MSFT-0729,Arjun Kim,Microsoft,MSFT,Engineering,Senior,85.7,508600,4.6
MSFT-0730,Samuel Davis,Microsoft,MSFT,Engineering,Senior Director,84.1,372100,12.1
MSFT-0731,Nina Patel,Microsoft,MSFT,Engineering,Principal,89.0,376500,5.6
MSFT-0732,Maria Rossi,Microsoft,MSFT,People/HR,Staff,79.3,287800,9.3
MSFT-0733,Thomas Yamamoto,Microsoft,MSFT,Research & AI,Principal,96.3,410200,5.8
MSFT-0734,Arjun Rossi,Microsoft,MSFT,Sales & GTM,Director,88.6,623000,12.1
MSFT-0735,Zoe Okafor,Microsoft,MSFT,Research & AI,Director,85.4,578900,13.6
MSFT-0736,Mary Schmidt,Microsoft,MSFT,Sales & GTM,Senior Director,69.5,813900,7.5
MSFT-0737,Raj Wilson,Microsoft,MSFT,Product,Staff,72.4,329700,14.2
MSFT-0738,Chen Lee,Microsoft,MSFT,Product,Principal,74.7,220300,11.2
MSFT-0739,Linda Tanaka,Microsoft,MSFT,Research & AI,Senior,95.2,102100,2.6
MSFT-0740,Raj Davis,Microsoft,MSFT,Engineering,Principal,70.6,508200,8.9
MSFT-0741,Emily Tanaka,Microsoft,MSFT,Sales & GTM,Director,79.3,190600,7.2
MSFT-0742,Elena Ali,Microsoft,MSFT,Sales & GTM,Senior,73.3,149100,4.1
MSFT-0743,Daniel Murphy,Microsoft,MSFT,People/HR,Principal,82.2,814600,8.9
MSFT-0744,Aisha Murphy,Microsoft,MSFT,Operations,Senior,89.4,213400,5.8
MSFT-0745,Grace Okafor,Microsoft,MSFT,Research & AI,Principal,84.2,343900,7.5
MSFT-0746,Olivia Lee,Microsoft,MSFT,Engineering,Staff,81.6,1484300,3.1
MSFT-0747,Arjun Reyes,Microsoft,MSFT,Engineering,Staff,77.1,195700,12.2
MSFT-0748,Maria Singh,Microsoft,MSFT,Research & AI,Staff,75.6,142900,5.3
MSFT-0749,Carlos Wang,Microsoft,MSFT,Engineering,Staff,83.1,200800,4.0
MSFT-0750,Arjun Brown,Microsoft,MSFT,Engineering,Senior,88.1,419200,0.8
MSFT-0751,Aisha Nguyen,Microsoft,MSFT,Product,Senior,68.8,383200,2.6
MSFT-0752,John Nguyen,Microsoft,MSFT,Product,Senior,86.3,566900,18.4
MSFT-0753,Elena Singh,Microsoft,MSFT,Sales & GTM,Principal,90.3,858300,3.4
MSFT-0754,Elena Chen,Microsoft,MSFT,Product,Senior Director,73.0,1485100,14.1
MSFT-0755,Hannah Reyes,Microsoft,MSFT,Research & AI,Senior Director,78.9,493800,9.2
MSFT-0756,Arjun Kim,Microsoft,MSFT,Finance,Principal,88.3,750600,8.2
MSFT-0757,Elena Rossi,Microsoft,MSFT,Engineering,Senior,88.1,209400,9.8
MSFT-0758,Carlos Martinez,Microsoft,MSFT,Engineering,Senior,73.6,197700,4.3
MSFT-0759,Hannah Lee,Microsoft,MSFT,Operations,Senior,73.6,178000,2.9
MSFT-0760,Yuki Silva,Microsoft,MSFT,Product,Director,78.2,859700,7.5
MSFT-0761,Arjun Anderson,Microsoft,MSFT,Engineering,Senior,84.1,248700,9.6
MSFT-0762,Michael Smith,Microsoft,MSFT,Legal & Policy,Staff,90.9,177400,8.2
MSFT-0763,Hiroshi Kim,Microsoft,MSFT,Research & AI,VP,71.1,1178300,21.1
MSFT-0764,Thomas Singh,Microsoft,MSFT,Engineering,Principal,82.4,441600,12.0
MSFT-0765,Fatima Johnson,Microsoft,MSFT,Product,VP,90.5,1991200,8.6
MSFT-0766,Olivia Yamamoto,Microsoft,MSFT,Research & AI,VP,88.7,1057900,8.4
MSFT-0767,Carlos Silva,Microsoft,MSFT,Engineering,Staff,93.4,570900,5.8
MSFT-0768,Maria Lopez,Microsoft,MSFT,Operations,Staff,79.6,1011600,10.9
MSFT-0769,Zoe Lopez,Microsoft,MSFT,Engineering,Principal,67.7,554000,11.6
MSFT-0770,Hannah Nguyen,Microsoft,MSFT,Product,Director,99.4,490700,8.0
MSFT-0771,Yuki Petrov,Microsoft,MSFT,Product,Staff,75.2,140300,6.9
MSFT-0772,Priya Wang,Microsoft,MSFT,Engineering,Director,88.8,198100,8.1
MSFT-0773,Carlos Reyes,Microsoft,MSFT,Engineering,Director,79.6,411900,5.9
MSFT-0774,Sofia Rossi,Microsoft,MSFT,Product,Staff,77.1,623600,9.2
MSFT-0775,Mary Lee,Microsoft,MSFT,Research & AI,Senior Director,77.4,1061700,15.7
MSFT-0776,Olivia Silva,Microsoft,MSFT,Design,Staff,79.5,335200,6.3
MSFT-0777,Hiroshi Lee,Microsoft,MSFT,Sales & GTM,Senior,76.2,130800,9.0
MSFT-0778,Hannah Wilson,Microsoft,MSFT,Design,Staff,85.3,244000,4.1
MSFT-0779,Priya Wang,Microsoft,MSFT,Research & AI,Director,69.1,964100,9.7
MSFT-0780,Linda Wang,Microsoft,MSFT,Engineering,Director,92.3,345600,13.9
MSFT-0781,Maria Nguyen,Microsoft,MSFT,Product,Staff,80.8,176100,10.0
MSFT-0782,Thomas Martinez,Microsoft,MSFT,Research & AI,Principal,93.6,325300,8.8
MSFT-0783,Maria Khan,Microsoft,MSFT,Sales & GTM,Principal,80.4,297000,3.1
MSFT-0784,James Martinez,Microsoft,MSFT,Research & AI,Staff,75.3,165300,5.5
MSFT-0785,Michael Patel,Microsoft,MSFT,Engineering,Principal,75.8,726400,7.0
MSFT-0786,James Patel,Microsoft,MSFT,Product,Senior,76.3,92900,4.7
MSFT-0787,Linda Rossi,Microsoft,MSFT,Legal & Policy,Principal,87.4,296300,15.2
MSFT-0788,Mary Chen,Microsoft,MSFT,Research & AI,Staff,71.8,610600,5.5
MSFT-0789,Kevin Martinez,Microsoft,MSFT,Research & AI,Principal,73.3,497400,6.3
MSFT-0790,Priya Johnson,Microsoft,MSFT,Engineering,Senior,78.1,218200,7.6
MSFT-0791,Hannah Lopez,Microsoft,MSFT,Research & AI,Staff,57.8,279000,4.0
MSFT-0792,Samuel Park,Microsoft,MSFT,Operations,Principal,86.9,541700,14.5
MSFT-0793,Arjun Ali,Microsoft,MSFT,Engineering,Senior,78.5,284600,4.8
MSFT-0794,Mary Reyes,Microsoft,MSFT,Product,Director,85.2,621700,6.3
MSFT-0795,Raj Patel,Microsoft,MSFT,Legal & Policy,Staff,72.6,349700,8.4
MSFT-0796,Samuel Brown,Microsoft,MSFT,Design,Staff,68.7,340100,2.9
MSFT-0797,Priya Hassan,Microsoft,MSFT,Research & AI,Director,74.0,790600,8.9
MSFT-0798,Hannah Garcia,Microsoft,MSFT,Engineering,Senior,72.5,239100,15.2
MSFT-0799,Priya Rossi,Microsoft,MSFT,Engineering,Senior,63.9,316300,18.0
MSFT-0800,David Wang,Microsoft,MSFT,Marketing,Staff,87.7,321800,9.4
MSFT-0801,Hannah Okafor,Microsoft,MSFT,Operations,Senior,65.6,105000,4.9
MSFT-0802,Zoe Hassan,Microsoft,MSFT,Marketing,Principal,81.8,338100,11.5
MSFT-0803,Samuel Yamamoto,Microsoft,MSFT,Operations,Staff,86.9,421600,9.9
MSFT-0804,Raj Lee,Microsoft,MSFT,Finance,Senior,68.4,158400,1.4
MSFT-0805,Michael Chen,Microsoft,MSFT,Engineering,VP,80.5,675300,14.2
MSFT-0806,Sofia Smith,Microsoft,MSFT,Research & AI,Director,73.9,731000,3.5
MSFT-0807,Chen Patel,Microsoft,MSFT,Product,Principal,79.1,280100,4.3
MSFT-0808,Chen Schmidt,Microsoft,MSFT,Engineering,Senior,76.5,548100,15.1
MSFT-0809,Emily Tanaka,Microsoft,MSFT,Engineering,Senior,71.6,152400,5.8
MSFT-0810,Raj Hassan,Microsoft,MSFT,Engineering,Director,85.1,644600,6.0
MSFT-0811,Michael Cohen,Microsoft,MSFT,Engineering,Staff,61.4,403900,5.9
MSFT-0812,Carlos Singh,Microsoft,MSFT,Operations,Staff,78.4,351400,4.5
MSFT-0813,Raj Yamamoto,Microsoft,MSFT,Engineering,Senior,92.3,197400,3.1
MSFT-0814,Carlos Johnson,Microsoft,MSFT,Engineering,Staff,54.4,101600,8.0
MSFT-0815,Carlos Tanaka,Microsoft,MSFT,Sales & GTM,SVP,84.7,1431600,8.9
MSFT-0816,Ahmed Chen,Microsoft,MSFT,Research & AI,Director,82.7,211800,13.3
MSFT-0817,Nina Ali,Microsoft,MSFT,Research & AI,Staff,90.4,648600,5.8
MSFT-0818,Chen Brown,Microsoft,MSFT,Engineering,Senior,74.1,85700,6.6
MSFT-0819,James Patel,Microsoft,MSFT,Research & AI,VP,84.2,600700,15.4
MSFT-0820,Mary Davis,Microsoft,MSFT,Product,Staff,94.8,134600,14.6
MSFT-0821,Mary Murphy,Microsoft,MSFT,Research & AI,Director,89.8,464000,12.0
MSFT-0822,David Garcia,Microsoft,MSFT,Marketing,Director,92.0,1600700,12.3
MSFT-0823,Aisha Lopez,Microsoft,MSFT,Engineering,Senior Director,65.4,608200,17.8
MSFT-0824,Elena Hassan,Microsoft,MSFT,Engineering,Senior,63.9,189300,4.7
MSFT-0825,Grace Nguyen,Microsoft,MSFT,Engineering,Staff,92.0,260800,9.7
MSFT-0826,Grace Yamamoto,Microsoft,MSFT,Engineering,Staff,74.8,261200,14.1
MSFT-0827,Emily Brown,Microsoft,MSFT,People/HR,Senior,88.4,285900,12.4
MSFT-0828,Priya Lopez,Microsoft,MSFT,Operations,Director,89.4,743800,18.1
MSFT-0829,Emily Lee,Microsoft,MSFT,Research & AI,Senior,65.1,170500,7.9
MSFT-0830,Elena Reyes,Microsoft,MSFT,Sales & GTM,Senior,78.4,207500,7.1
MSFT-0831,Mary Murphy,Microsoft,MSFT,Operations,Director,80.0,463300,20.6
MSFT-0832,Grace Hassan,Microsoft,MSFT,Product,Director,82.7,641700,14.4
MSFT-0833,Elena Park,Microsoft,MSFT,Research & AI,Senior Director,81.8,964100,15.3
MSFT-0834,Aisha Davis,Microsoft,MSFT,Engineering,VP,87.8,532400,6.4
MSFT-0835,Priya Wang,Microsoft,MSFT,Product,Principal,73.0,354400,9.5
MSFT-0836,Mary Wang,Microsoft,MSFT,Sales & GTM,Senior,73.9,157700,2.8
MSFT-0837,Michael Schmidt,Microsoft,MSFT,Product,Senior,66.0,69500,10.6
MSFT-0838,Fatima Davis,Microsoft,MSFT,Research & AI,Senior,76.8,293100,9.9
MSFT-0839,Nina Park,Microsoft,MSFT,Finance,Principal,70.4,134700,12.7
MSFT-0840,James Chen,Microsoft,MSFT,Legal & Policy,Staff,76.8,105100,7.3
MSFT-0841,Sofia Khan,Microsoft,MSFT,Engineering,Staff,78.4,267700,3.4
MSFT-0842,John Lopez,Microsoft,MSFT,Product,Senior,79.5,166700,6.1
MSFT-0843,Raj Johnson,Microsoft,MSFT,Operations,Senior,78.2,355300,2.6
MSFT-0844,John Ali,Microsoft,MSFT,Engineering,Director,89.3,643900,8.3
MSFT-0845,Elena Singh,Microsoft,MSFT,Legal & Policy,Principal,75.0,305200,19.2
MSFT-0846,Raj Murphy,Microsoft,MSFT,Design,Senior,81.8,205300,7.6
MSFT-0847,Thomas Hassan,Microsoft,MSFT,Product,Staff,79.1,358500,13.4
MSFT-0848,Grace Wang,Microsoft,MSFT,Marketing,Senior,68.7,265900,5.4
MSFT-0849,Sofia Khan,Microsoft,MSFT,Research & AI,VP,88.5,583100,8.4
MSFT-0850,David Patel,Microsoft,MSFT,Research & AI,VP,78.2,888600,10.3
MSFT-0851,Emily Reyes,Microsoft,MSFT,Sales & GTM,Principal,85.1,451900,5.3
MSFT-0852,Chen Tanaka,Microsoft,MSFT,Product,Senior,72.6,171300,8.7
MSFT-0853,Aisha Johnson,Microsoft,MSFT,People/HR,Principal,68.2,286500,7.6
MSFT-0854,Emily Park,Microsoft,MSFT,Product,Principal,87.4,600500,4.1
MSFT-0855,Priya Ali,Microsoft,MSFT,Design,Senior,67.6,384100,8.2
MSFT-0856,Chen Reyes,Microsoft,MSFT,Research & AI,Staff,73.3,157800,9.5
MSFT-0857,Olivia Smith,Microsoft,MSFT,Operations,Senior,82.7,191800,7.4
MSFT-0858,Grace Murphy,Microsoft,MSFT,Marketing,Senior,64.9,149100,2.8
MSFT-0859,Mary Lee,Microsoft,MSFT,Product,Senior Director,89.5,578400,10.1
MSFT-0860,Nina Lee,Microsoft,MSFT,Operations,Senior,76.1,239500,14.2
MSFT-0861,Carlos Tanaka,Microsoft,MSFT,Engineering,Senior,84.2,486700,6.1
MSFT-0862,Fatima Kim,Microsoft,MSFT,Research & AI,Principal,79.7,590400,4.0
MSFT-0863,Wei Chen,Microsoft,MSFT,Design,Senior Director,63.7,1017000,9.5
MSFT-0864,Thomas Patel,Microsoft,MSFT,Marketing,Staff,84.7,264100,4.9
MSFT-0865,Sofia Cohen,Microsoft,MSFT,Research & AI,Staff,87.5,230500,2.4
MSFT-0866,Priya Wilson,Microsoft,MSFT,Engineering,Staff,72.2,146200,15.6
MSFT-0867,Chen Singh,Microsoft,MSFT,Research & AI,Staff,84.5,163900,12.8
MSFT-0868,David Nguyen,Microsoft,MSFT,Product,Staff,85.1,369000,9.0
MSFT-0869,David Garcia,Microsoft,MSFT,Marketing,Staff,71.5,326200,15.4
MSFT-0870,Arjun Kim,Microsoft,MSFT,Sales & GTM,Senior Director,93.1,1506700,9.0
MSFT-0871,Sofia Tanaka,Microsoft,MSFT,Research & AI,Senior,67.9,260900,5.2
MSFT-0872,Daniel Silva,Microsoft,MSFT,Legal & Policy,Principal,79.9,421900,6.2
MSFT-0873,Samuel Hassan,Microsoft,MSFT,Engineering,Senior,80.6,158800,12.7
MSFT-0874,John Rossi,Microsoft,MSFT,Research & AI,Principal,86.7,339900,20.8
MSFT-0875,Priya Wang,Microsoft,MSFT,Legal & Policy,Senior Director,79.1,2133600,5.6
MSFT-0876,Mary Martinez,Microsoft,MSFT,Operations,Staff,80.8,115300,3.1
MSFT-0877,Raj Singh,Microsoft,MSFT,Design,Senior,83.1,207500,6.9
MSFT-0878,Olivia Johnson,Microsoft,MSFT,Finance,Senior,63.7,169200,7.8
MSFT-0879,Hiroshi Lee,Microsoft,MSFT,Engineering,Senior,68.0,502800,9.3
MSFT-0880,Wei Johnson,Microsoft,MSFT,Engineering,Director,78.4,429600,7.1
MSFT-0881,Michael Kim,Microsoft,MSFT,Research & AI,Senior Director,74.5,631600,7.8
MSFT-0882,Yuki Ali,Microsoft,MSFT,Design,Principal,85.3,758000,5.0
MSFT-0883,Linda Johnson,Microsoft,MSFT,Finance,Senior,78.9,493400,12.8
MSFT-0884,Kevin Lopez,Microsoft,MSFT,Research & AI,Senior,80.3,290400,11.9
MSFT-0885,Fatima Okafor,Microsoft,MSFT,Engineering,Principal,95.8,445900,5.8
MSFT-0886,Michael Cohen,Microsoft,MSFT,Design,Senior,65.9,263800,8.3
MSFT-0887,Mary Schmidt,Microsoft,MSFT,People/HR,Senior Director,85.2,926100,10.1
MSFT-0888,Raj Wang,Microsoft,MSFT,Engineering,Staff,89.8,216700,6.9
MSFT-0889,Samuel Hassan,Microsoft,MSFT,Engineering,Principal,72.1,381300,3.6
MSFT-0890,Mary Murphy,Microsoft,MSFT,Engineering,Staff,62.0,295200,11.5
MSFT-0891,Zoe Park,Microsoft,MSFT,Engineering,Staff,67.8,269300,5.9
MSFT-0892,Linda Garcia,Microsoft,MSFT,Engineering,Senior,72.3,131100,7.6
MSFT-0893,Wei Nguyen,Microsoft,MSFT,Engineering,Principal,74.6,374600,13.1
MSFT-0894,Kevin Brown,Microsoft,MSFT,Design,Director,77.8,640400,10.3
MSFT-0895,Zoe Rossi,Microsoft,MSFT,Engineering,Staff,78.7,502300,15.4
MSFT-0896,Yuki Wang,Microsoft,MSFT,Research & AI,Staff,90.7,186500,8.7
MSFT-0897,Elena Wang,Microsoft,MSFT,Finance,Staff,86.2,568000,5.3
MSFT-0898,Fatima Khan,Microsoft,MSFT,Engineering,Staff,85.6,438500,10.8
MSFT-0899,Thomas Petrov,Microsoft,MSFT,Marketing,SVP,88.5,1054400,11.6
MSFT-0900,Linda Anderson,Microsoft,MSFT,Marketing,Senior,89.3,103000,5.0
MSFT-0901,John Garcia,Microsoft,MSFT,Engineering,Director,89.5,453800,6.6
MSFT-0902,Aisha Petrov,Microsoft,MSFT,Operations,SVP,78.3,998800,10.3
MSFT-0903,Grace Cohen,Microsoft,MSFT,Engineering,SVP,76.7,4918900,6.9
MSFT-0904,Olivia Petrov,Microsoft,MSFT,Sales & GTM,SVP,79.8,1508400,17.1
MSFT-0905,Raj Petrov,Microsoft,MSFT,Engineering,Staff,80.9,211500,4.4
MSFT-0906,Grace Tanaka,Microsoft,MSFT,Operations,Senior Director,71.2,673800,9.0
MSFT-0907,Raj Yamamoto,Microsoft,MSFT,Engineering,Senior,66.6,137000,1.9
MSFT-0908,John Silva,Microsoft,MSFT,Operations,Staff,91.9,249000,8.8
MSFT-0909,Mary Davis,Microsoft,MSFT,Engineering,Staff,87.9,295500,4.2
MSFT-0910,Elena Smith,Microsoft,MSFT,Sales & GTM,Senior,77.3,347700,3.7
MSFT-0911,John Reyes,Microsoft,MSFT,Engineering,Senior,88.0,379200,3.3
MSFT-0912,Mary Kim,Microsoft,MSFT,Engineering,Principal,93.0,1463600,4.0
MSFT-0913,Kevin Martinez,Microsoft,MSFT,Sales & GTM,Senior Director,84.8,749500,8.1
MSFT-0914,Fatima Ali,Microsoft,MSFT,Engineering,Principal,78.2,766600,7.1
MSFT-0915,James Brown,Microsoft,MSFT,Engineering,Staff,67.5,157200,10.3
MSFT-0916,Samuel Petrov,Microsoft,MSFT,Engineering,Senior,76.4,272500,4.1
MSFT-0917,Nina Singh,Microsoft,MSFT,Sales & GTM,Principal,76.3,461100,16.4
MSFT-0918,Daniel Singh,Microsoft,MSFT,Research & AI,Principal,90.0,500900,3.8
MSFT-0919,Emily Chen,Microsoft,MSFT,Engineering,Senior Director,67.7,502800,10.4
MSFT-0920,Arjun Park,Microsoft,MSFT,Engineering,Staff,78.7,477900,5.8
MSFT-0921,Elena Rossi,Microsoft,MSFT,Engineering,Staff,72.5,326200,11.8
MSFT-0922,Elena Reyes,Microsoft,MSFT,Engineering,Staff,66.0,346000,7.7
MSFT-0923,Ahmed Singh,Microsoft,MSFT,Marketing,Director,84.0,626700,7.6
MSFT-0924,Ahmed Silva,Microsoft,MSFT,Research & AI,Staff,74.4,202000,16.5
MSFT-0925,Zoe Wilson,Microsoft,MSFT,Sales & GTM,Principal,73.4,329300,11.6
MSFT-0926,Maria Schmidt,Microsoft,MSFT,Sales & GTM,Senior,72.9,410800,22.6
MSFT-0927,Thomas Schmidt,Microsoft,MSFT,Research & AI,Director,87.8,312200,11.7
MSFT-0928,Emily Martinez,Microsoft,MSFT,Marketing,Director,64.4,349100,7.4
MSFT-0929,Maria Smith,Microsoft,MSFT,People/HR,Senior,80.3,304200,4.2
MSFT-0930,Michael Reyes,Microsoft,MSFT,Design,Senior,63.6,164500,6.5
MSFT-0931,Hannah Martinez,Microsoft,MSFT,Sales & GTM,Principal,85.6,719100,2.6
MSFT-0932,Daniel Schmidt,Microsoft,MSFT,Design,Staff,87.3,474400,3.2
MSFT-0933,Samuel Schmidt,Microsoft,MSFT,Finance,Staff,86.5,435400,6.7
MSFT-0934,Linda Petrov,Microsoft,MSFT,Engineering,Principal,67.5,414300,12.6
MSFT-0935,James Davis,Microsoft,MSFT,People/HR,Staff,84.9,608700,6.9
MSFT-0936,Hiroshi Park,Microsoft,MSFT,Product,Staff,72.2,121000,14.9
MSFT-0937,Maria Nguyen,Microsoft,MSFT,Marketing,Senior,76.8,371100,6.1
MSFT-0938,Raj Yamamoto,Microsoft,MSFT,Product,Senior,69.4,171800,5.7
MSFT-0939,Nina Ali,Microsoft,MSFT,Product,Senior,74.5,175300,2.7
MSFT-0940,Hannah Okafor,Microsoft,MSFT,Design,Staff,77.5,567700,4.5
MSFT-0941,Thomas Martinez,Microsoft,MSFT,Finance,Staff,82.1,870900,9.8
MSFT-0942,David Chen,Microsoft,MSFT,Research & AI,Principal,80.1,390800,7.9
MSFT-0943,Thomas Wilson,Microsoft,MSFT,Engineering,Senior,62.0,147700,4.3
MSFT-0944,Sofia Okafor,Microsoft,MSFT,Engineering,Staff,86.1,317000,6.8
MSFT-0945,John Tanaka,Microsoft,MSFT,Sales & GTM,Principal,82.6,1002700,6.9
MSFT-0946,Sofia Lopez,Microsoft,MSFT,Legal & Policy,Senior Director,86.4,489400,6.2
MSFT-0947,Samuel Cohen,Microsoft,MSFT,Legal & Policy,Senior,57.3,160100,6.8
MSFT-0948,Aisha Tanaka,Microsoft,MSFT,Sales & GTM,Staff,70.0,318400,4.9
MSFT-0949,James Yamamoto,Microsoft,MSFT,Finance,Senior,66.8,103800,3.7
MSFT-0950,Ahmed Park,Microsoft,MSFT,Engineering,VP,90.4,1691600,8.9
MSFT-0951,Daniel Nguyen,Microsoft,MSFT,Operations,Principal,88.4,540900,8.4
MSFT-0952,Hannah Martinez,Microsoft,MSFT,Engineering,Principal,80.8,391400,8.3
MSFT-0953,Elena Hassan,Microsoft,MSFT,Sales & GTM,Senior,80.2,270500,2.3
MSFT-0954,Ahmed Cohen,Microsoft,MSFT,Engineering,VP,84.9,415000,10.5
MSFT-0955,Fatima Lee,Microsoft,MSFT,Engineering,Staff,80.8,1155400,16.7
MSFT-0956,Grace Johnson,Microsoft,MSFT,Engineering,Director,87.7,921100,9.1
MSFT-0957,Linda Murphy,Microsoft,MSFT,Engineering,Senior,70.0,181100,2.1
MSFT-0958,Sofia Yamamoto,Microsoft,MSFT,Engineering,Senior Director,100.0,696800,8.0
MSFT-0959,Raj Petrov,Microsoft,MSFT,Engineering,Principal,81.9,328600,19.1
MSFT-0960,Aisha Murphy,Microsoft,MSFT,Operations,Director,86.5,407500,8.3
MSFT-0961,John Brown,Microsoft,MSFT,Engineering,Senior,83.3,218200,17.3
MSFT-0962,Carlos Okafor,Microsoft,MSFT,Engineering,Director,93.5,543800,11.8
MSFT-0963,Zoe Lopez,Microsoft,MSFT,Finance,Director,68.5,424000,8.5
MSFT-0964,Arjun Yamamoto,Microsoft,MSFT,Engineering,Senior,71.3,256300,5.2
MSFT-0965,Samuel Murphy,Microsoft,MSFT,Legal & Policy,Senior,70.0,362200,3.6
MSFT-0966,David Wang,Microsoft,MSFT,Operations,Senior,78.6,176600,5.9
MSFT-0967,David Ali,Microsoft,MSFT,Engineering,Staff,77.3,330700,5.5
MSFT-0968,Yuki Petrov,Microsoft,MSFT,Engineering,Senior,69.5,172800,4.5
MSFT-0969,Samuel Tanaka,Microsoft,MSFT,Product,Principal,57.3,226000,9.4
MSFT-0970,Michael Hassan,Microsoft,MSFT,Sales & GTM,Senior,93.3,137500,7.7
MSFT-0971,Fatima Wilson,Microsoft,MSFT,Finance,SVP,88.4,2706300,15.4
MSFT-0972,David Okafor,Microsoft,MSFT,Sales & GTM,Staff,81.1,281200,6.5
MSFT-0973,Maria Okafor,Microsoft,MSFT,Engineering,Staff,75.9,394500,7.3
MSFT-0974,Zoe Davis,Microsoft,MSFT,Design,Principal,88.9,532300,4.7
MSFT-0975,Aisha Reyes,Microsoft,MSFT,Research & AI,Senior Director,88.2,475000,10.1
MSFT-0976,Linda Johnson,Microsoft,MSFT,Research & AI,Staff,76.6,499400,7.8
MSFT-0977,Maria Schmidt,Microsoft,MSFT,Sales & GTM,Senior,74.7,150500,10.4
MSFT-0978,Fatima Okafor,Microsoft,MSFT,Design,Staff,63.0,143300,4.2
MSFT-0979,John Cohen,Microsoft,MSFT,Engineering,Senior Director,78.8,864500,14.1
MSFT-0980,Priya Silva,Microsoft,MSFT,Design,Senior,77.2,168300,3.9
MSFT-0981,Ahmed Wang,Microsoft,MSFT,Research & AI,Senior,81.0,166700,11.6
MSFT-0982,Samuel Silva,Microsoft,MSFT,Operations,Staff,91.6,579100,7.7
MSFT-0983,Priya Tanaka,Microsoft,MSFT,Finance,SVP,73.7,1495300,9.6
MSFT-0984,Chen Ali,Microsoft,MSFT,Sales & GTM,Director,100.0,883500,8.5
MSFT-0985,Samuel Okafor,Microsoft,MSFT,Engineering,VP,88.3,685800,9.4
MSFT-0986,Elena Park,Microsoft,MSFT,Marketing,SVP,68.0,796000,7.1
MSFT-0987,Arjun Nguyen,Microsoft,MSFT,Marketing,Senior,77.3,400000,4.1
MSFT-0988,Chen Khan,Microsoft,MSFT,Finance,Staff,88.0,388500,11.5
MSFT-0989,Raj Tanaka,Microsoft,MSFT,Research & AI,VP,73.6,1641700,8.9
MSFT-0990,Samuel Patel,Microsoft,MSFT,Finance,Principal,100.0,339200,11.4
MSFT-0991,Thomas Nguyen,Microsoft,MSFT,Engineering,Senior,66.1,101600,5.9
MSFT-0992,Yuki Hassan,Microsoft,MSFT,Engineering,Staff,67.0,212600,6.0
MSFT-0993,Wei Garcia,Microsoft,MSFT,Engineering,Senior,83.7,209900,10.7
MSFT-0994,Olivia Tanaka,Microsoft,MSFT,Product,Senior,81.0,159300,3.5
MSFT-0995,Olivia Ali,Microsoft,MSFT,Engineering,Staff,60.4,229600,8.7
MSFT-0996,Kevin Kim,Microsoft,MSFT,Engineering,Senior Director,93.9,406900,8.8
MSFT-0997,Zoe Murphy,Microsoft,MSFT,Engineering,Senior,84.5,167200,10.0
MSFT-0998,Sofia Okafor,Microsoft,MSFT,Legal & Policy,Senior Director,77.1,410600,7.0
MSFT-0999,Wei Smith,Microsoft,MSFT,Research & AI,Senior,85.5,294600,8.3
MSFT-1000,Olivia Murphy,Microsoft,MSFT,Research & AI,Senior,72.2,397700,4.1
AMZN-0001,Carlos Cohen,Amazon,AMZN,Engineering,Director,94.5,651300,4.0
AMZN-0002,Thomas Martinez,Amazon,AMZN,Engineering,Principal,61.5,217400,4.3
AMZN-0003,Zoe Lopez,Amazon,AMZN,Marketing,Principal,75.2,560300,5.2
AMZN-0004,Fatima Okafor,Amazon,AMZN,Finance,Senior,69.1,456100,1.8
AMZN-0005,Daniel Park,Amazon,AMZN,Sales & GTM,Senior,93.7,99500,3.0
AMZN-0006,Kevin Park,Amazon,AMZN,Sales & GTM,Senior,75.8,71200,3.3
AMZN-0007,Thomas Rossi,Amazon,AMZN,Product,Senior,56.9,82800,4.9
AMZN-0008,Michael Chen,Amazon,AMZN,Sales & GTM,Senior,62.3,196600,3.8
AMZN-0009,Thomas Park,Amazon,AMZN,Sales & GTM,Principal,76.9,117800,8.4
AMZN-0010,Raj Smith,Amazon,AMZN,Operations,Director,90.0,1421200,4.6
AMZN-0011,Carlos Nguyen,Amazon,AMZN,Research & AI,Director,74.7,386700,15.1
AMZN-0012,Emily Patel,Amazon,AMZN,Engineering,Senior,71.0,829000,4.1
AMZN-0013,Zoe Patel,Amazon,AMZN,Product,Principal,82.3,696600,10.4
AMZN-0014,Kevin Reyes,Amazon,AMZN,Engineering,SVP,65.5,1318200,9.9
AMZN-0015,Linda Okafor,Amazon,AMZN,Engineering,SVP,81.6,2122600,12.4
AMZN-0016,Priya Smith,Amazon,AMZN,Operations,Senior,80.8,275900,4.6
AMZN-0017,Hannah Singh,Amazon,AMZN,Engineering,Staff,77.1,292200,6.9
AMZN-0018,Emily Rossi,Amazon,AMZN,Research & AI,Director,77.7,551400,3.7
AMZN-0019,Nina Brown,Amazon,AMZN,Product,Senior Director,86.1,1118900,4.9
AMZN-0020,James Silva,Amazon,AMZN,Engineering,Director,64.7,373800,8.7
AMZN-0021,Aisha Singh,Amazon,AMZN,Research & AI,Senior,73.3,219300,1.8
AMZN-0022,John Johnson,Amazon,AMZN,Product,Senior Director,100.0,442600,6.8
AMZN-0023,Grace Martinez,Amazon,AMZN,Engineering,Staff,90.9,630300,1.8
AMZN-0024,Ahmed Khan,Amazon,AMZN,Research & AI,Principal,85.3,526300,3.8
AMZN-0025,Raj Brown,Amazon,AMZN,Operations,Principal,70.7,400700,11.7
AMZN-0026,Samuel Schmidt,Amazon,AMZN,Engineering,Director,60.8,788200,7.5
AMZN-0027,Michael Reyes,Amazon,AMZN,Engineering,Principal,87.4,367700,8.1
AMZN-0028,Thomas Murphy,Amazon,AMZN,Engineering,Senior,91.4,227000,1.8
AMZN-0029,Chen Brown,Amazon,AMZN,Operations,Principal,70.8,398800,6.2
AMZN-0030,Raj Okafor,Amazon,AMZN,Operations,Senior,70.5,527900,3.0
AMZN-0031,Mary Wang,Amazon,AMZN,Sales & GTM,Principal,92.4,272800,7.5
AMZN-0032,Zoe Martinez,Amazon,AMZN,Operations,Principal,73.1,139300,7.3
AMZN-0033,Samuel Patel,Amazon,AMZN,Engineering,Director,80.1,311100,3.2
AMZN-0034,Mary Rossi,Amazon,AMZN,Marketing,Staff,70.1,170000,2.9
AMZN-0035,Linda Anderson,Amazon,AMZN,Operations,Senior Director,92.3,1005100,6.3
AMZN-0036,James Murphy,Amazon,AMZN,Research & AI,Senior,59.9,116900,0.4
AMZN-0037,John Lopez,Amazon,AMZN,Marketing,Principal,77.9,985700,3.7
AMZN-0038,Emily Brown,Amazon,AMZN,Engineering,Staff,69.0,473200,2.8
AMZN-0039,Emily Singh,Amazon,AMZN,Product,Director,93.4,478700,5.3
AMZN-0040,Mary Murphy,Amazon,AMZN,Product,Staff,82.6,1609600,14.5
AMZN-0041,Chen Chen,Amazon,AMZN,Research & AI,Senior,71.2,165600,1.0
AMZN-0042,Chen Reyes,Amazon,AMZN,Engineering,Senior,49.6,210400,3.2
AMZN-0043,Aisha Nguyen,Amazon,AMZN,Engineering,Director,71.4,304500,6.6
AMZN-0044,Zoe Lee,Amazon,AMZN,Research & AI,Staff,87.8,394400,10.0
AMZN-0045,Elena Martinez,Amazon,AMZN,Engineering,Director,80.1,277900,6.1
AMZN-0046,Elena Khan,Amazon,AMZN,Engineering,Senior Director,62.9,142800,5.7
AMZN-0047,Emily Petrov,Amazon,AMZN,Product,Senior,76.8,186500,0.6
AMZN-0048,Sofia Davis,Amazon,AMZN,Research & AI,Senior Director,85.4,418700,6.8
AMZN-0049,Sofia Lopez,Amazon,AMZN,People/HR,Principal,84.0,284300,5.2
AMZN-0050,Olivia Park,Amazon,AMZN,Legal & Policy,Senior Director,84.2,520500,5.4
AMZN-0051,Kevin Hassan,Amazon,AMZN,Operations,Senior,71.1,203500,3.3
AMZN-0052,Hiroshi Martinez,Amazon,AMZN,Research & AI,Director,94.0,168200,4.2
AMZN-0053,Grace Okafor,Amazon,AMZN,Product,Senior,72.8,91600,4.0
AMZN-0054,Michael Smith,Amazon,AMZN,Engineering,Principal,93.6,461600,3.7
AMZN-0055,Grace Wilson,Amazon,AMZN,Operations,Staff,76.3,290900,3.3
AMZN-0056,Elena Wilson,Amazon,AMZN,Engineering,Senior,85.9,228600,5.7
AMZN-0057,Samuel Yamamoto,Amazon,AMZN,People/HR,Principal,79.0,296200,7.1
AMZN-0058,Linda Kim,Amazon,AMZN,Sales & GTM,Principal,82.5,801200,3.6
AMZN-0059,Raj Davis,Amazon,AMZN,Sales & GTM,Senior Director,72.9,548000,7.0
AMZN-0060,Arjun Schmidt,Amazon,AMZN,Engineering,Senior,73.8,60600,3.0
AMZN-0061,Hannah Petrov,Amazon,AMZN,Engineering,Senior,69.0,175100,0.9
AMZN-0062,Raj Tanaka,Amazon,AMZN,Research & AI,VP,78.2,697500,17.4
AMZN-0063,Thomas Yamamoto,Amazon,AMZN,Product,Senior,57.5,373200,6.2
AMZN-0064,Priya Martinez,Amazon,AMZN,Product,Senior Director,85.2,808300,11.4
AMZN-0065,Nina Anderson,Amazon,AMZN,Product,Senior,66.3,311000,2.8
AMZN-0066,David Petrov,Amazon,AMZN,Engineering,Staff,55.9,146900,5.8
AMZN-0067,Ahmed Rossi,Amazon,AMZN,Marketing,Senior,68.7,150400,6.9
AMZN-0068,Zoe Khan,Amazon,AMZN,Engineering,Staff,87.4,739700,8.0
AMZN-0069,Zoe Chen,Amazon,AMZN,Operations,Staff,91.6,442400,4.7
AMZN-0070,Grace Silva,Amazon,AMZN,Engineering,Principal,63.1,1056300,4.8
AMZN-0071,John Hassan,Amazon,AMZN,Research & AI,Principal,82.1,1859800,10.5
AMZN-0072,James Park,Amazon,AMZN,Marketing,Director,98.3,698100,6.5
AMZN-0073,Nina Park,Amazon,AMZN,Operations,Senior,94.0,179700,7.1
AMZN-0074,Samuel Lopez,Amazon,AMZN,Engineering,Staff,82.0,306500,5.0
AMZN-0075,Michael Anderson,Amazon,AMZN,Marketing,Senior,68.8,304600,4.9
AMZN-0076,David Petrov,Amazon,AMZN,Engineering,Director,91.8,1655800,3.9
AMZN-0077,David Smith,Amazon,AMZN,Engineering,Senior,85.1,104700,2.9
AMZN-0078,Priya Okafor,Amazon,AMZN,Engineering,Senior,83.3,189000,2.4
AMZN-0079,Zoe Johnson,Amazon,AMZN,Research & AI,Director,81.9,327100,7.4
AMZN-0080,Grace Schmidt,Amazon,AMZN,Product,Senior,70.6,585900,12.5
AMZN-0081,Arjun Khan,Amazon,AMZN,Engineering,Staff,64.9,319400,3.1
AMZN-0082,Maria Martinez,Amazon,AMZN,Legal & Policy,Principal,85.1,471600,6.3
AMZN-0083,Maria Cohen,Amazon,AMZN,Research & AI,Principal,88.8,1189300,3.5
AMZN-0084,Emily Lopez,Amazon,AMZN,Engineering,Staff,72.7,342700,6.0
AMZN-0085,John Okafor,Amazon,AMZN,Marketing,Principal,85.6,745700,10.5
AMZN-0086,Fatima Petrov,Amazon,AMZN,Operations,Senior,66.9,224800,0.8
AMZN-0087,Olivia Kim,Amazon,AMZN,Research & AI,Director,85.7,604300,11.4
AMZN-0088,Kevin Yamamoto,Amazon,AMZN,Engineering,Principal,76.9,431600,10.4
AMZN-0089,Olivia Rossi,Amazon,AMZN,Engineering,Senior,51.4,574000,6.9
AMZN-0090,Fatima Reyes,Amazon,AMZN,Operations,Principal,67.9,318800,5.6
AMZN-0091,Sofia Smith,Amazon,AMZN,Engineering,Staff,80.2,476400,1.3
AMZN-0092,Zoe Martinez,Amazon,AMZN,Engineering,Staff,75.6,210900,2.6
AMZN-0093,Samuel Martinez,Amazon,AMZN,Engineering,Director,79.8,320500,3.4
AMZN-0094,Fatima Johnson,Amazon,AMZN,Product,Senior,75.6,285300,2.9
AMZN-0095,John Yamamoto,Amazon,AMZN,Sales & GTM,VP,92.0,1409900,11.7
AMZN-0096,Kevin Brown,Amazon,AMZN,Research & AI,VP,93.2,572300,8.2
AMZN-0097,Thomas Singh,Amazon,AMZN,Engineering,Senior,80.6,114700,4.8
AMZN-0098,Arjun Chen,Amazon,AMZN,Engineering,Director,58.8,517600,11.9
AMZN-0099,Fatima Chen,Amazon,AMZN,Finance,Director,69.3,770600,6.0
AMZN-0100,Arjun Chen,Amazon,AMZN,Research & AI,Staff,72.7,236800,2.4
AMZN-0101,Sofia Schmidt,Amazon,AMZN,Legal & Policy,Staff,77.0,879900,2.3
AMZN-0102,Ahmed Silva,Amazon,AMZN,Engineering,Principal,72.0,628600,4.4
AMZN-0103,Chen Reyes,Amazon,AMZN,Engineering,Staff,85.4,254300,4.2
AMZN-0104,Daniel Patel,Amazon,AMZN,Engineering,Principal,87.7,421300,18.0
AMZN-0105,Wei Okafor,Amazon,AMZN,People/HR,Senior,56.1,218300,9.2
AMZN-0106,Samuel Davis,Amazon,AMZN,Engineering,Director,77.9,113200,6.7
AMZN-0107,Carlos Okafor,Amazon,AMZN,Legal & Policy,Senior,62.6,152200,4.5
AMZN-0108,Michael Smith,Amazon,AMZN,Engineering,Director,80.4,485700,7.6
AMZN-0109,Nina Lopez,Amazon,AMZN,Engineering,Director,79.3,2244400,9.8
AMZN-0110,Grace Wang,Amazon,AMZN,Operations,Senior,62.9,105000,8.3
AMZN-0111,Carlos Silva,Amazon,AMZN,Engineering,Senior,56.8,123600,4.6
AMZN-0112,Carlos Chen,Amazon,AMZN,Legal & Policy,Staff,73.4,704400,1.1
AMZN-0113,Grace Khan,Amazon,AMZN,Product,Senior,73.2,309000,2.7
AMZN-0114,Fatima Tanaka,Amazon,AMZN,Engineering,Senior,75.3,260100,8.1
AMZN-0115,Ahmed Silva,Amazon,AMZN,Design,Staff,78.5,229900,3.5
AMZN-0116,Thomas Martinez,Amazon,AMZN,Operations,Principal,57.8,262500,11.8
AMZN-0117,Thomas Hassan,Amazon,AMZN,Research & AI,Director,80.3,648500,5.4
AMZN-0118,David Anderson,Amazon,AMZN,Engineering,Senior Director,70.8,504600,8.1
AMZN-0119,Raj Cohen,Amazon,AMZN,Sales & GTM,Principal,78.5,638800,5.9
AMZN-0120,Hiroshi Okafor,Amazon,AMZN,Engineering,Senior Director,67.3,1515500,5.9
AMZN-0121,Arjun Wilson,Amazon,AMZN,Legal & Policy,SVP,88.0,1531900,19.2
AMZN-0122,Zoe Wang,Amazon,AMZN,Engineering,Senior,76.6,98800,1.7
AMZN-0123,Michael Wang,Amazon,AMZN,Engineering,Staff,95.4,677400,5.0
AMZN-0124,Carlos Anderson,Amazon,AMZN,Finance,SVP,84.2,562900,8.8
AMZN-0125,Hannah Okafor,Amazon,AMZN,Marketing,Staff,81.4,398000,3.4
AMZN-0126,Arjun Kim,Amazon,AMZN,Engineering,Staff,80.4,363800,0.9
AMZN-0127,Ahmed Park,Amazon,AMZN,Operations,Senior,85.5,363300,1.2
AMZN-0128,Emily Johnson,Amazon,AMZN,Design,Staff,86.8,397800,5.8
AMZN-0129,Daniel Davis,Amazon,AMZN,Research & AI,Senior,77.8,440800,9.0
AMZN-0130,Thomas Okafor,Amazon,AMZN,Operations,Senior,75.1,265700,3.8
AMZN-0131,Elena Rossi,Amazon,AMZN,Operations,Senior Director,93.1,147800,9.1
AMZN-0132,David Khan,Amazon,AMZN,Operations,Senior,93.2,320500,3.1
AMZN-0133,Elena Chen,Amazon,AMZN,Engineering,Senior,81.4,189400,1.6
AMZN-0134,Wei Tanaka,Amazon,AMZN,Sales & GTM,Senior Director,79.9,878600,4.5
AMZN-0135,Nina Nguyen,Amazon,AMZN,Research & AI,Staff,68.0,872800,3.3
AMZN-0136,Michael Smith,Amazon,AMZN,Engineering,Principal,76.1,140900,5.6
AMZN-0137,Raj Kim,Amazon,AMZN,Engineering,Staff,83.2,242000,4.5
AMZN-0138,Kevin Kim,Amazon,AMZN,Engineering,Senior,77.0,232500,7.1
AMZN-0139,Ahmed Tanaka,Amazon,AMZN,Sales & GTM,Director,98.2,603300,6.1
AMZN-0140,Kevin Silva,Amazon,AMZN,Engineering,Senior,82.9,221500,10.0
AMZN-0141,Carlos Brown,Amazon,AMZN,Marketing,VP,64.7,644200,10.8
AMZN-0142,Ahmed Lopez,Amazon,AMZN,Design,Director,80.6,626400,9.9
AMZN-0143,Raj Johnson,Amazon,AMZN,Design,Principal,82.2,884600,5.7
AMZN-0144,Sofia Ali,Amazon,AMZN,Operations,Director,66.4,756900,4.2
AMZN-0145,Fatima Petrov,Amazon,AMZN,Operations,Staff,90.6,782200,7.4
AMZN-0146,Priya Johnson,Amazon,AMZN,Engineering,Senior,71.2,179300,7.4
AMZN-0147,Ahmed Cohen,Amazon,AMZN,Engineering,Staff,77.3,275500,3.9
AMZN-0148,Kevin Anderson,Amazon,AMZN,Engineering,Senior,83.1,332400,4.6
AMZN-0149,Arjun Kim,Amazon,AMZN,Sales & GTM,Principal,95.9,636100,6.6
AMZN-0150,Fatima Garcia,Amazon,AMZN,Engineering,Staff,83.7,136400,5.1
AMZN-0151,Hiroshi Petrov,Amazon,AMZN,Sales & GTM,Senior,98.5,347200,2.6
AMZN-0152,Arjun Ali,Amazon,AMZN,Engineering,Director,70.7,304700,3.6
AMZN-0153,Elena Petrov,Amazon,AMZN,Product,Staff,79.9,352900,3.1
AMZN-0154,Yuki Reyes,Amazon,AMZN,Finance,Staff,80.0,77000,3.9
AMZN-0155,Maria Tanaka,Amazon,AMZN,Engineering,Principal,79.2,297400,1.9
AMZN-0156,Hiroshi Garcia,Amazon,AMZN,Marketing,Principal,70.8,428800,5.0
AMZN-0157,Elena Murphy,Amazon,AMZN,Product,Senior Director,88.5,736700,8.6
AMZN-0158,Fatima Petrov,Amazon,AMZN,Product,Senior,78.2,146000,5.6
AMZN-0159,Nina Davis,Amazon,AMZN,Engineering,Principal,79.4,242000,5.1
AMZN-0160,Yuki Martinez,Amazon,AMZN,Design,Director,85.8,829400,5.7
AMZN-0161,Hannah Reyes,Amazon,AMZN,Operations,VP,74.3,1710700,7.4
AMZN-0162,Carlos Smith,Amazon,AMZN,Operations,Principal,82.8,334200,7.7
AMZN-0163,Aisha Johnson,Amazon,AMZN,Engineering,Senior Director,85.4,1574400,6.1
AMZN-0164,Mary Okafor,Amazon,AMZN,Product,Staff,59.8,166600,5.2
AMZN-0165,James Lee,Amazon,AMZN,Design,Staff,74.8,225500,2.5
AMZN-0166,Kevin Brown,Amazon,AMZN,Engineering,Senior,64.5,84700,4.3
AMZN-0167,Linda Davis,Amazon,AMZN,People/HR,Principal,61.5,113400,8.7
AMZN-0168,Nina Garcia,Amazon,AMZN,Sales & GTM,Staff,100.0,280500,4.6
AMZN-0169,Wei Wang,Amazon,AMZN,Engineering,Principal,67.9,214000,3.0
AMZN-0170,Grace Chen,Amazon,AMZN,Engineering,Senior,73.5,398700,2.1
AMZN-0171,Yuki Schmidt,Amazon,AMZN,Research & AI,Senior,66.8,214300,3.1
AMZN-0172,Wei Schmidt,Amazon,AMZN,Engineering,Senior Director,82.7,457900,10.1
AMZN-0173,Emily Murphy,Amazon,AMZN,Legal & Policy,Senior,75.1,781200,2.3
AMZN-0174,Aisha Lee,Amazon,AMZN,Engineering,Staff,81.1,209200,2.9
AMZN-0175,Arjun Wilson,Amazon,AMZN,Engineering,Senior,69.1,414600,4.3
AMZN-0176,Olivia Patel,Amazon,AMZN,Operations,Senior,81.0,251000,3.4
AMZN-0177,Hiroshi Yamamoto,Amazon,AMZN,Research & AI,VP,85.7,1005100,8.7
AMZN-0178,Wei Singh,Amazon,AMZN,Engineering,Director,88.7,413700,8.6
AMZN-0179,Michael Martinez,Amazon,AMZN,Engineering,Senior Director,91.0,1252400,6.1
AMZN-0180,Zoe Tanaka,Amazon,AMZN,Finance,Director,90.7,283400,4.5
AMZN-0181,Yuki Brown,Amazon,AMZN,Engineering,Senior,91.1,652300,1.8
AMZN-0182,Daniel Tanaka,Amazon,AMZN,Research & AI,Director,68.7,145300,8.7
AMZN-0183,Grace Schmidt,Amazon,AMZN,Product,Director,83.2,391300,16.1
AMZN-0184,Grace Brown,Amazon,AMZN,Design,Director,77.6,1144500,3.8
AMZN-0185,Mary Garcia,Amazon,AMZN,Product,Staff,60.0,463600,5.0
AMZN-0186,Priya Kim,Amazon,AMZN,Engineering,VP,67.0,529000,6.4
AMZN-0187,Wei Hassan,Amazon,AMZN,Engineering,Director,69.5,680400,4.1
AMZN-0188,Thomas Lopez,Amazon,AMZN,Engineering,Staff,77.5,370400,5.4
AMZN-0189,Hannah Cohen,Amazon,AMZN,Product,Director,80.7,370500,6.8
AMZN-0190,Samuel Khan,Amazon,AMZN,Engineering,SVP,100.0,1403900,9.0
AMZN-0191,Samuel Patel,Amazon,AMZN,Design,Principal,59.2,504300,10.6
AMZN-0192,Arjun Nguyen,Amazon,AMZN,Research & AI,Director,70.2,263500,6.7
AMZN-0193,John Johnson,Amazon,AMZN,Engineering,Senior,87.0,92000,2.8
AMZN-0194,Carlos Silva,Amazon,AMZN,Operations,Principal,82.0,760000,3.7
AMZN-0195,Maria Park,Amazon,AMZN,Engineering,Senior,54.2,269500,2.8
AMZN-0196,Hannah Kim,Amazon,AMZN,Sales & GTM,SVP,80.0,697400,18.0
AMZN-0197,Hiroshi Davis,Amazon,AMZN,Operations,Senior,82.7,288300,11.1
AMZN-0198,John Davis,Amazon,AMZN,Engineering,Senior,58.4,184700,8.0
AMZN-0199,Mary Park,Amazon,AMZN,Sales & GTM,Senior,100.0,441300,3.2
AMZN-0200,Zoe Anderson,Amazon,AMZN,Engineering,Senior,82.7,457500,6.1
AMZN-0201,Chen Wilson,Amazon,AMZN,Marketing,VP,70.1,735200,13.5
AMZN-0202,Elena Tanaka,Amazon,AMZN,Sales & GTM,Director,81.7,493600,11.6
AMZN-0203,Michael Ali,Amazon,AMZN,People/HR,Senior,41.3,110000,3.0
AMZN-0204,Sofia Tanaka,Amazon,AMZN,Engineering,Senior,87.5,410500,6.7
AMZN-0205,John Petrov,Amazon,AMZN,Engineering,Staff,77.7,584800,8.5
AMZN-0206,Raj Chen,Amazon,AMZN,Engineering,Staff,97.3,294700,7.9
AMZN-0207,Thomas Lee,Amazon,AMZN,Engineering,Senior,74.6,357200,1.5
AMZN-0208,Sofia Patel,Amazon,AMZN,Engineering,Staff,64.3,356500,6.0
AMZN-0209,Elena Khan,Amazon,AMZN,Engineering,Principal,71.3,152900,6.9
AMZN-0210,Sofia Okafor,Amazon,AMZN,Engineering,Staff,80.5,303700,1.6
AMZN-0211,John Chen,Amazon,AMZN,Engineering,Senior,79.4,141300,4.6
AMZN-0212,Priya Smith,Amazon,AMZN,People/HR,VP,90.1,655100,12.5
AMZN-0213,Samuel Park,Amazon,AMZN,Research & AI,Staff,91.4,177700,2.6
AMZN-0214,Kevin Anderson,Amazon,AMZN,Engineering,Staff,64.8,92900,3.1
AMZN-0215,Carlos Silva,Amazon,AMZN,Operations,Staff,75.7,776500,2.9
AMZN-0216,Wei Johnson,Amazon,AMZN,Research & AI,Senior,60.9,133200,4.5
AMZN-0217,John Tanaka,Amazon,AMZN,Engineering,Senior,100.0,251100,6.8
AMZN-0218,James Kim,Amazon,AMZN,Engineering,VP,87.5,644700,5.8
AMZN-0219,Zoe Anderson,Amazon,AMZN,Engineering,Principal,74.7,753000,2.5
AMZN-0220,Fatima Lee,Amazon,AMZN,Engineering,Staff,80.5,271400,1.5
AMZN-0221,Carlos Chen,Amazon,AMZN,Sales & GTM,Principal,78.1,437200,5.1
AMZN-0222,Priya Smith,Amazon,AMZN,Research & AI,Principal,69.6,589800,7.8
AMZN-0223,Wei Lee,Amazon,AMZN,Engineering,C-Suite,99.8,879400,14.6
AMZN-0224,Hiroshi Cohen,Amazon,AMZN,Engineering,Senior,61.7,515800,10.4
AMZN-0225,Samuel Hassan,Amazon,AMZN,Research & AI,Senior Director,86.4,775500,5.9
AMZN-0226,Nina Johnson,Amazon,AMZN,Design,Staff,65.6,1045100,4.5
AMZN-0227,Ahmed Davis,Amazon,AMZN,Engineering,Staff,81.4,201400,8.8
AMZN-0228,Emily Khan,Amazon,AMZN,Product,Principal,68.2,288300,14.9
AMZN-0229,Elena Smith,Amazon,AMZN,Research & AI,Senior,62.1,412200,4.3
AMZN-0230,Linda Park,Amazon,AMZN,Design,SVP,67.5,2920900,8.6
AMZN-0231,Wei Ali,Amazon,AMZN,Design,Director,82.9,599400,5.9
AMZN-0232,Wei Petrov,Amazon,AMZN,Engineering,VP,70.1,1571300,6.9
AMZN-0233,Aisha Chen,Amazon,AMZN,Product,Senior,67.4,98800,1.2
AMZN-0234,John Wang,Amazon,AMZN,Research & AI,Senior,68.5,118300,7.6
AMZN-0235,Hannah Cohen,Amazon,AMZN,Research & AI,Principal,77.2,347800,6.1
AMZN-0236,Arjun Johnson,Amazon,AMZN,Marketing,Staff,89.2,190800,1.6
AMZN-0237,Yuki Park,Amazon,AMZN,Research & AI,Director,90.9,430100,3.8
AMZN-0238,Nina Hassan,Amazon,AMZN,Finance,Staff,59.7,145300,7.4
AMZN-0239,Samuel Park,Amazon,AMZN,Engineering,SVP,68.6,915100,7.5
AMZN-0240,Olivia Singh,Amazon,AMZN,Engineering,Senior,67.1,287200,3.2
AMZN-0241,Carlos Johnson,Amazon,AMZN,Sales & GTM,Senior Director,78.7,1458800,15.5
AMZN-0242,Kevin Petrov,Amazon,AMZN,Engineering,Director,72.7,642200,3.4
AMZN-0243,David Petrov,Amazon,AMZN,Design,Staff,65.4,425000,4.0
AMZN-0244,Elena Reyes,Amazon,AMZN,Marketing,VP,100.0,545300,12.4
AMZN-0245,Daniel Silva,Amazon,AMZN,Marketing,Senior,85.3,453200,2.5
AMZN-0246,Chen Brown,Amazon,AMZN,Design,Principal,68.3,1016900,2.5
AMZN-0247,Hannah Smith,Amazon,AMZN,Finance,Senior,60.3,133800,3.9
AMZN-0248,James Garcia,Amazon,AMZN,Research & AI,Senior Director,65.2,381200,11.4
AMZN-0249,Yuki Brown,Amazon,AMZN,Research & AI,Senior,86.8,232900,9.4
AMZN-0250,Zoe Smith,Amazon,AMZN,Engineering,Staff,79.5,254400,6.6
AMZN-0251,Hannah Ali,Amazon,AMZN,Finance,VP,71.7,4244200,16.2
AMZN-0252,Sofia Schmidt,Amazon,AMZN,Operations,Staff,68.2,385800,5.8
AMZN-0253,Zoe Wang,Amazon,AMZN,Legal & Policy,Senior,69.2,462100,3.5
AMZN-0254,Sofia Wang,Amazon,AMZN,Engineering,Senior Director,90.2,1055000,11.5
AMZN-0255,Nina Park,Amazon,AMZN,Research & AI,Principal,70.0,917100,3.6
AMZN-0256,Fatima Hassan,Amazon,AMZN,Design,Senior,76.5,971300,7.0
AMZN-0257,Elena Tanaka,Amazon,AMZN,People/HR,Senior Director,65.9,804800,4.9
AMZN-0258,Hannah Wilson,Amazon,AMZN,Engineering,Staff,74.9,404100,3.3
AMZN-0259,Hannah Johnson,Amazon,AMZN,Product,Staff,56.7,475600,1.8
AMZN-0260,Grace Chen,Amazon,AMZN,Research & AI,Staff,64.3,106400,9.4
AMZN-0261,Wei Petrov,Amazon,AMZN,Engineering,VP,66.4,173900,8.8
AMZN-0262,Mary Khan,Amazon,AMZN,Design,Senior Director,85.6,1446500,15.5
AMZN-0263,Elena Murphy,Amazon,AMZN,Marketing,Senior,96.0,284000,2.3
AMZN-0264,James Singh,Amazon,AMZN,Engineering,Principal,79.7,561700,9.2
AMZN-0265,Wei Chen,Amazon,AMZN,Product,VP,76.3,602800,5.6
AMZN-0266,John Anderson,Amazon,AMZN,Sales & GTM,VP,68.6,278800,10.8
AMZN-0267,Daniel Ali,Amazon,AMZN,Engineering,Senior,67.0,241800,1.6
AMZN-0268,John Khan,Amazon,AMZN,Sales & GTM,Senior,81.3,583000,3.5
AMZN-0269,Emily Anderson,Amazon,AMZN,Engineering,Staff,76.9,233700,6.2
AMZN-0270,Elena Schmidt,Amazon,AMZN,Product,SVP,72.4,709200,8.2
AMZN-0271,Emily Wang,Amazon,AMZN,Engineering,Director,90.7,468900,4.5
AMZN-0272,Maria Johnson,Amazon,AMZN,Marketing,Director,87.7,993700,4.3
AMZN-0273,Sofia Rossi,Amazon,AMZN,Sales & GTM,Senior,71.5,254900,11.9
AMZN-0274,Maria Singh,Amazon,AMZN,Engineering,Director,74.1,293700,15.7
AMZN-0275,Hiroshi Smith,Amazon,AMZN,Research & AI,Director,76.9,413500,15.6
AMZN-0276,Linda Anderson,Amazon,AMZN,Design,Director,76.8,745300,4.1
AMZN-0277,Linda Martinez,Amazon,AMZN,Product,Senior,67.6,102500,3.6
AMZN-0278,Chen Wang,Amazon,AMZN,Operations,Principal,48.6,166700,4.0
AMZN-0279,Grace Yamamoto,Amazon,AMZN,Engineering,Principal,84.9,274200,5.1
AMZN-0280,Nina Petrov,Amazon,AMZN,Engineering,Director,80.4,276200,8.6
AMZN-0281,Samuel Brown,Amazon,AMZN,Engineering,Senior,74.6,347500,1.8
AMZN-0282,Nina Tanaka,Amazon,AMZN,Engineering,Staff,76.8,393100,0.9
AMZN-0283,Hannah Park,Amazon,AMZN,Research & AI,Senior,65.0,359800,8.2
AMZN-0284,James Singh,Amazon,AMZN,Sales & GTM,Staff,84.4,177800,8.8
AMZN-0285,Arjun Okafor,Amazon,AMZN,Engineering,Director,61.8,107600,4.9
AMZN-0286,David Rossi,Amazon,AMZN,Engineering,VP,69.5,2097000,14.1
AMZN-0287,Grace Tanaka,Amazon,AMZN,Marketing,Principal,83.0,1915900,9.4
AMZN-0288,Linda Lopez,Amazon,AMZN,Research & AI,Staff,70.4,322600,3.9
AMZN-0289,Hiroshi Garcia,Amazon,AMZN,Engineering,Senior,65.9,97600,3.4
AMZN-0290,Elena Rossi,Amazon,AMZN,Operations,Senior,73.2,403700,7.0
AMZN-0291,Emily Khan,Amazon,AMZN,Engineering,Senior Director,54.8,403300,8.4
AMZN-0292,Zoe Smith,Amazon,AMZN,Sales & GTM,Senior,85.6,500700,8.5
AMZN-0293,Wei Nguyen,Amazon,AMZN,People/HR,Director,77.1,411900,7.1
AMZN-0294,Nina Garcia,Amazon,AMZN,Product,Principal,83.6,418300,1.8
AMZN-0295,Elena Silva,Amazon,AMZN,Sales & GTM,Senior,68.6,209000,3.3
AMZN-0296,Ahmed Ali,Amazon,AMZN,Research & AI,Staff,85.7,571700,2.1
AMZN-0297,Nina Davis,Amazon,AMZN,Research & AI,Principal,87.8,1328400,4.9
AMZN-0298,Fatima Silva,Amazon,AMZN,Finance,Staff,65.1,627100,7.6
AMZN-0299,Emily Tanaka,Amazon,AMZN,Finance,Senior,86.3,688400,6.9
AMZN-0300,Ahmed Tanaka,Amazon,AMZN,People/HR,Senior,63.6,262500,1.8
AMZN-0301,Raj Wang,Amazon,AMZN,Engineering,Senior,74.8,68000,5.0
AMZN-0302,Yuki Petrov,Amazon,AMZN,Sales & GTM,Principal,76.0,600700,8.1
AMZN-0303,Hiroshi Khan,Amazon,AMZN,Operations,Senior,79.5,255600,2.7
AMZN-0304,Emily Garcia,Amazon,AMZN,Engineering,Senior,51.9,310700,1.5
AMZN-0305,Aisha Okafor,Amazon,AMZN,Operations,Director,83.1,642600,5.7
AMZN-0306,Hannah Wilson,Amazon,AMZN,Design,Senior,65.7,401700,5.2
AMZN-0307,Thomas Ali,Amazon,AMZN,Engineering,Senior,71.9,631600,1.6
AMZN-0308,Michael Brown,Amazon,AMZN,Research & AI,Senior,79.3,286400,8.4
AMZN-0309,David Schmidt,Amazon,AMZN,Sales & GTM,Staff,75.3,358600,3.7
AMZN-0310,Grace Singh,Amazon,AMZN,Engineering,Director,98.2,757700,5.6
AMZN-0311,Aisha Yamamoto,Amazon,AMZN,Engineering,Staff,77.0,297000,1.7
AMZN-0312,John Lopez,Amazon,AMZN,Sales & GTM,Principal,94.5,737600,5.2
AMZN-0313,Daniel Khan,Amazon,AMZN,Engineering,Senior,79.9,283100,9.2
AMZN-0314,Hiroshi Tanaka,Amazon,AMZN,Engineering,Staff,82.1,126000,5.0
AMZN-0315,Kevin Johnson,Amazon,AMZN,Design,Senior,74.2,260400,1.0
AMZN-0316,Linda Chen,Amazon,AMZN,Sales & GTM,Staff,100.0,368900,3.9
AMZN-0317,Hiroshi Tanaka,Amazon,AMZN,Operations,Director,84.1,242000,9.2
AMZN-0318,Wei Davis,Amazon,AMZN,Research & AI,Senior,83.1,184200,10.0
AMZN-0319,Elena Murphy,Amazon,AMZN,Research & AI,Staff,83.2,236300,7.9
AMZN-0320,Hiroshi Murphy,Amazon,AMZN,Engineering,Staff,62.2,373100,6.9
AMZN-0321,Daniel Davis,Amazon,AMZN,Product,Senior,79.1,196600,11.7
AMZN-0322,Thomas Lopez,Amazon,AMZN,Sales & GTM,Senior,74.7,220200,4.8
AMZN-0323,Thomas Park,Amazon,AMZN,Sales & GTM,Staff,84.1,1327700,5.1
AMZN-0324,Thomas Tanaka,Amazon,AMZN,Product,Senior,80.5,179100,4.1
AMZN-0325,Carlos Murphy,Amazon,AMZN,Research & AI,Staff,72.2,193600,4.1
AMZN-0326,Zoe Reyes,Amazon,AMZN,Engineering,Senior,73.0,224500,3.4
AMZN-0327,Mary Anderson,Amazon,AMZN,Operations,Senior,67.7,333800,6.3
AMZN-0328,Arjun Silva,Amazon,AMZN,People/HR,Principal,82.2,457000,3.6
AMZN-0329,Chen Hassan,Amazon,AMZN,Engineering,Senior,79.5,160600,6.8
AMZN-0330,Raj Johnson,Amazon,AMZN,Engineering,Director,63.1,395800,9.3
AMZN-0331,Emily Ali,Amazon,AMZN,Design,Principal,67.4,349200,5.5
AMZN-0332,Ahmed Silva,Amazon,AMZN,Product,Staff,73.4,221000,6.3
AMZN-0333,Carlos Park,Amazon,AMZN,Operations,Staff,76.6,1040200,6.6
AMZN-0334,Zoe Lee,Amazon,AMZN,Engineering,Staff,80.9,847400,2.4
AMZN-0335,James Singh,Amazon,AMZN,Design,Senior,77.2,156800,0.9
AMZN-0336,David Silva,Amazon,AMZN,Research & AI,Staff,89.6,577400,5.4
AMZN-0337,Yuki Johnson,Amazon,AMZN,Product,Principal,94.8,364600,6.8
AMZN-0338,Aisha Cohen,Amazon,AMZN,Sales & GTM,Staff,96.2,289000,0.7
AMZN-0339,Daniel Garcia,Amazon,AMZN,Engineering,Principal,80.5,229200,3.3
AMZN-0340,Raj Patel,Amazon,AMZN,Engineering,Staff,78.3,193900,6.6
AMZN-0341,Priya Schmidt,Amazon,AMZN,Engineering,Director,77.6,148600,9.3
AMZN-0342,Grace Lopez,Amazon,AMZN,Marketing,Senior,64.5,224100,0.4
AMZN-0343,Sofia Tanaka,Amazon,AMZN,Engineering,Staff,75.4,305100,5.6
AMZN-0344,Kevin Khan,Amazon,AMZN,Operations,Staff,89.3,296300,2.3
AMZN-0345,John Wilson,Amazon,AMZN,Operations,Staff,66.1,280000,5.2
AMZN-0346,Kevin Schmidt,Amazon,AMZN,Engineering,Senior,67.3,419500,4.3
AMZN-0347,Hiroshi Brown,Amazon,AMZN,Engineering,Principal,79.8,167100,1.9
AMZN-0348,Raj Davis,Amazon,AMZN,Sales & GTM,Senior,76.7,331700,3.4
AMZN-0349,Elena Rossi,Amazon,AMZN,Engineering,Senior,79.3,310400,2.5
AMZN-0350,Maria Hassan,Amazon,AMZN,Research & AI,Principal,64.7,366800,2.7
AMZN-0351,Aisha Lopez,Amazon,AMZN,Legal & Policy,Staff,85.9,409600,11.4
AMZN-0352,Priya Patel,Amazon,AMZN,Product,Director,89.4,312000,12.3
AMZN-0353,Michael Petrov,Amazon,AMZN,Legal & Policy,Senior,75.3,359400,2.3
AMZN-0354,Nina Schmidt,Amazon,AMZN,Product,Principal,86.2,503600,3.3
AMZN-0355,Michael Hassan,Amazon,AMZN,Research & AI,Staff,93.6,387300,7.0
AMZN-0356,Emily Davis,Amazon,AMZN,Finance,Director,79.1,402800,7.1
AMZN-0357,James Tanaka,Amazon,AMZN,Engineering,VP,96.4,1069200,12.1
AMZN-0358,Aisha Silva,Amazon,AMZN,Design,Principal,100.0,949400,4.5
AMZN-0359,Sofia Garcia,Amazon,AMZN,Engineering,Senior,70.8,235200,1.4
AMZN-0360,Emily Garcia,Amazon,AMZN,Research & AI,Senior,74.8,240500,2.4
AMZN-0361,Hannah Schmidt,Amazon,AMZN,Research & AI,VP,89.7,1295200,6.2
AMZN-0362,Grace Davis,Amazon,AMZN,Engineering,Senior,69.7,103700,6.5
AMZN-0363,Yuki Schmidt,Amazon,AMZN,Engineering,Director,70.2,1084700,5.3
AMZN-0364,Aisha Reyes,Amazon,AMZN,Engineering,Staff,76.7,461900,7.3
AMZN-0365,Priya Rossi,Amazon,AMZN,Product,Staff,97.6,744800,3.6
AMZN-0366,Hannah Reyes,Amazon,AMZN,Product,Senior,87.2,209400,5.5
AMZN-0367,Aisha Rossi,Amazon,AMZN,Product,Principal,91.3,136300,5.9
AMZN-0368,Thomas Anderson,Amazon,AMZN,Engineering,Principal,96.2,532900,3.6
AMZN-0369,Sofia Nguyen,Amazon,AMZN,Engineering,Staff,61.6,1288600,7.7
AMZN-0370,Hannah Silva,Amazon,AMZN,Finance,Senior,66.1,193700,9.2
AMZN-0371,Ahmed Wang,Amazon,AMZN,Design,SVP,70.4,1688700,9.9
AMZN-0372,Daniel Johnson,Amazon,AMZN,Engineering,Principal,77.3,172500,6.4
AMZN-0373,Carlos Singh,Amazon,AMZN,Finance,Principal,88.3,451600,4.4
AMZN-0374,Emily Silva,Amazon,AMZN,Engineering,Senior Director,73.0,410800,8.3
AMZN-0375,Olivia Petrov,Amazon,AMZN,Research & AI,VP,79.5,2218700,6.5
AMZN-0376,Michael Park,Amazon,AMZN,Operations,Senior,86.6,219500,2.8
AMZN-0377,Elena Rossi,Amazon,AMZN,Product,Staff,58.9,205900,11.6
AMZN-0378,Grace Cohen,Amazon,AMZN,Research & AI,Senior,73.9,310700,4.8
AMZN-0379,Hannah Reyes,Amazon,AMZN,Product,VP,59.3,430200,12.5
AMZN-0380,Mary Tanaka,Amazon,AMZN,Design,Senior,75.5,154500,2.8
AMZN-0381,Yuki Brown,Amazon,AMZN,Engineering,Director,79.5,432400,10.5
AMZN-0382,David Ali,Amazon,AMZN,Sales & GTM,Director,82.8,622900,7.0
AMZN-0383,Maria Smith,Amazon,AMZN,Product,Director,79.0,472200,5.9
AMZN-0384,Elena Patel,Amazon,AMZN,Engineering,Director,98.3,2187500,8.6
AMZN-0385,Elena Cohen,Amazon,AMZN,Product,Staff,88.2,229100,3.6
AMZN-0386,Aisha Schmidt,Amazon,AMZN,Marketing,Director,73.7,181300,11.9
AMZN-0387,Fatima Park,Amazon,AMZN,Operations,Senior,59.7,165100,5.1
AMZN-0388,Aisha Khan,Amazon,AMZN,Engineering,Principal,96.1,550700,8.9
AMZN-0389,Mary Patel,Amazon,AMZN,Engineering,Principal,90.6,856500,4.8
AMZN-0390,Kevin Schmidt,Amazon,AMZN,Marketing,Senior,78.9,389600,0.7
AMZN-0391,Thomas Johnson,Amazon,AMZN,Engineering,Principal,63.6,635700,12.6
AMZN-0392,Daniel Anderson,Amazon,AMZN,Product,Senior,53.1,469300,3.3
AMZN-0393,Fatima Lopez,Amazon,AMZN,Legal & Policy,Director,89.0,533200,5.6
AMZN-0394,Elena Lee,Amazon,AMZN,Marketing,Director,89.0,215700,16.2
AMZN-0395,Ahmed Murphy,Amazon,AMZN,Sales & GTM,Senior,67.8,158300,4.4
AMZN-0396,Chen Singh,Amazon,AMZN,Operations,Senior,80.8,350900,3.1
AMZN-0397,John Patel,Amazon,AMZN,Engineering,Senior,89.9,828100,4.2
AMZN-0398,Wei Rossi,Amazon,AMZN,Product,Senior,75.1,233400,3.6
AMZN-0399,Carlos Nguyen,Amazon,AMZN,Sales & GTM,VP,83.2,784500,7.3
AMZN-0400,Nina Silva,Amazon,AMZN,Marketing,Principal,86.5,496200,7.8
AMZN-0401,Elena Kim,Amazon,AMZN,Research & AI,Senior,84.2,146100,5.4
AMZN-0402,Ahmed Smith,Amazon,AMZN,Product,Senior,79.9,263700,1.1
AMZN-0403,Grace Tanaka,Amazon,AMZN,Engineering,Principal,92.7,650800,3.0
AMZN-0404,Wei Anderson,Amazon,AMZN,Sales & GTM,Staff,88.1,117100,4.8
AMZN-0405,Ahmed Wilson,Amazon,AMZN,Design,Senior,97.6,198200,2.4
AMZN-0406,Thomas Brown,Amazon,AMZN,Engineering,Principal,89.2,1039500,6.3
AMZN-0407,Ahmed Johnson,Amazon,AMZN,Engineering,VP,77.4,759100,5.4
AMZN-0408,Michael Okafor,Amazon,AMZN,Research & AI,Senior,79.1,962100,3.4
AMZN-0409,Sofia Martinez,Amazon,AMZN,Engineering,Staff,71.8,448900,2.2
AMZN-0410,Hannah Murphy,Amazon,AMZN,Research & AI,Principal,82.9,552700,3.7
AMZN-0411,Ahmed Cohen,Amazon,AMZN,Design,Senior Director,81.7,619800,5.6
AMZN-0412,Linda Cohen,Amazon,AMZN,Design,VP,66.5,687400,7.4
AMZN-0413,Yuki Hassan,Amazon,AMZN,Engineering,Senior,57.5,88500,5.1
AMZN-0414,Kevin Anderson,Amazon,AMZN,Research & AI,Director,35.3,280600,12.1
AMZN-0415,Aisha Cohen,Amazon,AMZN,Sales & GTM,Senior,73.5,398800,5.9
AMZN-0416,Samuel Anderson,Amazon,AMZN,Engineering,Principal,55.1,143800,5.0
AMZN-0417,Kevin Nguyen,Amazon,AMZN,Product,VP,87.3,2300200,7.4
AMZN-0418,Maria Cohen,Amazon,AMZN,Finance,Staff,75.6,221300,2.4
AMZN-0419,Maria Petrov,Amazon,AMZN,Sales & GTM,SVP,83.4,1121200,12.4
AMZN-0420,Wei Park,Amazon,AMZN,Sales & GTM,Senior,68.0,373300,2.5
AMZN-0421,Priya Brown,Amazon,AMZN,Engineering,Senior Director,62.0,338900,5.1
AMZN-0422,Emily Nguyen,Amazon,AMZN,Product,Senior,60.7,463300,3.4
AMZN-0423,James Nguyen,Amazon,AMZN,Sales & GTM,VP,85.1,1303200,18.6
AMZN-0424,Hannah Garcia,Amazon,AMZN,Research & AI,Senior Director,67.8,544600,8.6
AMZN-0425,Yuki Anderson,Amazon,AMZN,Product,Staff,67.5,181100,4.2
AMZN-0426,Thomas Garcia,Amazon,AMZN,Engineering,Staff,79.2,918600,4.1
AMZN-0427,Grace Lee,Amazon,AMZN,Engineering,Senior,85.4,676800,2.2
AMZN-0428,Maria Lee,Amazon,AMZN,Product,Senior Director,81.3,587200,8.0
AMZN-0429,Priya Khan,Amazon,AMZN,Operations,Staff,72.5,134900,5.0
AMZN-0430,Chen Khan,Amazon,AMZN,Research & AI,Senior,58.5,128600,4.8
AMZN-0431,David Hassan,Amazon,AMZN,Research & AI,Senior,68.4,135200,3.6
AMZN-0432,Grace Park,Amazon,AMZN,Engineering,Staff,82.6,501700,2.1
AMZN-0433,Elena Tanaka,Amazon,AMZN,Engineering,Senior,58.1,155500,4.1
AMZN-0434,Daniel Khan,Amazon,AMZN,Sales & GTM,Principal,81.0,1283400,11.5
AMZN-0435,Thomas Garcia,Amazon,AMZN,Legal & Policy,Senior Director,79.0,1549100,4.8
AMZN-0436,Mary Lopez,Amazon,AMZN,Research & AI,Staff,74.8,196600,2.3
AMZN-0437,Elena Lopez,Amazon,AMZN,Research & AI,Senior,82.3,96400,4.4
AMZN-0438,Maria Cohen,Amazon,AMZN,Product,Principal,73.5,367700,8.1
AMZN-0439,Wei Park,Amazon,AMZN,Engineering,Staff,93.4,262700,3.0
AMZN-0440,John Lopez,Amazon,AMZN,Sales & GTM,Staff,54.6,304600,5.6
AMZN-0441,Sofia Chen,Amazon,AMZN,People/HR,Principal,91.1,554700,2.5
AMZN-0442,Yuki Wilson,Amazon,AMZN,Marketing,Principal,86.5,620000,8.5
AMZN-0443,Wei Khan,Amazon,AMZN,Product,Senior Director,77.8,981100,13.6
AMZN-0444,Kevin Rossi,Amazon,AMZN,Engineering,Principal,73.8,352900,3.2
AMZN-0445,Hiroshi Patel,Amazon,AMZN,Legal & Policy,Principal,76.5,496600,9.8
AMZN-0446,Thomas Garcia,Amazon,AMZN,Finance,Principal,96.5,299900,3.4
AMZN-0447,Olivia Park,Amazon,AMZN,Design,Staff,93.9,568700,9.7
AMZN-0448,Hiroshi Kim,Amazon,AMZN,Design,Senior,100.0,150800,7.7
AMZN-0449,Elena Ali,Amazon,AMZN,Marketing,Senior,81.1,455300,6.0
AMZN-0450,Yuki Wang,Amazon,AMZN,Product,Senior,65.3,522400,6.3
AMZN-0451,Yuki Hassan,Amazon,AMZN,Product,Senior,72.1,174100,2.0
AMZN-0452,Daniel Schmidt,Amazon,AMZN,Engineering,Staff,77.8,219200,4.3
AMZN-0453,Emily Murphy,Amazon,AMZN,Engineering,Senior Director,81.7,1133500,13.6
AMZN-0454,Samuel Patel,Amazon,AMZN,Engineering,Senior Director,100.0,602700,11.1
AMZN-0455,Arjun Khan,Amazon,AMZN,Engineering,Senior,83.8,168600,2.6
AMZN-0456,Mary Yamamoto,Amazon,AMZN,Engineering,Staff,79.3,193300,10.4
AMZN-0457,Arjun Murphy,Amazon,AMZN,Legal & Policy,Senior,67.0,283900,5.7
AMZN-0458,John Park,Amazon,AMZN,Engineering,Senior,78.4,115800,4.7
AMZN-0459,John Schmidt,Amazon,AMZN,Engineering,Senior,82.4,145300,6.5
AMZN-0460,Daniel Nguyen,Amazon,AMZN,Research & AI,Senior,81.4,198000,1.4
AMZN-0461,Fatima Okafor,Amazon,AMZN,People/HR,VP,86.6,1101000,9.5
AMZN-0462,Hiroshi Davis,Amazon,AMZN,Legal & Policy,Principal,92.0,534900,3.2
AMZN-0463,Hannah Wilson,Amazon,AMZN,Operations,Senior,73.6,218900,3.1
AMZN-0464,Elena Lopez,Amazon,AMZN,Research & AI,Staff,68.6,214500,3.5
AMZN-0465,Raj Wang,Amazon,AMZN,Operations,Principal,70.9,180300,4.1
AMZN-0466,David Petrov,Amazon,AMZN,Engineering,Senior,72.2,101200,2.7
AMZN-0467,Elena Garcia,Amazon,AMZN,Engineering,Staff,78.6,116200,10.4
AMZN-0468,Maria Davis,Amazon,AMZN,Engineering,Senior,87.4,278900,2.4
AMZN-0469,James Nguyen,Amazon,AMZN,Sales & GTM,Staff,73.9,414500,1.3
AMZN-0470,Mary Petrov,Amazon,AMZN,Engineering,VP,72.7,1078300,5.0
AMZN-0471,Raj Reyes,Amazon,AMZN,Engineering,Senior,73.5,232200,6.9
AMZN-0472,Fatima Brown,Amazon,AMZN,Research & AI,Staff,67.4,376800,5.0
AMZN-0473,Olivia Petrov,Amazon,AMZN,Engineering,Senior,83.5,97600,6.6
AMZN-0474,Samuel Smith,Amazon,AMZN,Engineering,Senior,78.2,320000,8.0
AMZN-0475,Emily Brown,Amazon,AMZN,Research & AI,Principal,84.7,680500,14.1
AMZN-0476,Mary Anderson,Amazon,AMZN,Design,VP,95.8,626400,6.1
AMZN-0477,Raj Schmidt,Amazon,AMZN,Research & AI,Principal,75.3,308000,8.2
AMZN-0478,Hannah Petrov,Amazon,AMZN,Legal & Policy,Staff,62.4,272300,5.1
AMZN-0479,Raj Chen,Amazon,AMZN,Engineering,Director,86.7,950700,8.3
AMZN-0480,Michael Anderson,Amazon,AMZN,People/HR,Senior Director,76.5,395800,9.0
AMZN-0481,Wei Davis,Amazon,AMZN,Operations,Principal,80.0,327800,9.1
AMZN-0482,Wei Smith,Amazon,AMZN,Product,Staff,83.7,480200,7.5
AMZN-0483,Michael Silva,Amazon,AMZN,People/HR,Principal,82.4,662400,6.9
AMZN-0484,Chen Lopez,Amazon,AMZN,Engineering,Director,72.5,794500,8.9
AMZN-0485,Daniel Singh,Amazon,AMZN,Finance,Senior,76.5,484600,6.8
AMZN-0486,Arjun Cohen,Amazon,AMZN,Engineering,Staff,49.3,490200,2.2
AMZN-0487,Hannah Park,Amazon,AMZN,Research & AI,Senior,73.5,258300,2.3
AMZN-0488,Maria Lopez,Amazon,AMZN,Sales & GTM,Senior,81.1,142200,5.6
AMZN-0489,Daniel Anderson,Amazon,AMZN,Engineering,Staff,64.9,139300,4.0
AMZN-0490,Linda Murphy,Amazon,AMZN,Engineering,VP,85.4,408200,7.4
AMZN-0491,Chen Schmidt,Amazon,AMZN,Engineering,Senior,80.3,270600,2.1
AMZN-0492,Hiroshi Nguyen,Amazon,AMZN,Finance,VP,87.1,488200,6.1
AMZN-0493,Thomas Tanaka,Amazon,AMZN,Engineering,Principal,94.6,723300,2.3
AMZN-0494,Elena Chen,Amazon,AMZN,Finance,Senior Director,89.9,1369700,12.3
AMZN-0495,Hannah Davis,Amazon,AMZN,People/HR,Staff,71.5,218000,6.4
AMZN-0496,Zoe Brown,Amazon,AMZN,Engineering,Senior,77.7,100800,1.0
AMZN-0497,John Tanaka,Amazon,AMZN,Product,Principal,82.0,536500,2.6
AMZN-0498,Arjun Tanaka,Amazon,AMZN,Product,Principal,76.5,316300,11.6
AMZN-0499,Linda Lee,Amazon,AMZN,Sales & GTM,Senior,62.1,166000,1.0
AMZN-0500,Fatima Cohen,Amazon,AMZN,Marketing,Senior,71.2,177600,12.9
AMZN-0501,Raj Martinez,Amazon,AMZN,Research & AI,Senior Director,82.7,648400,9.1
AMZN-0502,Ahmed Yamamoto,Amazon,AMZN,Legal & Policy,Staff,62.3,218100,5.8
AMZN-0503,Linda Brown,Amazon,AMZN,Engineering,Senior,69.7,95400,9.0
AMZN-0504,Yuki Patel,Amazon,AMZN,Operations,Staff,84.0,405500,3.2
AMZN-0505,Hannah Brown,Amazon,AMZN,Research & AI,Staff,74.9,242000,4.0
AMZN-0506,Samuel Wang,Amazon,AMZN,Sales & GTM,Principal,90.8,917600,4.1
AMZN-0507,Samuel Martinez,Amazon,AMZN,Engineering,Staff,67.7,422900,12.0
AMZN-0508,Yuki Davis,Amazon,AMZN,Marketing,SVP,69.3,407500,9.5
AMZN-0509,Raj Johnson,Amazon,AMZN,Engineering,Staff,71.9,246200,2.9
AMZN-0510,Yuki Davis,Amazon,AMZN,Product,Senior,69.7,96000,8.6
AMZN-0511,Maria Tanaka,Amazon,AMZN,Engineering,Senior,63.1,113600,1.2
AMZN-0512,Fatima Reyes,Amazon,AMZN,Sales & GTM,Director,95.4,259200,3.7
AMZN-0513,Grace Hassan,Amazon,AMZN,Engineering,Staff,72.0,131000,2.7
AMZN-0514,Priya Ali,Amazon,AMZN,Research & AI,Senior,76.9,202700,3.1
AMZN-0515,Aisha Khan,Amazon,AMZN,Legal & Policy,Director,65.5,164200,7.0
AMZN-0516,Zoe Smith,Amazon,AMZN,Sales & GTM,Staff,66.5,297900,2.5
AMZN-0517,Fatima Davis,Amazon,AMZN,Marketing,Principal,75.3,347000,5.5
AMZN-0518,Olivia Patel,Amazon,AMZN,Operations,Staff,70.7,166900,8.2
AMZN-0519,Carlos Ali,Amazon,AMZN,Engineering,Senior,81.1,290300,1.7
AMZN-0520,Olivia Rossi,Amazon,AMZN,Research & AI,Senior Director,90.3,840100,6.8
AMZN-0521,Carlos Patel,Amazon,AMZN,Engineering,Senior,89.7,167400,3.7
AMZN-0522,Chen Park,Amazon,AMZN,Marketing,Principal,48.0,522500,2.9
AMZN-0523,Raj Wang,Amazon,AMZN,Engineering,Staff,82.4,240500,8.4
AMZN-0524,Fatima Park,Amazon,AMZN,People/HR,Principal,53.2,403200,8.5
AMZN-0525,Samuel Yamamoto,Amazon,AMZN,Engineering,Staff,72.5,710000,15.3
AMZN-0526,Linda Nguyen,Amazon,AMZN,Engineering,Director,99.4,479100,3.7
AMZN-0527,Ahmed Yamamoto,Amazon,AMZN,Research & AI,Principal,62.9,259100,5.5
AMZN-0528,Daniel Lee,Amazon,AMZN,Operations,Principal,92.9,486700,2.9
AMZN-0529,Grace Wang,Amazon,AMZN,Engineering,Staff,65.9,204700,5.6
AMZN-0530,James Singh,Amazon,AMZN,Research & AI,Staff,70.3,300600,7.4
AMZN-0531,Arjun Lopez,Amazon,AMZN,Operations,Principal,89.2,1102700,8.6
AMZN-0532,David Yamamoto,Amazon,AMZN,Product,Director,100.0,667600,10.0
AMZN-0533,Kevin Cohen,Amazon,AMZN,Engineering,Senior,89.1,271500,1.7
AMZN-0534,Thomas Yamamoto,Amazon,AMZN,Operations,Director,79.2,416400,12.2
AMZN-0535,John Davis,Amazon,AMZN,Product,Staff,71.3,160700,3.8
AMZN-0536,Samuel Wang,Amazon,AMZN,Operations,Principal,81.4,287600,6.5
AMZN-0537,Emily Anderson,Amazon,AMZN,Sales & GTM,Principal,75.2,388900,7.2
AMZN-0538,Fatima Silva,Amazon,AMZN,Engineering,Staff,72.3,188500,7.4
AMZN-0539,Michael Schmidt,Amazon,AMZN,Finance,VP,86.4,735600,5.3
AMZN-0540,Linda Lee,Amazon,AMZN,Product,Director,76.4,169800,6.3
AMZN-0541,Grace Silva,Amazon,AMZN,Engineering,Senior,94.1,168200,3.2
AMZN-0542,Samuel Smith,Amazon,AMZN,Research & AI,Principal,71.6,449100,3.4
AMZN-0543,James Park,Amazon,AMZN,Sales & GTM,Staff,83.8,265100,8.8
AMZN-0544,Hannah Brown,Amazon,AMZN,Engineering,Principal,95.8,598400,4.7
AMZN-0545,Mary Rossi,Amazon,AMZN,Legal & Policy,Principal,70.7,342300,10.6
AMZN-0546,Maria Davis,Amazon,AMZN,Legal & Policy,Staff,82.7,435900,4.7
AMZN-0547,Nina Smith,Amazon,AMZN,Engineering,Director,77.0,454600,11.1
AMZN-0548,Daniel Cohen,Amazon,AMZN,Design,Principal,87.0,736600,7.8
AMZN-0549,Fatima Silva,Amazon,AMZN,Operations,Staff,86.6,239100,2.2
AMZN-0550,Maria Davis,Amazon,AMZN,Research & AI,Principal,90.6,286200,11.3
AMZN-0551,Yuki Schmidt,Amazon,AMZN,Research & AI,Staff,66.1,367300,2.5
AMZN-0552,Chen Nguyen,Amazon,AMZN,Sales & GTM,Senior Director,68.6,1043800,9.7
AMZN-0553,Thomas Davis,Amazon,AMZN,Legal & Policy,Principal,60.4,280000,4.0
AMZN-0554,Ahmed Smith,Amazon,AMZN,Research & AI,Staff,80.4,145500,5.1
AMZN-0555,Hiroshi Anderson,Amazon,AMZN,Engineering,Senior,78.8,128400,3.4
AMZN-0556,Sofia Nguyen,Amazon,AMZN,Product,Staff,92.0,664200,2.7
AMZN-0557,Hannah Schmidt,Amazon,AMZN,Sales & GTM,SVP,76.8,1251800,8.3
AMZN-0558,Olivia Brown,Amazon,AMZN,Engineering,Senior,74.1,473900,1.1
AMZN-0559,Samuel Ali,Amazon,AMZN,Engineering,Staff,92.6,511300,5.1
AMZN-0560,Michael Khan,Amazon,AMZN,Design,Senior Director,68.4,263800,4.3
AMZN-0561,Michael Silva,Amazon,AMZN,Finance,Principal,73.8,1368200,3.8
AMZN-0562,Hiroshi Wilson,Amazon,AMZN,Finance,Senior,72.8,270000,2.5
AMZN-0563,Olivia Johnson,Amazon,AMZN,Engineering,VP,76.6,298400,7.8
AMZN-0564,Grace Lopez,Amazon,AMZN,Sales & GTM,Principal,79.8,418900,15.4
AMZN-0565,Sofia Cohen,Amazon,AMZN,Research & AI,Director,83.0,527000,4.2
AMZN-0566,Yuki Davis,Amazon,AMZN,Research & AI,Senior,89.7,288100,0.7
AMZN-0567,Daniel Wilson,Amazon,AMZN,Engineering,Staff,70.5,131400,8.3
AMZN-0568,Sofia Singh,Amazon,AMZN,People/HR,Senior,70.7,493000,6.6
AMZN-0569,Ahmed Garcia,Amazon,AMZN,Engineering,Staff,81.8,139100,2.9
AMZN-0570,Raj Singh,Amazon,AMZN,Design,Senior,78.6,201200,5.6
AMZN-0571,Mary Brown,Amazon,AMZN,People/HR,Senior Director,85.1,2160900,6.6
AMZN-0572,Zoe Petrov,Amazon,AMZN,Legal & Policy,Staff,72.8,352300,8.7
AMZN-0573,Fatima Johnson,Amazon,AMZN,Engineering,Staff,78.8,406900,4.2
AMZN-0574,Mary Chen,Amazon,AMZN,People/HR,VP,72.9,511100,12.0
AMZN-0575,Hannah Tanaka,Amazon,AMZN,Engineering,Principal,56.6,352300,2.1
AMZN-0576,Grace Kim,Amazon,AMZN,Engineering,Senior,73.9,237200,5.3
AMZN-0577,Sofia Silva,Amazon,AMZN,Engineering,Director,82.2,449700,3.6
AMZN-0578,Priya Hassan,Amazon,AMZN,Marketing,Staff,65.5,358500,7.6
AMZN-0579,Kevin Rossi,Amazon,AMZN,Sales & GTM,SVP,59.2,1818000,9.3
AMZN-0580,Linda Park,Amazon,AMZN,Operations,Senior,86.8,353500,9.5
AMZN-0581,Hannah Anderson,Amazon,AMZN,Engineering,Staff,86.7,593800,6.1
AMZN-0582,Olivia Okafor,Amazon,AMZN,Product,Senior,74.6,512300,8.1
AMZN-0583,James Davis,Amazon,AMZN,Operations,Director,74.8,1074700,9.1
AMZN-0584,John Nguyen,Amazon,AMZN,Engineering,Staff,69.2,195200,5.6
AMZN-0585,Wei Garcia,Amazon,AMZN,Research & AI,Senior,71.4,582200,4.5
AMZN-0586,Arjun Reyes,Amazon,AMZN,Engineering,Staff,61.7,190000,3.6
AMZN-0587,Michael Lopez,Amazon,AMZN,Research & AI,Staff,70.5,288100,6.3
AMZN-0588,John Chen,Amazon,AMZN,Engineering,Senior,60.0,92800,9.1
AMZN-0589,Sofia Hassan,Amazon,AMZN,Product,Staff,72.1,255600,8.4
AMZN-0590,Linda Brown,Amazon,AMZN,Research & AI,Senior,54.7,179000,2.5
AMZN-0591,Elena Anderson,Amazon,AMZN,Product,Senior,71.4,287700,5.8
AMZN-0592,Michael Wang,Amazon,AMZN,Research & AI,Staff,92.5,271100,12.1
AMZN-0593,Raj Singh,Amazon,AMZN,Engineering,Staff,61.1,322000,5.0
AMZN-0594,Wei Garcia,Amazon,AMZN,Product,Senior,86.4,178300,10.3
AMZN-0595,Raj Lee,Amazon,AMZN,Engineering,Staff,67.3,451000,13.2
AMZN-0596,Grace Tanaka,Amazon,AMZN,Design,Senior,75.9,135000,1.1
AMZN-0597,Yuki Wang,Amazon,AMZN,Engineering,Principal,73.7,486500,2.9
AMZN-0598,Zoe Wang,Amazon,AMZN,Engineering,Staff,92.1,334500,2.9
AMZN-0599,Wei Silva,Amazon,AMZN,Engineering,Senior,79.3,170600,7.3
AMZN-0600,Michael Wang,Amazon,AMZN,People/HR,Staff,85.6,500300,3.7
AMZN-0601,Hiroshi Lopez,Amazon,AMZN,Marketing,Senior,79.5,314300,4.9
AMZN-0602,David Reyes,Amazon,AMZN,Legal & Policy,Senior,75.4,266700,3.1
AMZN-0603,Thomas Okafor,Amazon,AMZN,Finance,Staff,84.1,549900,3.0
AMZN-0604,David Schmidt,Amazon,AMZN,Sales & GTM,Staff,63.9,118500,1.8
AMZN-0605,Priya Ali,Amazon,AMZN,Sales & GTM,SVP,82.1,1844400,18.6
AMZN-0606,Hiroshi Khan,Amazon,AMZN,Engineering,Staff,73.5,351900,2.5
AMZN-0607,Chen Lopez,Amazon,AMZN,Legal & Policy,Principal,71.7,288500,6.1
AMZN-0608,Zoe Rossi,Amazon,AMZN,Engineering,Senior,81.7,371900,4.5
AMZN-0609,Wei Reyes,Amazon,AMZN,Product,Senior,64.3,131900,5.0
AMZN-0610,Fatima Tanaka,Amazon,AMZN,Product,Staff,87.7,109200,4.4
AMZN-0611,Aisha Wilson,Amazon,AMZN,Engineering,Senior,65.4,289100,7.9
AMZN-0612,David Wilson,Amazon,AMZN,Engineering,Staff,61.3,135900,9.3
AMZN-0613,Kevin Wang,Amazon,AMZN,Sales & GTM,Senior,62.6,391300,6.3
AMZN-0614,Wei Tanaka,Amazon,AMZN,Legal & Policy,Senior,77.5,59700,4.8
AMZN-0615,Aisha Lopez,Amazon,AMZN,Product,SVP,89.5,1133300,10.6
AMZN-0616,Maria Silva,Amazon,AMZN,Engineering,Staff,94.0,374100,3.6
AMZN-0617,Wei Silva,Amazon,AMZN,Research & AI,Staff,82.7,569000,5.3
AMZN-0618,Priya Reyes,Amazon,AMZN,Engineering,Staff,85.4,491200,2.3
AMZN-0619,Grace Brown,Amazon,AMZN,Engineering,Staff,61.3,402300,9.0
AMZN-0620,Hiroshi Chen,Amazon,AMZN,Engineering,Principal,90.3,220200,3.7
AMZN-0621,Kevin Garcia,Amazon,AMZN,Finance,Senior,51.3,161200,3.2
AMZN-0622,Raj Wang,Amazon,AMZN,Operations,Principal,88.1,284300,5.4
AMZN-0623,Chen Reyes,Amazon,AMZN,Engineering,Senior Director,58.3,435700,16.9
AMZN-0624,Elena Lopez,Amazon,AMZN,Legal & Policy,Staff,76.7,969800,1.7
AMZN-0625,Thomas Brown,Amazon,AMZN,Operations,Director,74.6,1197600,9.0
AMZN-0626,Elena Cohen,Amazon,AMZN,Engineering,Senior Director,75.5,677700,9.5
AMZN-0627,Ahmed Anderson,Amazon,AMZN,Engineering,Staff,72.0,781800,5.0
AMZN-0628,Carlos Wilson,Amazon,AMZN,Product,Staff,100.0,1028900,3.4
AMZN-0629,Linda Park,Amazon,AMZN,Design,Staff,84.7,419800,11.3
AMZN-0630,Zoe Smith,Amazon,AMZN,Sales & GTM,Principal,69.5,756400,5.8
AMZN-0631,James Petrov,Amazon,AMZN,Operations,Principal,89.0,378400,4.6
AMZN-0632,Emily Khan,Amazon,AMZN,Engineering,Director,60.2,507500,3.3
AMZN-0633,Raj Cohen,Amazon,AMZN,Product,Senior,80.8,152900,7.6
AMZN-0634,Mary Brown,Amazon,AMZN,Sales & GTM,Staff,90.9,157400,13.7
AMZN-0635,Linda Patel,Amazon,AMZN,Engineering,Senior,75.3,208700,3.6
AMZN-0636,Olivia Davis,Amazon,AMZN,Finance,Senior Director,65.7,373900,3.8
AMZN-0637,Nina Wang,Amazon,AMZN,Engineering,Director,80.8,1165700,5.7
AMZN-0638,Samuel Chen,Amazon,AMZN,Design,Senior,82.5,136100,13.6
AMZN-0639,Ahmed Garcia,Amazon,AMZN,Engineering,Principal,84.8,423900,5.4
AMZN-0640,Grace Johnson,Amazon,AMZN,Product,Director,82.5,305300,3.7
AMZN-0641,Hiroshi Yamamoto,Amazon,AMZN,Legal & Policy,Principal,76.7,393200,4.5
AMZN-0642,Hiroshi Hassan,Amazon,AMZN,Marketing,Director,63.0,408900,3.4
AMZN-0643,Yuki Anderson,Amazon,AMZN,Product,Principal,57.9,496200,3.6
AMZN-0644,Wei Ali,Amazon,AMZN,Product,SVP,76.0,366100,11.1
AMZN-0645,Hiroshi Johnson,Amazon,AMZN,Engineering,Director,65.7,252200,5.7
AMZN-0646,Yuki Kim,Amazon,AMZN,Product,Staff,75.3,620000,13.0
AMZN-0647,Maria Cohen,Amazon,AMZN,Engineering,VP,70.3,492400,9.2
AMZN-0648,Chen Kim,Amazon,AMZN,Product,Senior,51.9,297000,2.1
AMZN-0649,Linda Cohen,Amazon,AMZN,Operations,Senior,73.3,324600,3.4
AMZN-0650,Grace Yamamoto,Amazon,AMZN,Engineering,C-Suite,85.2,2676400,13.3
AMZN-0651,Emily Kim,Amazon,AMZN,Engineering,Staff,79.4,91100,9.7
AMZN-0652,Ahmed Johnson,Amazon,AMZN,Engineering,Staff,62.4,1024600,3.3
AMZN-0653,Sofia Singh,Amazon,AMZN,Marketing,Staff,85.3,407700,7.3
AMZN-0654,Arjun Murphy,Amazon,AMZN,Engineering,Senior Director,71.2,703700,12.4
AMZN-0655,Thomas Okafor,Amazon,AMZN,Engineering,Senior,83.8,189400,6.1
AMZN-0656,Hannah Martinez,Amazon,AMZN,Engineering,Senior,69.3,245200,7.2
AMZN-0657,Linda Cohen,Amazon,AMZN,Sales & GTM,Principal,83.5,184500,4.8
AMZN-0658,John Hassan,Amazon,AMZN,Operations,Senior,77.0,111600,5.3
AMZN-0659,Michael Rossi,Amazon,AMZN,Sales & GTM,Director,57.1,1217600,8.9
AMZN-0660,Samuel Yamamoto,Amazon,AMZN,Engineering,Staff,73.2,234600,4.5
AMZN-0661,David Petrov,Amazon,AMZN,Design,Senior,67.3,244700,1.0
AMZN-0662,Priya Anderson,Amazon,AMZN,Research & AI,Senior,51.6,129900,4.9
AMZN-0663,Grace Davis,Amazon,AMZN,Product,Senior,70.0,67100,1.3
AMZN-0664,Elena Anderson,Amazon,AMZN,Research & AI,SVP,72.0,676000,20.1
AMZN-0665,Aisha Wang,Amazon,AMZN,Engineering,Senior,80.9,537600,11.1
AMZN-0666,Aisha Nguyen,Amazon,AMZN,Research & AI,Principal,73.9,460300,3.7
AMZN-0667,Grace Okafor,Amazon,AMZN,Engineering,Staff,83.9,478400,2.7
AMZN-0668,James Yamamoto,Amazon,AMZN,Engineering,Staff,94.8,181000,6.9
AMZN-0669,Maria Smith,Amazon,AMZN,Research & AI,Senior Director,85.0,710800,6.4
AMZN-0670,David Cohen,Amazon,AMZN,Finance,Senior,86.6,585500,4.5
AMZN-0671,Carlos Brown,Amazon,AMZN,Design,Staff,71.4,682300,8.8
AMZN-0672,John Chen,Amazon,AMZN,Research & AI,Senior,62.1,311000,1.2
AMZN-0673,Wei Lopez,Amazon,AMZN,Engineering,Senior,73.7,314100,11.4
AMZN-0674,Daniel Nguyen,Amazon,AMZN,Engineering,Staff,69.5,391200,13.7
AMZN-0675,Olivia Khan,Amazon,AMZN,Marketing,Principal,76.1,153600,8.0
AMZN-0676,Linda Silva,Amazon,AMZN,Design,Senior,72.3,225400,3.5
AMZN-0677,Thomas Yamamoto,Amazon,AMZN,Operations,Director,63.6,664300,3.3
AMZN-0678,Maria Wilson,Amazon,AMZN,Research & AI,Senior Director,88.6,1165600,4.6
AMZN-0679,Kevin Cohen,Amazon,AMZN,Engineering,Senior Director,79.3,498000,6.0
AMZN-0680,Kevin Lopez,Amazon,AMZN,Engineering,Staff,97.0,351100,12.2
AMZN-0681,Fatima Hassan,Amazon,AMZN,Legal & Policy,VP,100.0,475500,6.7
AMZN-0682,Hannah Yamamoto,Amazon,AMZN,Finance,Staff,75.5,212000,3.8
AMZN-0683,Emily Yamamoto,Amazon,AMZN,Research & AI,Principal,60.0,399300,10.0
AMZN-0684,Grace Tanaka,Amazon,AMZN,Product,SVP,84.3,1910200,10.7
AMZN-0685,Linda Murphy,Amazon,AMZN,Finance,Director,80.3,358900,5.1
AMZN-0686,Aisha Yamamoto,Amazon,AMZN,Product,Principal,71.2,284600,6.9
AMZN-0687,Emily Park,Amazon,AMZN,Legal & Policy,Senior Director,58.6,468800,18.4
AMZN-0688,Linda Kim,Amazon,AMZN,Product,Staff,82.4,314200,6.7
AMZN-0689,Michael Smith,Amazon,AMZN,Operations,Staff,80.9,853800,3.5
AMZN-0690,Yuki Okafor,Amazon,AMZN,Engineering,Staff,64.9,295600,14.9
AMZN-0691,Sofia Davis,Amazon,AMZN,Product,Senior,73.4,268900,3.6
AMZN-0692,Hiroshi Nguyen,Amazon,AMZN,Engineering,Senior,70.2,352600,4.1
AMZN-0693,Chen Singh,Amazon,AMZN,Research & AI,Staff,67.0,164400,3.3
AMZN-0694,Olivia Yamamoto,Amazon,AMZN,Product,Principal,69.3,370500,7.6
AMZN-0695,Raj Park,Amazon,AMZN,Engineering,Senior,73.6,77100,5.5
AMZN-0696,Olivia Yamamoto,Amazon,AMZN,Operations,Senior,69.7,59400,4.1
AMZN-0697,Ahmed Singh,Amazon,AMZN,Engineering,Director,64.3,501600,4.1
AMZN-0698,Michael Park,Amazon,AMZN,Operations,Senior Director,70.0,692800,17.1
AMZN-0699,Raj Rossi,Amazon,AMZN,Product,Director,80.9,501500,7.3
AMZN-0700,Grace Reyes,Amazon,AMZN,Engineering,Senior,67.6,385300,5.3
AMZN-0701,Yuki Yamamoto,Amazon,AMZN,Research & AI,Staff,78.6,356000,1.2
AMZN-0702,John Cohen,Amazon,AMZN,Engineering,Principal,85.2,290000,3.4
AMZN-0703,Linda Lopez,Amazon,AMZN,Engineering,C-Suite,60.0,1166000,9.4
AMZN-0704,Yuki Kim,Amazon,AMZN,Product,Senior,75.7,221900,5.5
AMZN-0705,Michael Chen,Amazon,AMZN,Legal & Policy,Senior Director,79.2,993400,4.1
AMZN-0706,Grace Ali,Amazon,AMZN,Research & AI,Senior,86.9,71200,5.9
AMZN-0707,Thomas Martinez,Amazon,AMZN,Product,Principal,76.2,316500,6.8
AMZN-0708,Kevin Chen,Amazon,AMZN,Engineering,Senior Director,68.5,173100,11.4
AMZN-0709,Maria Chen,Amazon,AMZN,Engineering,Staff,74.4,306300,1.7
AMZN-0710,Hannah Lopez,Amazon,AMZN,Sales & GTM,Staff,74.8,484300,8.3
AMZN-0711,John Johnson,Amazon,AMZN,Product,Senior Director,87.7,1131900,15.6
AMZN-0712,Maria Okafor,Amazon,AMZN,Research & AI,Staff,97.4,356300,1.8
AMZN-0713,Carlos Rossi,Amazon,AMZN,Engineering,Senior,82.6,183700,7.7
AMZN-0714,Carlos Okafor,Amazon,AMZN,Product,Senior Director,73.0,399200,9.6
AMZN-0715,John Park,Amazon,AMZN,Engineering,Senior,58.7,183400,5.7
AMZN-0716,Chen Hassan,Amazon,AMZN,Engineering,VP,79.4,511400,8.9
AMZN-0717,Chen Cohen,Amazon,AMZN,Marketing,Principal,84.8,386400,4.2
AMZN-0718,Hiroshi Murphy,Amazon,AMZN,Legal & Policy,Senior,70.8,200500,4.1
AMZN-0719,Samuel Lee,Amazon,AMZN,Engineering,Director,75.8,484200,3.9
AMZN-0720,Kevin Murphy,Amazon,AMZN,Sales & GTM,C-Suite,76.3,1883300,11.4
AMZN-0721,Thomas Yamamoto,Amazon,AMZN,Engineering,Staff,86.4,508100,13.0
AMZN-0722,Daniel Martinez,Amazon,AMZN,Engineering,Senior Director,63.7,466300,8.1
AMZN-0723,Linda Wang,Amazon,AMZN,Engineering,Principal,65.8,144800,6.2
AMZN-0724,Emily Kim,Amazon,AMZN,Engineering,VP,89.4,2807100,9.2
AMZN-0725,Kevin Wang,Amazon,AMZN,Operations,Senior Director,77.2,946200,13.1
AMZN-0726,Samuel Petrov,Amazon,AMZN,Sales & GTM,Senior,78.9,249500,15.4
AMZN-0727,Fatima Ali,Amazon,AMZN,Sales & GTM,Director,85.3,285200,12.0
AMZN-0728,Michael Reyes,Amazon,AMZN,Engineering,Principal,68.0,940400,5.9
AMZN-0729,Daniel Smith,Amazon,AMZN,Operations,Principal,93.4,1115300,4.3
AMZN-0730,Yuki Tanaka,Amazon,AMZN,Engineering,Senior,78.5,162300,2.3
AMZN-0731,Daniel Singh,Amazon,AMZN,Sales & GTM,Staff,73.9,305400,1.6
AMZN-0732,Maria Yamamoto,Amazon,AMZN,Research & AI,Director,89.1,672000,6.3
AMZN-0733,Hannah Johnson,Amazon,AMZN,Engineering,Senior,73.0,266500,6.2
AMZN-0734,Emily Petrov,Amazon,AMZN,Engineering,Principal,61.8,290400,11.1
AMZN-0735,Zoe Kim,Amazon,AMZN,Operations,Staff,100.0,191700,3.7
AMZN-0736,Zoe Smith,Amazon,AMZN,Product,Senior Director,69.3,244800,6.4
AMZN-0737,David Chen,Amazon,AMZN,Product,Staff,55.0,164100,4.6
AMZN-0738,Mary Kim,Amazon,AMZN,Engineering,Director,72.4,370300,10.7
AMZN-0739,Mary Garcia,Amazon,AMZN,Engineering,Principal,74.0,855900,4.5
AMZN-0740,Ahmed Tanaka,Amazon,AMZN,Legal & Policy,Director,83.4,1586200,8.4
AMZN-0741,Olivia Okafor,Amazon,AMZN,Sales & GTM,Principal,79.9,201900,4.7
AMZN-0742,Hannah Tanaka,Amazon,AMZN,Finance,Principal,78.8,277000,13.2
AMZN-0743,Chen Patel,Amazon,AMZN,Legal & Policy,Senior,85.6,407500,2.8
AMZN-0744,Kevin Johnson,Amazon,AMZN,Engineering,Staff,73.3,423100,13.8
AMZN-0745,Nina Schmidt,Amazon,AMZN,Engineering,Principal,82.2,132200,5.6
AMZN-0746,Carlos Martinez,Amazon,AMZN,Product,Staff,85.6,170900,8.4
AMZN-0747,Aisha Silva,Amazon,AMZN,People/HR,Senior,76.1,101300,4.3
AMZN-0748,Hiroshi Lee,Amazon,AMZN,Engineering,Staff,78.2,584500,7.9
AMZN-0749,Elena Singh,Amazon,AMZN,Operations,Director,93.9,513000,6.5
AMZN-0750,Ahmed Patel,Amazon,AMZN,Product,Staff,64.0,801200,13.1
AMZN-0751,Ahmed Kim,Amazon,AMZN,People/HR,Senior,66.9,351100,3.5
AMZN-0752,Zoe Nguyen,Amazon,AMZN,Research & AI,Staff,69.2,368200,3.9
AMZN-0753,John Chen,Amazon,AMZN,Engineering,Senior,78.9,498200,0.8
AMZN-0754,Yuki Kim,Amazon,AMZN,Operations,Director,76.4,376200,6.1
AMZN-0755,Chen Patel,Amazon,AMZN,Legal & Policy,Principal,72.0,323200,5.7
AMZN-0756,Kevin Wilson,Amazon,AMZN,Legal & Policy,Principal,73.2,363900,6.9
AMZN-0757,Emily Park,Amazon,AMZN,Marketing,Senior Director,67.8,890400,7.6
AMZN-0758,Sofia Silva,Amazon,AMZN,Product,Principal,89.1,394900,11.1
AMZN-0759,Aisha Martinez,Amazon,AMZN,Product,Senior Director,95.4,1063500,14.4
AMZN-0760,John Yamamoto,Amazon,AMZN,Engineering,Principal,72.6,235200,5.0
AMZN-0761,Grace Petrov,Amazon,AMZN,Engineering,Director,85.6,755300,5.1
AMZN-0762,John Rossi,Amazon,AMZN,Design,Senior,65.9,409800,4.4
AMZN-0763,Grace Lee,Amazon,AMZN,Engineering,Principal,65.2,685100,9.5
AMZN-0764,Emily Garcia,Amazon,AMZN,Engineering,Staff,62.6,380400,2.1
AMZN-0765,Ahmed Khan,Amazon,AMZN,Design,Senior,72.0,218700,5.5
AMZN-0766,Maria Nguyen,Amazon,AMZN,Research & AI,Director,86.4,286400,8.6
AMZN-0767,Zoe Schmidt,Amazon,AMZN,Engineering,Director,65.2,396500,8.9
AMZN-0768,Samuel Yamamoto,Amazon,AMZN,Product,SVP,67.6,276700,18.6
AMZN-0769,Aisha Nguyen,Amazon,AMZN,Engineering,Staff,64.0,175100,4.5
AMZN-0770,Hannah Wang,Amazon,AMZN,Engineering,Staff,82.0,115700,3.0
AMZN-0771,James Reyes,Amazon,AMZN,Marketing,Staff,77.5,399100,8.9
AMZN-0772,Nina Park,Amazon,AMZN,Operations,Staff,61.5,321700,1.8
AMZN-0773,David Petrov,Amazon,AMZN,Legal & Policy,Staff,62.5,86300,4.8
AMZN-0774,David Murphy,Amazon,AMZN,Finance,SVP,82.8,3412500,8.1
AMZN-0775,Wei Johnson,Amazon,AMZN,Research & AI,Director,80.7,568800,6.8
AMZN-0776,Elena Ali,Amazon,AMZN,Engineering,Senior,75.0,166300,7.9
AMZN-0777,Kevin Kim,Amazon,AMZN,Marketing,Staff,75.0,177700,2.0
AMZN-0778,Sofia Kim,Amazon,AMZN,Marketing,VP,75.8,396800,6.1
AMZN-0779,Olivia Garcia,Amazon,AMZN,Product,Senior,71.6,206100,2.8
AMZN-0780,Fatima Reyes,Amazon,AMZN,Product,Senior,56.0,228200,6.5
AMZN-0781,Kevin Petrov,Amazon,AMZN,Engineering,VP,86.6,1030700,6.1
AMZN-0782,Aisha Kim,Amazon,AMZN,Legal & Policy,Director,76.2,624300,6.7
AMZN-0783,Raj Garcia,Amazon,AMZN,Engineering,Director,77.6,640600,6.4
AMZN-0784,Zoe Ali,Amazon,AMZN,Sales & GTM,Director,67.2,297000,12.0
AMZN-0785,Kevin Silva,Amazon,AMZN,Legal & Policy,Senior,56.5,376200,2.1
AMZN-0786,Sofia Smith,Amazon,AMZN,Engineering,Staff,81.3,329300,9.0
AMZN-0787,Carlos Brown,Amazon,AMZN,Legal & Policy,Senior,49.8,175500,9.4
AMZN-0788,Priya Petrov,Amazon,AMZN,Engineering,Staff,89.4,197000,4.9
AMZN-0789,Daniel Cohen,Amazon,AMZN,Research & AI,Principal,100.0,317300,3.1
AMZN-0790,Nina Anderson,Amazon,AMZN,Engineering,Staff,68.8,169400,2.4
AMZN-0791,Hannah Lopez,Amazon,AMZN,Research & AI,Staff,90.0,488800,4.8
AMZN-0792,Daniel Cohen,Amazon,AMZN,Engineering,Senior,79.7,53900,8.3
AMZN-0793,Hannah Murphy,Amazon,AMZN,Engineering,Staff,81.6,278200,2.0
AMZN-0794,Aisha Cohen,Amazon,AMZN,Product,Senior Director,84.0,1718500,5.0
AMZN-0795,Olivia Garcia,Amazon,AMZN,Sales & GTM,Staff,80.8,331200,7.6
AMZN-0796,Zoe Lee,Amazon,AMZN,Operations,Senior,88.7,848600,1.0
AMZN-0797,Thomas Smith,Amazon,AMZN,Finance,Senior,74.5,197200,1.3
AMZN-0798,Grace Tanaka,Amazon,AMZN,Engineering,Senior,71.6,100400,4.3
AMZN-0799,Ahmed Lopez,Amazon,AMZN,Design,Senior Director,58.7,395000,4.3
AMZN-0800,Nina Ali,Amazon,AMZN,Engineering,Principal,60.1,370600,3.9
AMZN-0801,Linda Wilson,Amazon,AMZN,Operations,Staff,100.0,458100,2.9
AMZN-0802,Carlos Chen,Amazon,AMZN,Sales & GTM,Principal,66.4,223900,3.6
AMZN-0803,Grace Reyes,Amazon,AMZN,Engineering,Principal,87.2,259700,9.6
AMZN-0804,Maria Wang,Amazon,AMZN,Research & AI,Director,84.3,756400,8.3
AMZN-0805,Samuel Patel,Amazon,AMZN,People/HR,Senior,61.1,178100,6.4
AMZN-0806,Fatima Lopez,Amazon,AMZN,Research & AI,Staff,84.7,413100,5.1
AMZN-0807,Hannah Yamamoto,Amazon,AMZN,Sales & GTM,Senior,87.5,305500,0.6
AMZN-0808,Linda Garcia,Amazon,AMZN,Engineering,Senior,65.0,411400,3.9
AMZN-0809,David Davis,Amazon,AMZN,Product,Principal,75.5,548400,6.1
AMZN-0810,Hiroshi Chen,Amazon,AMZN,Research & AI,Senior Director,79.5,1138100,5.8
AMZN-0811,Raj Chen,Amazon,AMZN,People/HR,Senior Director,74.7,212800,4.5
AMZN-0812,Arjun Chen,Amazon,AMZN,Engineering,Principal,81.8,239200,9.4
AMZN-0813,John Khan,Amazon,AMZN,Marketing,Director,92.0,812700,6.7
AMZN-0814,Olivia Lee,Amazon,AMZN,Marketing,Senior Director,67.4,1466800,7.1
AMZN-0815,Zoe Anderson,Amazon,AMZN,Engineering,Principal,79.5,1210100,6.0
AMZN-0816,David Yamamoto,Amazon,AMZN,Engineering,Principal,70.6,355300,4.5
AMZN-0817,Hiroshi Cohen,Amazon,AMZN,Product,Senior,75.0,228400,12.7
AMZN-0818,Daniel Chen,Amazon,AMZN,Engineering,Staff,71.4,170900,15.8
AMZN-0819,David Park,Amazon,AMZN,Sales & GTM,Senior,72.9,80000,5.0
AMZN-0820,Aisha Park,Amazon,AMZN,Product,VP,88.4,907500,9.6
AMZN-0821,Elena Wilson,Amazon,AMZN,Product,Principal,64.6,157900,3.4
AMZN-0822,Aisha Anderson,Amazon,AMZN,Design,Senior,76.2,77800,4.2
AMZN-0823,David Anderson,Amazon,AMZN,People/HR,Senior,72.5,428500,4.1
AMZN-0824,Raj Rossi,Amazon,AMZN,Design,Senior,78.9,529600,3.3
AMZN-0825,Nina Patel,Amazon,AMZN,Sales & GTM,Staff,66.7,1602000,5.9
AMZN-0826,Thomas Anderson,Amazon,AMZN,Engineering,Senior,59.9,135200,2.1
AMZN-0827,Ahmed Nguyen,Amazon,AMZN,Product,Senior,70.3,88000,1.4
AMZN-0828,Sofia Okafor,Amazon,AMZN,Research & AI,Senior Director,90.8,1351600,11.9
AMZN-0829,Sofia Reyes,Amazon,AMZN,Product,VP,72.2,508900,9.0
AMZN-0830,Maria Kim,Amazon,AMZN,Finance,Senior,76.7,54200,3.2
AMZN-0831,Daniel Wang,Amazon,AMZN,Engineering,Senior,60.2,134600,4.2
AMZN-0832,Hiroshi Reyes,Amazon,AMZN,Sales & GTM,Principal,64.5,503300,7.4
AMZN-0833,Thomas Brown,Amazon,AMZN,Research & AI,Senior,60.5,121100,11.5
AMZN-0834,Daniel Kim,Amazon,AMZN,Research & AI,Principal,71.5,168500,6.3
AMZN-0835,Chen Nguyen,Amazon,AMZN,Product,Director,84.3,262300,4.9
AMZN-0836,Daniel Okafor,Amazon,AMZN,Sales & GTM,Senior,100.0,337300,1.8
AMZN-0837,Samuel Cohen,Amazon,AMZN,Operations,Director,76.0,848400,3.7
AMZN-0838,Raj Rossi,Amazon,AMZN,Legal & Policy,Staff,82.1,150900,10.8
AMZN-0839,Hiroshi Yamamoto,Amazon,AMZN,Design,Senior,78.2,650100,1.3
AMZN-0840,Aisha Hassan,Amazon,AMZN,Engineering,Staff,85.2,334400,10.8
AMZN-0841,Wei Garcia,Amazon,AMZN,Engineering,SVP,74.3,781100,9.0
AMZN-0842,Elena Lopez,Amazon,AMZN,Legal & Policy,Senior,70.7,285700,9.7
AMZN-0843,Wei Chen,Amazon,AMZN,People/HR,Principal,62.6,190200,6.9
AMZN-0844,Thomas Okafor,Amazon,AMZN,Product,Senior,76.6,402500,5.1
AMZN-0845,Carlos Wilson,Amazon,AMZN,Finance,Staff,88.5,209900,10.2
AMZN-0846,Maria Park,Amazon,AMZN,Research & AI,Senior,71.8,314400,1.0
AMZN-0847,Thomas Patel,Amazon,AMZN,Finance,Senior,73.7,518400,3.1
AMZN-0848,Ahmed Khan,Amazon,AMZN,Product,Director,77.8,432600,8.2
AMZN-0849,Wei Davis,Amazon,AMZN,Research & AI,Senior,74.4,192500,0.8
AMZN-0850,Daniel Davis,Amazon,AMZN,Sales & GTM,Staff,75.5,226700,1.3
AMZN-0851,Daniel Hassan,Amazon,AMZN,Operations,Principal,100.0,168900,2.2
AMZN-0852,Chen Smith,Amazon,AMZN,Engineering,Staff,89.5,333100,6.6
AMZN-0853,Priya Petrov,Amazon,AMZN,Engineering,Director,93.8,390500,8.3
AMZN-0854,Yuki Patel,Amazon,AMZN,Product,Staff,67.8,191200,2.7
AMZN-0855,Sofia Ali,Amazon,AMZN,Engineering,Staff,78.8,570200,6.6
AMZN-0856,Kevin Smith,Amazon,AMZN,Product,Principal,77.4,544100,3.6
AMZN-0857,Daniel Johnson,Amazon,AMZN,Engineering,Senior Director,74.3,490800,4.1
AMZN-0858,Fatima Tanaka,Amazon,AMZN,Engineering,Senior,45.7,112300,9.2
AMZN-0859,Aisha Murphy,Amazon,AMZN,Research & AI,Director,73.6,256300,3.2
AMZN-0860,Ahmed Yamamoto,Amazon,AMZN,Engineering,Principal,92.6,313500,13.5
AMZN-0861,Nina Patel,Amazon,AMZN,Research & AI,C-Suite,56.5,1068200,10.5
AMZN-0862,Michael Petrov,Amazon,AMZN,Sales & GTM,Director,75.2,655100,5.1
AMZN-0863,Linda Rossi,Amazon,AMZN,Engineering,Senior,74.4,109400,3.1
AMZN-0864,Kevin Schmidt,Amazon,AMZN,Legal & Policy,Senior Director,86.1,1110900,5.6
AMZN-0865,David Wilson,Amazon,AMZN,Engineering,Senior,81.6,575900,6.9
AMZN-0866,Elena Khan,Amazon,AMZN,Engineering,Director,65.0,813700,2.9
AMZN-0867,Thomas Park,Amazon,AMZN,Research & AI,Staff,75.6,177700,3.7
AMZN-0868,Yuki Johnson,Amazon,AMZN,Operations,Director,51.8,452500,11.0
AMZN-0869,Fatima Wang,Amazon,AMZN,Product,Senior,71.1,249100,6.5
AMZN-0870,David Murphy,Amazon,AMZN,Engineering,Senior,78.9,173100,6.9
AMZN-0871,Mary Schmidt,Amazon,AMZN,Engineering,Staff,77.3,160000,3.0
AMZN-0872,Mary Garcia,Amazon,AMZN,Design,Principal,58.5,295300,5.3
AMZN-0873,James Rossi,Amazon,AMZN,Engineering,Senior,88.5,316100,5.6
AMZN-0874,Thomas Kim,Amazon,AMZN,Legal & Policy,Senior,64.7,177700,7.0
AMZN-0875,Hiroshi Brown,Amazon,AMZN,Engineering,Staff,57.1,131500,3.9
AMZN-0876,Linda Wang,Amazon,AMZN,Engineering,Staff,77.3,255900,5.0
AMZN-0877,Daniel Wilson,Amazon,AMZN,Finance,Principal,84.5,110100,4.3
AMZN-0878,Fatima Silva,Amazon,AMZN,Research & AI,Senior,76.4,212200,9.0
AMZN-0879,Michael Park,Amazon,AMZN,Engineering,Staff,69.2,520200,8.7
AMZN-0880,Emily Petrov,Amazon,AMZN,Product,Principal,67.5,168100,3.5
AMZN-0881,Olivia Yamamoto,Amazon,AMZN,Research & AI,Director,62.8,317000,13.8
AMZN-0882,Thomas Kim,Amazon,AMZN,Engineering,Senior,77.7,197300,4.0
AMZN-0883,James Park,Amazon,AMZN,Operations,Senior,75.4,220600,6.0
AMZN-0884,Raj Okafor,Amazon,AMZN,Sales & GTM,Senior,86.7,288000,1.6
AMZN-0885,Olivia Nguyen,Amazon,AMZN,Product,Staff,89.3,275000,10.9
AMZN-0886,Fatima Wilson,Amazon,AMZN,Engineering,Senior,84.9,263200,22.8
AMZN-0887,Zoe Rossi,Amazon,AMZN,Legal & Policy,Director,79.9,610400,7.7
AMZN-0888,Priya Okafor,Amazon,AMZN,Sales & GTM,Senior,67.0,317700,3.0
AMZN-0889,Raj Okafor,Amazon,AMZN,Research & AI,Staff,56.5,379000,7.5
AMZN-0890,Hiroshi Ali,Amazon,AMZN,Research & AI,Staff,74.0,291200,6.3
AMZN-0891,Daniel Martinez,Amazon,AMZN,Research & AI,Senior,79.6,427600,3.5
AMZN-0892,Emily Wilson,Amazon,AMZN,Research & AI,Staff,76.2,90800,2.7
AMZN-0893,Wei Patel,Amazon,AMZN,Engineering,Senior,83.9,607200,0.9
AMZN-0894,David Kim,Amazon,AMZN,Sales & GTM,Principal,96.8,322200,9.3
AMZN-0895,Wei Cohen,Amazon,AMZN,Operations,Principal,67.1,499200,4.5
AMZN-0896,Hannah Garcia,Amazon,AMZN,Operations,Principal,77.0,1077400,6.1
AMZN-0897,John Petrov,Amazon,AMZN,Engineering,Director,73.6,1049500,5.3
AMZN-0898,Maria Park,Amazon,AMZN,Engineering,Senior,88.7,120300,8.0
AMZN-0899,John Smith,Amazon,AMZN,Finance,Senior,67.3,90000,5.7
AMZN-0900,Kevin Lee,Amazon,AMZN,Design,Senior,66.9,69800,15.5
AMZN-0901,Samuel Reyes,Amazon,AMZN,Engineering,Senior,73.2,337900,4.8
AMZN-0902,Hiroshi Cohen,Amazon,AMZN,Engineering,Senior,76.3,220100,14.9
AMZN-0903,Hannah Garcia,Amazon,AMZN,Engineering,Director,80.8,247200,2.8
AMZN-0904,Daniel Murphy,Amazon,AMZN,Product,Senior,84.4,1081400,9.4
AMZN-0905,Samuel Anderson,Amazon,AMZN,Product,Senior,69.2,127800,9.4
AMZN-0906,Priya Murphy,Amazon,AMZN,Engineering,Principal,62.0,277900,12.9
AMZN-0907,Samuel Hassan,Amazon,AMZN,Engineering,Senior,63.8,445900,1.7
AMZN-0908,Aisha Ali,Amazon,AMZN,Sales & GTM,Staff,81.9,267200,6.9
AMZN-0909,Hannah Rossi,Amazon,AMZN,Marketing,Senior,100.0,296200,2.4
AMZN-0910,Kevin Smith,Amazon,AMZN,Engineering,Principal,80.6,215500,3.9
AMZN-0911,Yuki Kim,Amazon,AMZN,Research & AI,Senior Director,76.0,831200,6.2
AMZN-0912,Daniel Brown,Amazon,AMZN,Engineering,Staff,95.7,1374400,2.8
AMZN-0913,Fatima Smith,Amazon,AMZN,Marketing,Staff,91.7,268500,28.2
AMZN-0914,John Schmidt,Amazon,AMZN,Engineering,Senior,78.3,184800,3.7
AMZN-0915,John Lee,Amazon,AMZN,Engineering,Staff,56.0,186500,3.3
AMZN-0916,John Martinez,Amazon,AMZN,Engineering,Staff,75.4,166000,7.8
AMZN-0917,Grace Smith,Amazon,AMZN,Engineering,Senior Director,79.1,794400,6.5
AMZN-0918,James Cohen,Amazon,AMZN,Engineering,Staff,66.8,613000,4.0
AMZN-0919,Ahmed Ali,Amazon,AMZN,Sales & GTM,Principal,94.5,578100,3.8
AMZN-0920,Hiroshi Cohen,Amazon,AMZN,Legal & Policy,Senior Director,91.1,1368600,10.3
AMZN-0921,Fatima Garcia,Amazon,AMZN,Sales & GTM,SVP,70.8,835800,18.8
AMZN-0922,Arjun Schmidt,Amazon,AMZN,Engineering,VP,95.8,669500,5.3
AMZN-0923,Zoe Ali,Amazon,AMZN,Research & AI,Senior,60.8,367100,3.7
AMZN-0924,Linda Schmidt,Amazon,AMZN,Research & AI,Staff,71.4,137100,1.0
AMZN-0925,Hiroshi Lopez,Amazon,AMZN,Engineering,Staff,93.4,974800,5.1
AMZN-0926,Yuki Martinez,Amazon,AMZN,Operations,Principal,80.6,828400,15.5
AMZN-0927,Samuel Kim,Amazon,AMZN,Product,Staff,77.5,243300,2.8
AMZN-0928,Arjun Smith,Amazon,AMZN,Engineering,VP,77.6,774300,26.1
AMZN-0929,Yuki Reyes,Amazon,AMZN,Engineering,Senior,69.3,241900,8.3
AMZN-0930,David Lee,Amazon,AMZN,Sales & GTM,Staff,67.1,300300,16.7
AMZN-0931,Daniel Wang,Amazon,AMZN,Product,Staff,68.8,164500,14.9
AMZN-0932,Ahmed Anderson,Amazon,AMZN,Engineering,Staff,63.4,216800,7.8
AMZN-0933,Maria Johnson,Amazon,AMZN,People/HR,Senior,72.1,134900,2.9
AMZN-0934,Arjun Lee,Amazon,AMZN,Design,VP,75.8,2564700,9.1
AMZN-0935,Nina Chen,Amazon,AMZN,Research & AI,Principal,92.2,687500,6.9
AMZN-0936,Zoe Okafor,Amazon,AMZN,Marketing,Staff,75.6,411900,8.9
AMZN-0937,Hiroshi Johnson,Amazon,AMZN,Engineering,Senior Director,69.9,697300,7.3
AMZN-0938,Nina Schmidt,Amazon,AMZN,Sales & GTM,Senior,77.6,307700,2.2
AMZN-0939,Priya Patel,Amazon,AMZN,Research & AI,Senior,49.1,186000,4.2
AMZN-0940,Maria Okafor,Amazon,AMZN,Legal & Policy,Director,80.6,757700,4.4
AMZN-0941,Wei Park,Amazon,AMZN,Engineering,Director,81.5,404500,9.5
AMZN-0942,Linda Reyes,Amazon,AMZN,Product,Staff,78.6,163100,4.3
AMZN-0943,Mary Murphy,Amazon,AMZN,Product,Staff,56.7,184400,10.1
AMZN-0944,David Chen,Amazon,AMZN,Legal & Policy,Principal,62.1,608600,5.6
AMZN-0945,Sofia Reyes,Amazon,AMZN,Engineering,Senior,96.9,803700,1.3
AMZN-0946,Linda Khan,Amazon,AMZN,Marketing,SVP,85.9,1116500,8.9
AMZN-0947,Yuki Khan,Amazon,AMZN,Engineering,Principal,89.9,796300,7.6
AMZN-0948,Nina Anderson,Amazon,AMZN,Marketing,Senior,100.0,379700,2.1
AMZN-0949,Mary Ali,Amazon,AMZN,Engineering,Senior Director,75.9,721100,4.1
AMZN-0950,Fatima Khan,Amazon,AMZN,Engineering,Staff,86.2,252600,6.9
AMZN-0951,Yuki Nguyen,Amazon,AMZN,Operations,Principal,64.4,367500,4.4
AMZN-0952,Olivia Silva,Amazon,AMZN,Engineering,Principal,88.3,278000,4.9
AMZN-0953,Hiroshi Patel,Amazon,AMZN,Sales & GTM,Senior,72.9,145900,5.8
AMZN-0954,John Hassan,Amazon,AMZN,Engineering,Senior,83.8,708400,3.6
AMZN-0955,John Rossi,Amazon,AMZN,Operations,Senior Director,74.2,996000,9.3
AMZN-0956,Michael Kim,Amazon,AMZN,Finance,Senior,92.0,588300,5.8
AMZN-0957,Hiroshi Garcia,Amazon,AMZN,Engineering,Principal,58.3,749300,2.3
AMZN-0958,Mary Okafor,Amazon,AMZN,Finance,Staff,80.2,404400,7.3
AMZN-0959,Olivia Murphy,Amazon,AMZN,Finance,Senior,63.9,376600,5.5
AMZN-0960,Grace Rossi,Amazon,AMZN,Legal & Policy,Senior,65.2,203900,0.2
AMZN-0961,Ahmed Rossi,Amazon,AMZN,Engineering,Principal,87.5,418100,4.0
AMZN-0962,David Johnson,Amazon,AMZN,Engineering,Senior,88.4,157200,1.0
AMZN-0963,Aisha Brown,Amazon,AMZN,Engineering,Senior,94.4,358700,7.1
AMZN-0964,Fatima Wang,Amazon,AMZN,Engineering,Staff,82.0,248000,5.0
AMZN-0965,David Rossi,Amazon,AMZN,Engineering,Senior,74.6,268200,6.0
AMZN-0966,Emily Johnson,Amazon,AMZN,Finance,Senior,84.2,337400,12.6
AMZN-0967,Maria Brown,Amazon,AMZN,Product,Principal,78.5,319500,8.9
AMZN-0968,Yuki Chen,Amazon,AMZN,Engineering,Director,65.0,535900,9.6
AMZN-0969,Ahmed Hassan,Amazon,AMZN,Finance,Director,88.4,1901300,6.8
AMZN-0970,Ahmed Reyes,Amazon,AMZN,Engineering,Staff,88.5,219700,10.6
AMZN-0971,Wei Okafor,Amazon,AMZN,Product,Principal,71.0,379000,8.7
AMZN-0972,Kevin Nguyen,Amazon,AMZN,Engineering,Principal,64.9,248400,6.5
AMZN-0973,Priya Hassan,Amazon,AMZN,Research & AI,Senior,85.0,223700,3.7
AMZN-0974,Thomas Petrov,Amazon,AMZN,Engineering,VP,81.8,1081200,10.2
AMZN-0975,Wei Murphy,Amazon,AMZN,Engineering,Senior,92.3,188100,11.6
AMZN-0976,Chen Tanaka,Amazon,AMZN,Operations,C-Suite,91.5,3750800,9.2
AMZN-0977,Raj Wilson,Amazon,AMZN,Sales & GTM,Principal,85.7,358200,8.2
AMZN-0978,Aisha Anderson,Amazon,AMZN,Finance,Senior,69.9,330300,3.7
AMZN-0979,Kevin Hassan,Amazon,AMZN,Sales & GTM,Senior Director,89.1,1825500,5.0
AMZN-0980,Kevin Cohen,Amazon,AMZN,Legal & Policy,Staff,77.6,412800,10.3
AMZN-0981,Grace Tanaka,Amazon,AMZN,Engineering,Senior,91.3,148900,3.5
AMZN-0982,Hiroshi Kim,Amazon,AMZN,Research & AI,Staff,85.0,444500,1.5
AMZN-0983,Aisha Davis,Amazon,AMZN,Research & AI,VP,85.3,1948500,14.2
AMZN-0984,Thomas Kim,Amazon,AMZN,Engineering,SVP,89.9,1436400,9.2
AMZN-0985,Kevin Schmidt,Amazon,AMZN,Sales & GTM,VP,73.5,2472700,7.6
AMZN-0986,Maria Lee,Amazon,AMZN,Engineering,Staff,72.7,303700,3.7
AMZN-0987,Yuki Reyes,Amazon,AMZN,Engineering,Staff,96.3,371900,4.8
AMZN-0988,Chen Johnson,Amazon,AMZN,Legal & Policy,Director,94.9,803000,6.0
AMZN-0989,Raj Murphy,Amazon,AMZN,Legal & Policy,Senior,80.6,299400,1.0
AMZN-0990,Hiroshi Lopez,Amazon,AMZN,Product,Director,72.4,1897600,5.5
AMZN-0991,Fatima Lopez,Amazon,AMZN,Legal & Policy,Principal,94.7,769700,4.8
AMZN-0992,Ahmed Rossi,Amazon,AMZN,Engineering,Director,96.4,730200,4.7
AMZN-0993,David Tanaka,Amazon,AMZN,Sales & GTM,Senior,66.8,118900,1.7
AMZN-0994,Daniel Brown,Amazon,AMZN,Marketing,Principal,61.9,182000,3.6
AMZN-0995,Chen Patel,Amazon,AMZN,Product,Senior Director,76.6,311100,11.2
AMZN-0996,Maria Davis,Amazon,AMZN,Engineering,Senior,89.7,231600,3.7
AMZN-0997,Mary Wang,Amazon,AMZN,Sales & GTM,Senior,74.9,121000,2.3
AMZN-0998,Aisha Rossi,Amazon,AMZN,People/HR,Staff,67.6,559200,7.5
AMZN-0999,Aisha Okafor,Amazon,AMZN,Research & AI,SVP,66.9,1100300,7.9
AMZN-1000,Samuel Lee,Amazon,AMZN,Engineering,Senior Director,86.1,497400,7.4
TSM-0001,Kai Lee,TSMC,TSM,Fab/Manufacturing,Principal,84.8,224000,12.1
TSM-0002,Chun Chang,TSMC,TSM,Legal & Policy,Principal,86.5,317500,13.3
TSM-0003,Fang Kuo,TSMC,TSM,Engineering,Principal,64.0,84600,10.7
TSM-0004,Bo Lee,TSMC,TSM,Quality,Senior,94.6,93000,7.3
TSM-0005,Hui Su,TSMC,TSM,Fab/Manufacturing,Staff,81.5,222600,19.0
TSM-0006,Cheng Chao,TSMC,TSM,Research & AI,Director,87.9,277200,33.9
TSM-0007,Hao Chiang,TSMC,TSM,Fab/Manufacturing,Principal,73.6,216700,9.0
TSM-0008,Li Tsai,TSMC,TSM,Fab/Manufacturing,Director,75.0,277900,15.8
TSM-0009,Po Pan,TSMC,TSM,Engineering,SVP,100.0,715300,8.9
TSM-0010,Zhi Huang,TSMC,TSM,Engineering,Senior,61.6,60800,8.8
TSM-0011,Cheng Chao,TSMC,TSM,Engineering,Senior Director,74.1,309000,15.2
TSM-0012,Chun Pan,TSMC,TSM,Sales & GTM,Staff,78.8,314900,8.8
TSM-0013,Fang Kuo,TSMC,TSM,Engineering,Principal,97.3,212600,12.3
TSM-0014,Qing Tsai,TSMC,TSM,Engineering,Senior,79.0,126400,13.0
TSM-0015,Qing Wu,TSMC,TSM,Sales & GTM,Staff,80.4,174200,11.8
TSM-0016,Bo Chao,TSMC,TSM,Engineering,Senior,86.3,142700,7.8
TSM-0017,Bo Su,TSMC,TSM,Fab/Manufacturing,Senior,84.1,91300,8.3
TSM-0018,Shu Chao,TSMC,TSM,Finance,Senior,75.8,100000,8.8
TSM-0019,Yi Chang,TSMC,TSM,Operations,Staff,72.5,188700,5.5
TSM-0020,Hui Lin,TSMC,TSM,Fab/Manufacturing,Staff,76.6,328000,13.3
TSM-0021,Wen Lin,TSMC,TSM,Fab/Manufacturing,Senior Director,84.1,393400,17.0
TSM-0022,Yi Lee,TSMC,TSM,Quality,Principal,75.2,221600,9.1
TSM-0023,Hao Yang,TSMC,TSM,Engineering,Senior,72.9,65800,2.2
TSM-0024,Po Chiang,TSMC,TSM,Fab/Manufacturing,Senior,77.1,147500,3.7
TSM-0025,Ying Kuo,TSMC,TSM,Research & AI,Senior Director,80.6,258100,12.9
TSM-0026,Wen Kuo,TSMC,TSM,Operations,Principal,95.6,220500,8.4
TSM-0027,Ying Chang,TSMC,TSM,Fab/Manufacturing,Staff,85.3,161800,11.7
TSM-0028,Fang Yeh,TSMC,TSM,Quality,Staff,80.3,177200,18.7
TSM-0029,Wei Chao,TSMC,TSM,Fab/Manufacturing,Director,85.0,124300,9.3
TSM-0030,Sheng Lin,TSMC,TSM,Engineering,Staff,90.4,108800,8.1
TSM-0031,Ying Wu,TSMC,TSM,Operations,Principal,85.1,206500,4.4
TSM-0032,Yu Hsu,TSMC,TSM,Engineering,Senior,67.7,65000,3.4
TSM-0033,Bo Cheng,TSMC,TSM,Fab/Manufacturing,Director,92.0,557800,18.1
TSM-0034,Qing Wu,TSMC,TSM,Operations,Senior,80.4,164200,12.4
TSM-0035,Mei Chang,TSMC,TSM,Sales & GTM,Principal,75.2,186500,8.9
TSM-0036,Jia Tsai,TSMC,TSM,Fab/Manufacturing,Senior,75.0,78600,4.0
TSM-0037,Chih Tseng,TSMC,TSM,Engineering,Senior,96.5,208200,15.1
TSM-0038,Jun Lee,TSMC,TSM,Quality,Staff,85.4,68600,9.9
TSM-0039,Chih Chou,TSMC,TSM,Operations,Senior Director,87.0,189300,11.9
TSM-0040,Shu Yeh,TSMC,TSM,Fab/Manufacturing,VP,77.0,688900,13.6
TSM-0041,Yi Chiang,TSMC,TSM,Engineering,Senior,77.1,43200,13.2
TSM-0042,Shu Chou,TSMC,TSM,Fab/Manufacturing,Senior,83.5,85200,12.6
TSM-0043,Chih Wang,TSMC,TSM,Engineering,Staff,75.7,252900,2.2
TSM-0044,Bo Wu,TSMC,TSM,Supply Chain,Principal,93.0,318000,6.9
TSM-0045,Hui Chang,TSMC,TSM,Fab/Manufacturing,Senior,78.1,107000,7.1
TSM-0046,Chun Hsu,TSMC,TSM,People/HR,Senior,85.1,42300,7.0
TSM-0047,Fang Yeh,TSMC,TSM,Operations,Staff,87.8,203200,10.1
TSM-0048,Ting Yeh,TSMC,TSM,Sales & GTM,Principal,75.6,422100,7.1
TSM-0049,Qing Lu,TSMC,TSM,Sales & GTM,Director,81.6,323000,12.2
TSM-0050,Shu Lin,TSMC,TSM,Research & AI,Senior,74.8,37200,9.9
TSM-0051,Fang Wang,TSMC,TSM,Research & AI,Senior,89.0,127900,6.7
TSM-0052,Chun Lu,TSMC,TSM,Engineering,Senior Director,81.2,579500,15.5
TSM-0053,Chih Chang,TSMC,TSM,Fab/Manufacturing,Senior,81.1,147100,14.1
TSM-0054,Ling Shen,TSMC,TSM,Fab/Manufacturing,Senior,76.6,229200,11.8
TSM-0055,Po Fang,TSMC,TSM,Engineering,Senior,89.7,71200,8.5
TSM-0056,Fang Fang,TSMC,TSM,Fab/Manufacturing,Staff,73.2,73600,7.7
TSM-0057,Ling Tsai,TSMC,TSM,Finance,VP,81.2,1061700,11.6
TSM-0058,Ling Kuo,TSMC,TSM,Fab/Manufacturing,Principal,98.8,263000,24.9
TSM-0059,Fang Liao,TSMC,TSM,Operations,Senior,77.7,163000,8.6
TSM-0060,Qing Kuo,TSMC,TSM,Finance,Staff,73.5,90100,15.4
TSM-0061,Ming Huang,TSMC,TSM,Research & AI,Staff,80.9,163100,15.9
TSM-0062,Mei Pan,TSMC,TSM,Engineering,Director,64.6,186600,12.4
TSM-0063,Xin Tseng,TSMC,TSM,Finance,Director,78.1,200100,8.3
TSM-0064,Sheng Hsu,TSMC,TSM,Operations,Senior,84.3,83800,9.6
TSM-0065,Ling Tsai,TSMC,TSM,Legal & Policy,Staff,79.3,209200,3.5
TSM-0066,Kai Yeh,TSMC,TSM,Fab/Manufacturing,Senior,76.0,133500,2.6
TSM-0067,Wen Su,TSMC,TSM,Engineering,Senior,75.2,113400,19.8
TSM-0068,Chih Fang,TSMC,TSM,Research & AI,Staff,77.5,166000,4.6
TSM-0069,Jian Kuo,TSMC,TSM,Fab/Manufacturing,Staff,84.4,97000,8.8
TSM-0070,Bo Chou,TSMC,TSM,Operations,Principal,81.6,246200,14.7
TSM-0071,Li Tsai,TSMC,TSM,Quality,Staff,85.9,129100,13.1
TSM-0072,Xin Chen,TSMC,TSM,Research & AI,Senior,73.8,85000,14.7
TSM-0073,Ming Yeh,TSMC,TSM,Fab/Manufacturing,VP,82.1,267400,10.6
TSM-0074,Bo Hsu,TSMC,TSM,Fab/Manufacturing,Principal,94.9,154100,11.5
TSM-0075,Qing Lee,TSMC,TSM,Fab/Manufacturing,Senior,85.9,80500,7.5
TSM-0076,Shu Lu,TSMC,TSM,Research & AI,Senior,81.4,110600,9.7
TSM-0077,Jun Chao,TSMC,TSM,Research & AI,Senior,92.6,92000,14.8
TSM-0078,Shu Tseng,TSMC,TSM,Fab/Manufacturing,Principal,88.7,79700,6.6
TSM-0079,Fang Chen,TSMC,TSM,People/HR,Principal,66.1,70500,4.4
TSM-0080,Qing Tseng,TSMC,TSM,Fab/Manufacturing,Senior Director,81.2,142400,20.5
TSM-0081,Zhi Lu,TSMC,TSM,Sales & GTM,Principal,83.3,133500,26.4
TSM-0082,Shu Chao,TSMC,TSM,Finance,Staff,83.8,315000,5.5
TSM-0083,Kai Shen,TSMC,TSM,Quality,C-Suite,87.1,906800,20.5
TSM-0084,Mei Hsu,TSMC,TSM,Engineering,Staff,86.2,127100,6.8
TSM-0085,Mei Lin,TSMC,TSM,Engineering,Principal,73.4,90700,10.3
TSM-0086,Ying Huang,TSMC,TSM,Engineering,Senior,77.5,90600,4.7
TSM-0087,Zhi Fang,TSMC,TSM,Research & AI,Senior,67.9,159100,7.2
TSM-0088,Jia Yang,TSMC,TSM,Fab/Manufacturing,VP,76.0,402400,22.4
TSM-0089,Yi Liao,TSMC,TSM,Sales & GTM,Senior,91.7,294000,7.8
TSM-0090,Po Chiang,TSMC,TSM,Fab/Manufacturing,Staff,71.0,106500,6.2
TSM-0091,Jian Hung,TSMC,TSM,Research & AI,C-Suite,83.6,488600,21.3
TSM-0092,Wen Lin,TSMC,TSM,Engineering,Principal,78.5,81500,7.8
TSM-0093,Kai Chen,TSMC,TSM,Finance,Staff,81.1,74000,7.7
TSM-0094,Shu Yeh,TSMC,TSM,Supply Chain,Senior,69.2,163800,8.6
TSM-0095,Shu Yeh,TSMC,TSM,Fab/Manufacturing,Senior,83.8,91500,6.5
TSM-0096,Shu Pan,TSMC,TSM,Fab/Manufacturing,Senior Director,78.5,356300,7.0
TSM-0097,Cheng Kuo,TSMC,TSM,Engineering,VP,80.5,311900,16.3
TSM-0098,Mei Lin,TSMC,TSM,Quality,Senior,89.2,125100,5.0
TSM-0099,Ying Tseng,TSMC,TSM,Engineering,Senior,74.6,109500,8.7
TSM-0100,Fang Chen,TSMC,TSM,Supply Chain,SVP,77.8,595300,16.2
TSM-0101,Hui Lin,TSMC,TSM,Research & AI,Senior,94.9,96600,7.5
TSM-0102,Jun Lu,TSMC,TSM,Fab/Manufacturing,Staff,66.8,119900,8.5
TSM-0103,Shu Pan,TSMC,TSM,Operations,Staff,91.8,221500,20.5
TSM-0104,Jun Hsu,TSMC,TSM,Operations,Senior,61.5,67900,0.9
TSM-0105,Ling Hsu,TSMC,TSM,Operations,VP,85.6,797100,19.1
TSM-0106,Jian Chiang,TSMC,TSM,Fab/Manufacturing,Principal,73.7,127000,6.2
TSM-0107,Jun Shen,TSMC,TSM,Fab/Manufacturing,Senior,71.3,67000,7.9
TSM-0108,Cheng Chang,TSMC,TSM,Fab/Manufacturing,Senior,97.4,160500,3.3
TSM-0109,Xin Cheng,TSMC,TSM,Operations,Senior,80.8,106800,5.2
TSM-0110,Kai Liu,TSMC,TSM,Engineering,Senior,79.1,333300,7.2
TSM-0111,Wei Yang,TSMC,TSM,People/HR,Senior,85.3,240300,8.1
TSM-0112,Kai Chen,TSMC,TSM,Operations,Principal,78.8,115300,9.3
TSM-0113,Wei Cheng,TSMC,TSM,Operations,Staff,72.3,131600,15.7
TSM-0114,Wei Chiang,TSMC,TSM,Engineering,SVP,84.1,1171800,12.8
TSM-0115,Fang Su,TSMC,TSM,Engineering,VP,88.1,410500,12.1
TSM-0116,Ying Yang,TSMC,TSM,Operations,Director,91.8,348300,9.0
TSM-0117,Cheng Hsu,TSMC,TSM,Fab/Manufacturing,Director,80.2,276800,25.4
TSM-0118,Po Lu,TSMC,TSM,Operations,Senior,63.6,152000,7.6
TSM-0119,Chun Chang,TSMC,TSM,Fab/Manufacturing,Principal,92.0,316700,5.7
TSM-0120,Jun Hsieh,TSMC,TSM,Engineering,SVP,75.8,289400,7.2
TSM-0121,Hao Wang,TSMC,TSM,Fab/Manufacturing,Senior,65.8,81400,14.3
TSM-0122,Chih Lin,TSMC,TSM,Research & AI,Staff,91.2,232300,13.0
TSM-0123,Fang Hsieh,TSMC,TSM,Fab/Manufacturing,Principal,72.2,165300,9.9
TSM-0124,Qing Hung,TSMC,TSM,Sales & GTM,Senior,77.3,94900,8.5
TSM-0125,Ling Huang,TSMC,TSM,Sales & GTM,Staff,77.8,111400,13.3
TSM-0126,Fang Tseng,TSMC,TSM,Fab/Manufacturing,Senior Director,83.3,546600,11.4
TSM-0127,Xin Hung,TSMC,TSM,Legal & Policy,Principal,85.7,207000,17.1
TSM-0128,Wen Yang,TSMC,TSM,Research & AI,Senior,58.4,93300,8.3
TSM-0129,Ming Huang,TSMC,TSM,Engineering,Staff,96.5,159000,18.4
TSM-0130,Hui Chang,TSMC,TSM,Supply Chain,Principal,87.3,156900,17.2
TSM-0131,Jun Kuo,TSMC,TSM,Operations,Director,91.4,230600,8.6
TSM-0132,Po Liu,TSMC,TSM,Fab/Manufacturing,Staff,85.4,175400,19.1
TSM-0133,Ling Chou,TSMC,TSM,Engineering,Director,99.7,127700,15.3
TSM-0134,Jun Chou,TSMC,TSM,Engineering,Senior,75.6,80400,14.7
TSM-0135,Ling Huang,TSMC,TSM,Engineering,Senior Director,71.5,205700,18.9
TSM-0136,Wen Yeh,TSMC,TSM,Engineering,Staff,86.7,345900,11.8
TSM-0137,Po Liu,TSMC,TSM,Finance,Senior Director,83.8,334100,19.6
TSM-0138,Chun Huang,TSMC,TSM,Fab/Manufacturing,Principal,90.5,196200,8.5
TSM-0139,Cheng Fang,TSMC,TSM,Supply Chain,Director,83.5,134900,13.4
TSM-0140,Sheng Kuo,TSMC,TSM,Sales & GTM,Senior,75.6,151200,7.1
TSM-0141,Zhi Yeh,TSMC,TSM,Legal & Policy,Staff,75.6,139100,12.7
TSM-0142,Yu Wu,TSMC,TSM,Engineering,Director,77.9,157500,11.3
TSM-0143,Li Chiang,TSMC,TSM,Engineering,VP,87.8,252000,11.7
TSM-0144,Bo Shen,TSMC,TSM,Operations,VP,81.9,440000,13.0
TSM-0145,Ting Liao,TSMC,TSM,Fab/Manufacturing,VP,77.2,585000,23.0
TSM-0146,Shu Pan,TSMC,TSM,Operations,Senior,80.5,51200,3.8
TSM-0147,Jun Chen,TSMC,TSM,Finance,Staff,74.2,106400,4.1
TSM-0148,Chun Cheng,TSMC,TSM,Engineering,Senior,71.1,61600,8.4
TSM-0149,Xin Kuo,TSMC,TSM,Engineering,Principal,74.6,281700,12.8
TSM-0150,Bo Su,TSMC,TSM,Sales & GTM,Principal,87.6,359600,8.1
TSM-0151,Jia Liao,TSMC,TSM,Fab/Manufacturing,Director,78.1,197900,20.2
TSM-0152,Wen Hsu,TSMC,TSM,Engineering,Director,62.2,209500,13.7
TSM-0153,Ming Tseng,TSMC,TSM,Fab/Manufacturing,Senior,77.4,148700,13.8
TSM-0154,Ling Yang,TSMC,TSM,Engineering,Senior,77.6,99900,4.3
TSM-0155,Ting Hsieh,TSMC,TSM,Supply Chain,Senior,62.3,93700,11.9
TSM-0156,Shu Wu,TSMC,TSM,Operations,Staff,80.7,160800,3.3
TSM-0157,Ting Lu,TSMC,TSM,Finance,Senior,69.6,78900,12.2
TSM-0158,Ming Hung,TSMC,TSM,Engineering,Senior,86.7,110500,2.9
TSM-0159,Shu Lee,TSMC,TSM,Engineering,Principal,86.5,214300,4.5
TSM-0160,Jun Tsai,TSMC,TSM,Fab/Manufacturing,Director,81.9,520300,15.1
TSM-0161,Sheng Shen,TSMC,TSM,Engineering,Staff,83.1,245100,15.1
TSM-0162,Ling Chou,TSMC,TSM,Engineering,Senior,79.7,83400,9.0
TSM-0163,Kai Chang,TSMC,TSM,Engineering,Principal,84.3,111000,9.0
TSM-0164,Jian Chiang,TSMC,TSM,Fab/Manufacturing,Senior,69.5,44200,16.1
TSM-0165,Bo Liu,TSMC,TSM,Research & AI,Principal,69.7,428000,6.0
TSM-0166,Kai Yang,TSMC,TSM,Operations,VP,80.3,513100,14.4
TSM-0167,Fang Chou,TSMC,TSM,Fab/Manufacturing,Staff,93.5,140600,6.1
TSM-0168,Zhi Kuo,TSMC,TSM,Supply Chain,Director,76.1,308800,10.1
TSM-0169,Hui Chiang,TSMC,TSM,Operations,Senior,82.4,136700,14.9
TSM-0170,Sheng Chao,TSMC,TSM,Fab/Manufacturing,Senior,55.3,93500,1.4
TSM-0171,Bo Hung,TSMC,TSM,Research & AI,Director,74.1,376600,11.5
TSM-0172,Wei Chou,TSMC,TSM,Operations,Senior,77.5,63800,14.0
TSM-0173,Ting Cheng,TSMC,TSM,Fab/Manufacturing,Staff,85.3,203100,13.1
TSM-0174,Jia Huang,TSMC,TSM,Sales & GTM,Director,80.1,257400,14.6
TSM-0175,Xin Shen,TSMC,TSM,Engineering,Staff,77.7,132900,11.2
TSM-0176,Li Su,TSMC,TSM,Engineering,Staff,87.7,67500,9.4
TSM-0177,Yu Shen,TSMC,TSM,Research & AI,Principal,78.3,150400,5.6
TSM-0178,Chun Pan,TSMC,TSM,Operations,Senior,79.4,80100,3.8
TSM-0179,Chun Chang,TSMC,TSM,Sales & GTM,Senior,78.7,103900,4.8
TSM-0180,Jun Liu,TSMC,TSM,Legal & Policy,Senior,85.2,103600,9.7
TSM-0181,Wen Liu,TSMC,TSM,Quality,Senior,74.4,94800,8.6
TSM-0182,Qing Yeh,TSMC,TSM,Sales & GTM,Senior,75.3,85800,3.5
TSM-0183,Cheng Hsu,TSMC,TSM,Engineering,Staff,83.3,111500,17.7
TSM-0184,Yu Yang,TSMC,TSM,Engineering,Senior,86.1,152700,4.7
TSM-0185,Hui Chen,TSMC,TSM,Engineering,Principal,87.5,81200,3.6
TSM-0186,Chun Tsai,TSMC,TSM,Fab/Manufacturing,Staff,73.7,170700,7.8
TSM-0187,Li Cheng,TSMC,TSM,Quality,Senior,78.3,268100,17.1
TSM-0188,Jun Su,TSMC,TSM,Operations,VP,79.0,411200,11.2
TSM-0189,Cheng Cheng,TSMC,TSM,Engineering,Senior,93.4,222500,10.9
TSM-0190,Ting Lee,TSMC,TSM,Supply Chain,Senior,86.5,329600,7.7
TSM-0191,Sheng Pan,TSMC,TSM,Finance,Staff,74.5,38400,8.6
TSM-0192,Hao Chou,TSMC,TSM,Sales & GTM,Senior,73.3,128500,8.3
TSM-0193,Kai Hsieh,TSMC,TSM,Operations,Senior,79.2,156600,8.6
TSM-0194,Yu Tsai,TSMC,TSM,Supply Chain,Staff,72.1,216000,13.0
TSM-0195,Mei Chen,TSMC,TSM,Engineering,Director,93.1,225100,11.8
TSM-0196,Qing Cheng,TSMC,TSM,Sales & GTM,Director,74.6,672900,6.4
TSM-0197,Jia Chang,TSMC,TSM,Fab/Manufacturing,Senior Director,89.7,612700,16.1
TSM-0198,Zhi Yang,TSMC,TSM,Fab/Manufacturing,Principal,88.7,272300,18.3
TSM-0199,Hao Lin,TSMC,TSM,Fab/Manufacturing,Principal,73.8,134900,8.7
TSM-0200,Yu Yang,TSMC,TSM,Supply Chain,Principal,74.5,49100,8.2
TSM-0201,Shu Tsai,TSMC,TSM,Operations,Senior,73.3,42600,17.4
TSM-0202,Hui Chen,TSMC,TSM,Sales & GTM,Principal,86.0,166900,11.4
TSM-0203,Po Tseng,TSMC,TSM,Engineering,Director,82.4,176100,16.6
TSM-0204,Ming Fang,TSMC,TSM,Fab/Manufacturing,Principal,85.3,317800,14.2
TSM-0205,Ying Wang,TSMC,TSM,Engineering,Principal,73.9,176000,13.0
TSM-0206,Qing Cheng,TSMC,TSM,Operations,Director,71.6,125000,5.8
TSM-0207,Han Chiang,TSMC,TSM,Supply Chain,Staff,74.5,185700,12.4
TSM-0208,Ying Liao,TSMC,TSM,Quality,Staff,97.5,225000,11.4
TSM-0209,Jia Hsu,TSMC,TSM,Legal & Policy,Staff,83.6,285600,16.3
TSM-0210,Ying Chou,TSMC,TSM,Fab/Manufacturing,Senior,87.1,126800,8.1
TSM-0211,Qing Fang,TSMC,TSM,Quality,Principal,78.4,326300,12.6
TSM-0212,Ling Liao,TSMC,TSM,Operations,VP,82.4,777700,14.9
TSM-0213,Ying Su,TSMC,TSM,Research & AI,Staff,86.6,95700,17.9
TSM-0214,Li Fang,TSMC,TSM,Engineering,Senior,81.1,54800,3.0
TSM-0215,Jia Chang,TSMC,TSM,Operations,Director,96.2,654500,12.1
TSM-0216,Yi Lee,TSMC,TSM,Fab/Manufacturing,Senior Director,79.8,245900,10.9
TSM-0217,Jian Yang,TSMC,TSM,Operations,Principal,79.1,383300,13.4
TSM-0218,Wen Chiang,TSMC,TSM,Operations,Senior,68.0,112900,18.8
TSM-0219,Yi Lin,TSMC,TSM,People/HR,Senior,87.8,108500,23.7
TSM-0220,Jian Lu,TSMC,TSM,Engineering,Staff,75.6,70500,4.8
TSM-0221,Shu Kuo,TSMC,TSM,Sales & GTM,Director,69.5,346100,5.3
TSM-0222,Xin Chang,TSMC,TSM,Legal & Policy,Director,87.8,341100,10.6
TSM-0223,Ling Chen,TSMC,TSM,Engineering,Staff,93.4,107700,5.0
TSM-0224,Fang Hung,TSMC,TSM,Fab/Manufacturing,Senior,73.0,162100,6.1
TSM-0225,Jia Fang,TSMC,TSM,Legal & Policy,Principal,94.2,212100,8.4
TSM-0226,Jun Kuo,TSMC,TSM,Fab/Manufacturing,Director,74.5,261600,7.2
TSM-0227,Ting Fang,TSMC,TSM,Quality,Director,93.0,359400,13.8
TSM-0228,Xin Chao,TSMC,TSM,Fab/Manufacturing,Principal,67.9,206800,10.7
TSM-0229,Cheng Lee,TSMC,TSM,Fab/Manufacturing,Director,78.5,270600,7.7
TSM-0230,Ting Pan,TSMC,TSM,Research & AI,Staff,84.3,214200,2.2
TSM-0231,Ying Cheng,TSMC,TSM,Legal & Policy,Staff,86.0,186700,11.5
TSM-0232,Xin Wu,TSMC,TSM,Engineering,Staff,86.2,187300,12.3
TSM-0233,Kai Yang,TSMC,TSM,Sales & GTM,Senior,80.6,90900,5.4
TSM-0234,Wei Wang,TSMC,TSM,Engineering,Principal,75.6,63400,10.0
TSM-0235,Jian Su,TSMC,TSM,Engineering,SVP,80.8,810200,15.2
TSM-0236,Zhi Wu,TSMC,TSM,Fab/Manufacturing,Director,69.7,268200,11.1
TSM-0237,Ying Liu,TSMC,TSM,Engineering,Senior,68.8,273300,9.9
TSM-0238,Cheng Lin,TSMC,TSM,Engineering,Senior,70.4,94000,9.3
TSM-0239,Ling Lu,TSMC,TSM,Fab/Manufacturing,Principal,95.9,300400,11.0
TSM-0240,Cheng Wu,TSMC,TSM,Operations,Senior,70.5,53000,4.0
TSM-0241,Sheng Pan,TSMC,TSM,Supply Chain,VP,76.7,275300,10.3
TSM-0242,Han Pan,TSMC,TSM,Finance,Staff,84.6,91000,8.5
TSM-0243,Zhi Lee,TSMC,TSM,Engineering,Senior Director,100.0,181800,10.2
TSM-0244,Chun Shen,TSMC,TSM,Research & AI,Director,80.6,501300,8.7
TSM-0245,Fang Hsu,TSMC,TSM,Research & AI,VP,92.0,344400,16.5
TSM-0246,Wei Lee,TSMC,TSM,Research & AI,Senior,84.2,92800,11.9
TSM-0247,Fang Lee,TSMC,TSM,Operations,Senior,79.3,210200,11.5
TSM-0248,Ming Hsieh,TSMC,TSM,Operations,Senior,88.0,139000,3.9
TSM-0249,Han Yeh,TSMC,TSM,Engineering,Principal,81.5,116500,10.9
TSM-0250,Cheng Chou,TSMC,TSM,Finance,Staff,90.9,713800,6.2
TSM-0251,Ting Su,TSMC,TSM,Engineering,Staff,98.4,118800,6.0
TSM-0252,Ying Lee,TSMC,TSM,Supply Chain,Principal,88.6,222900,10.4
TSM-0253,Jian Yang,TSMC,TSM,Quality,Senior,78.8,85000,7.7
TSM-0254,Yi Liu,TSMC,TSM,Fab/Manufacturing,Staff,81.8,124500,14.0
TSM-0255,Po Chiang,TSMC,TSM,Engineering,C-Suite,82.6,1003400,21.3
TSM-0256,Yu Wu,TSMC,TSM,Fab/Manufacturing,Principal,81.7,252700,11.3
TSM-0257,Wen Wang,TSMC,TSM,Research & AI,Staff,68.4,208300,5.0
TSM-0258,Ting Pan,TSMC,TSM,Supply Chain,Staff,84.3,87700,9.4
TSM-0259,Qing Wang,TSMC,TSM,Engineering,Principal,71.4,154000,4.9
TSM-0260,Zhi Chao,TSMC,TSM,Research & AI,Principal,79.1,317900,10.2
TSM-0261,Po Lin,TSMC,TSM,Engineering,Staff,75.5,175000,6.4
TSM-0262,Qing Tseng,TSMC,TSM,Fab/Manufacturing,Principal,89.9,308900,14.8
TSM-0263,Yu Liao,TSMC,TSM,Operations,Director,77.2,121000,9.5
TSM-0264,Ling Chiang,TSMC,TSM,Finance,Senior,70.8,65400,3.6
TSM-0265,Qing Fang,TSMC,TSM,People/HR,Principal,80.0,228200,4.5
TSM-0266,Bo Tseng,TSMC,TSM,Engineering,Principal,88.2,315100,7.5
TSM-0267,Jian Wu,TSMC,TSM,Fab/Manufacturing,Principal,78.8,178200,10.9
TSM-0268,Kai Chen,TSMC,TSM,Fab/Manufacturing,Senior,83.0,173700,2.7
TSM-0269,Chih Wang,TSMC,TSM,Research & AI,Senior,88.6,136000,10.6
TSM-0270,Hao Lee,TSMC,TSM,Finance,Senior,79.2,103600,11.0
TSM-0271,Fang Hung,TSMC,TSM,Supply Chain,Principal,73.4,141000,14.6
TSM-0272,Cheng Wu,TSMC,TSM,Fab/Manufacturing,Principal,90.5,256600,12.7
TSM-0273,Ling Liao,TSMC,TSM,Supply Chain,Staff,75.3,183900,5.1
TSM-0274,Chih Cheng,TSMC,TSM,Engineering,SVP,78.5,796400,9.7
TSM-0275,Jian Wang,TSMC,TSM,Engineering,SVP,89.4,489900,16.8
TSM-0276,Ying Pan,TSMC,TSM,Engineering,Staff,79.8,155900,3.6
TSM-0277,Ying Tseng,TSMC,TSM,Operations,Director,79.3,110700,4.4
TSM-0278,Hao Yeh,TSMC,TSM,Fab/Manufacturing,Senior,73.6,192400,9.8
TSM-0279,Jun Shen,TSMC,TSM,Research & AI,Senior,69.5,133500,15.1
TSM-0280,Jun Hung,TSMC,TSM,Sales & GTM,Staff,84.0,93500,8.4
TSM-0281,Hui Yeh,TSMC,TSM,Fab/Manufacturing,Principal,89.7,212400,13.4
TSM-0282,Ming Wu,TSMC,TSM,Legal & Policy,Principal,86.1,342900,7.1
TSM-0283,Hui Hung,TSMC,TSM,Engineering,Principal,74.7,246900,17.8
TSM-0284,Ling Fang,TSMC,TSM,Operations,Staff,80.1,430900,17.7
TSM-0285,Jia Cheng,TSMC,TSM,Fab/Manufacturing,Senior,63.4,43700,13.0
TSM-0286,Jia Liu,TSMC,TSM,Finance,Senior,80.7,87500,3.8
TSM-0287,Yu Hung,TSMC,TSM,Sales & GTM,Senior,78.0,203400,9.1
TSM-0288,Xin Shen,TSMC,TSM,Research & AI,Director,77.1,369400,13.3
TSM-0289,Zhi Chiang,TSMC,TSM,Fab/Manufacturing,Senior Director,95.4,534200,14.8
TSM-0290,Wei Hsu,TSMC,TSM,Engineering,Staff,83.0,108200,15.5
TSM-0291,Li Chen,TSMC,TSM,Fab/Manufacturing,Senior,70.3,148100,2.3
TSM-0292,Shu Hsu,TSMC,TSM,Research & AI,VP,78.7,301600,9.8
TSM-0293,Fang Lee,TSMC,TSM,Engineering,Staff,70.8,167500,17.9
TSM-0294,Shu Wang,TSMC,TSM,Fab/Manufacturing,VP,79.4,424000,13.4
TSM-0295,Bo Chen,TSMC,TSM,Engineering,Senior,70.5,77700,25.1
TSM-0296,Wei Tseng,TSMC,TSM,Fab/Manufacturing,Senior,74.4,75000,9.7
TSM-0297,Yu Cheng,TSMC,TSM,Fab/Manufacturing,Senior,81.7,75400,9.4
TSM-0298,Jun Chen,TSMC,TSM,Engineering,Principal,81.8,301100,14.7
TSM-0299,Chun Fang,TSMC,TSM,Engineering,Staff,95.6,495300,16.5
TSM-0300,Jia Chao,TSMC,TSM,Sales & GTM,Senior,72.5,98200,5.9
TSM-0301,Ming Shen,TSMC,TSM,Engineering,Staff,52.1,94000,11.4
TSM-0302,Po Tseng,TSMC,TSM,Fab/Manufacturing,Senior Director,87.6,193600,5.1
TSM-0303,Jia Hsu,TSMC,TSM,Engineering,Senior,71.6,88500,13.0
TSM-0304,Wei Shen,TSMC,TSM,Finance,Senior,91.6,76500,9.3
TSM-0305,Ling Chou,TSMC,TSM,Fab/Manufacturing,Senior,90.7,95200,7.9
TSM-0306,Bo Yeh,TSMC,TSM,Fab/Manufacturing,Senior,78.9,113200,2.4
TSM-0307,Ying Hung,TSMC,TSM,Research & AI,Principal,76.5,260900,5.8
TSM-0308,Ling Hsu,TSMC,TSM,Research & AI,Senior,81.4,207500,6.4
TSM-0309,Hao Hung,TSMC,TSM,Fab/Manufacturing,Senior Director,75.8,140400,12.7
TSM-0310,Sheng Huang,TSMC,TSM,Engineering,Director,67.0,187700,9.5
TSM-0311,Ming Chang,TSMC,TSM,Engineering,Director,80.0,219400,13.6
TSM-0312,Yu Shen,TSMC,TSM,Engineering,Senior,75.3,155700,8.6
TSM-0313,Fang Wu,TSMC,TSM,Operations,Principal,68.1,476000,3.6
TSM-0314,Wei Wang,TSMC,TSM,Fab/Manufacturing,Staff,84.6,154600,13.4
TSM-0315,Sheng Hsieh,TSMC,TSM,Engineering,Senior,88.2,186400,3.1
TSM-0316,Hui Liao,TSMC,TSM,Operations,Staff,70.2,129000,5.9
TSM-0317,Po Liu,TSMC,TSM,Quality,Staff,85.3,139200,14.2
TSM-0318,Xin Chiang,TSMC,TSM,Fab/Manufacturing,Director,86.1,482300,10.2
TSM-0319,Jian Cheng,TSMC,TSM,Research & AI,Senior,85.4,84800,9.1
TSM-0320,Jian Yeh,TSMC,TSM,Operations,Director,100.0,228200,8.7
TSM-0321,Han Chiang,TSMC,TSM,Engineering,Senior,72.1,86600,15.9
TSM-0322,Kai Wang,TSMC,TSM,Operations,Staff,81.9,140400,11.9
TSM-0323,Yi Chang,TSMC,TSM,Fab/Manufacturing,Principal,89.8,135600,8.5
TSM-0324,Han Wang,TSMC,TSM,Fab/Manufacturing,Staff,80.6,449600,19.4
TSM-0325,Zhi Wu,TSMC,TSM,Fab/Manufacturing,Staff,83.0,97000,7.6
TSM-0326,Cheng Chou,TSMC,TSM,Research & AI,VP,86.7,191800,10.0
TSM-0327,Fang Chen,TSMC,TSM,Engineering,Principal,91.1,168300,10.9
TSM-0328,Zhi Fang,TSMC,TSM,Finance,VP,74.5,196100,19.2
TSM-0329,Jia Yeh,TSMC,TSM,Fab/Manufacturing,Senior,81.5,134800,4.2
TSM-0330,Fang Lin,TSMC,TSM,Operations,Senior,91.1,124200,3.2
TSM-0331,Ying Chang,TSMC,TSM,Fab/Manufacturing,Senior,78.3,114200,5.7
TSM-0332,Shu Tseng,TSMC,TSM,Engineering,Staff,69.2,345900,29.1
TSM-0333,Xin Chen,TSMC,TSM,Sales & GTM,Staff,90.9,202400,14.2
TSM-0334,Mei Hung,TSMC,TSM,Engineering,Staff,90.5,221200,3.2
TSM-0335,Sheng Shen,TSMC,TSM,Fab/Manufacturing,Senior Director,89.4,530500,11.6
TSM-0336,Ling Su,TSMC,TSM,Fab/Manufacturing,Staff,84.8,163100,9.6
TSM-0337,Ting Chen,TSMC,TSM,Finance,Principal,84.8,109000,14.1
TSM-0338,Cheng Liu,TSMC,TSM,Sales & GTM,Principal,91.6,193200,18.5
TSM-0339,Jia Lin,TSMC,TSM,Research & AI,Senior Director,74.8,277300,7.1
TSM-0340,Ting Chao,TSMC,TSM,Fab/Manufacturing,Staff,76.2,283800,7.8
TSM-0341,Qing Yeh,TSMC,TSM,Operations,Director,73.1,236700,10.4
TSM-0342,Hao Tsai,TSMC,TSM,Engineering,Director,90.2,173700,14.4
TSM-0343,Yi Chiang,TSMC,TSM,Engineering,Senior,75.9,175800,16.7
TSM-0344,Po Lu,TSMC,TSM,Research & AI,Senior,83.4,264700,7.3
TSM-0345,Chih Fang,TSMC,TSM,People/HR,Senior,76.8,82300,8.8
TSM-0346,Ming Liu,TSMC,TSM,Engineering,Staff,84.0,120900,10.4
TSM-0347,Ying Lu,TSMC,TSM,Fab/Manufacturing,VP,81.5,452100,10.2
TSM-0348,Zhi Chao,TSMC,TSM,Fab/Manufacturing,VP,86.1,390300,12.4
TSM-0349,Mei Chiang,TSMC,TSM,Research & AI,Senior,78.3,107000,26.3
TSM-0350,Kai Cheng,TSMC,TSM,Engineering,Staff,82.2,139200,7.3
TSM-0351,Chun Cheng,TSMC,TSM,Fab/Manufacturing,Staff,88.2,139200,5.6
TSM-0352,Wen Kuo,TSMC,TSM,Engineering,Staff,86.4,102600,26.0
TSM-0353,Yu Fang,TSMC,TSM,Engineering,Principal,83.9,229900,30.0
TSM-0354,Ying Liu,TSMC,TSM,Fab/Manufacturing,Staff,87.0,130400,9.9
TSM-0355,Jia Lin,TSMC,TSM,Sales & GTM,Senior,82.1,152800,2.2
TSM-0356,Jian Yang,TSMC,TSM,Fab/Manufacturing,VP,87.2,418000,15.4
TSM-0357,Hui Wang,TSMC,TSM,Fab/Manufacturing,Staff,68.5,231300,8.4
TSM-0358,Yu Kuo,TSMC,TSM,Engineering,Director,73.3,305600,19.7
TSM-0359,Wen Yeh,TSMC,TSM,Fab/Manufacturing,Director,74.6,244800,11.9
TSM-0360,Zhi Cheng,TSMC,TSM,Engineering,Principal,78.5,190800,9.0
TSM-0361,Kai Wu,TSMC,TSM,Finance,Staff,88.9,197300,7.0
TSM-0362,Chun Pan,TSMC,TSM,Operations,Principal,76.5,307000,11.2
TSM-0363,Wei Tseng,TSMC,TSM,Research & AI,Senior,90.4,47400,9.7
TSM-0364,Ting Kuo,TSMC,TSM,People/HR,Staff,87.0,410400,9.0
TSM-0365,Mei Chang,TSMC,TSM,Engineering,Senior,76.8,86300,4.0
TSM-0366,Shu Wu,TSMC,TSM,Fab/Manufacturing,Staff,72.8,230000,6.4
TSM-0367,Zhi Yeh,TSMC,TSM,Engineering,Staff,82.1,208100,15.2
TSM-0368,Ying Hsieh,TSMC,TSM,Supply Chain,Senior,76.3,62900,9.6
TSM-0369,Qing Tseng,TSMC,TSM,Fab/Manufacturing,Senior,68.8,79800,6.7
TSM-0370,Hui Pan,TSMC,TSM,Fab/Manufacturing,Senior,87.4,243400,4.7
TSM-0371,Wei Yang,TSMC,TSM,Engineering,Senior,84.9,59300,13.9
TSM-0372,Yu Shen,TSMC,TSM,Engineering,Staff,73.2,223800,6.3
TSM-0373,Xin Lee,TSMC,TSM,Finance,Staff,81.1,170200,10.6
TSM-0374,Ying Pan,TSMC,TSM,Engineering,Senior,83.7,77700,11.1
TSM-0375,Jia Lin,TSMC,TSM,Operations,Senior,82.4,150900,9.8
TSM-0376,Hui Wu,TSMC,TSM,Sales & GTM,Principal,70.8,306900,23.9
TSM-0377,Wei Tsai,TSMC,TSM,Operations,Principal,68.1,92700,10.7
TSM-0378,Zhi Chou,TSMC,TSM,Research & AI,Director,71.2,162100,7.7
TSM-0379,Xin Chiang,TSMC,TSM,Supply Chain,Director,88.2,229900,7.2
TSM-0380,Jia Lu,TSMC,TSM,Sales & GTM,Senior Director,82.1,447700,6.2
TSM-0381,Xin Chang,TSMC,TSM,Fab/Manufacturing,Senior,80.6,126400,8.5
TSM-0382,Wen Liu,TSMC,TSM,Sales & GTM,Principal,92.5,238800,8.7
TSM-0383,Chun Pan,TSMC,TSM,Operations,Director,96.8,165000,6.1
TSM-0384,Cheng Tseng,TSMC,TSM,Supply Chain,Staff,85.3,151600,6.5
TSM-0385,Ling Cheng,TSMC,TSM,Operations,Senior,81.8,313400,6.9
TSM-0386,Ling Yeh,TSMC,TSM,Sales & GTM,Staff,74.0,182800,3.5
TSM-0387,Ying Wu,TSMC,TSM,Engineering,Senior,69.7,163400,8.8
TSM-0388,Chun Hung,TSMC,TSM,Engineering,Senior,83.0,85500,6.7
TSM-0389,Ming Tseng,TSMC,TSM,Engineering,Director,85.2,305300,18.4
TSM-0390,Po Chao,TSMC,TSM,Engineering,Director,80.2,186700,9.1
TSM-0391,Chun Lu,TSMC,TSM,Engineering,Senior,80.9,136800,9.3
TSM-0392,Bo Pan,TSMC,TSM,Engineering,Director,94.2,175400,8.0
TSM-0393,Wen Hsu,TSMC,TSM,Finance,Director,91.6,131600,4.0
TSM-0394,Jian Lu,TSMC,TSM,Finance,Staff,88.8,131300,6.7
TSM-0395,Ming Yeh,TSMC,TSM,Fab/Manufacturing,Senior,64.3,78800,6.8
TSM-0396,Hao Lu,TSMC,TSM,Sales & GTM,Senior Director,79.3,353600,7.9
TSM-0397,Zhi Chao,TSMC,TSM,Research & AI,Principal,84.7,186200,8.8
TSM-0398,Sheng Yeh,TSMC,TSM,Research & AI,Staff,66.6,185800,15.8
TSM-0399,Yi Liao,TSMC,TSM,Engineering,Senior,84.8,166300,12.1
TSM-0400,Han Shen,TSMC,TSM,Engineering,Director,82.1,595900,7.3
TSM-0401,Mei Lin,TSMC,TSM,Engineering,Senior,86.4,128400,2.8
TSM-0402,Mei Lu,TSMC,TSM,Fab/Manufacturing,Senior,70.9,135200,5.9
TSM-0403,Bo Pan,TSMC,TSM,Fab/Manufacturing,Staff,77.4,198900,16.2
TSM-0404,Ying Pan,TSMC,TSM,Quality,Director,84.3,219900,5.5
TSM-0405,Mei Chen,TSMC,TSM,Supply Chain,Principal,82.6,142800,10.5
TSM-0406,Wen Yang,TSMC,TSM,Engineering,Staff,89.2,257900,5.1
TSM-0407,Yi Wu,TSMC,TSM,Research & AI,Principal,77.4,213000,17.6
TSM-0408,Zhi Fang,TSMC,TSM,Engineering,Staff,91.8,134900,7.3
TSM-0409,Yi Liao,TSMC,TSM,Fab/Manufacturing,Senior,73.2,205600,4.2
TSM-0410,Yu Lee,TSMC,TSM,Engineering,Director,82.4,290700,10.9
TSM-0411,Yi Shen,TSMC,TSM,Operations,VP,88.7,153500,8.2
TSM-0412,Jun Cheng,TSMC,TSM,Engineering,Senior,71.7,58100,8.7
TSM-0413,Bo Tseng,TSMC,TSM,Finance,Director,87.6,274000,7.5
TSM-0414,Li Huang,TSMC,TSM,Research & AI,Staff,61.1,139300,16.3
TSM-0415,Zhi Fang,TSMC,TSM,Supply Chain,Director,81.1,157900,9.3
TSM-0416,Jian Tseng,TSMC,TSM,Fab/Manufacturing,Principal,76.2,120900,14.3
TSM-0417,Jian Chiang,TSMC,TSM,Fab/Manufacturing,Staff,68.4,99300,7.4
TSM-0418,Qing Lin,TSMC,TSM,Fab/Manufacturing,Principal,80.7,205700,11.4
TSM-0419,Wei Lin,TSMC,TSM,Operations,Senior,88.1,125500,6.3
TSM-0420,Wei Shen,TSMC,TSM,Fab/Manufacturing,Senior,81.3,82100,13.3
TSM-0421,Jia Lee,TSMC,TSM,Fab/Manufacturing,Staff,73.1,171600,9.2
TSM-0422,Li Hsu,TSMC,TSM,Engineering,Principal,83.4,263300,3.2
TSM-0423,Bo Su,TSMC,TSM,Engineering,Senior,78.7,40500,6.0
TSM-0424,Chih Lee,TSMC,TSM,Finance,VP,82.3,170400,14.9
TSM-0425,Han Chiang,TSMC,TSM,Operations,Staff,74.1,301600,4.6
TSM-0426,Cheng Chang,TSMC,TSM,Quality,Senior,71.6,84600,9.0
TSM-0427,Bo Lee,TSMC,TSM,Fab/Manufacturing,Staff,77.1,78300,13.3
TSM-0428,Shu Chiang,TSMC,TSM,Research & AI,Staff,81.0,152000,19.5
TSM-0429,Cheng Shen,TSMC,TSM,Fab/Manufacturing,Senior Director,89.8,335100,16.6
TSM-0430,Bo Yang,TSMC,TSM,Research & AI,Senior,78.3,89000,9.3
TSM-0431,Han Pan,TSMC,TSM,Supply Chain,Director,82.5,384100,12.8
TSM-0432,Mei Cheng,TSMC,TSM,Finance,Principal,86.2,316100,27.8
TSM-0433,Hao Huang,TSMC,TSM,Research & AI,Senior,77.6,156600,9.0
TSM-0434,Shu Lee,TSMC,TSM,Engineering,Senior,77.2,178800,8.2
TSM-0435,Ming Cheng,TSMC,TSM,Sales & GTM,Senior,86.4,68700,9.6
TSM-0436,Bo Su,TSMC,TSM,Research & AI,Senior,77.6,86100,6.9
TSM-0437,Chun Tseng,TSMC,TSM,Engineering,Director,92.3,407800,10.7
TSM-0438,Bo Huang,TSMC,TSM,Operations,Principal,63.8,147600,13.3
TSM-0439,Sheng Liu,TSMC,TSM,Engineering,Director,68.7,160200,12.4
TSM-0440,Jian Liao,TSMC,TSM,Fab/Manufacturing,Staff,82.3,72400,10.3
TSM-0441,Yi Hsu,TSMC,TSM,Research & AI,Director,80.1,110700,7.3
TSM-0442,Yi Hsieh,TSMC,TSM,Engineering,C-Suite,78.1,851300,15.5
TSM-0443,Yi Su,TSMC,TSM,Research & AI,Senior,76.8,156900,14.3
TSM-0444,Han Wu,TSMC,TSM,Sales & GTM,Senior Director,88.2,153400,16.6
TSM-0445,Hui Lin,TSMC,TSM,Fab/Manufacturing,Director,86.6,180000,11.6
TSM-0446,Yi Hsu,TSMC,TSM,Engineering,Senior Director,89.0,134100,8.0
TSM-0447,Cheng Liu,TSMC,TSM,Fab/Manufacturing,VP,79.2,181900,7.8
TSM-0448,Li Shen,TSMC,TSM,Engineering,Staff,87.5,195300,14.3
TSM-0449,Kai Hsu,TSMC,TSM,Fab/Manufacturing,Director,72.8,173800,9.9
TSM-0450,Ying Yang,TSMC,TSM,Engineering,Senior,84.3,112100,18.3
TSM-0451,Wen Chou,TSMC,TSM,Engineering,Senior,89.9,176000,8.1
TSM-0452,Wei Huang,TSMC,TSM,Engineering,Principal,82.1,435200,26.2
TSM-0453,Wei Chiang,TSMC,TSM,Sales & GTM,Senior,79.0,128300,9.8
TSM-0454,Wen Cheng,TSMC,TSM,Engineering,Senior,88.5,117000,3.5
TSM-0455,Sheng Lin,TSMC,TSM,People/HR,Principal,86.6,233300,3.6
TSM-0456,Ming Wu,TSMC,TSM,Fab/Manufacturing,Senior,75.6,87700,16.5
TSM-0457,Hui Pan,TSMC,TSM,Research & AI,Senior Director,95.7,269300,24.2
TSM-0458,Cheng Chang,TSMC,TSM,Sales & GTM,Senior,68.3,74100,5.2
TSM-0459,Qing Chiang,TSMC,TSM,Sales & GTM,Senior,63.2,108300,8.9
TSM-0460,Mei Hung,TSMC,TSM,Research & AI,Staff,79.8,87100,7.5
TSM-0461,Mei Wang,TSMC,TSM,Fab/Manufacturing,Senior,71.4,57800,6.5
TSM-0462,Po Lee,TSMC,TSM,Fab/Manufacturing,Principal,68.1,195900,6.1
TSM-0463,Kai Fang,TSMC,TSM,Engineering,Staff,75.2,170300,9.8
TSM-0464,Yu Yeh,TSMC,TSM,Fab/Manufacturing,VP,81.7,385200,14.9
TSM-0465,Han Lu,TSMC,TSM,Operations,Senior,78.0,142200,18.0
TSM-0466,Qing Tsai,TSMC,TSM,Research & AI,Senior,65.3,81700,3.1
TSM-0467,Chun Hsu,TSMC,TSM,Engineering,Staff,82.1,118500,14.2
TSM-0468,Ming Chao,TSMC,TSM,Supply Chain,Senior,75.8,73500,18.2
TSM-0469,Wen Fang,TSMC,TSM,Fab/Manufacturing,Director,87.4,329200,26.7
TSM-0470,Mei Tsai,TSMC,TSM,Fab/Manufacturing,Senior,78.7,114300,3.2
TSM-0471,Xin Tseng,TSMC,TSM,Quality,Staff,85.0,147300,10.2
TSM-0472,Li Hung,TSMC,TSM,Engineering,Principal,69.0,233700,2.8
TSM-0473,Yi Chao,TSMC,TSM,Engineering,Senior Director,67.1,233100,17.6
TSM-0474,Ting Hung,TSMC,TSM,Research & AI,Staff,76.5,168800,4.9
TSM-0475,Ling Pan,TSMC,TSM,Fab/Manufacturing,Staff,84.4,119300,6.8
TSM-0476,Fang Chang,TSMC,TSM,Research & AI,Senior,89.1,87100,6.1
TSM-0477,Wei Chou,TSMC,TSM,Operations,Staff,80.3,294500,12.8
TSM-0478,Wei Tsai,TSMC,TSM,Fab/Manufacturing,Director,93.8,572100,13.8
TSM-0479,Wei Shen,TSMC,TSM,Research & AI,Principal,70.3,259400,11.4
TSM-0480,Li Fang,TSMC,TSM,Quality,Principal,93.7,241800,5.3
TSM-0481,Wen Lee,TSMC,TSM,Finance,VP,72.4,480200,13.3
TSM-0482,Ling Cheng,TSMC,TSM,Finance,Senior,74.9,154400,4.6
TSM-0483,Chih Chiang,TSMC,TSM,Fab/Manufacturing,Senior Director,99.7,1274400,18.3
TSM-0484,Wen Lin,TSMC,TSM,Operations,Staff,85.5,118400,10.3
TSM-0485,Kai Huang,TSMC,TSM,Sales & GTM,Staff,83.8,132200,12.7
TSM-0486,Ting Kuo,TSMC,TSM,Fab/Manufacturing,Principal,73.4,101000,11.8
TSM-0487,Sheng Su,TSMC,TSM,Sales & GTM,Senior Director,73.0,140000,10.9
TSM-0488,Chun Tsai,TSMC,TSM,Sales & GTM,Senior,83.2,70700,3.5
TSM-0489,Qing Hsieh,TSMC,TSM,Sales & GTM,Staff,66.5,141900,18.7
TSM-0490,Ling Kuo,TSMC,TSM,Sales & GTM,Director,85.3,394500,6.3
TSM-0491,Bo Liao,TSMC,TSM,Engineering,VP,79.7,274000,15.9
TSM-0492,Sheng Chang,TSMC,TSM,Engineering,Principal,84.1,223700,5.7
TSM-0493,Yu Hung,TSMC,TSM,Legal & Policy,Director,83.9,144500,3.9
TSM-0494,Yu Chiang,TSMC,TSM,Engineering,Senior,80.0,45200,18.4
TSM-0495,Wen Su,TSMC,TSM,Legal & Policy,Senior,69.0,90400,16.2
TSM-0496,Kai Chen,TSMC,TSM,Operations,Senior,85.1,156600,6.3
TSM-0497,Hui Hsu,TSMC,TSM,Research & AI,Senior,73.2,166000,7.7
TSM-0498,Ming Pan,TSMC,TSM,Research & AI,Senior,92.9,136400,6.1
TSM-0499,Mei Cheng,TSMC,TSM,Operations,Senior,93.2,112700,24.4
TSM-0500,Cheng Fang,TSMC,TSM,Research & AI,Principal,70.4,117700,6.1
TSM-0501,Yu Hsieh,TSMC,TSM,Fab/Manufacturing,Senior,90.0,173500,6.2
TSM-0502,Li Liao,TSMC,TSM,Engineering,Principal,88.8,126600,5.8
TSM-0503,Cheng Liu,TSMC,TSM,Engineering,Staff,59.5,183600,15.4
TSM-0504,Ming Chiang,TSMC,TSM,Engineering,Senior,89.2,93200,6.0
TSM-0505,Qing Su,TSMC,TSM,Quality,Senior,69.4,47400,9.2
TSM-0506,Han Yang,TSMC,TSM,Fab/Manufacturing,Senior,91.9,64600,12.2
TSM-0507,Wen Hsieh,TSMC,TSM,Fab/Manufacturing,Senior,76.5,212200,23.9
TSM-0508,Xin Chiang,TSMC,TSM,Quality,Senior,85.5,286100,8.5
TSM-0509,Han Chen,TSMC,TSM,Engineering,Senior Director,73.3,435700,15.7
TSM-0510,Jia Lee,TSMC,TSM,Sales & GTM,Senior,80.5,87800,6.7
TSM-0511,Yu Lee,TSMC,TSM,Engineering,VP,100.0,267700,18.9
TSM-0512,Po Chiang,TSMC,TSM,Fab/Manufacturing,Principal,79.4,108200,5.0
TSM-0513,Cheng Liao,TSMC,TSM,Operations,Senior,97.3,103200,3.5
TSM-0514,Jian Shen,TSMC,TSM,Engineering,Director,81.1,211500,7.2
TSM-0515,Sheng Yang,TSMC,TSM,Sales & GTM,SVP,79.9,203300,13.8
TSM-0516,Yu Hsieh,TSMC,TSM,Engineering,Principal,78.1,189500,10.5
TSM-0517,Bo Cheng,TSMC,TSM,Operations,Senior,71.2,79700,10.4
TSM-0518,Jia Pan,TSMC,TSM,Engineering,VP,86.1,1408000,15.2
TSM-0519,Han Yang,TSMC,TSM,People/HR,C-Suite,74.2,1045700,19.2
TSM-0520,Chun Liu,TSMC,TSM,Fab/Manufacturing,Senior Director,72.5,462900,14.4
TSM-0521,Chun Kuo,TSMC,TSM,Sales & GTM,SVP,95.1,347700,10.4
TSM-0522,Xin Fang,TSMC,TSM,Research & AI,Senior,82.9,138200,6.6
TSM-0523,Ling Wu,TSMC,TSM,Operations,Principal,97.6,42800,7.7
TSM-0524,Kai Wang,TSMC,TSM,Quality,Senior,83.5,195500,10.7
TSM-0525,Jian Wu,TSMC,TSM,Supply Chain,Principal,87.0,200200,11.7
TSM-0526,Cheng Kuo,TSMC,TSM,Research & AI,Principal,69.0,124200,5.9
TSM-0527,Ling Pan,TSMC,TSM,People/HR,Principal,92.1,377700,9.3
TSM-0528,Po Chou,TSMC,TSM,Fab/Manufacturing,Principal,73.5,304200,9.8
TSM-0529,Jun Yeh,TSMC,TSM,Fab/Manufacturing,Staff,68.9,117700,10.0
TSM-0530,Ying Lin,TSMC,TSM,Fab/Manufacturing,Staff,80.7,132200,8.0
TSM-0531,Jun Shen,TSMC,TSM,Engineering,Director,85.8,526600,11.5
TSM-0532,Bo Chou,TSMC,TSM,Engineering,Senior,73.1,65500,13.5
TSM-0533,Shu Fang,TSMC,TSM,Engineering,Senior,81.3,84400,9.9
TSM-0534,Li Chao,TSMC,TSM,Fab/Manufacturing,Principal,71.2,207300,14.5
TSM-0535,Sheng Pan,TSMC,TSM,Engineering,Senior,80.4,118400,3.9
TSM-0536,Xin Fang,TSMC,TSM,Engineering,Principal,81.0,131000,11.6
TSM-0537,Jun Chao,TSMC,TSM,Engineering,Senior Director,87.0,157300,34.5
TSM-0538,Ming Hung,TSMC,TSM,Fab/Manufacturing,Staff,85.2,161200,4.4
TSM-0539,Kai Chou,TSMC,TSM,Engineering,Staff,77.8,256500,13.5
TSM-0540,Shu Chen,TSMC,TSM,Operations,Senior,70.2,144800,9.8
TSM-0541,Han Tsai,TSMC,TSM,Engineering,Director,100.0,292800,19.5
TSM-0542,Ying Huang,TSMC,TSM,Sales & GTM,Director,77.6,172000,6.8
TSM-0543,Wei Yeh,TSMC,TSM,Engineering,Senior Director,93.3,176100,17.1
TSM-0544,Qing Chiang,TSMC,TSM,People/HR,Senior,79.2,140500,6.9
TSM-0545,Sheng Hsu,TSMC,TSM,People/HR,Staff,79.4,175900,11.6
TSM-0546,Zhi Chiang,TSMC,TSM,Fab/Manufacturing,Staff,87.4,223900,14.3
TSM-0547,Zhi Chou,TSMC,TSM,Operations,Principal,79.7,322000,15.9
TSM-0548,Sheng Lu,TSMC,TSM,Legal & Policy,SVP,74.7,275500,12.1
TSM-0549,Hui Liu,TSMC,TSM,Operations,Senior,92.3,170300,7.8
TSM-0550,Yi Liao,TSMC,TSM,Operations,Principal,81.1,193000,6.0
TSM-0551,Jian Tseng,TSMC,TSM,Sales & GTM,Staff,85.4,209800,17.3
TSM-0552,Yu Chao,TSMC,TSM,Operations,Director,86.2,275100,9.7
TSM-0553,Ying Tsai,TSMC,TSM,Operations,Staff,86.5,251200,17.9
TSM-0554,Chih Tsai,TSMC,TSM,Finance,Senior Director,81.5,540400,6.8
TSM-0555,Ying Hsieh,TSMC,TSM,Fab/Manufacturing,Principal,77.9,269300,11.3
TSM-0556,Cheng Hsu,TSMC,TSM,Sales & GTM,Senior Director,85.9,478800,8.8
TSM-0557,Jia Chang,TSMC,TSM,Fab/Manufacturing,C-Suite,69.6,465800,15.0
TSM-0558,Kai Yeh,TSMC,TSM,Quality,Senior,63.6,66400,3.9
TSM-0559,Cheng Kuo,TSMC,TSM,Engineering,Senior,81.9,116600,6.8
TSM-0560,Jia Tseng,TSMC,TSM,Research & AI,Senior,75.9,87300,3.3
TSM-0561,Li Hsu,TSMC,TSM,Quality,Principal,77.9,566300,36.4
TSM-0562,Jian Kuo,TSMC,TSM,Research & AI,Senior,83.4,156500,2.8
TSM-0563,Qing Lin,TSMC,TSM,Operations,Senior,86.2,37700,2.1
TSM-0564,Li Chou,TSMC,TSM,Legal & Policy,Staff,84.8,70700,13.9
TSM-0565,Ying Pan,TSMC,TSM,Legal & Policy,Senior,78.0,25500,8.0
TSM-0566,Ming Wang,TSMC,TSM,Fab/Manufacturing,Senior,89.4,83800,8.6
TSM-0567,Cheng Fang,TSMC,TSM,Research & AI,Principal,81.0,187200,5.0
TSM-0568,Shu Tsai,TSMC,TSM,Engineering,Principal,87.9,154800,6.6
TSM-0569,Bo Yang,TSMC,TSM,Engineering,Staff,71.6,72800,14.4
TSM-0570,Yi Liu,TSMC,TSM,Finance,Director,79.1,254400,13.1
TSM-0571,Chih Tseng,TSMC,TSM,Engineering,Senior,77.2,222300,14.3
TSM-0572,Wen Lin,TSMC,TSM,Operations,Senior,76.6,84300,4.5
TSM-0573,Qing Hung,TSMC,TSM,Operations,Senior,78.3,121600,5.0
TSM-0574,Yu Fang,TSMC,TSM,Engineering,Staff,79.6,225100,2.7
TSM-0575,Qing Chao,TSMC,TSM,Engineering,Staff,66.4,71300,3.4
TSM-0576,Yu Chou,TSMC,TSM,Sales & GTM,Staff,80.1,131900,9.4
TSM-0577,Chih Chao,TSMC,TSM,Engineering,Senior Director,98.7,424600,17.1
TSM-0578,Li Lee,TSMC,TSM,Fab/Manufacturing,Staff,80.9,104400,10.0
TSM-0579,Cheng Wang,TSMC,TSM,Finance,Staff,87.7,112900,3.5
TSM-0580,Ming Wang,TSMC,TSM,Quality,Principal,80.2,186100,4.9
TSM-0581,Ying Chiang,TSMC,TSM,Engineering,SVP,81.8,378000,9.6
TSM-0582,Ling Liu,TSMC,TSM,Fab/Manufacturing,SVP,91.6,453100,8.5
TSM-0583,Zhi Chao,TSMC,TSM,Finance,Principal,78.2,149500,5.2
TSM-0584,Han Yang,TSMC,TSM,Engineering,Staff,77.0,119700,1.3
TSM-0585,Hui Wu,TSMC,TSM,Fab/Manufacturing,Senior,69.9,90900,9.2
TSM-0586,Ying Hsieh,TSMC,TSM,Sales & GTM,Principal,82.7,209000,9.1
TSM-0587,Zhi Liao,TSMC,TSM,Sales & GTM,Senior Director,72.2,323200,12.0
TSM-0588,Kai Cheng,TSMC,TSM,Fab/Manufacturing,Senior,87.7,186500,19.7
TSM-0589,Bo Chiang,TSMC,TSM,Operations,Staff,94.9,129000,10.0
TSM-0590,Bo Pan,TSMC,TSM,People/HR,Director,67.5,191600,11.2
TSM-0591,Jian Hung,TSMC,TSM,Engineering,Senior Director,95.4,710600,8.1
TSM-0592,Po Su,TSMC,TSM,Fab/Manufacturing,Senior,77.3,184100,14.0
TSM-0593,Ting Liu,TSMC,TSM,Fab/Manufacturing,Senior,82.6,154400,6.2
TSM-0594,Hui Chiang,TSMC,TSM,Engineering,Principal,86.5,199600,9.0
TSM-0595,Jun Hung,TSMC,TSM,Engineering,Staff,83.9,162700,8.9
TSM-0596,Fang Hsu,TSMC,TSM,Fab/Manufacturing,Principal,87.3,149400,5.3
TSM-0597,Chih Liu,TSMC,TSM,Fab/Manufacturing,Senior,91.1,116700,6.4
TSM-0598,Ying Chen,TSMC,TSM,Operations,Senior Director,69.7,291800,13.8
TSM-0599,Xin Lu,TSMC,TSM,Supply Chain,Senior,81.4,59700,6.0
TSM-0600,Ting Pan,TSMC,TSM,Fab/Manufacturing,Staff,62.4,120600,7.9
TSM-0601,Xin Liu,TSMC,TSM,Engineering,Senior,67.0,75400,12.4
TSM-0602,Jian Cheng,TSMC,TSM,Finance,Staff,86.0,202500,6.0
TSM-0603,Mei Fang,TSMC,TSM,Supply Chain,Senior,83.1,77600,13.2
TSM-0604,Jia Lee,TSMC,TSM,Engineering,Principal,76.0,526200,10.6
TSM-0605,Shu Pan,TSMC,TSM,Fab/Manufacturing,Principal,86.7,303300,4.1
TSM-0606,Chih Hung,TSMC,TSM,Research & AI,Director,69.6,256000,10.9
TSM-0607,Li Fang,TSMC,TSM,Operations,Principal,68.1,174700,10.7
TSM-0608,Xin Yang,TSMC,TSM,Fab/Manufacturing,Senior Director,78.1,253300,19.7
TSM-0609,Hao Fang,TSMC,TSM,Fab/Manufacturing,Staff,86.4,107500,5.4
TSM-0610,Yi Wu,TSMC,TSM,Finance,Staff,69.9,84800,6.1
TSM-0611,Shu Chiang,TSMC,TSM,Finance,Senior Director,80.9,281000,11.5
TSM-0612,Mei Lin,TSMC,TSM,Engineering,Senior,85.4,168400,3.2
TSM-0613,Wei Lee,TSMC,TSM,Research & AI,Director,77.4,233200,12.7
TSM-0614,Wei Pan,TSMC,TSM,Operations,Senior,91.7,224000,11.4
TSM-0615,Hui Yang,TSMC,TSM,Operations,Senior Director,80.5,396600,7.6
TSM-0616,Sheng Cheng,TSMC,TSM,Fab/Manufacturing,Principal,84.3,345700,7.6
TSM-0617,Wei Shen,TSMC,TSM,Fab/Manufacturing,Staff,86.1,90400,10.8
TSM-0618,Kai Kuo,TSMC,TSM,Engineering,Director,82.1,204200,8.9
TSM-0619,Qing Yeh,TSMC,TSM,Finance,Director,85.0,214500,11.1
TSM-0620,Jun Tsai,TSMC,TSM,Sales & GTM,Staff,70.9,261800,3.5
TSM-0621,Sheng Fang,TSMC,TSM,Fab/Manufacturing,Director,85.0,144500,7.6
TSM-0622,Jian Pan,TSMC,TSM,Supply Chain,Principal,77.6,114500,6.6
TSM-0623,Shu Shen,TSMC,TSM,Fab/Manufacturing,Director,86.1,425200,10.4
TSM-0624,Shu Fang,TSMC,TSM,Research & AI,VP,87.1,653100,24.3
TSM-0625,Sheng Hsieh,TSMC,TSM,Engineering,Senior,73.2,48000,5.1
TSM-0626,Fang Lu,TSMC,TSM,Fab/Manufacturing,Principal,81.5,158600,10.7
TSM-0627,Wen Liu,TSMC,TSM,Supply Chain,Senior,79.8,233100,18.6
TSM-0628,Qing Chou,TSMC,TSM,Sales & GTM,Staff,72.0,88900,5.6
TSM-0629,Xin Wu,TSMC,TSM,Operations,Senior,74.8,82900,4.3
TSM-0630,Wei Yang,TSMC,TSM,Legal & Policy,Director,74.8,345600,18.0
TSM-0631,Hao Kuo,TSMC,TSM,Engineering,Senior,75.0,87500,5.2
TSM-0632,Chun Yeh,TSMC,TSM,Fab/Manufacturing,Director,76.6,140500,12.4
TSM-0633,Han Hung,TSMC,TSM,Operations,Senior Director,91.7,491500,27.4
TSM-0634,Sheng Chao,TSMC,TSM,Research & AI,Senior,78.9,57500,11.4
TSM-0635,Qing Lin,TSMC,TSM,Engineering,Staff,82.1,145800,17.0
TSM-0636,Mei Tsai,TSMC,TSM,Operations,Staff,78.9,129100,13.8
TSM-0637,Shu Cheng,TSMC,TSM,Engineering,Principal,94.6,220100,12.7
TSM-0638,Chih Yang,TSMC,TSM,Operations,Principal,63.4,407900,17.7
TSM-0639,Yi Chao,TSMC,TSM,Sales & GTM,Senior Director,71.6,371500,10.5
TSM-0640,Fang Chao,TSMC,TSM,Quality,Principal,70.4,242800,4.6
TSM-0641,Hao Pan,TSMC,TSM,Engineering,Staff,74.0,176300,5.2
TSM-0642,Ling Wu,TSMC,TSM,Fab/Manufacturing,SVP,80.3,305400,17.7
TSM-0643,Mei Yeh,TSMC,TSM,Engineering,Staff,77.6,69300,6.0
TSM-0644,Yu Huang,TSMC,TSM,Finance,Senior Director,80.7,193300,23.1
TSM-0645,Fang Su,TSMC,TSM,Fab/Manufacturing,Senior,84.7,69900,7.2
TSM-0646,Ming Liao,TSMC,TSM,Sales & GTM,SVP,95.2,506500,11.5
TSM-0647,Sheng Lee,TSMC,TSM,Operations,Staff,63.1,97400,11.3
TSM-0648,Kai Chen,TSMC,TSM,Research & AI,Senior,67.1,73700,16.4
TSM-0649,Yi Chiang,TSMC,TSM,Fab/Manufacturing,Principal,75.3,133600,4.0
TSM-0650,Cheng Kuo,TSMC,TSM,Fab/Manufacturing,Staff,77.4,111700,2.5
TSM-0651,Yi Huang,TSMC,TSM,Engineering,Principal,76.4,133100,10.2
TSM-0652,Li Cheng,TSMC,TSM,Research & AI,Senior Director,88.8,383700,16.3
TSM-0653,Chun Hsu,TSMC,TSM,Legal & Policy,Staff,80.5,86600,4.5
TSM-0654,Wei Hung,TSMC,TSM,Engineering,Senior,87.7,103200,3.3
TSM-0655,Jia Liao,TSMC,TSM,Engineering,Senior Director,75.6,659100,13.4
TSM-0656,Fang Liu,TSMC,TSM,Engineering,Senior,79.7,130400,12.9
TSM-0657,Kai Chang,TSMC,TSM,Engineering,Principal,98.1,167000,9.1
TSM-0658,Chun Su,TSMC,TSM,Engineering,Principal,89.7,301400,8.5
TSM-0659,Qing Lee,TSMC,TSM,Sales & GTM,Principal,88.8,337700,10.6
TSM-0660,Jian Hsieh,TSMC,TSM,Fab/Manufacturing,Senior Director,89.2,322100,7.0
TSM-0661,Mei Hsu,TSMC,TSM,Fab/Manufacturing,Senior,80.0,126500,2.2
TSM-0662,Bo Wang,TSMC,TSM,Research & AI,Senior,66.5,89100,11.1
TSM-0663,Ling Liao,TSMC,TSM,Engineering,Senior,75.7,79200,4.6
TSM-0664,Hui Chou,TSMC,TSM,Operations,Staff,89.9,236800,18.4
TSM-0665,Han Shen,TSMC,TSM,Fab/Manufacturing,Senior,84.1,128900,2.9
TSM-0666,Sheng Wu,TSMC,TSM,Sales & GTM,VP,86.5,751700,17.0
TSM-0667,Xin Wu,TSMC,TSM,Engineering,Senior,77.8,92800,8.0
TSM-0668,Po Lin,TSMC,TSM,Engineering,Director,78.0,240900,9.8
TSM-0669,Yi Chiang,TSMC,TSM,Operations,Senior,77.4,87300,3.5
TSM-0670,Yu Liao,TSMC,TSM,People/HR,VP,89.6,309100,20.3
TSM-0671,Wei Yang,TSMC,TSM,People/HR,Senior,88.8,174000,13.1
TSM-0672,Yi Lee,TSMC,TSM,Research & AI,Senior Director,93.6,422700,13.0
TSM-0673,Mei Wu,TSMC,TSM,Fab/Manufacturing,Principal,89.2,224700,14.1
TSM-0674,Ming Su,TSMC,TSM,Fab/Manufacturing,Director,92.3,900600,6.7
TSM-0675,Li Su,TSMC,TSM,Engineering,SVP,81.4,288100,13.5
TSM-0676,Shu Chao,TSMC,TSM,Operations,VP,75.2,461300,17.9
TSM-0677,Li Wang,TSMC,TSM,Legal & Policy,Senior,81.2,200100,10.6
TSM-0678,Jia Hsu,TSMC,TSM,Supply Chain,Senior,75.6,54200,15.4
TSM-0679,Shu Liu,TSMC,TSM,Sales & GTM,Senior,80.2,173300,3.7
TSM-0680,Zhi Su,TSMC,TSM,Engineering,Principal,87.2,585900,18.1
TSM-0681,Jun Hung,TSMC,TSM,Operations,Principal,70.5,242200,22.1
TSM-0682,Shu Shen,TSMC,TSM,Quality,Staff,93.7,161400,13.0
TSM-0683,Chih Chen,TSMC,TSM,Fab/Manufacturing,Director,95.2,376100,9.0
TSM-0684,Hao Liu,TSMC,TSM,Engineering,VP,88.3,490500,19.5
TSM-0685,Sheng Liao,TSMC,TSM,Engineering,Senior,78.2,62400,9.7
TSM-0686,Fang Chao,TSMC,TSM,Research & AI,Senior Director,82.6,456600,11.2
TSM-0687,Bo Chen,TSMC,TSM,Engineering,Principal,89.5,172600,6.0
TSM-0688,Mei Fang,TSMC,TSM,Research & AI,Senior Director,68.1,271000,15.5
TSM-0689,Ming Wang,TSMC,TSM,Operations,Principal,76.9,128500,7.5
TSM-0690,Shu Chao,TSMC,TSM,Fab/Manufacturing,Senior,88.6,89900,8.9
TSM-0691,Shu Chen,TSMC,TSM,Research & AI,Principal,75.2,82400,6.4
TSM-0692,Fang Tseng,TSMC,TSM,Legal & Policy,Staff,84.2,188200,9.1
TSM-0693,Li Yang,TSMC,TSM,Operations,Staff,73.6,55200,7.3
TSM-0694,Chun Lu,TSMC,TSM,Operations,Senior,78.7,52800,9.0
TSM-0695,Zhi Liu,TSMC,TSM,Research & AI,Staff,87.2,257800,11.5
TSM-0696,Wei Chen,TSMC,TSM,Engineering,Principal,86.9,249800,6.5
TSM-0697,Jun Lin,TSMC,TSM,Fab/Manufacturing,VP,90.2,745300,20.1
TSM-0698,Hui Chou,TSMC,TSM,Fab/Manufacturing,Staff,89.2,215500,11.6
TSM-0699,Li Fang,TSMC,TSM,Engineering,Staff,90.6,234800,14.3
TSM-0700,Yi Pan,TSMC,TSM,Fab/Manufacturing,Senior Director,81.1,246800,21.1
TSM-0701,Li Yeh,TSMC,TSM,Fab/Manufacturing,Senior,75.6,92600,6.4
TSM-0702,Ting Chou,TSMC,TSM,Engineering,Principal,94.8,342600,20.5
TSM-0703,Hui Chang,TSMC,TSM,Supply Chain,Principal,93.1,196200,9.4
TSM-0704,Sheng Chiang,TSMC,TSM,Research & AI,Senior Director,98.9,713300,7.9
TSM-0705,Mei Chiang,TSMC,TSM,Operations,Staff,89.6,244400,5.0
TSM-0706,Wen Hung,TSMC,TSM,Engineering,Senior,87.9,54100,13.9
TSM-0707,Bo Tsai,TSMC,TSM,Engineering,Senior Director,94.5,557800,12.4
TSM-0708,Sheng Kuo,TSMC,TSM,Engineering,Director,78.0,93400,4.8
TSM-0709,Bo Lin,TSMC,TSM,Engineering,Director,77.8,201800,10.7
TSM-0710,Cheng Hsieh,TSMC,TSM,Fab/Manufacturing,Senior,76.0,103500,1.1
TSM-0711,Jian Liao,TSMC,TSM,Quality,VP,74.8,380600,12.9
TSM-0712,Ying Shen,TSMC,TSM,Finance,Staff,80.9,100000,10.0
TSM-0713,Cheng Liu,TSMC,TSM,Engineering,Staff,67.3,188500,14.4
TSM-0714,Bo Tseng,TSMC,TSM,Engineering,Senior Director,84.3,222000,13.8
TSM-0715,Cheng Shen,TSMC,TSM,Operations,Senior,97.0,107300,8.6
TSM-0716,Chun Su,TSMC,TSM,Supply Chain,Senior,69.2,76900,7.0
TSM-0717,Jia Hung,TSMC,TSM,Research & AI,Senior,93.8,118900,6.7
TSM-0718,Shu Huang,TSMC,TSM,Quality,Senior,85.2,313000,17.5
TSM-0719,Jian Yeh,TSMC,TSM,Research & AI,Principal,87.7,351800,10.4
TSM-0720,Fang Shen,TSMC,TSM,Research & AI,Principal,81.9,312700,6.3
TSM-0721,Shu Chou,TSMC,TSM,Engineering,VP,85.8,611800,12.0
TSM-0722,Xin Lin,TSMC,TSM,Quality,Staff,76.4,115800,15.5
TSM-0723,Ming Chao,TSMC,TSM,Engineering,Staff,76.6,163400,10.3
TSM-0724,Po Tseng,TSMC,TSM,Engineering,VP,100.0,640800,15.3
TSM-0725,Chun Chao,TSMC,TSM,Engineering,Director,72.1,728300,13.6
TSM-0726,Ling Lee,TSMC,TSM,Quality,Principal,90.2,423600,11.1
TSM-0727,Mei Chao,TSMC,TSM,Sales & GTM,Principal,88.3,283800,18.2
TSM-0728,Ting Liu,TSMC,TSM,Quality,Senior,77.4,78800,11.3
TSM-0729,Wen Wang,TSMC,TSM,Engineering,Director,82.0,164000,9.5
TSM-0730,Xin Yeh,TSMC,TSM,Research & AI,Staff,80.5,102700,15.1
TSM-0731,Fang Yeh,TSMC,TSM,Engineering,Director,65.5,131900,21.3
TSM-0732,Yi Yang,TSMC,TSM,Operations,Senior,80.3,73100,14.1
TSM-0733,Bo Yang,TSMC,TSM,Supply Chain,Senior,79.0,78900,18.3
TSM-0734,Yu Lin,TSMC,TSM,Engineering,Staff,76.3,33600,5.9
TSM-0735,Han Liao,TSMC,TSM,Legal & Policy,Senior,69.6,58900,13.9
TSM-0736,Sheng Kuo,TSMC,TSM,Engineering,Staff,83.7,131400,6.9
TSM-0737,Sheng Pan,TSMC,TSM,Quality,Senior,93.2,200900,7.3
TSM-0738,Chih Yeh,TSMC,TSM,Operations,Staff,75.0,178200,18.2
TSM-0739,Chun Cheng,TSMC,TSM,Research & AI,Principal,82.7,115100,11.0
TSM-0740,Fang Tseng,TSMC,TSM,Finance,C-Suite,96.4,747600,14.0
TSM-0741,Jian Wang,TSMC,TSM,Sales & GTM,Senior,98.0,207800,12.4
TSM-0742,Jia Yeh,TSMC,TSM,Quality,Principal,90.6,158200,14.7
TSM-0743,Cheng Lee,TSMC,TSM,Research & AI,VP,89.6,484900,15.0
TSM-0744,Qing Hung,TSMC,TSM,Operations,Senior,87.3,191000,5.0
TSM-0745,Jia Chen,TSMC,TSM,Engineering,Senior,70.3,64900,16.4
TSM-0746,Bo Tsai,TSMC,TSM,Operations,Staff,89.1,607500,10.5
TSM-0747,Ying Yang,TSMC,TSM,Engineering,Principal,81.7,253100,3.4
TSM-0748,Yi Lu,TSMC,TSM,Sales & GTM,SVP,96.4,1051000,17.1
TSM-0749,Qing Chang,TSMC,TSM,Sales & GTM,Senior,74.9,87200,5.0
TSM-0750,Mei Wang,TSMC,TSM,Finance,Senior,87.9,50700,6.0
TSM-0751,Hui Wu,TSMC,TSM,Engineering,Senior Director,84.3,350100,7.0
TSM-0752,Yi Chang,TSMC,TSM,Fab/Manufacturing,Senior,86.3,112500,13.7
TSM-0753,Ying Huang,TSMC,TSM,Research & AI,Senior,72.8,72900,4.7
TSM-0754,Wen Lee,TSMC,TSM,Finance,Staff,86.8,106900,2.7
TSM-0755,Mei Hung,TSMC,TSM,Engineering,Staff,99.6,198000,4.4
TSM-0756,Sheng Chao,TSMC,TSM,Fab/Manufacturing,Principal,77.6,113600,8.8
TSM-0757,Po Chao,TSMC,TSM,Operations,Staff,81.6,106100,6.7
TSM-0758,Hui Chen,TSMC,TSM,Operations,Senior,80.6,93300,9.1
TSM-0759,Fang Tseng,TSMC,TSM,Fab/Manufacturing,Principal,90.0,330900,9.3
TSM-0760,Qing Su,TSMC,TSM,Quality,Senior,91.6,168700,7.1
TSM-0761,Ming Hsu,TSMC,TSM,Finance,Senior,94.4,124800,6.3
TSM-0762,Ting Hung,TSMC,TSM,Engineering,VP,81.9,867900,11.0
TSM-0763,Hao Yeh,TSMC,TSM,Engineering,SVP,73.6,155200,13.5
TSM-0764,Zhi Yang,TSMC,TSM,Engineering,Principal,94.9,175400,5.2
TSM-0765,Li Chen,TSMC,TSM,Operations,Senior,86.9,164900,13.9
TSM-0766,Yi Lin,TSMC,TSM,Operations,Senior,77.5,135700,18.7
TSM-0767,Fang Liao,TSMC,TSM,Operations,Senior,75.2,35100,9.5
TSM-0768,Zhi Lin,TSMC,TSM,Engineering,Principal,88.5,242600,21.8
TSM-0769,Qing Wang,TSMC,TSM,Fab/Manufacturing,Staff,66.3,108000,15.5
TSM-0770,Chih Chen,TSMC,TSM,Operations,Senior Director,78.0,467600,12.7
TSM-0771,Wei Wu,TSMC,TSM,Fab/Manufacturing,Director,81.2,229400,12.1
TSM-0772,Ling Tseng,TSMC,TSM,Finance,Principal,79.0,125200,15.2
TSM-0773,Ying Pan,TSMC,TSM,Operations,VP,88.7,351900,8.2
TSM-0774,Shu Chao,TSMC,TSM,Engineering,Senior,84.7,45600,6.2
TSM-0775,Bo Su,TSMC,TSM,Engineering,Director,78.1,391200,14.1
TSM-0776,Xin Yeh,TSMC,TSM,Engineering,Staff,75.1,155900,20.5
TSM-0777,Ting Kuo,TSMC,TSM,Legal & Policy,Senior,83.3,211500,10.7
TSM-0778,Chun Huang,TSMC,TSM,Engineering,Principal,79.1,277600,9.3
TSM-0779,Hao Liao,TSMC,TSM,Finance,Director,92.7,325200,10.2
TSM-0780,Yi Fang,TSMC,TSM,Sales & GTM,Staff,79.1,107600,6.4
TSM-0781,Ming Tseng,TSMC,TSM,Fab/Manufacturing,Senior,77.5,106700,13.8
TSM-0782,Yi Chiang,TSMC,TSM,Engineering,Staff,84.4,131100,14.4
TSM-0783,Hao Chang,TSMC,TSM,Engineering,Senior Director,80.9,316100,7.7
TSM-0784,Wen Cheng,TSMC,TSM,Fab/Manufacturing,Senior,81.7,202500,3.0
TSM-0785,Qing Cheng,TSMC,TSM,Engineering,Director,91.2,250400,3.6
TSM-0786,Wen Liu,TSMC,TSM,Engineering,Senior,90.9,133000,7.8
TSM-0787,Wen Chang,TSMC,TSM,Operations,Senior,86.7,165600,10.5
TSM-0788,Hao Wu,TSMC,TSM,Engineering,Director,81.3,207100,14.3
TSM-0789,Hao Yang,TSMC,TSM,Operations,Senior,58.8,62800,3.6
TSM-0790,Ying Lu,TSMC,TSM,Research & AI,C-Suite,93.8,1390400,24.1
TSM-0791,Po Yang,TSMC,TSM,Operations,Staff,74.5,65600,5.7
TSM-0792,Yi Huang,TSMC,TSM,Quality,Director,81.5,401200,15.3
TSM-0793,Jia Yeh,TSMC,TSM,Quality,Staff,95.9,170400,19.0
TSM-0794,Qing Tseng,TSMC,TSM,Engineering,Principal,79.8,138300,13.6
TSM-0795,Ying Fang,TSMC,TSM,Operations,Senior,75.2,68600,7.9
TSM-0796,Po Chao,TSMC,TSM,Fab/Manufacturing,Principal,79.2,143200,10.6
TSM-0797,Bo Hsieh,TSMC,TSM,Fab/Manufacturing,Director,83.2,253500,14.5
TSM-0798,Li Shen,TSMC,TSM,Engineering,Senior,77.5,216300,5.3
TSM-0799,Li Chao,TSMC,TSM,Engineering,Staff,87.0,169900,4.0
TSM-0800,Cheng Hsu,TSMC,TSM,Fab/Manufacturing,Staff,87.3,178300,5.7
TSM-0801,Jian Hsu,TSMC,TSM,Research & AI,Senior,76.8,91400,7.5
TSM-0802,Sheng Hsieh,TSMC,TSM,Engineering,Principal,69.4,128700,4.0
TSM-0803,Ting Su,TSMC,TSM,Fab/Manufacturing,Staff,81.6,136400,10.9
TSM-0804,Po Huang,TSMC,TSM,Research & AI,Principal,76.8,102500,14.9
TSM-0805,Ying Chiang,TSMC,TSM,Fab/Manufacturing,Staff,61.2,295800,3.3
TSM-0806,Hui Chang,TSMC,TSM,Engineering,C-Suite,75.4,503500,10.7
TSM-0807,Jian Hsieh,TSMC,TSM,Engineering,Principal,68.0,232100,10.4
TSM-0808,Wei Hsieh,TSMC,TSM,Engineering,Staff,66.9,110200,20.7
TSM-0809,Jia Kuo,TSMC,TSM,Finance,Principal,91.4,123300,15.0
TSM-0810,Han Chang,TSMC,TSM,Research & AI,Staff,77.0,89200,21.0
TSM-0811,Bo Hsieh,TSMC,TSM,Research & AI,Principal,93.4,143700,4.3
TSM-0812,Qing Lee,TSMC,TSM,Finance,Staff,84.3,85000,20.9
TSM-0813,Bo Lin,TSMC,TSM,Research & AI,VP,63.0,234500,18.1
TSM-0814,Mei Chang,TSMC,TSM,People/HR,Staff,85.4,204700,11.5
TSM-0815,Ling Chen,TSMC,TSM,Quality,Staff,69.9,163300,8.5
TSM-0816,Shu Fang,TSMC,TSM,Engineering,Staff,71.3,152300,3.1
TSM-0817,Han Pan,TSMC,TSM,Engineering,Staff,89.2,227100,5.9
TSM-0818,Ying Fang,TSMC,TSM,Supply Chain,Staff,73.6,108900,4.7
TSM-0819,Ling Lin,TSMC,TSM,Sales & GTM,Director,77.6,226400,8.7
TSM-0820,Sheng Chou,TSMC,TSM,Fab/Manufacturing,Director,85.0,250900,8.3
TSM-0821,Li Lu,TSMC,TSM,Engineering,Director,87.5,242200,12.6
TSM-0822,Chun Fang,TSMC,TSM,Engineering,Senior,83.9,192600,8.0
TSM-0823,Jian Lin,TSMC,TSM,Quality,Senior,81.6,90700,7.4
TSM-0824,Chih Kuo,TSMC,TSM,Sales & GTM,Director,82.9,133700,10.1
TSM-0825,Kai Chiang,TSMC,TSM,Sales & GTM,Director,74.0,247900,9.0
TSM-0826,Shu Huang,TSMC,TSM,Finance,Senior,75.7,44300,10.7
TSM-0827,Han Wang,TSMC,TSM,Engineering,Senior,88.9,128800,7.0
TSM-0828,Kai Hsu,TSMC,TSM,Quality,Staff,72.2,159300,16.9
TSM-0829,Zhi Kuo,TSMC,TSM,Engineering,Principal,93.4,330100,10.6
TSM-0830,Ling Lu,TSMC,TSM,Fab/Manufacturing,Principal,80.1,220200,10.2
TSM-0831,Mei Kuo,TSMC,TSM,Engineering,Senior,66.0,95600,2.8
TSM-0832,Ting Lu,TSMC,TSM,Research & AI,VP,81.8,462800,17.2
TSM-0833,Xin Fang,TSMC,TSM,Finance,Principal,75.6,352800,22.0
TSM-0834,Ying Wu,TSMC,TSM,Sales & GTM,Staff,71.2,196000,4.6
TSM-0835,Jia Fang,TSMC,TSM,Supply Chain,Senior,95.1,223500,7.9
TSM-0836,Chun Liu,TSMC,TSM,Operations,VP,100.0,1357800,12.2
TSM-0837,Ming Fang,TSMC,TSM,Finance,Senior,78.4,77400,10.6
TSM-0838,Jia Shen,TSMC,TSM,Engineering,Senior,70.9,88100,11.6
TSM-0839,Kai Tseng,TSMC,TSM,Research & AI,Staff,75.1,76700,11.1
TSM-0840,Ming Chao,TSMC,TSM,Operations,C-Suite,77.4,1559800,18.4
TSM-0841,Cheng Shen,TSMC,TSM,Quality,VP,72.4,287900,15.4
TSM-0842,Zhi Liu,TSMC,TSM,Fab/Manufacturing,Staff,86.0,292400,17.2
TSM-0843,Bo Lu,TSMC,TSM,Operations,VP,92.1,1036200,13.8
TSM-0844,Kai Chou,TSMC,TSM,Fab/Manufacturing,Principal,83.3,310000,12.5
TSM-0845,Jun Liu,TSMC,TSM,Fab/Manufacturing,Director,81.4,230600,12.1
TSM-0846,Ming Chang,TSMC,TSM,Finance,Principal,73.0,157000,11.2
TSM-0847,Ling Yeh,TSMC,TSM,Operations,Staff,72.2,146200,5.6
TSM-0848,Ying Hung,TSMC,TSM,Engineering,Staff,80.5,130700,4.7
TSM-0849,Wen Tsai,TSMC,TSM,Operations,Staff,78.4,122300,9.8
TSM-0850,Xin Wang,TSMC,TSM,Engineering,Director,80.9,114900,19.2
TSM-0851,Xin Liu,TSMC,TSM,Operations,Staff,77.3,109600,14.4
TSM-0852,Xin Liu,TSMC,TSM,Quality,VP,82.9,493300,8.0
TSM-0853,Hao Huang,TSMC,TSM,Sales & GTM,Senior,77.3,80800,18.9
TSM-0854,Ming Pan,TSMC,TSM,Engineering,Director,93.1,154100,12.4
TSM-0855,Sheng Hsieh,TSMC,TSM,Fab/Manufacturing,Director,70.0,150100,9.2
TSM-0856,Jun Liu,TSMC,TSM,Fab/Manufacturing,Senior Director,85.5,195100,11.2
TSM-0857,Wen Pan,TSMC,TSM,Sales & GTM,Senior Director,82.0,141300,9.4
TSM-0858,Han Wang,TSMC,TSM,Fab/Manufacturing,Senior,80.2,171900,2.9
TSM-0859,Hao Tsai,TSMC,TSM,Fab/Manufacturing,Senior,81.4,105700,5.3
TSM-0860,Xin Wang,TSMC,TSM,Engineering,Staff,80.9,187300,13.8
TSM-0861,Jian Su,TSMC,TSM,Engineering,Senior,69.2,74200,7.1
TSM-0862,Sheng Chou,TSMC,TSM,Fab/Manufacturing,VP,76.1,468600,16.1
TSM-0863,Cheng Lee,TSMC,TSM,Research & AI,Senior,78.5,34400,14.3
TSM-0864,Bo Lu,TSMC,TSM,Engineering,C-Suite,75.3,1854700,14.8
TSM-0865,Wen Hung,TSMC,TSM,Sales & GTM,VP,95.5,157200,9.3
TSM-0866,Jian Chen,TSMC,TSM,Engineering,Staff,91.9,67400,17.4
TSM-0867,Po Yang,TSMC,TSM,Engineering,Staff,93.4,201100,6.8
TSM-0868,Shu Fang,TSMC,TSM,Fab/Manufacturing,Senior Director,83.6,167600,5.9
TSM-0869,Jun Liu,TSMC,TSM,Quality,Staff,84.4,90600,9.7
TSM-0870,Jian Fang,TSMC,TSM,Fab/Manufacturing,Principal,78.6,119000,12.6
TSM-0871,Li Liao,TSMC,TSM,Engineering,Director,84.7,334100,11.0
TSM-0872,Po Yeh,TSMC,TSM,Legal & Policy,Principal,79.5,49800,8.5
TSM-0873,Ying Wang,TSMC,TSM,Operations,Staff,88.5,118800,4.4
TSM-0874,Mei Fang,TSMC,TSM,Engineering,Senior,70.4,98100,15.9
TSM-0875,Jia Cheng,TSMC,TSM,Fab/Manufacturing,Senior Director,78.5,308400,9.2
TSM-0876,Jun Liao,TSMC,TSM,Research & AI,Staff,75.2,126600,12.9
TSM-0877,Yu Chao,TSMC,TSM,Fab/Manufacturing,Senior,85.3,70400,7.7
TSM-0878,Li Su,TSMC,TSM,Operations,Staff,86.9,108100,10.2
TSM-0879,Ling Lin,TSMC,TSM,Engineering,Senior,74.2,59500,2.6
TSM-0880,Ting Cheng,TSMC,TSM,Engineering,Principal,75.9,194300,5.8
TSM-0881,Wei Kuo,TSMC,TSM,Fab/Manufacturing,Senior,79.5,127800,9.2
TSM-0882,Qing Fang,TSMC,TSM,Supply Chain,Senior,75.2,327000,5.9
TSM-0883,Chun Chou,TSMC,TSM,Engineering,Senior,89.8,129800,7.9
TSM-0884,Yi Lu,TSMC,TSM,Engineering,Principal,79.3,120300,9.5
TSM-0885,Jian Tseng,TSMC,TSM,Finance,Staff,86.2,151800,7.4
TSM-0886,Wei Chang,TSMC,TSM,Fab/Manufacturing,Staff,70.0,108800,7.7
TSM-0887,Qing Chang,TSMC,TSM,Research & AI,Senior,82.0,75600,2.0
TSM-0888,Shu Wang,TSMC,TSM,Fab/Manufacturing,Principal,92.7,252800,6.9
TSM-0889,Po Shen,TSMC,TSM,Sales & GTM,Staff,86.4,77300,8.1
TSM-0890,Ying Kuo,TSMC,TSM,Quality,VP,82.0,424100,12.9
TSM-0891,Sheng Pan,TSMC,TSM,Operations,Staff,96.5,218800,14.1
TSM-0892,Wen Yang,TSMC,TSM,Sales & GTM,Principal,88.2,151300,3.2
TSM-0893,Ming Chang,TSMC,TSM,Operations,Senior Director,84.4,318200,12.5
TSM-0894,Mei Su,TSMC,TSM,Fab/Manufacturing,Senior,71.1,89500,27.3
TSM-0895,Sheng Cheng,TSMC,TSM,Supply Chain,Senior Director,87.5,246100,17.5
TSM-0896,Chih Hsieh,TSMC,TSM,Operations,Principal,81.6,242300,6.4
TSM-0897,Zhi Hung,TSMC,TSM,Operations,SVP,85.4,1216100,7.6
TSM-0898,Jia Kuo,TSMC,TSM,Engineering,Principal,82.4,161000,2.8
TSM-0899,Wei Su,TSMC,TSM,Engineering,Staff,87.5,52600,14.9
TSM-0900,Sheng Shen,TSMC,TSM,Research & AI,Senior,86.5,155400,6.7
TSM-0901,Cheng Liu,TSMC,TSM,Engineering,Staff,82.9,129200,2.5
TSM-0902,Po Chiang,TSMC,TSM,Engineering,VP,77.5,390100,10.5
TSM-0903,Shu Chang,TSMC,TSM,Operations,Staff,88.0,147500,5.2
TSM-0904,Mei Chen,TSMC,TSM,Research & AI,Senior,73.7,124100,21.2
TSM-0905,Fang Liao,TSMC,TSM,Finance,VP,78.0,346700,7.4
TSM-0906,Yi Kuo,TSMC,TSM,Supply Chain,Principal,76.4,326600,15.4
TSM-0907,Mei Pan,TSMC,TSM,Engineering,Principal,77.9,97400,15.3
TSM-0908,Wen Yang,TSMC,TSM,Operations,Staff,77.9,190500,7.1
TSM-0909,Kai Hsieh,TSMC,TSM,People/HR,Principal,86.6,185100,24.1
TSM-0910,Chih Tseng,TSMC,TSM,Finance,Staff,89.2,115200,10.3
TSM-0911,Ying Hung,TSMC,TSM,Engineering,Staff,70.9,67600,8.5
TSM-0912,Hao Lu,TSMC,TSM,Finance,Senior,78.5,133100,10.7
TSM-0913,Yu Su,TSMC,TSM,Engineering,Senior Director,76.2,776600,15.1
TSM-0914,Jun Chou,TSMC,TSM,Research & AI,Senior,75.5,72700,3.6
TSM-0915,Yi Fang,TSMC,TSM,Research & AI,Senior Director,90.6,253600,16.1
TSM-0916,Jun Huang,TSMC,TSM,Operations,Staff,89.2,90300,6.0
TSM-0917,Zhi Cheng,TSMC,TSM,Fab/Manufacturing,Principal,86.5,222500,11.6
TSM-0918,Sheng Chiang,TSMC,TSM,Engineering,Staff,70.2,169400,10.6
TSM-0919,Xin Wang,TSMC,TSM,Sales & GTM,Director,89.1,578600,9.6
TSM-0920,Zhi Hsieh,TSMC,TSM,Finance,Principal,87.8,92400,3.0
TSM-0921,Ling Cheng,TSMC,TSM,Legal & Policy,Senior,75.0,121600,3.3
TSM-0922,Jian Hsieh,TSMC,TSM,Fab/Manufacturing,Senior,81.1,144100,7.8
TSM-0923,Yi Chen,TSMC,TSM,Finance,Principal,73.6,188200,15.5
TSM-0924,Hao Chao,TSMC,TSM,Engineering,Staff,89.5,208300,2.8
TSM-0925,Xin Yeh,TSMC,TSM,Operations,Principal,84.4,191900,10.3
TSM-0926,Sheng Chao,TSMC,TSM,Sales & GTM,Senior,73.5,241300,6.3
TSM-0927,Ling Shen,TSMC,TSM,Operations,Senior Director,78.7,121100,29.5
TSM-0928,Ting Lee,TSMC,TSM,Engineering,Staff,86.6,98100,10.6
TSM-0929,Hao Kuo,TSMC,TSM,Fab/Manufacturing,Staff,79.0,130100,10.3
TSM-0930,Bo Wu,TSMC,TSM,Engineering,SVP,99.6,473400,12.9
TSM-0931,Qing Wang,TSMC,TSM,Engineering,Staff,85.5,183700,4.6
TSM-0932,Bo Shen,TSMC,TSM,Engineering,Principal,69.6,223000,12.1
TSM-0933,Qing Hsieh,TSMC,TSM,Finance,Director,82.8,150800,9.2
TSM-0934,Jun Kuo,TSMC,TSM,Fab/Manufacturing,Principal,93.5,229000,19.4
TSM-0935,Jun Lin,TSMC,TSM,Fab/Manufacturing,Senior,76.9,66400,11.0
TSM-0936,Jia Liao,TSMC,TSM,Fab/Manufacturing,Principal,95.3,97100,6.8
TSM-0937,Xin Huang,TSMC,TSM,Research & AI,Senior Director,90.2,470800,6.1
TSM-0938,Bo Lu,TSMC,TSM,Supply Chain,Staff,65.5,161900,5.9
TSM-0939,Bo Chou,TSMC,TSM,Finance,Senior,79.4,98300,11.0
TSM-0940,Ting Su,TSMC,TSM,Fab/Manufacturing,Senior Director,77.2,424300,11.8
TSM-0941,Yi Chou,TSMC,TSM,Engineering,Staff,99.3,149500,6.8
TSM-0942,Ying Chou,TSMC,TSM,Engineering,Staff,73.3,129200,8.8
TSM-0943,Han Chou,TSMC,TSM,Operations,Staff,80.9,88500,4.2
TSM-0944,Kai Lee,TSMC,TSM,Quality,Staff,83.0,207500,4.1
TSM-0945,Xin Kuo,TSMC,TSM,Fab/Manufacturing,Staff,77.2,87600,8.2
TSM-0946,Ting Hsieh,TSMC,TSM,Engineering,Principal,96.3,200700,3.2
TSM-0947,Hui Cheng,TSMC,TSM,Fab/Manufacturing,Principal,78.3,77500,7.5
TSM-0948,Mei Tseng,TSMC,TSM,Engineering,Staff,87.3,250700,4.7
TSM-0949,Ying Shen,TSMC,TSM,Engineering,Senior Director,83.7,224500,10.5
TSM-0950,Sheng Hsu,TSMC,TSM,Engineering,Senior Director,76.1,327800,10.5
TSM-0951,Jian Shen,TSMC,TSM,Engineering,Staff,79.4,158900,8.0
TSM-0952,Fang Lee,TSMC,TSM,Engineering,Principal,78.8,185000,3.7
TSM-0953,Shu Wu,TSMC,TSM,Engineering,Senior,71.8,94100,9.8
TSM-0954,Chih Liu,TSMC,TSM,Engineering,Senior Director,88.6,521700,8.4
TSM-0955,Kai Yeh,TSMC,TSM,Engineering,Senior Director,79.5,521600,12.5
TSM-0956,Xin Lee,TSMC,TSM,Engineering,Principal,91.5,137000,8.4
TSM-0957,Li Fang,TSMC,TSM,Research & AI,Senior,71.8,83800,7.8
TSM-0958,Po Cheng,TSMC,TSM,Engineering,Senior,80.9,170700,11.3
TSM-0959,Yu Lu,TSMC,TSM,Supply Chain,VP,80.1,181400,7.3
TSM-0960,Mei Wang,TSMC,TSM,Research & AI,Staff,85.0,385300,11.4
TSM-0961,Jian Liao,TSMC,TSM,Research & AI,Principal,72.2,276200,12.6
TSM-0962,Bo Liao,TSMC,TSM,Quality,Senior Director,90.3,305300,18.9
TSM-0963,Yi Lu,TSMC,TSM,Sales & GTM,Senior,66.5,49400,2.5
TSM-0964,Han Lu,TSMC,TSM,Operations,Staff,81.8,85900,6.3
TSM-0965,Sheng Pan,TSMC,TSM,Engineering,Senior,58.6,59700,8.0
TSM-0966,Zhi Yang,TSMC,TSM,Sales & GTM,Senior,90.6,78700,19.3
TSM-0967,Kai Wu,TSMC,TSM,Research & AI,VP,87.1,489800,16.6
TSM-0968,Mei Liao,TSMC,TSM,Fab/Manufacturing,Director,76.2,82700,8.1
TSM-0969,Mei Lu,TSMC,TSM,Operations,Staff,92.0,160400,8.8
TSM-0970,Ting Chao,TSMC,TSM,Legal & Policy,Principal,84.5,238000,3.6
TSM-0971,Yu Liao,TSMC,TSM,Engineering,VP,87.4,475400,18.3
TSM-0972,Jian Fang,TSMC,TSM,Fab/Manufacturing,Staff,72.8,122100,7.6
TSM-0973,Yi Chou,TSMC,TSM,Operations,Principal,80.7,239600,7.8
TSM-0974,Ying Yeh,TSMC,TSM,Fab/Manufacturing,Staff,82.3,140300,9.1
TSM-0975,Li Hung,TSMC,TSM,Engineering,Senior,89.0,153200,3.2
TSM-0976,Qing Yeh,TSMC,TSM,Supply Chain,Senior,88.9,211300,9.8
TSM-0977,Chun Hsu,TSMC,TSM,Operations,VP,83.9,238200,10.9
TSM-0978,Bo Wang,TSMC,TSM,Finance,Senior,93.5,94000,11.4
TSM-0979,Kai Kuo,TSMC,TSM,Operations,Director,100.0,297100,12.4
TSM-0980,Hao Shen,TSMC,TSM,Engineering,Staff,88.2,125400,4.4
TSM-0981,Kai Liu,TSMC,TSM,Fab/Manufacturing,VP,82.1,484300,10.6
TSM-0982,Ling Lin,TSMC,TSM,Sales & GTM,Principal,82.0,102100,2.0
TSM-0983,Kai Liu,TSMC,TSM,Fab/Manufacturing,Senior,73.1,112100,7.7
TSM-0984,Chih Pan,TSMC,TSM,Finance,Principal,83.6,204100,13.7
TSM-0985,Ying Su,TSMC,TSM,Engineering,Principal,67.4,142100,7.1
TSM-0986,Mei Hsieh,TSMC,TSM,Engineering,Director,64.1,151200,17.2
TSM-0987,Yi Fang,TSMC,TSM,Supply Chain,Staff,86.7,151500,5.1
TSM-0988,Bo Hsu,TSMC,TSM,Engineering,Staff,70.5,89200,5.8
TSM-0989,Yi Wang,TSMC,TSM,Supply Chain,Staff,97.6,131400,6.7
TSM-0990,Bo Shen,TSMC,TSM,Quality,Senior,83.1,104800,6.2
TSM-0991,Li Shen,TSMC,TSM,Engineering,Senior Director,80.2,392700,20.6
TSM-0992,Jian Chang,TSMC,TSM,Engineering,Staff,66.8,47800,9.0
TSM-0993,Yu Chen,TSMC,TSM,Engineering,Staff,79.9,112000,14.9
TSM-0994,Wen Wang,TSMC,TSM,Engineering,Principal,88.7,234300,10.8
TSM-0995,Li Liu,TSMC,TSM,Fab/Manufacturing,Principal,77.8,198500,9.2
TSM-0996,Chun Tseng,TSMC,TSM,Sales & GTM,Staff,78.0,60600,9.5
TSM-0997,Cheng Tsai,TSMC,TSM,Operations,Senior,75.5,189600,12.3
TSM-0998,Ming Lu,TSMC,TSM,Research & AI,Principal,78.0,105000,6.0
TSM-0999,Kai Tseng,TSMC,TSM,Engineering,VP,89.6,254000,23.0
TSM-1000,Ling Pan,TSMC,TSM,Engineering,Principal,71.7,95700,4.8
AVGO-0001,Ahmed Park,Broadcom,AVGO,Engineering,Staff,98.2,268500,4.8
AVGO-0002,Nina Ali,Broadcom,AVGO,Finance,Staff,80.3,347700,5.8
AVGO-0003,Olivia Patel,Broadcom,AVGO,Finance,Director,65.5,981200,6.2
AVGO-0004,David Davis,Broadcom,AVGO,Operations,Senior,62.7,541400,10.7
AVGO-0005,James Yamamoto,Broadcom,AVGO,Fab/Manufacturing,Senior,95.9,150700,3.4
AVGO-0006,Olivia Nguyen,Broadcom,AVGO,Fab/Manufacturing,SVP,83.8,4374100,9.6
AVGO-0007,James Davis,Broadcom,AVGO,Fab/Manufacturing,Director,80.0,324800,9.6
AVGO-0008,Kevin Khan,Broadcom,AVGO,Fab/Manufacturing,Principal,68.9,314300,10.1
AVGO-0009,Mary Brown,Broadcom,AVGO,Operations,Senior,87.6,380400,12.8
AVGO-0010,Samuel Davis,Broadcom,AVGO,Fab/Manufacturing,Director,86.2,1023700,4.3
AVGO-0011,Olivia Anderson,Broadcom,AVGO,Engineering,Senior Director,88.8,1246200,7.6
AVGO-0012,Daniel Martinez,Broadcom,AVGO,Operations,Director,65.6,760500,7.8
AVGO-0013,John Nguyen,Broadcom,AVGO,Engineering,VP,76.9,868400,6.8
AVGO-0014,Hannah Hassan,Broadcom,AVGO,Fab/Manufacturing,C-Suite,72.8,2014300,10.7
AVGO-0015,Hannah Murphy,Broadcom,AVGO,Supply Chain,Director,86.9,902800,7.4
AVGO-0016,Wei Wilson,Broadcom,AVGO,Engineering,Senior,64.0,163300,11.1
AVGO-0017,Thomas Brown,Broadcom,AVGO,Engineering,Principal,79.8,411500,5.3
AVGO-0018,Zoe Nguyen,Broadcom,AVGO,Fab/Manufacturing,Senior,87.1,209100,9.7
AVGO-0019,Yuki Tanaka,Broadcom,AVGO,Sales & GTM,C-Suite,75.5,1622100,13.1
AVGO-0020,Arjun Wang,Broadcom,AVGO,Legal & Policy,Director,91.1,1310500,14.1
AVGO-0021,Kevin Yamamoto,Broadcom,AVGO,Engineering,Principal,73.9,1293200,13.6
AVGO-0022,John Kim,Broadcom,AVGO,Engineering,Staff,95.7,1713800,3.5
AVGO-0023,Ahmed Khan,Broadcom,AVGO,Fab/Manufacturing,Staff,86.1,293800,4.3
AVGO-0024,Kevin Kim,Broadcom,AVGO,Fab/Manufacturing,Senior,73.1,174300,2.0
AVGO-0025,Thomas Wang,Broadcom,AVGO,Finance,Senior,90.8,269200,8.0
AVGO-0026,Aisha Chen,Broadcom,AVGO,Finance,Senior Director,79.7,366700,11.1
AVGO-0027,Yuki Yamamoto,Broadcom,AVGO,Research & AI,Senior,73.1,191500,4.9
AVGO-0028,Olivia Reyes,Broadcom,AVGO,Sales & GTM,Senior,81.5,167500,6.8
AVGO-0029,David Hassan,Broadcom,AVGO,Sales & GTM,Senior,76.3,185300,8.5
AVGO-0030,Kevin Cohen,Broadcom,AVGO,Engineering,Staff,74.2,201800,6.5
AVGO-0031,Arjun Lopez,Broadcom,AVGO,Fab/Manufacturing,Director,70.4,409400,25.5
AVGO-0032,Grace Petrov,Broadcom,AVGO,Quality,Senior Director,83.3,1056800,16.8
AVGO-0033,Priya Chen,Broadcom,AVGO,Engineering,Staff,74.6,128700,15.0
AVGO-0034,Priya Cohen,Broadcom,AVGO,Finance,Principal,84.5,1029100,5.7
AVGO-0035,Sofia Nguyen,Broadcom,AVGO,Engineering,Staff,66.1,790000,3.6
AVGO-0036,Aisha Garcia,Broadcom,AVGO,Operations,Senior,66.5,177800,5.2
AVGO-0037,Michael Nguyen,Broadcom,AVGO,Engineering,Principal,78.9,515400,9.5
AVGO-0038,Sofia Wilson,Broadcom,AVGO,Research & AI,Staff,68.7,206900,12.5
AVGO-0039,Zoe Brown,Broadcom,AVGO,Finance,SVP,70.4,1242600,16.6
AVGO-0040,Fatima Smith,Broadcom,AVGO,Engineering,Principal,82.6,457400,5.6
AVGO-0041,Michael Park,Broadcom,AVGO,Engineering,Principal,86.5,1391200,9.9
AVGO-0042,Thomas Smith,Broadcom,AVGO,Quality,Director,73.4,361900,9.1
AVGO-0043,James Singh,Broadcom,AVGO,Engineering,Principal,82.3,911400,4.2
AVGO-0044,Thomas Schmidt,Broadcom,AVGO,Engineering,VP,74.4,1101900,9.4
AVGO-0045,Mary Lopez,Broadcom,AVGO,Research & AI,Senior,81.5,197400,4.9
AVGO-0046,Grace Hassan,Broadcom,AVGO,Supply Chain,Staff,79.7,384000,6.5
AVGO-0047,Daniel Davis,Broadcom,AVGO,Fab/Manufacturing,Senior Director,80.1,1531000,12.1
AVGO-0048,Thomas Park,Broadcom,AVGO,Sales & GTM,Staff,66.7,540800,10.1
AVGO-0049,Priya Davis,Broadcom,AVGO,Engineering,Staff,90.9,729100,2.6
AVGO-0050,Yuki Lee,Broadcom,AVGO,Engineering,Staff,96.2,450000,5.6
AVGO-0051,Carlos Smith,Broadcom,AVGO,Fab/Manufacturing,Senior,67.6,246000,2.0
AVGO-0052,Emily Anderson,Broadcom,AVGO,Engineering,VP,88.4,565500,7.7
AVGO-0053,Yuki Tanaka,Broadcom,AVGO,Engineering,Director,87.5,504800,14.5
AVGO-0054,Grace Smith,Broadcom,AVGO,Supply Chain,Staff,83.9,356700,2.2
AVGO-0055,Wei Schmidt,Broadcom,AVGO,Research & AI,Staff,73.4,127900,9.2
AVGO-0056,Michael Wang,Broadcom,AVGO,Engineering,Staff,83.5,175200,6.1
AVGO-0057,Carlos Petrov,Broadcom,AVGO,Finance,Staff,83.0,379400,14.8
AVGO-0058,Hiroshi Yamamoto,Broadcom,AVGO,Engineering,Director,90.0,1072900,8.4
AVGO-0059,Daniel Singh,Broadcom,AVGO,Fab/Manufacturing,Senior,68.3,189000,4.1
AVGO-0060,Mary Kim,Broadcom,AVGO,Engineering,C-Suite,87.6,1093700,9.8
AVGO-0061,Samuel Park,Broadcom,AVGO,Fab/Manufacturing,SVP,76.5,802700,20.1
AVGO-0062,Arjun Nguyen,Broadcom,AVGO,Fab/Manufacturing,Senior,68.3,266200,9.8
AVGO-0063,Priya Wang,Broadcom,AVGO,Engineering,Principal,85.4,417800,5.4
AVGO-0064,Sofia Khan,Broadcom,AVGO,Fab/Manufacturing,Senior Director,81.0,381500,13.4
AVGO-0065,Nina Lee,Broadcom,AVGO,Fab/Manufacturing,Senior,87.6,256400,19.9
AVGO-0066,Michael Murphy,Broadcom,AVGO,Operations,VP,76.5,1416400,6.3
AVGO-0067,Arjun Schmidt,Broadcom,AVGO,Research & AI,Principal,78.7,304000,12.7
AVGO-0068,Ahmed Lopez,Broadcom,AVGO,Engineering,Staff,78.3,1251800,9.9
AVGO-0069,Ahmed Cohen,Broadcom,AVGO,Engineering,Senior,72.9,144400,4.5
AVGO-0070,Carlos Anderson,Broadcom,AVGO,Fab/Manufacturing,Senior,80.9,200100,3.4
AVGO-0071,Priya Smith,Broadcom,AVGO,Engineering,Principal,89.3,302900,5.3
AVGO-0072,Fatima Wang,Broadcom,AVGO,Supply Chain,Senior,67.3,214800,13.7
AVGO-0073,Aisha Nguyen,Broadcom,AVGO,People/HR,Staff,67.0,398800,6.2
AVGO-0074,Ahmed Brown,Broadcom,AVGO,Engineering,Principal,66.0,585900,12.8
AVGO-0075,Nina Cohen,Broadcom,AVGO,Operations,Principal,76.4,1206600,6.5
AVGO-0076,Mary Cohen,Broadcom,AVGO,Operations,Staff,75.4,639400,7.4
AVGO-0077,Arjun Park,Broadcom,AVGO,Sales & GTM,Principal,89.1,306200,9.0
AVGO-0078,Yuki Anderson,Broadcom,AVGO,Sales & GTM,Senior,82.4,74300,8.8
AVGO-0079,Raj Yamamoto,Broadcom,AVGO,Research & AI,Staff,92.1,179100,18.7
AVGO-0080,Michael Murphy,Broadcom,AVGO,Sales & GTM,Staff,98.7,309300,5.6
AVGO-0081,Priya Martinez,Broadcom,AVGO,Fab/Manufacturing,Senior,99.0,155300,4.2
AVGO-0082,Hiroshi Schmidt,Broadcom,AVGO,Research & AI,Staff,88.0,380200,7.2
AVGO-0083,Carlos Murphy,Broadcom,AVGO,Quality,Principal,81.4,223000,17.9
AVGO-0084,Chen Wilson,Broadcom,AVGO,Fab/Manufacturing,Director,75.1,972500,7.0
AVGO-0085,Sofia Martinez,Broadcom,AVGO,People/HR,Senior,94.8,844600,2.4
AVGO-0086,Sofia Nguyen,Broadcom,AVGO,Research & AI,Senior Director,57.0,1099500,13.7
AVGO-0087,David Schmidt,Broadcom,AVGO,Operations,Senior Director,84.8,504200,17.6
AVGO-0088,Olivia Garcia,Broadcom,AVGO,Fab/Manufacturing,Senior,65.8,430400,9.9
AVGO-0089,Sofia Anderson,Broadcom,AVGO,Engineering,Senior,79.5,772500,6.2
AVGO-0090,Michael Okafor,Broadcom,AVGO,Engineering,Director,78.1,489300,7.0
AVGO-0091,Ahmed Yamamoto,Broadcom,AVGO,Engineering,Principal,75.1,723700,10.5
AVGO-0092,Aisha Hassan,Broadcom,AVGO,Research & AI,Principal,79.4,864300,10.7
AVGO-0093,Wei Lopez,Broadcom,AVGO,Finance,Principal,81.0,288800,17.2
AVGO-0094,Yuki Brown,Broadcom,AVGO,Research & AI,Staff,83.2,417600,4.9
AVGO-0095,Samuel Rossi,Broadcom,AVGO,Fab/Manufacturing,Senior,79.8,229700,0.4
AVGO-0096,Nina Brown,Broadcom,AVGO,Fab/Manufacturing,Senior,68.3,107500,3.6
AVGO-0097,Hiroshi Schmidt,Broadcom,AVGO,Operations,Senior,77.5,510300,5.6
AVGO-0098,Chen Wang,Broadcom,AVGO,Operations,Senior Director,70.6,164700,14.6
AVGO-0099,Yuki Patel,Broadcom,AVGO,Operations,Senior,66.4,278600,1.3
AVGO-0100,Hannah Garcia,Broadcom,AVGO,People/HR,Staff,90.9,377100,1.6
AVGO-0101,Carlos Park,Broadcom,AVGO,Fab/Manufacturing,Senior,48.5,63500,6.7
AVGO-0102,Raj Lee,Broadcom,AVGO,Engineering,Senior,85.7,106900,4.3
AVGO-0103,Kevin Chen,Broadcom,AVGO,Operations,Director,70.6,279600,3.7
AVGO-0104,Raj Chen,Broadcom,AVGO,Fab/Manufacturing,Principal,83.3,513600,3.7
AVGO-0105,Thomas Wilson,Broadcom,AVGO,Operations,Senior Director,81.4,283500,8.2
AVGO-0106,Arjun Davis,Broadcom,AVGO,Operations,Senior,72.9,482800,10.1
AVGO-0107,John Schmidt,Broadcom,AVGO,Fab/Manufacturing,Principal,78.4,406900,8.3
AVGO-0108,Olivia Rossi,Broadcom,AVGO,Fab/Manufacturing,Principal,72.7,672900,4.1
AVGO-0109,Michael Murphy,Broadcom,AVGO,Supply Chain,Director,81.1,346800,6.9
AVGO-0110,Mary Rossi,Broadcom,AVGO,Operations,Staff,64.4,221100,9.6
AVGO-0111,Mary Ali,Broadcom,AVGO,Engineering,Principal,80.0,369100,5.1
AVGO-0112,Linda Cohen,Broadcom,AVGO,Finance,Principal,82.4,278700,5.9
AVGO-0113,Grace Tanaka,Broadcom,AVGO,Engineering,Senior,47.7,155900,1.3
AVGO-0114,Wei Wang,Broadcom,AVGO,People/HR,Staff,80.1,287900,17.5
AVGO-0115,Linda Ali,Broadcom,AVGO,Research & AI,Senior,64.1,238800,1.7
AVGO-0116,Chen Lee,Broadcom,AVGO,Sales & GTM,Staff,78.6,547400,4.8
AVGO-0117,Yuki Murphy,Broadcom,AVGO,Research & AI,Staff,90.3,645800,19.0
AVGO-0118,Nina Lopez,Broadcom,AVGO,Sales & GTM,Staff,62.5,286500,3.0
AVGO-0119,Carlos Cohen,Broadcom,AVGO,Engineering,Staff,73.9,491700,5.3
AVGO-0120,Daniel Anderson,Broadcom,AVGO,Engineering,Senior,72.7,391000,7.5
AVGO-0121,Sofia Murphy,Broadcom,AVGO,Operations,Senior,70.0,554200,3.7
AVGO-0122,Carlos Smith,Broadcom,AVGO,Legal & Policy,Staff,90.4,234000,7.8
AVGO-0123,Raj Chen,Broadcom,AVGO,Fab/Manufacturing,Senior,84.9,611700,1.6
AVGO-0124,Hannah Petrov,Broadcom,AVGO,Fab/Manufacturing,Senior,81.4,162700,6.8
AVGO-0125,Yuki Tanaka,Broadcom,AVGO,Fab/Manufacturing,Senior,82.0,384400,7.4
AVGO-0126,James Lopez,Broadcom,AVGO,Operations,VP,64.6,706100,8.9
AVGO-0127,Aisha Cohen,Broadcom,AVGO,Finance,Senior,96.6,289000,8.2
AVGO-0128,Daniel Martinez,Broadcom,AVGO,Fab/Manufacturing,Senior,79.0,207200,3.2
AVGO-0129,Nina Silva,Broadcom,AVGO,Fab/Manufacturing,Director,72.3,412400,6.8
AVGO-0130,Samuel Schmidt,Broadcom,AVGO,Fab/Manufacturing,Senior Director,84.9,1063100,13.3
AVGO-0131,Elena Brown,Broadcom,AVGO,Sales & GTM,Principal,87.2,231500,9.3
AVGO-0132,Emily Park,Broadcom,AVGO,Quality,Director,78.6,335700,14.7
AVGO-0133,Aisha Ali,Broadcom,AVGO,Engineering,Staff,74.9,949500,5.9
AVGO-0134,Samuel Yamamoto,Broadcom,AVGO,Engineering,Senior,78.3,220200,4.2
AVGO-0135,Priya Brown,Broadcom,AVGO,Fab/Manufacturing,VP,78.3,408000,6.9
AVGO-0136,Chen Okafor,Broadcom,AVGO,Operations,Staff,77.2,474000,3.8
AVGO-0137,Linda Lopez,Broadcom,AVGO,Quality,Principal,64.7,1003000,4.4
AVGO-0138,Yuki Cohen,Broadcom,AVGO,Engineering,Senior,75.2,199000,6.9
AVGO-0139,Sofia Patel,Broadcom,AVGO,Operations,VP,85.4,1314200,14.3
AVGO-0140,Maria Kim,Broadcom,AVGO,Operations,Senior Director,85.5,1232600,6.7
AVGO-0141,Michael Smith,Broadcom,AVGO,Research & AI,Principal,69.8,435200,6.9
AVGO-0142,Grace Petrov,Broadcom,AVGO,Engineering,Staff,70.2,203400,2.9
AVGO-0143,James Kim,Broadcom,AVGO,Fab/Manufacturing,Principal,77.0,372600,2.5
AVGO-0144,Arjun Reyes,Broadcom,AVGO,Fab/Manufacturing,Senior Director,100.0,926300,14.3
AVGO-0145,Zoe Rossi,Broadcom,AVGO,Finance,Staff,79.9,218000,4.5
AVGO-0146,Arjun Patel,Broadcom,AVGO,Operations,Staff,74.4,222400,3.2
AVGO-0147,Samuel Singh,Broadcom,AVGO,Engineering,Senior,72.6,134000,8.9
AVGO-0148,Kevin Anderson,Broadcom,AVGO,Engineering,Principal,82.7,320900,6.6
AVGO-0149,Olivia Davis,Broadcom,AVGO,Operations,Principal,85.0,897200,14.8
AVGO-0150,Maria Garcia,Broadcom,AVGO,Quality,VP,97.9,967100,13.5
AVGO-0151,Priya Wilson,Broadcom,AVGO,Operations,Director,72.2,387800,7.9
AVGO-0152,Kevin Brown,Broadcom,AVGO,Engineering,Senior,92.8,548800,12.7
AVGO-0153,Priya Wilson,Broadcom,AVGO,Engineering,Principal,94.9,178300,10.8
AVGO-0154,Thomas Brown,Broadcom,AVGO,Research & AI,Senior Director,93.0,1789400,9.2
AVGO-0155,Yuki Yamamoto,Broadcom,AVGO,Operations,Director,84.2,555900,3.3
AVGO-0156,Kevin Okafor,Broadcom,AVGO,Engineering,C-Suite,98.5,1396800,21.7
AVGO-0157,Mary Kim,Broadcom,AVGO,Quality,Director,57.3,393900,10.3
AVGO-0158,Maria Lopez,Broadcom,AVGO,Engineering,Principal,46.4,259000,5.4
AVGO-0159,Hannah Hassan,Broadcom,AVGO,Quality,Senior,74.8,390900,6.2
AVGO-0160,Raj Rossi,Broadcom,AVGO,Engineering,SVP,72.8,1231700,16.3
AVGO-0161,Wei Johnson,Broadcom,AVGO,Operations,Principal,75.1,230700,8.6
AVGO-0162,Priya Anderson,Broadcom,AVGO,Quality,SVP,76.0,1538500,11.4
AVGO-0163,Aisha Wang,Broadcom,AVGO,Fab/Manufacturing,Senior,95.6,109900,5.6
AVGO-0164,Maria Singh,Broadcom,AVGO,Engineering,Director,69.8,1014800,7.2
AVGO-0165,Maria Hassan,Broadcom,AVGO,Operations,Senior Director,68.1,503600,11.2
AVGO-0166,Yuki Lopez,Broadcom,AVGO,Engineering,Staff,79.4,214500,3.0
AVGO-0167,David Yamamoto,Broadcom,AVGO,Research & AI,Staff,75.3,462600,7.7
AVGO-0168,Sofia Kim,Broadcom,AVGO,Fab/Manufacturing,Staff,60.9,435200,3.2
AVGO-0169,Daniel Kim,Broadcom,AVGO,Engineering,Staff,80.6,162300,15.1
AVGO-0170,Priya Cohen,Broadcom,AVGO,Engineering,Director,78.6,395300,15.0
AVGO-0171,Maria Patel,Broadcom,AVGO,People/HR,Staff,63.5,298100,4.6
AVGO-0172,Carlos Chen,Broadcom,AVGO,Fab/Manufacturing,Principal,90.8,573000,7.5
AVGO-0173,Linda Nguyen,Broadcom,AVGO,Engineering,Director,83.0,1357000,5.3
AVGO-0174,Hannah Okafor,Broadcom,AVGO,Engineering,Senior,73.2,294100,12.3
AVGO-0175,Aisha Murphy,Broadcom,AVGO,Finance,VP,86.4,708200,13.3
AVGO-0176,Wei Lopez,Broadcom,AVGO,Engineering,Staff,80.1,743300,4.1
AVGO-0177,Thomas Silva,Broadcom,AVGO,Fab/Manufacturing,Senior,54.9,416400,1.7
AVGO-0178,Chen Tanaka,Broadcom,AVGO,Fab/Manufacturing,Staff,80.5,736800,18.7
AVGO-0179,Daniel Martinez,Broadcom,AVGO,Engineering,Senior,69.5,156100,5.7
AVGO-0180,Carlos Patel,Broadcom,AVGO,Research & AI,Principal,86.0,453700,4.7
AVGO-0181,Yuki Anderson,Broadcom,AVGO,Sales & GTM,Senior,91.8,208700,20.2
AVGO-0182,Chen Khan,Broadcom,AVGO,Fab/Manufacturing,Director,89.4,683700,14.5
AVGO-0183,Sofia Reyes,Broadcom,AVGO,Fab/Manufacturing,Director,76.9,135900,4.4
AVGO-0184,Zoe Okafor,Broadcom,AVGO,Sales & GTM,Director,78.4,417100,5.9
AVGO-0185,Hiroshi Khan,Broadcom,AVGO,Operations,Senior,80.1,210900,3.7
AVGO-0186,Daniel Khan,Broadcom,AVGO,Fab/Manufacturing,Senior,83.0,481900,2.2
AVGO-0187,Nina Nguyen,Broadcom,AVGO,Sales & GTM,VP,72.8,326800,8.4
AVGO-0188,Chen Anderson,Broadcom,AVGO,Fab/Manufacturing,Director,77.2,1096900,17.1
AVGO-0189,Raj Patel,Broadcom,AVGO,Engineering,Staff,79.0,143200,7.1
AVGO-0190,Carlos Lopez,Broadcom,AVGO,Fab/Manufacturing,Staff,76.8,380200,4.1
AVGO-0191,Wei Schmidt,Broadcom,AVGO,Engineering,SVP,88.5,1346700,7.1
AVGO-0192,Michael Rossi,Broadcom,AVGO,Engineering,Director,68.0,560900,12.3
AVGO-0193,Samuel Ali,Broadcom,AVGO,Legal & Policy,Director,92.0,505300,4.0
AVGO-0194,James Nguyen,Broadcom,AVGO,Quality,Senior,71.2,296100,3.0
AVGO-0195,Elena Cohen,Broadcom,AVGO,Operations,Staff,75.1,387400,10.3
AVGO-0196,Maria Wilson,Broadcom,AVGO,Fab/Manufacturing,Senior,85.3,244700,3.3
AVGO-0197,Grace Park,Broadcom,AVGO,Supply Chain,VP,88.8,1745700,13.5
AVGO-0198,Kevin Lee,Broadcom,AVGO,Fab/Manufacturing,Principal,80.5,694900,15.3
AVGO-0199,Zoe Smith,Broadcom,AVGO,Engineering,Principal,71.0,976100,9.3
AVGO-0200,Linda Brown,Broadcom,AVGO,Engineering,Senior,67.4,363200,5.6
AVGO-0201,John Brown,Broadcom,AVGO,Fab/Manufacturing,Senior Director,83.3,1173100,5.3
AVGO-0202,Aisha Tanaka,Broadcom,AVGO,Engineering,Principal,75.2,540900,7.0
AVGO-0203,Raj Garcia,Broadcom,AVGO,Finance,VP,100.0,3174100,8.2
AVGO-0204,James Kim,Broadcom,AVGO,Operations,Principal,76.3,711500,3.7
AVGO-0205,Samuel Wilson,Broadcom,AVGO,Fab/Manufacturing,Senior,75.8,150600,4.3
AVGO-0206,James Reyes,Broadcom,AVGO,Engineering,Principal,86.8,507500,12.1
AVGO-0207,Maria Anderson,Broadcom,AVGO,Engineering,Senior,84.0,482200,6.2
AVGO-0208,Carlos Patel,Broadcom,AVGO,Fab/Manufacturing,Staff,78.2,197200,4.5
AVGO-0209,Arjun Wang,Broadcom,AVGO,Sales & GTM,Senior,72.0,236800,0.7
AVGO-0210,Mary Wang,Broadcom,AVGO,Sales & GTM,Staff,60.9,1049100,7.3
AVGO-0211,Zoe Singh,Broadcom,AVGO,Fab/Manufacturing,Principal,76.1,731300,10.3
AVGO-0212,Priya Ali,Broadcom,AVGO,Finance,VP,86.1,402600,7.3
AVGO-0213,Raj Yamamoto,Broadcom,AVGO,Engineering,Director,84.6,490800,11.5
AVGO-0214,Arjun Johnson,Broadcom,AVGO,Fab/Manufacturing,Senior,72.1,165200,2.7
AVGO-0215,Yuki Rossi,Broadcom,AVGO,Engineering,Senior,74.0,212000,4.5
AVGO-0216,Chen Brown,Broadcom,AVGO,Engineering,Senior,73.3,211100,5.6
AVGO-0217,Yuki Kim,Broadcom,AVGO,Supply Chain,Staff,73.5,430100,12.2
AVGO-0218,Olivia Singh,Broadcom,AVGO,Engineering,Staff,83.3,320700,1.4
AVGO-0219,Carlos Kim,Broadcom,AVGO,Fab/Manufacturing,Senior,81.5,98700,2.0
AVGO-0220,Michael Johnson,Broadcom,AVGO,Engineering,Principal,72.8,869000,8.0
AVGO-0221,Thomas Murphy,Broadcom,AVGO,Fab/Manufacturing,Senior,88.5,339600,2.3
AVGO-0222,Michael Tanaka,Broadcom,AVGO,Sales & GTM,Senior,75.6,421200,3.9
AVGO-0223,Samuel Johnson,Broadcom,AVGO,Quality,Staff,77.9,468000,11.8
AVGO-0224,Elena Lee,Broadcom,AVGO,Engineering,Senior Director,80.9,1254300,13.6
AVGO-0225,Carlos Garcia,Broadcom,AVGO,Engineering,VP,82.5,750400,13.3
AVGO-0226,David Wilson,Broadcom,AVGO,Fab/Manufacturing,Senior Director,69.6,1080200,7.8
AVGO-0227,Mary Park,Broadcom,AVGO,Operations,Director,78.2,206900,13.6
AVGO-0228,Carlos Petrov,Broadcom,AVGO,Supply Chain,Staff,80.1,365400,8.2
AVGO-0229,David Schmidt,Broadcom,AVGO,Engineering,Senior,77.9,308400,9.7
AVGO-0230,Zoe Cohen,Broadcom,AVGO,Finance,Principal,97.1,1680300,6.6
AVGO-0231,Sofia Anderson,Broadcom,AVGO,Engineering,Senior Director,100.0,621700,11.1
AVGO-0232,Aisha Wilson,Broadcom,AVGO,Finance,Principal,68.1,818900,8.7
AVGO-0233,David Anderson,Broadcom,AVGO,Engineering,Senior Director,80.9,1490200,10.9
AVGO-0234,David Park,Broadcom,AVGO,Engineering,Principal,87.0,718100,5.0
AVGO-0235,Zoe Khan,Broadcom,AVGO,Engineering,Senior,77.9,192700,3.0
AVGO-0236,James Singh,Broadcom,AVGO,Engineering,Director,82.8,337600,8.3
AVGO-0237,Ahmed Petrov,Broadcom,AVGO,Engineering,Principal,77.6,203400,9.0
AVGO-0238,Carlos Tanaka,Broadcom,AVGO,Fab/Manufacturing,Staff,63.9,489400,12.4
AVGO-0239,Priya Rossi,Broadcom,AVGO,Sales & GTM,Staff,89.8,271300,4.8
AVGO-0240,Elena Khan,Broadcom,AVGO,Engineering,Staff,83.0,136800,3.5
AVGO-0241,Priya Schmidt,Broadcom,AVGO,Fab/Manufacturing,Director,60.2,253800,4.3
AVGO-0242,Thomas Ali,Broadcom,AVGO,Engineering,Director,86.7,1164700,8.9
AVGO-0243,Hiroshi Reyes,Broadcom,AVGO,Operations,Principal,75.0,448100,18.1
AVGO-0244,Michael Patel,Broadcom,AVGO,Quality,Senior,65.4,183400,4.7
AVGO-0245,David Kim,Broadcom,AVGO,Sales & GTM,Senior,82.9,110200,11.3
AVGO-0246,James Petrov,Broadcom,AVGO,Sales & GTM,Senior,84.0,259600,1.6
AVGO-0247,Hiroshi Patel,Broadcom,AVGO,Operations,Principal,82.2,829200,4.2
AVGO-0248,John Lopez,Broadcom,AVGO,Research & AI,Principal,84.1,699300,2.5
AVGO-0249,Linda Schmidt,Broadcom,AVGO,Fab/Manufacturing,Principal,86.0,316100,4.7
AVGO-0250,Maria Anderson,Broadcom,AVGO,Research & AI,Senior,82.4,255600,7.7
AVGO-0251,Arjun Murphy,Broadcom,AVGO,Engineering,Staff,90.0,595200,11.4
AVGO-0252,Priya Cohen,Broadcom,AVGO,Finance,Staff,79.6,170700,7.7
AVGO-0253,Grace Murphy,Broadcom,AVGO,Legal & Policy,Staff,74.1,844500,3.9
AVGO-0254,Nina Murphy,Broadcom,AVGO,Finance,Senior,85.6,309800,1.3
AVGO-0255,Samuel Petrov,Broadcom,AVGO,Fab/Manufacturing,Senior,85.8,299700,6.3
AVGO-0256,Chen Petrov,Broadcom,AVGO,Engineering,Senior,87.9,160300,22.2
AVGO-0257,James Lee,Broadcom,AVGO,Research & AI,Senior,91.3,130000,2.6
AVGO-0258,David Rossi,Broadcom,AVGO,Engineering,Senior,71.8,68700,1.7
AVGO-0259,Maria Wilson,Broadcom,AVGO,Engineering,Staff,86.8,615900,9.9
AVGO-0260,Priya Singh,Broadcom,AVGO,Fab/Manufacturing,Principal,84.6,603100,2.5
AVGO-0261,Kevin Lopez,Broadcom,AVGO,Fab/Manufacturing,Senior,91.9,756200,5.4
AVGO-0262,Nina Brown,Broadcom,AVGO,Fab/Manufacturing,Director,86.7,142900,14.4
AVGO-0263,Kevin Nguyen,Broadcom,AVGO,Engineering,VP,74.8,938700,15.3
AVGO-0264,David Lopez,Broadcom,AVGO,Fab/Manufacturing,Principal,68.4,277300,17.1
AVGO-0265,Arjun Hassan,Broadcom,AVGO,Fab/Manufacturing,Senior Director,72.5,241500,4.3
AVGO-0266,Arjun Anderson,Broadcom,AVGO,Legal & Policy,Principal,66.0,224300,6.9
AVGO-0267,Kevin Singh,Broadcom,AVGO,Engineering,Staff,83.6,735300,3.9
AVGO-0268,Daniel Silva,Broadcom,AVGO,Fab/Manufacturing,Director,78.0,914100,17.8
AVGO-0269,Ahmed Johnson,Broadcom,AVGO,Operations,Senior,69.4,709600,8.3
AVGO-0270,Aisha Wang,Broadcom,AVGO,Sales & GTM,Principal,77.3,392200,6.5
AVGO-0271,David Martinez,Broadcom,AVGO,Operations,C-Suite,75.9,1433700,17.0
AVGO-0272,Samuel Reyes,Broadcom,AVGO,Operations,Staff,82.3,492900,1.4
AVGO-0273,Zoe Brown,Broadcom,AVGO,Engineering,Principal,73.6,350400,5.3
AVGO-0274,Raj Ali,Broadcom,AVGO,Engineering,VP,57.1,779700,6.8
AVGO-0275,Chen Kim,Broadcom,AVGO,Operations,Senior Director,100.0,572200,4.6
AVGO-0276,Linda Cohen,Broadcom,AVGO,Engineering,VP,67.4,919700,10.8
AVGO-0277,Ahmed Schmidt,Broadcom,AVGO,Research & AI,Staff,93.2,361100,8.7
AVGO-0278,Carlos Kim,Broadcom,AVGO,Operations,Staff,68.4,255100,7.8
AVGO-0279,Sofia Khan,Broadcom,AVGO,Fab/Manufacturing,SVP,98.1,326700,14.9
AVGO-0280,Nina Okafor,Broadcom,AVGO,Engineering,Staff,84.3,318000,10.2
AVGO-0281,Hannah Brown,Broadcom,AVGO,Research & AI,Senior,73.1,410300,8.2
AVGO-0282,Grace Martinez,Broadcom,AVGO,Engineering,Senior,70.5,166800,10.1
AVGO-0283,Olivia Cohen,Broadcom,AVGO,Sales & GTM,Principal,80.7,713800,3.5
AVGO-0284,Samuel Okafor,Broadcom,AVGO,Operations,Principal,82.9,162500,3.0
AVGO-0285,Chen Khan,Broadcom,AVGO,People/HR,Senior,78.1,264600,7.1
AVGO-0286,David Wang,Broadcom,AVGO,Fab/Manufacturing,Staff,73.9,459600,11.5
AVGO-0287,Daniel Murphy,Broadcom,AVGO,Fab/Manufacturing,VP,88.9,1859600,11.7
AVGO-0288,Olivia Lee,Broadcom,AVGO,Fab/Manufacturing,Staff,74.0,318400,2.6
AVGO-0289,Emily Yamamoto,Broadcom,AVGO,Engineering,Director,87.0,642300,15.6
AVGO-0290,David Nguyen,Broadcom,AVGO,Engineering,Director,84.0,487500,13.8
AVGO-0291,Michael Murphy,Broadcom,AVGO,Sales & GTM,Senior,88.5,68800,7.0
AVGO-0292,James Davis,Broadcom,AVGO,Engineering,Senior,61.3,365900,1.9
AVGO-0293,Yuki Wang,Broadcom,AVGO,Operations,Senior,90.4,130900,9.5
AVGO-0294,Nina Reyes,Broadcom,AVGO,Operations,Senior,66.3,276500,6.4
AVGO-0295,Ahmed Nguyen,Broadcom,AVGO,Engineering,Senior,69.9,536800,7.3
AVGO-0296,Hannah Martinez,Broadcom,AVGO,Fab/Manufacturing,Staff,83.2,818300,9.5
AVGO-0297,Hannah Chen,Broadcom,AVGO,Operations,Principal,90.5,358400,14.7
AVGO-0298,Maria Chen,Broadcom,AVGO,Operations,VP,77.4,1261100,9.5
AVGO-0299,Nina Brown,Broadcom,AVGO,Fab/Manufacturing,Staff,67.6,279400,7.5
AVGO-0300,Ahmed Khan,Broadcom,AVGO,Engineering,Principal,64.2,414000,3.4
AVGO-0301,Ahmed Wang,Broadcom,AVGO,Engineering,Principal,78.9,1393700,6.0
AVGO-0302,Arjun Silva,Broadcom,AVGO,Operations,Director,89.5,583300,3.0
AVGO-0303,Zoe Cohen,Broadcom,AVGO,Operations,Staff,56.1,584300,9.2
AVGO-0304,Priya Okafor,Broadcom,AVGO,Engineering,Staff,84.4,337800,7.0
AVGO-0305,Elena Johnson,Broadcom,AVGO,Engineering,Senior,61.3,508000,3.6
AVGO-0306,David Hassan,Broadcom,AVGO,Fab/Manufacturing,Principal,75.4,426700,16.4
AVGO-0307,Fatima Nguyen,Broadcom,AVGO,Engineering,Director,80.0,435300,5.6
AVGO-0308,Hiroshi Davis,Broadcom,AVGO,Fab/Manufacturing,Director,70.9,556500,5.3
AVGO-0309,Fatima Patel,Broadcom,AVGO,Research & AI,Director,82.1,723600,4.8
AVGO-0310,Yuki Martinez,Broadcom,AVGO,Engineering,Director,87.5,439600,13.5
AVGO-0311,Ahmed Hassan,Broadcom,AVGO,Finance,VP,65.6,491500,9.5
AVGO-0312,Priya Brown,Broadcom,AVGO,Research & AI,Director,80.7,924000,14.7
AVGO-0313,Olivia Wang,Broadcom,AVGO,People/HR,Senior Director,73.5,410900,8.6
AVGO-0314,James Tanaka,Broadcom,AVGO,Research & AI,Senior,70.6,213600,3.0
AVGO-0315,Olivia Schmidt,Broadcom,AVGO,Fab/Manufacturing,Staff,78.3,169700,5.6
AVGO-0316,Samuel Lee,Broadcom,AVGO,Sales & GTM,Principal,59.0,414000,18.9
AVGO-0317,Fatima Hassan,Broadcom,AVGO,Quality,Director,82.5,787100,7.4
AVGO-0318,Ahmed Chen,Broadcom,AVGO,Fab/Manufacturing,Staff,100.0,461200,7.7
AVGO-0319,Mary Chen,Broadcom,AVGO,Engineering,Staff,70.1,124600,7.5
AVGO-0320,Carlos Rossi,Broadcom,AVGO,Fab/Manufacturing,Staff,78.1,361500,2.4
AVGO-0321,Fatima Chen,Broadcom,AVGO,Engineering,Principal,78.3,527900,5.3
AVGO-0322,Arjun Wilson,Broadcom,AVGO,Sales & GTM,Staff,76.2,362800,2.0
AVGO-0323,Maria Lee,Broadcom,AVGO,Finance,Senior Director,60.3,596100,5.1
AVGO-0324,Ahmed Reyes,Broadcom,AVGO,Engineering,Senior,79.4,149400,6.6
AVGO-0325,Grace Nguyen,Broadcom,AVGO,Legal & Policy,Senior,71.2,79000,6.0
AVGO-0326,Grace Silva,Broadcom,AVGO,Fab/Manufacturing,Senior,65.4,249400,12.5
AVGO-0327,Priya Brown,Broadcom,AVGO,Sales & GTM,Staff,84.5,195300,16.4
AVGO-0328,Ahmed Park,Broadcom,AVGO,Fab/Manufacturing,Staff,71.2,72200,3.6
AVGO-0329,Sofia Johnson,Broadcom,AVGO,Engineering,Principal,66.1,356600,3.9
AVGO-0330,Kevin Anderson,Broadcom,AVGO,Fab/Manufacturing,Senior,76.7,159200,7.5
AVGO-0331,Hiroshi Rossi,Broadcom,AVGO,Research & AI,Staff,79.2,745800,3.0
AVGO-0332,Michael Wilson,Broadcom,AVGO,Supply Chain,Staff,79.4,424500,5.2
AVGO-0333,John Lee,Broadcom,AVGO,Fab/Manufacturing,Principal,92.7,325100,7.0
AVGO-0334,James Kim,Broadcom,AVGO,Operations,Senior,63.5,255300,7.5
AVGO-0335,Nina Schmidt,Broadcom,AVGO,Engineering,Staff,81.0,327300,7.1
AVGO-0336,Arjun Garcia,Broadcom,AVGO,Fab/Manufacturing,Senior,68.6,121600,8.1
AVGO-0337,Raj Ali,Broadcom,AVGO,Operations,Director,71.5,312500,7.7
AVGO-0338,Thomas Cohen,Broadcom,AVGO,Sales & GTM,Staff,69.8,414000,5.3
AVGO-0339,Daniel Rossi,Broadcom,AVGO,Supply Chain,Senior,64.7,103500,3.4
AVGO-0340,Hiroshi Okafor,Broadcom,AVGO,Engineering,Director,54.1,978100,6.0
AVGO-0341,Priya Singh,Broadcom,AVGO,Finance,Senior Director,80.7,408900,15.3
AVGO-0342,Emily Nguyen,Broadcom,AVGO,Engineering,Senior,67.2,217700,5.7
AVGO-0343,Elena Silva,Broadcom,AVGO,Quality,Principal,84.1,263600,3.4
AVGO-0344,Emily Wilson,Broadcom,AVGO,Fab/Manufacturing,Staff,76.3,446600,8.6
AVGO-0345,David Park,Broadcom,AVGO,Research & AI,Senior Director,54.8,640900,9.8
AVGO-0346,Nina Wilson,Broadcom,AVGO,Fab/Manufacturing,Staff,78.1,59000,4.4
AVGO-0347,Fatima Singh,Broadcom,AVGO,Legal & Policy,Senior,64.8,584200,5.4
AVGO-0348,Wei Wang,Broadcom,AVGO,Engineering,Senior,63.1,364000,7.0
AVGO-0349,Maria Wang,Broadcom,AVGO,Quality,Senior Director,78.6,329100,7.4
AVGO-0350,Sofia Kim,Broadcom,AVGO,Engineering,VP,87.9,2369900,24.8
AVGO-0351,James Brown,Broadcom,AVGO,People/HR,Senior Director,86.9,1512400,7.5
AVGO-0352,Raj Martinez,Broadcom,AVGO,Fab/Manufacturing,Director,71.5,404900,7.2
AVGO-0353,Linda Martinez,Broadcom,AVGO,Engineering,Staff,74.7,858100,13.2
AVGO-0354,Maria Chen,Broadcom,AVGO,Fab/Manufacturing,Senior,74.5,119900,5.2
AVGO-0355,Emily Chen,Broadcom,AVGO,Engineering,Senior,80.9,560100,5.3
AVGO-0356,Nina Cohen,Broadcom,AVGO,Operations,Director,68.9,703300,9.2
AVGO-0357,Priya Silva,Broadcom,AVGO,Operations,Principal,63.3,180400,6.8
AVGO-0358,Aisha Ali,Broadcom,AVGO,Engineering,Staff,87.5,379800,4.8
AVGO-0359,Mary Rossi,Broadcom,AVGO,Legal & Policy,Staff,71.4,206700,12.1
AVGO-0360,Emily Murphy,Broadcom,AVGO,Engineering,Senior Director,66.9,515300,3.9
AVGO-0361,Chen Lopez,Broadcom,AVGO,Operations,Senior,70.5,338800,6.1
AVGO-0362,Ahmed Ali,Broadcom,AVGO,Fab/Manufacturing,Staff,92.2,248600,7.9
AVGO-0363,Arjun Khan,Broadcom,AVGO,Engineering,Staff,75.5,960500,6.8
AVGO-0364,Hannah Lopez,Broadcom,AVGO,Fab/Manufacturing,Senior,76.6,211500,9.2
AVGO-0365,Samuel Park,Broadcom,AVGO,Operations,Senior,74.7,332600,4.0
AVGO-0366,Linda Rossi,Broadcom,AVGO,Engineering,Principal,71.9,65400,14.8
AVGO-0367,Yuki Lopez,Broadcom,AVGO,Fab/Manufacturing,Director,64.9,927900,13.4
AVGO-0368,Priya Okafor,Broadcom,AVGO,Fab/Manufacturing,Staff,60.7,318200,4.9
AVGO-0369,Elena Schmidt,Broadcom,AVGO,Operations,Staff,87.8,574800,5.1
AVGO-0370,Priya Khan,Broadcom,AVGO,Engineering,Senior,70.7,200500,4.2
AVGO-0371,Olivia Brown,Broadcom,AVGO,Engineering,Principal,82.6,332100,6.3
AVGO-0372,Mary Smith,Broadcom,AVGO,Sales & GTM,Senior,95.7,150500,3.9
AVGO-0373,Zoe Davis,Broadcom,AVGO,Sales & GTM,Director,89.7,556600,12.2
AVGO-0374,Raj Lopez,Broadcom,AVGO,Engineering,Staff,76.0,184500,17.9
AVGO-0375,John Garcia,Broadcom,AVGO,People/HR,Senior,87.6,171500,2.7
AVGO-0376,Samuel Reyes,Broadcom,AVGO,Fab/Manufacturing,Senior,78.6,85100,6.7
AVGO-0377,John Rossi,Broadcom,AVGO,Engineering,Senior,79.9,542100,1.8
AVGO-0378,Priya Cohen,Broadcom,AVGO,Engineering,Principal,83.0,651400,5.7
AVGO-0379,Michael Wilson,Broadcom,AVGO,Sales & GTM,Senior,74.6,493400,11.9
AVGO-0380,Kevin Rossi,Broadcom,AVGO,Fab/Manufacturing,Senior,84.9,448600,6.7
AVGO-0381,Sofia Ali,Broadcom,AVGO,Engineering,VP,89.0,798300,20.6
AVGO-0382,Olivia Silva,Broadcom,AVGO,Engineering,Senior,55.9,432200,8.1
AVGO-0383,Kevin Okafor,Broadcom,AVGO,Supply Chain,Senior Director,79.2,1091000,5.8
AVGO-0384,Chen Park,Broadcom,AVGO,Finance,Director,61.2,359500,9.6
AVGO-0385,Olivia Singh,Broadcom,AVGO,People/HR,Principal,78.5,367300,6.8
AVGO-0386,David Hassan,Broadcom,AVGO,Operations,Staff,79.7,110700,6.8
AVGO-0387,Thomas Smith,Broadcom,AVGO,Engineering,Senior,71.7,585100,3.6
AVGO-0388,Grace Murphy,Broadcom,AVGO,Engineering,Senior Director,93.6,597700,14.2
AVGO-0389,Hiroshi Schmidt,Broadcom,AVGO,Operations,Staff,74.0,155100,2.2
AVGO-0390,Samuel Kim,Broadcom,AVGO,Sales & GTM,Staff,76.8,647700,14.9
AVGO-0391,Linda Reyes,Broadcom,AVGO,Finance,Senior,91.8,232600,6.6
AVGO-0392,David Ali,Broadcom,AVGO,Engineering,Staff,83.3,453400,2.2
AVGO-0393,David Anderson,Broadcom,AVGO,Supply Chain,Senior,69.6,188700,3.3
AVGO-0394,David Yamamoto,Broadcom,AVGO,Sales & GTM,SVP,90.4,1850500,16.7
AVGO-0395,Elena Okafor,Broadcom,AVGO,Fab/Manufacturing,Principal,100.0,178200,8.2
AVGO-0396,Yuki Schmidt,Broadcom,AVGO,Sales & GTM,SVP,67.6,1101200,13.6
AVGO-0397,Yuki Nguyen,Broadcom,AVGO,Supply Chain,Staff,78.0,385300,4.2
AVGO-0398,Daniel Okafor,Broadcom,AVGO,Engineering,Principal,82.1,460200,3.6
AVGO-0399,Priya Hassan,Broadcom,AVGO,Engineering,Senior,75.8,202900,7.7
AVGO-0400,Olivia Garcia,Broadcom,AVGO,Engineering,Staff,83.5,356400,5.2
AVGO-0401,Samuel Singh,Broadcom,AVGO,Sales & GTM,Director,70.2,259600,10.3
AVGO-0402,James Khan,Broadcom,AVGO,Engineering,Principal,71.1,161200,5.0
AVGO-0403,Maria Hassan,Broadcom,AVGO,Sales & GTM,Staff,78.0,247400,18.0
AVGO-0404,Emily Tanaka,Broadcom,AVGO,People/HR,Senior Director,77.4,1210200,6.3
AVGO-0405,James Yamamoto,Broadcom,AVGO,Engineering,Senior,75.6,109000,6.7
AVGO-0406,Fatima Reyes,Broadcom,AVGO,Fab/Manufacturing,Senior,78.3,149100,1.6
AVGO-0407,Yuki Murphy,Broadcom,AVGO,Sales & GTM,VP,81.0,684800,7.5
AVGO-0408,Maria Davis,Broadcom,AVGO,Finance,VP,80.0,184800,7.2
AVGO-0409,Emily Khan,Broadcom,AVGO,Research & AI,Senior,99.9,245400,6.5
AVGO-0410,Grace Khan,Broadcom,AVGO,Sales & GTM,Staff,71.7,324800,17.1
AVGO-0411,Michael Martinez,Broadcom,AVGO,Fab/Manufacturing,Senior Director,78.2,271600,12.8
AVGO-0412,Priya Khan,Broadcom,AVGO,Engineering,Director,83.4,525600,11.4
AVGO-0413,Sofia Garcia,Broadcom,AVGO,Operations,Principal,79.8,718600,12.2
AVGO-0414,Raj Wilson,Broadcom,AVGO,Quality,Principal,69.4,270700,11.3
AVGO-0415,Aisha Khan,Broadcom,AVGO,Fab/Manufacturing,Staff,72.9,246900,5.1
AVGO-0416,Samuel Anderson,Broadcom,AVGO,Engineering,Senior Director,76.7,587800,8.2
AVGO-0417,John Smith,Broadcom,AVGO,Engineering,Staff,92.7,368500,11.8
AVGO-0418,Daniel Garcia,Broadcom,AVGO,Legal & Policy,Staff,82.1,275300,1.9
AVGO-0419,Raj Singh,Broadcom,AVGO,Engineering,Principal,84.7,524400,6.4
AVGO-0420,Chen Brown,Broadcom,AVGO,Engineering,C-Suite,84.9,1699900,20.2
AVGO-0421,Michael Garcia,Broadcom,AVGO,Fab/Manufacturing,VP,76.7,857900,17.5
AVGO-0422,Maria Petrov,Broadcom,AVGO,Sales & GTM,Principal,70.9,233000,7.0
AVGO-0423,Hannah Petrov,Broadcom,AVGO,Operations,Senior,79.1,204100,2.8
AVGO-0424,Priya Ali,Broadcom,AVGO,Engineering,Principal,77.7,445600,6.1
AVGO-0425,Grace Nguyen,Broadcom,AVGO,Finance,Staff,86.6,536600,9.1
AVGO-0426,Thomas Lee,Broadcom,AVGO,Supply Chain,Senior,63.5,116500,5.1
AVGO-0427,Sofia Patel,Broadcom,AVGO,Engineering,Staff,91.1,906100,14.0
AVGO-0428,Zoe Silva,Broadcom,AVGO,Fab/Manufacturing,Senior,76.9,182700,6.5
AVGO-0429,Kevin Schmidt,Broadcom,AVGO,Finance,Senior,84.6,88200,5.9
AVGO-0430,Hannah Cohen,Broadcom,AVGO,Engineering,Senior,75.4,338000,7.4
AVGO-0431,David Okafor,Broadcom,AVGO,Sales & GTM,Director,89.7,979200,9.4
AVGO-0432,Fatima Garcia,Broadcom,AVGO,Engineering,Staff,60.7,352500,3.8
AVGO-0433,Arjun Cohen,Broadcom,AVGO,Fab/Manufacturing,Director,93.2,1144800,5.1
AVGO-0434,Hiroshi Garcia,Broadcom,AVGO,Sales & GTM,Staff,85.3,459800,6.4
AVGO-0435,Olivia Yamamoto,Broadcom,AVGO,Supply Chain,Principal,73.5,660400,9.5
AVGO-0436,David Kim,Broadcom,AVGO,Engineering,Senior,84.3,330000,0.8
AVGO-0437,Sofia Anderson,Broadcom,AVGO,Fab/Manufacturing,Senior,79.8,114100,3.8
AVGO-0438,Hiroshi Singh,Broadcom,AVGO,Engineering,VP,100.0,438900,9.0
AVGO-0439,Arjun Murphy,Broadcom,AVGO,Engineering,Senior,58.8,126300,0.7
AVGO-0440,Priya Wang,Broadcom,AVGO,Engineering,Staff,91.0,513500,8.9
AVGO-0441,Ahmed Smith,Broadcom,AVGO,Engineering,Senior,69.2,324400,7.0
AVGO-0442,Michael Lopez,Broadcom,AVGO,Research & AI,Senior,74.3,286900,6.3
AVGO-0443,Samuel Petrov,Broadcom,AVGO,Fab/Manufacturing,Staff,82.5,331600,12.7
AVGO-0444,James Nguyen,Broadcom,AVGO,Engineering,Senior,77.6,88700,6.6
AVGO-0445,Michael Kim,Broadcom,AVGO,Research & AI,Senior,79.3,195200,10.1
AVGO-0446,Sofia Patel,Broadcom,AVGO,Supply Chain,Senior,74.0,260600,17.5
AVGO-0447,Raj Patel,Broadcom,AVGO,Engineering,Senior,66.8,120900,2.2
AVGO-0448,Arjun Wang,Broadcom,AVGO,Fab/Manufacturing,Director,86.2,281700,3.8
AVGO-0449,Grace Patel,Broadcom,AVGO,Engineering,Senior,87.6,332800,1.9
AVGO-0450,Ahmed Tanaka,Broadcom,AVGO,Fab/Manufacturing,Staff,79.1,237900,3.7
AVGO-0451,Elena Chen,Broadcom,AVGO,Fab/Manufacturing,Principal,60.4,509400,5.7
AVGO-0452,Olivia Martinez,Broadcom,AVGO,Operations,Staff,93.2,203900,4.6
AVGO-0453,Ahmed Yamamoto,Broadcom,AVGO,Sales & GTM,VP,78.6,507500,18.5
AVGO-0454,Olivia Yamamoto,Broadcom,AVGO,Engineering,Director,86.6,1308300,18.2
AVGO-0455,Emily Singh,Broadcom,AVGO,Fab/Manufacturing,Principal,74.3,392500,3.9
AVGO-0456,Fatima Nguyen,Broadcom,AVGO,Research & AI,Senior,64.6,383900,1.4
AVGO-0457,Michael Nguyen,Broadcom,AVGO,Supply Chain,Principal,97.6,578300,6.8
AVGO-0458,Sofia Hassan,Broadcom,AVGO,Operations,Principal,87.5,339400,6.7
AVGO-0459,Olivia Lee,Broadcom,AVGO,Sales & GTM,Senior,84.3,459600,13.0
AVGO-0460,Olivia Rossi,Broadcom,AVGO,Fab/Manufacturing,VP,96.9,1800200,7.1
AVGO-0461,David Martinez,Broadcom,AVGO,Fab/Manufacturing,Principal,87.8,178600,4.0
AVGO-0462,Thomas Hassan,Broadcom,AVGO,Engineering,Staff,93.7,236500,1.9
AVGO-0463,Fatima Martinez,Broadcom,AVGO,Sales & GTM,SVP,89.8,1422800,12.3
AVGO-0464,Chen Garcia,Broadcom,AVGO,Supply Chain,Senior,73.5,553000,7.7
AVGO-0465,Grace Singh,Broadcom,AVGO,Supply Chain,Principal,64.6,391500,3.7
AVGO-0466,Priya Kim,Broadcom,AVGO,Engineering,Senior,76.6,146600,1.2
AVGO-0467,Hannah Petrov,Broadcom,AVGO,Engineering,Senior Director,76.0,1434900,7.6
AVGO-0468,Arjun Cohen,Broadcom,AVGO,Fab/Manufacturing,Senior,76.8,94700,6.0
AVGO-0469,Sofia Okafor,Broadcom,AVGO,Research & AI,Senior,91.1,234400,2.6
AVGO-0470,Sofia Brown,Broadcom,AVGO,Fab/Manufacturing,Staff,88.2,251800,11.2
AVGO-0471,John Okafor,Broadcom,AVGO,Fab/Manufacturing,Senior Director,84.4,412600,14.7
AVGO-0472,Mary Tanaka,Broadcom,AVGO,Operations,Staff,71.3,95200,9.3
AVGO-0473,Hannah Davis,Broadcom,AVGO,Operations,Principal,80.5,805300,7.9
AVGO-0474,Hannah Yamamoto,Broadcom,AVGO,Fab/Manufacturing,Staff,82.9,180100,4.8
AVGO-0475,Wei Singh,Broadcom,AVGO,Quality,Senior,82.6,435500,10.8
AVGO-0476,Ahmed Kim,Broadcom,AVGO,Fab/Manufacturing,Senior,77.7,318300,4.0
AVGO-0477,Hiroshi Garcia,Broadcom,AVGO,Engineering,Staff,78.0,722700,4.5
AVGO-0478,Olivia Brown,Broadcom,AVGO,Research & AI,Staff,79.4,359100,3.2
AVGO-0479,Michael Wilson,Broadcom,AVGO,Engineering,Senior,77.8,160400,14.7
AVGO-0480,John Khan,Broadcom,AVGO,Finance,Senior Director,76.5,667100,13.2
AVGO-0481,Kevin Davis,Broadcom,AVGO,Fab/Manufacturing,Senior,71.2,134000,5.1
AVGO-0482,John Kim,Broadcom,AVGO,Engineering,Senior,76.1,210300,8.2
AVGO-0483,Sofia Hassan,Broadcom,AVGO,Fab/Manufacturing,C-Suite,78.3,1224800,28.8
AVGO-0484,Wei Kim,Broadcom,AVGO,Fab/Manufacturing,Senior,66.8,362300,5.2
AVGO-0485,Priya Wang,Broadcom,AVGO,Research & AI,Senior,67.5,180800,2.2
AVGO-0486,Kevin Nguyen,Broadcom,AVGO,People/HR,Senior,92.1,154700,7.7
AVGO-0487,Ahmed Murphy,Broadcom,AVGO,Operations,Principal,59.1,589700,17.9
AVGO-0488,Maria Garcia,Broadcom,AVGO,Fab/Manufacturing,Principal,87.5,889500,7.5
AVGO-0489,Kevin Murphy,Broadcom,AVGO,Engineering,Senior Director,84.0,855900,9.3
AVGO-0490,Linda Reyes,Broadcom,AVGO,Fab/Manufacturing,Principal,90.3,463800,6.3
AVGO-0491,Yuki Chen,Broadcom,AVGO,Operations,Senior Director,76.1,459700,10.0
AVGO-0492,Grace Lopez,Broadcom,AVGO,Research & AI,Senior Director,73.7,736500,15.2
AVGO-0493,Daniel Wang,Broadcom,AVGO,Engineering,Director,77.5,269000,8.4
AVGO-0494,James Johnson,Broadcom,AVGO,Engineering,Staff,88.7,914000,6.1
AVGO-0495,Maria Patel,Broadcom,AVGO,Finance,Senior,75.4,236000,21.5
AVGO-0496,Olivia Rossi,Broadcom,AVGO,Quality,Director,72.9,369600,4.1
AVGO-0497,Fatima Smith,Broadcom,AVGO,Quality,Senior,62.5,327000,4.4
AVGO-0498,Grace Cohen,Broadcom,AVGO,Sales & GTM,Senior,64.0,89000,2.8
AVGO-0499,Nina Ali,Broadcom,AVGO,Finance,Staff,82.1,286400,6.9
AVGO-0500,David Tanaka,Broadcom,AVGO,Fab/Manufacturing,Staff,69.9,69600,6.1
AVGO-0501,Samuel Smith,Broadcom,AVGO,Fab/Manufacturing,Senior,75.8,225400,12.4
AVGO-0502,Kevin Anderson,Broadcom,AVGO,Engineering,Senior Director,81.8,1594100,6.5
AVGO-0503,Yuki Khan,Broadcom,AVGO,Engineering,Staff,76.5,368400,9.5
AVGO-0504,Yuki Wang,Broadcom,AVGO,Finance,Principal,84.3,335700,5.7
AVGO-0505,Arjun Davis,Broadcom,AVGO,Engineering,Principal,75.9,237100,4.3
AVGO-0506,Yuki Brown,Broadcom,AVGO,Fab/Manufacturing,Principal,94.6,374300,7.2
AVGO-0507,James Rossi,Broadcom,AVGO,Research & AI,SVP,72.8,1906200,7.4
AVGO-0508,Nina Wilson,Broadcom,AVGO,Fab/Manufacturing,Principal,69.7,152200,7.2
AVGO-0509,Aisha Patel,Broadcom,AVGO,Fab/Manufacturing,Staff,89.1,1510600,6.7
AVGO-0510,Sofia Johnson,Broadcom,AVGO,Engineering,VP,75.7,553200,11.7
AVGO-0511,Hiroshi Chen,Broadcom,AVGO,Operations,Senior,91.7,153300,13.4
AVGO-0512,Emily Khan,Broadcom,AVGO,Research & AI,Principal,81.8,483800,3.1
AVGO-0513,Yuki Hassan,Broadcom,AVGO,Operations,Senior,63.0,197500,3.7
AVGO-0514,Hiroshi Schmidt,Broadcom,AVGO,Finance,VP,71.7,443800,8.7
AVGO-0515,Priya Khan,Broadcom,AVGO,Fab/Manufacturing,Senior,74.5,475600,12.7
AVGO-0516,Chen Davis,Broadcom,AVGO,Engineering,Senior,65.5,306700,3.0
AVGO-0517,Raj Martinez,Broadcom,AVGO,Research & AI,Staff,74.7,280400,6.8
AVGO-0518,Michael Garcia,Broadcom,AVGO,Fab/Manufacturing,Principal,89.0,489300,5.0
AVGO-0519,Carlos Tanaka,Broadcom,AVGO,Fab/Manufacturing,Senior,80.6,397500,2.6
AVGO-0520,Fatima Brown,Broadcom,AVGO,Operations,Staff,81.3,242300,4.1
AVGO-0521,John Chen,Broadcom,AVGO,Research & AI,Principal,76.7,601300,10.4
AVGO-0522,Elena Wilson,Broadcom,AVGO,Engineering,Senior,94.0,539400,1.0
AVGO-0523,Maria Singh,Broadcom,AVGO,Supply Chain,Senior Director,93.0,1142700,7.9
AVGO-0524,Zoe Wilson,Broadcom,AVGO,Engineering,Principal,78.3,829600,3.8
AVGO-0525,Maria Kim,Broadcom,AVGO,Sales & GTM,Staff,80.5,720400,6.2
AVGO-0526,Chen Smith,Broadcom,AVGO,Research & AI,Staff,68.9,78600,5.1
AVGO-0527,Aisha Tanaka,Broadcom,AVGO,Finance,Principal,83.4,309300,6.3
AVGO-0528,Fatima Smith,Broadcom,AVGO,Fab/Manufacturing,Senior,73.2,195200,4.0
AVGO-0529,Hiroshi Smith,Broadcom,AVGO,Fab/Manufacturing,Director,70.0,570700,6.1
AVGO-0530,Carlos Yamamoto,Broadcom,AVGO,Research & AI,Senior,75.1,310300,2.3
AVGO-0531,Nina Murphy,Broadcom,AVGO,Research & AI,VP,78.7,1453400,7.0
AVGO-0532,Linda Garcia,Broadcom,AVGO,Supply Chain,Senior,75.3,257000,10.7
AVGO-0533,Thomas Martinez,Broadcom,AVGO,Fab/Manufacturing,Staff,85.8,239300,6.9
AVGO-0534,Olivia Martinez,Broadcom,AVGO,Sales & GTM,Staff,67.2,232400,2.6
AVGO-0535,Raj Tanaka,Broadcom,AVGO,Engineering,Senior,87.9,527100,4.3
AVGO-0536,Zoe Smith,Broadcom,AVGO,Engineering,Senior Director,72.2,438300,8.9
AVGO-0537,Fatima Anderson,Broadcom,AVGO,Sales & GTM,Senior,71.1,326600,9.9
AVGO-0538,Olivia Reyes,Broadcom,AVGO,Fab/Manufacturing,VP,72.8,794000,5.7
AVGO-0539,Hannah Yamamoto,Broadcom,AVGO,Engineering,Staff,85.5,625600,10.4
AVGO-0540,Priya Murphy,Broadcom,AVGO,Legal & Policy,Principal,79.2,408300,6.7
AVGO-0541,Sofia Petrov,Broadcom,AVGO,Supply Chain,Principal,73.7,293200,2.9
AVGO-0542,Grace Johnson,Broadcom,AVGO,Engineering,Staff,86.7,250100,3.3
AVGO-0543,Sofia Lopez,Broadcom,AVGO,Engineering,Director,78.1,516000,4.1
AVGO-0544,Linda Brown,Broadcom,AVGO,Engineering,Senior,73.0,176900,7.2
AVGO-0545,David Khan,Broadcom,AVGO,Engineering,C-Suite,69.1,4136800,15.4
AVGO-0546,Zoe Hassan,Broadcom,AVGO,Research & AI,Staff,71.0,486100,3.2
AVGO-0547,Michael Cohen,Broadcom,AVGO,Finance,Senior Director,98.6,310000,10.0
AVGO-0548,Michael Rossi,Broadcom,AVGO,Engineering,Senior,65.1,325800,5.0
AVGO-0549,Kevin Okafor,Broadcom,AVGO,Quality,Senior,76.8,728000,3.3
AVGO-0550,Olivia Yamamoto,Broadcom,AVGO,Supply Chain,Staff,82.3,561400,5.3
AVGO-0551,Carlos Wilson,Broadcom,AVGO,Engineering,Senior,90.4,301400,12.2
AVGO-0552,Mary Park,Broadcom,AVGO,Engineering,Staff,70.4,328100,4.5
AVGO-0553,Zoe Cohen,Broadcom,AVGO,Engineering,Senior,90.0,411500,4.6
AVGO-0554,John Brown,Broadcom,AVGO,Finance,Senior,71.8,132700,7.2
AVGO-0555,Priya Okafor,Broadcom,AVGO,Engineering,Senior,71.0,297100,7.1
AVGO-0556,Daniel Wang,Broadcom,AVGO,Operations,Principal,66.4,648800,3.5
AVGO-0557,Priya Rossi,Broadcom,AVGO,Research & AI,Senior,89.3,869400,6.4
AVGO-0558,Aisha Yamamoto,Broadcom,AVGO,Sales & GTM,Principal,82.7,635800,4.2
AVGO-0559,James Lopez,Broadcom,AVGO,Supply Chain,Principal,88.1,1551000,6.5
AVGO-0560,Maria Silva,Broadcom,AVGO,Finance,Principal,80.2,696300,3.2
AVGO-0561,Chen Park,Broadcom,AVGO,Fab/Manufacturing,Principal,75.1,192500,9.1
AVGO-0562,Olivia Chen,Broadcom,AVGO,Fab/Manufacturing,Senior,63.3,270400,1.2
AVGO-0563,Nina Park,Broadcom,AVGO,Quality,Principal,72.6,1004000,11.5
AVGO-0564,Mary Wang,Broadcom,AVGO,Quality,VP,73.6,441400,12.6
AVGO-0565,Aisha Okafor,Broadcom,AVGO,Engineering,Principal,80.2,473800,12.2
AVGO-0566,Fatima Wang,Broadcom,AVGO,Supply Chain,Senior,74.0,484500,4.0
AVGO-0567,Arjun Anderson,Broadcom,AVGO,Operations,Principal,78.1,254000,6.2
AVGO-0568,David Okafor,Broadcom,AVGO,Legal & Policy,Principal,81.9,268000,8.5
AVGO-0569,Zoe Cohen,Broadcom,AVGO,Legal & Policy,Principal,89.2,340800,5.2
AVGO-0570,Priya Lee,Broadcom,AVGO,Engineering,Senior,84.4,365700,5.9
AVGO-0571,Sofia Cohen,Broadcom,AVGO,Fab/Manufacturing,Senior,85.0,139000,2.8
AVGO-0572,James Ali,Broadcom,AVGO,Engineering,Senior,84.0,453500,4.3
AVGO-0573,Carlos Martinez,Broadcom,AVGO,Research & AI,Principal,71.8,1083200,4.3
AVGO-0574,James Petrov,Broadcom,AVGO,Supply Chain,Senior Director,82.7,662600,5.1
AVGO-0575,Hiroshi Lee,Broadcom,AVGO,Supply Chain,Senior Director,100.0,900500,9.8
AVGO-0576,Zoe Wang,Broadcom,AVGO,Operations,Principal,73.5,850600,2.5
AVGO-0577,Daniel Murphy,Broadcom,AVGO,Engineering,Staff,84.6,196200,6.8
AVGO-0578,Emily Silva,Broadcom,AVGO,Operations,Director,79.9,544400,4.8
AVGO-0579,Fatima Davis,Broadcom,AVGO,Engineering,Principal,97.3,429400,5.4
AVGO-0580,Yuki Petrov,Broadcom,AVGO,Fab/Manufacturing,Senior Director,97.5,1231500,9.9
AVGO-0581,Grace Chen,Broadcom,AVGO,Supply Chain,Staff,84.6,200200,6.7
AVGO-0582,Linda Rossi,Broadcom,AVGO,Research & AI,Senior,76.8,146800,4.5
AVGO-0583,Olivia Cohen,Broadcom,AVGO,Sales & GTM,Staff,81.8,434800,8.9
AVGO-0584,Michael Patel,Broadcom,AVGO,Research & AI,Principal,81.3,929500,7.6
AVGO-0585,John Khan,Broadcom,AVGO,Fab/Manufacturing,Staff,80.9,244300,11.1
AVGO-0586,Thomas Cohen,Broadcom,AVGO,Sales & GTM,Senior,89.9,382800,8.9
AVGO-0587,Olivia Martinez,Broadcom,AVGO,Sales & GTM,Staff,70.4,192200,4.5
AVGO-0588,Nina Yamamoto,Broadcom,AVGO,Engineering,Senior,87.0,372900,4.0
AVGO-0589,Fatima Davis,Broadcom,AVGO,People/HR,Senior,73.5,439700,9.4
AVGO-0590,Priya Anderson,Broadcom,AVGO,Fab/Manufacturing,Staff,89.7,1161800,4.3
AVGO-0591,Carlos Patel,Broadcom,AVGO,Supply Chain,Senior,67.7,233100,1.5
AVGO-0592,Aisha Petrov,Broadcom,AVGO,Engineering,Senior,73.5,241400,7.2
AVGO-0593,Daniel Reyes,Broadcom,AVGO,Engineering,VP,81.4,224000,8.6
AVGO-0594,Chen Schmidt,Broadcom,AVGO,Engineering,Staff,77.8,396100,5.2
AVGO-0595,Grace Brown,Broadcom,AVGO,Engineering,Director,96.7,353500,6.4
AVGO-0596,Nina Petrov,Broadcom,AVGO,Engineering,Principal,86.4,914800,9.4
AVGO-0597,Aisha Okafor,Broadcom,AVGO,Engineering,Senior,76.7,226700,3.4
AVGO-0598,Grace Okafor,Broadcom,AVGO,Finance,Staff,82.9,320100,5.0
AVGO-0599,Yuki Singh,Broadcom,AVGO,Engineering,Senior,70.2,350200,10.2
AVGO-0600,Thomas Garcia,Broadcom,AVGO,Fab/Manufacturing,Staff,83.5,195000,3.6
AVGO-0601,Michael Martinez,Broadcom,AVGO,Operations,Senior Director,91.3,1125300,6.9
AVGO-0602,Emily Anderson,Broadcom,AVGO,Operations,Principal,93.6,1442600,12.2
AVGO-0603,James Wilson,Broadcom,AVGO,Sales & GTM,Senior,78.5,288100,7.6
AVGO-0604,Linda Wilson,Broadcom,AVGO,Fab/Manufacturing,Director,83.2,816900,10.5
AVGO-0605,Olivia Singh,Broadcom,AVGO,Engineering,Senior,66.3,161100,4.4
AVGO-0606,Yuki Ali,Broadcom,AVGO,Engineering,Staff,58.5,155800,12.2
AVGO-0607,Arjun Wilson,Broadcom,AVGO,Research & AI,Senior,87.0,366600,3.4
AVGO-0608,Yuki Cohen,Broadcom,AVGO,Finance,Staff,84.9,241000,9.7
AVGO-0609,Ahmed Anderson,Broadcom,AVGO,Operations,Staff,73.5,379900,8.8
AVGO-0610,Thomas Yamamoto,Broadcom,AVGO,Engineering,Director,67.7,460300,7.7
AVGO-0611,Aisha Khan,Broadcom,AVGO,Fab/Manufacturing,Director,81.9,393200,15.3
AVGO-0612,James Wang,Broadcom,AVGO,Engineering,Principal,82.8,197200,5.3
AVGO-0613,Raj Singh,Broadcom,AVGO,Finance,Principal,75.0,368200,4.9
AVGO-0614,Linda Petrov,Broadcom,AVGO,Sales & GTM,Principal,81.7,209500,10.4
AVGO-0615,Emily Schmidt,Broadcom,AVGO,Engineering,VP,80.0,493500,10.8
AVGO-0616,Carlos Park,Broadcom,AVGO,Operations,Senior,100.0,153100,6.3
AVGO-0617,Hiroshi Silva,Broadcom,AVGO,Operations,Senior,85.0,241400,4.8
AVGO-0618,Wei Chen,Broadcom,AVGO,Engineering,Staff,76.2,354500,7.1
AVGO-0619,Hiroshi Martinez,Broadcom,AVGO,Operations,Staff,81.6,232500,7.3
AVGO-0620,Samuel Smith,Broadcom,AVGO,Engineering,Staff,79.7,480500,5.4
AVGO-0621,Wei Anderson,Broadcom,AVGO,Engineering,Principal,67.6,472100,6.1
AVGO-0622,Arjun Smith,Broadcom,AVGO,Engineering,Senior,61.6,476800,8.8
AVGO-0623,Thomas Park,Broadcom,AVGO,Research & AI,Senior,92.5,219900,11.2
AVGO-0624,Elena Wang,Broadcom,AVGO,Finance,Principal,78.5,627200,11.4
AVGO-0625,Arjun Lee,Broadcom,AVGO,Engineering,Senior,83.0,510600,8.9
AVGO-0626,Thomas Tanaka,Broadcom,AVGO,Finance,Senior,57.8,424000,15.9
AVGO-0627,Aisha Chen,Broadcom,AVGO,Engineering,Senior,88.1,124900,12.0
AVGO-0628,Priya Khan,Broadcom,AVGO,Sales & GTM,Staff,100.0,126800,7.9
AVGO-0629,Linda Brown,Broadcom,AVGO,Engineering,Director,59.8,326100,5.9
AVGO-0630,Chen Singh,Broadcom,AVGO,Engineering,Staff,72.1,88400,6.5
AVGO-0631,Sofia Murphy,Broadcom,AVGO,Fab/Manufacturing,Staff,61.4,226800,7.8
AVGO-0632,Aisha Murphy,Broadcom,AVGO,Engineering,Staff,84.0,667900,6.3
AVGO-0633,John Davis,Broadcom,AVGO,Fab/Manufacturing,Director,73.3,460600,12.0
AVGO-0634,Hiroshi Ali,Broadcom,AVGO,Sales & GTM,Staff,82.1,271800,7.2
AVGO-0635,Raj Davis,Broadcom,AVGO,Operations,Senior,82.8,128900,7.6
AVGO-0636,Elena Davis,Broadcom,AVGO,Operations,Senior,76.9,91300,2.8
AVGO-0637,Kevin Johnson,Broadcom,AVGO,Engineering,Senior Director,76.8,660400,8.1
AVGO-0638,Nina Petrov,Broadcom,AVGO,Operations,Principal,74.9,653200,14.9
AVGO-0639,Nina Park,Broadcom,AVGO,Finance,Principal,73.9,1271400,18.0
AVGO-0640,Maria Davis,Broadcom,AVGO,Sales & GTM,Senior Director,100.0,527900,9.3
AVGO-0641,Nina Ali,Broadcom,AVGO,Operations,Principal,64.6,129300,4.9
AVGO-0642,Zoe Silva,Broadcom,AVGO,Engineering,VP,76.2,2455700,13.2
AVGO-0643,John Murphy,Broadcom,AVGO,Fab/Manufacturing,Staff,81.9,391600,4.4
AVGO-0644,Aisha Khan,Broadcom,AVGO,Fab/Manufacturing,Director,69.7,538600,5.9
AVGO-0645,Mary Davis,Broadcom,AVGO,Fab/Manufacturing,Staff,73.9,361400,3.3
AVGO-0646,Aisha Silva,Broadcom,AVGO,Fab/Manufacturing,Senior,81.7,183900,0.7
AVGO-0647,Grace Lee,Broadcom,AVGO,Sales & GTM,Staff,73.7,200900,6.9
AVGO-0648,Hiroshi Cohen,Broadcom,AVGO,Finance,Senior,90.3,193100,13.5
AVGO-0649,Michael Davis,Broadcom,AVGO,Finance,Senior,68.0,433800,12.1
AVGO-0650,Priya Garcia,Broadcom,AVGO,Finance,Senior,85.5,132100,17.3
AVGO-0651,Zoe Petrov,Broadcom,AVGO,Sales & GTM,Principal,73.3,396000,10.7
AVGO-0652,Nina Wang,Broadcom,AVGO,Engineering,Senior,81.3,286000,0.8
AVGO-0653,Grace Davis,Broadcom,AVGO,Sales & GTM,VP,85.7,2443000,7.6
AVGO-0654,Michael Hassan,Broadcom,AVGO,Research & AI,Principal,85.2,380800,5.0
AVGO-0655,David Garcia,Broadcom,AVGO,Fab/Manufacturing,Senior,81.0,375400,0.4
AVGO-0656,James Tanaka,Broadcom,AVGO,Fab/Manufacturing,Principal,86.1,1037700,4.7
AVGO-0657,Maria Nguyen,Broadcom,AVGO,Fab/Manufacturing,Senior,75.6,480600,8.8
AVGO-0658,Fatima Martinez,Broadcom,AVGO,Supply Chain,Principal,67.1,687700,4.6
AVGO-0659,Grace Kim,Broadcom,AVGO,Engineering,Senior,70.5,525500,5.5
AVGO-0660,Hannah Wang,Broadcom,AVGO,Research & AI,Senior Director,78.7,1669800,10.5
AVGO-0661,Chen Garcia,Broadcom,AVGO,Engineering,Principal,79.0,178500,3.2
AVGO-0662,Sofia Silva,Broadcom,AVGO,Engineering,Senior,68.0,634600,9.7
AVGO-0663,Olivia Wilson,Broadcom,AVGO,Engineering,Senior Director,84.6,456900,10.1
AVGO-0664,Sofia Hassan,Broadcom,AVGO,Fab/Manufacturing,Senior,87.7,114100,7.4
AVGO-0665,Chen Ali,Broadcom,AVGO,Sales & GTM,Principal,77.7,1052100,4.6
AVGO-0666,Hannah Kim,Broadcom,AVGO,Fab/Manufacturing,Senior,64.9,257600,6.3
AVGO-0667,Hannah Petrov,Broadcom,AVGO,Fab/Manufacturing,Director,82.4,250000,11.6
AVGO-0668,Kevin Khan,Broadcom,AVGO,Operations,Senior Director,78.7,350500,11.0
AVGO-0669,Thomas Hassan,Broadcom,AVGO,Quality,Senior,73.0,772700,6.7
AVGO-0670,David Johnson,Broadcom,AVGO,Engineering,Senior,84.8,71100,2.5
AVGO-0671,James Johnson,Broadcom,AVGO,People/HR,Director,70.0,272400,4.6
AVGO-0672,Carlos Martinez,Broadcom,AVGO,Engineering,Senior,80.9,186900,3.9
AVGO-0673,Priya Smith,Broadcom,AVGO,Engineering,Staff,56.5,335500,21.7
AVGO-0674,Michael Smith,Broadcom,AVGO,Operations,Staff,82.3,340400,12.6
AVGO-0675,David Yamamoto,Broadcom,AVGO,People/HR,Senior Director,73.7,1228200,11.4
AVGO-0676,Michael Yamamoto,Broadcom,AVGO,Engineering,Senior,74.5,437700,3.3
AVGO-0677,Hiroshi Lee,Broadcom,AVGO,Engineering,Principal,61.9,600000,20.2
AVGO-0678,Chen Okafor,Broadcom,AVGO,Operations,Staff,51.1,194800,3.1
AVGO-0679,Elena Ali,Broadcom,AVGO,Operations,Senior,81.5,587800,4.3
AVGO-0680,Carlos Smith,Broadcom,AVGO,Fab/Manufacturing,Staff,66.3,191000,5.4
AVGO-0681,Kevin Nguyen,Broadcom,AVGO,Operations,Senior,73.0,98400,12.8
AVGO-0682,Aisha Wang,Broadcom,AVGO,Engineering,Senior,83.8,189200,2.8
AVGO-0683,Olivia Murphy,Broadcom,AVGO,Supply Chain,SVP,71.7,466500,11.7
AVGO-0684,Emily Cohen,Broadcom,AVGO,Fab/Manufacturing,Director,56.0,670000,5.5
AVGO-0685,Kevin Ali,Broadcom,AVGO,Fab/Manufacturing,Senior,73.4,267000,2.5
AVGO-0686,Fatima Murphy,Broadcom,AVGO,Supply Chain,Senior,86.2,205200,4.8
AVGO-0687,Fatima Patel,Broadcom,AVGO,Engineering,Director,85.6,1294200,30.4
AVGO-0688,Carlos Yamamoto,Broadcom,AVGO,Operations,Staff,99.0,347400,6.5
AVGO-0689,Sofia Lee,Broadcom,AVGO,Engineering,Director,84.5,717900,7.1
AVGO-0690,Maria Silva,Broadcom,AVGO,Operations,Senior,59.7,186100,3.1
AVGO-0691,Daniel Singh,Broadcom,AVGO,Fab/Manufacturing,Senior,68.6,429700,7.5
AVGO-0692,Yuki Petrov,Broadcom,AVGO,Fab/Manufacturing,Staff,80.4,277700,2.4
AVGO-0693,Raj Patel,Broadcom,AVGO,Engineering,Senior Director,67.8,662200,20.9
AVGO-0694,Michael Khan,Broadcom,AVGO,Research & AI,Staff,72.1,181800,2.0
AVGO-0695,Hannah Smith,Broadcom,AVGO,Engineering,Senior,77.6,247900,5.1
AVGO-0696,Raj Smith,Broadcom,AVGO,Fab/Manufacturing,Principal,83.5,262000,2.2
AVGO-0697,Grace Khan,Broadcom,AVGO,Fab/Manufacturing,VP,74.8,959200,8.8
AVGO-0698,Elena Lopez,Broadcom,AVGO,Engineering,Staff,72.6,168000,2.3
AVGO-0699,Thomas Brown,Broadcom,AVGO,Operations,Staff,73.0,296400,5.2
AVGO-0700,Sofia Brown,Broadcom,AVGO,Engineering,Principal,81.4,329000,5.6
AVGO-0701,Zoe Anderson,Broadcom,AVGO,Quality,Staff,60.3,293800,8.7
AVGO-0702,Wei Cohen,Broadcom,AVGO,Engineering,Staff,80.1,225500,15.5
AVGO-0703,Maria Chen,Broadcom,AVGO,Engineering,Director,78.0,887500,7.3
AVGO-0704,Yuki Chen,Broadcom,AVGO,Operations,Director,95.8,659600,6.3
AVGO-0705,Zoe Khan,Broadcom,AVGO,Sales & GTM,Senior,100.0,132300,7.4
AVGO-0706,John Kim,Broadcom,AVGO,Sales & GTM,Staff,77.6,177800,1.3
AVGO-0707,Thomas Murphy,Broadcom,AVGO,Engineering,Senior,85.2,250400,2.7
AVGO-0708,Carlos Brown,Broadcom,AVGO,Engineering,Staff,69.0,323000,7.2
AVGO-0709,Raj Johnson,Broadcom,AVGO,Operations,Director,93.9,998900,29.8
AVGO-0710,Yuki Brown,Broadcom,AVGO,Research & AI,Staff,94.8,284300,10.9
AVGO-0711,Elena Nguyen,Broadcom,AVGO,Engineering,Senior,82.4,185100,4.4
AVGO-0712,Arjun Johnson,Broadcom,AVGO,Research & AI,Senior,100.0,185700,7.0
AVGO-0713,Olivia Johnson,Broadcom,AVGO,Engineering,Staff,84.9,428900,4.6
AVGO-0714,Raj Chen,Broadcom,AVGO,Operations,Principal,67.2,560400,14.1
AVGO-0715,Linda Petrov,Broadcom,AVGO,Fab/Manufacturing,Staff,57.6,231600,3.7
AVGO-0716,Raj Nguyen,Broadcom,AVGO,Fab/Manufacturing,Senior,65.7,392000,8.0
AVGO-0717,Daniel Park,Broadcom,AVGO,Research & AI,Staff,100.0,316600,5.6
AVGO-0718,Hannah Hassan,Broadcom,AVGO,Operations,Staff,61.1,228600,8.5
AVGO-0719,Hiroshi Chen,Broadcom,AVGO,Fab/Manufacturing,Principal,87.6,580200,10.2
AVGO-0720,Priya Garcia,Broadcom,AVGO,Fab/Manufacturing,Senior,90.8,406200,13.6
AVGO-0721,Maria Smith,Broadcom,AVGO,Fab/Manufacturing,Principal,69.3,484800,11.2
AVGO-0722,Olivia Johnson,Broadcom,AVGO,Sales & GTM,SVP,89.6,967300,10.6
AVGO-0723,Hiroshi Cohen,Broadcom,AVGO,Research & AI,Senior,58.2,100000,12.8
AVGO-0724,Emily Kim,Broadcom,AVGO,Operations,Senior,79.6,316600,8.2
AVGO-0725,Yuki Yamamoto,Broadcom,AVGO,Engineering,VP,79.0,1447900,8.6
AVGO-0726,Carlos Lee,Broadcom,AVGO,Engineering,Staff,75.2,278700,4.6
AVGO-0727,Olivia Brown,Broadcom,AVGO,Operations,Staff,75.7,114700,7.7
AVGO-0728,Arjun Wang,Broadcom,AVGO,Engineering,Principal,71.8,411500,8.7
AVGO-0729,John Silva,Broadcom,AVGO,Engineering,Senior,86.9,408300,9.5
AVGO-0730,Grace Cohen,Broadcom,AVGO,Legal & Policy,Senior,91.4,132000,9.9
AVGO-0731,Samuel Martinez,Broadcom,AVGO,Fab/Manufacturing,Senior,64.6,190900,11.1
AVGO-0732,Kevin Yamamoto,Broadcom,AVGO,Sales & GTM,Staff,73.8,381900,9.8
AVGO-0733,Maria Silva,Broadcom,AVGO,Fab/Manufacturing,Senior Director,86.3,839700,5.2
AVGO-0734,Thomas Lee,Broadcom,AVGO,Quality,Senior,86.9,206400,8.0
AVGO-0735,Elena Reyes,Broadcom,AVGO,Fab/Manufacturing,SVP,73.3,1163900,8.2
AVGO-0736,Carlos Smith,Broadcom,AVGO,Engineering,Senior Director,71.9,1057800,24.0
AVGO-0737,Linda Chen,Broadcom,AVGO,Engineering,Staff,77.4,360300,8.2
AVGO-0738,Wei Nguyen,Broadcom,AVGO,Operations,Staff,64.7,674700,3.7
AVGO-0739,Yuki Brown,Broadcom,AVGO,Engineering,Staff,90.2,320600,8.1
AVGO-0740,Ahmed Anderson,Broadcom,AVGO,Fab/Manufacturing,VP,68.2,781400,8.2
AVGO-0741,Sofia Okafor,Broadcom,AVGO,Engineering,Senior Director,60.8,809300,12.9
AVGO-0742,Fatima Smith,Broadcom,AVGO,Fab/Manufacturing,Senior,76.1,699300,3.5
AVGO-0743,Linda Davis,Broadcom,AVGO,Engineering,Senior,91.2,675800,2.8
AVGO-0744,Thomas Yamamoto,Broadcom,AVGO,Engineering,Staff,80.6,232600,6.6
AVGO-0745,Maria Lee,Broadcom,AVGO,Operations,Staff,84.3,441600,4.0
AVGO-0746,Mary Petrov,Broadcom,AVGO,Engineering,Principal,75.3,361700,5.5
AVGO-0747,Carlos Lopez,Broadcom,AVGO,Fab/Manufacturing,Principal,83.8,633200,8.5
AVGO-0748,Arjun Yamamoto,Broadcom,AVGO,Operations,VP,88.3,1317300,10.1
AVGO-0749,Thomas Okafor,Broadcom,AVGO,Operations,Senior,75.4,147500,6.2
AVGO-0750,David Khan,Broadcom,AVGO,Quality,Director,100.0,427100,7.1
AVGO-0751,Ahmed Patel,Broadcom,AVGO,Fab/Manufacturing,Senior Director,84.6,816500,16.4
AVGO-0752,Yuki Chen,Broadcom,AVGO,Engineering,Staff,72.2,319200,9.1
AVGO-0753,Wei Singh,Broadcom,AVGO,Quality,Staff,98.4,506900,11.5
AVGO-0754,Olivia Rossi,Broadcom,AVGO,Operations,Senior Director,70.8,478700,7.5
AVGO-0755,Carlos Anderson,Broadcom,AVGO,Operations,Staff,77.6,163700,8.5
AVGO-0756,Yuki Hassan,Broadcom,AVGO,Quality,Staff,78.8,456100,9.2
AVGO-0757,Kevin Garcia,Broadcom,AVGO,Fab/Manufacturing,Senior,74.3,119400,1.7
AVGO-0758,Elena Okafor,Broadcom,AVGO,People/HR,Senior,56.0,181100,5.4
AVGO-0759,Carlos Okafor,Broadcom,AVGO,Supply Chain,Senior,78.7,154900,6.7
AVGO-0760,Olivia Kim,Broadcom,AVGO,Engineering,Senior Director,65.3,817400,11.2
AVGO-0761,Mary Garcia,Broadcom,AVGO,Sales & GTM,Staff,82.2,578000,8.1
AVGO-0762,Zoe Rossi,Broadcom,AVGO,Sales & GTM,Senior,73.7,346300,2.0
AVGO-0763,Michael Smith,Broadcom,AVGO,Research & AI,Principal,81.7,590600,5.2
AVGO-0764,James Brown,Broadcom,AVGO,Sales & GTM,VP,72.2,447600,7.2
AVGO-0765,Hiroshi Kim,Broadcom,AVGO,Fab/Manufacturing,Staff,77.9,626000,7.4
AVGO-0766,Linda Okafor,Broadcom,AVGO,Fab/Manufacturing,VP,84.9,1045400,10.3
AVGO-0767,Michael Anderson,Broadcom,AVGO,Sales & GTM,Senior,82.5,349800,9.4
AVGO-0768,Aisha Martinez,Broadcom,AVGO,Supply Chain,Senior Director,83.6,531700,9.7
AVGO-0769,Hiroshi Petrov,Broadcom,AVGO,Engineering,Principal,94.8,253100,6.2
AVGO-0770,Fatima Patel,Broadcom,AVGO,Engineering,Principal,77.2,303900,2.2
AVGO-0771,Kevin Okafor,Broadcom,AVGO,Research & AI,Senior,66.2,684500,0.7
AVGO-0772,Arjun Rossi,Broadcom,AVGO,Quality,Staff,76.3,218500,6.8
AVGO-0773,Yuki Smith,Broadcom,AVGO,Quality,Senior,72.7,386700,10.7
AVGO-0774,Chen Wilson,Broadcom,AVGO,Engineering,Senior,68.2,70400,7.1
AVGO-0775,Nina Hassan,Broadcom,AVGO,Sales & GTM,Staff,84.0,175400,21.4
AVGO-0776,Sofia Wang,Broadcom,AVGO,Engineering,Senior,90.5,193100,6.4
AVGO-0777,Aisha Rossi,Broadcom,AVGO,Engineering,Staff,92.6,495000,11.9
AVGO-0778,Arjun Petrov,Broadcom,AVGO,Quality,Staff,80.5,568200,9.1
AVGO-0779,Fatima Smith,Broadcom,AVGO,Engineering,Principal,76.3,473800,9.8
AVGO-0780,Thomas Okafor,Broadcom,AVGO,Operations,Senior,84.1,111500,5.0
AVGO-0781,Chen Tanaka,Broadcom,AVGO,Engineering,Staff,60.5,158000,13.3
AVGO-0782,Michael Khan,Broadcom,AVGO,Fab/Manufacturing,Staff,85.8,391900,6.9
AVGO-0783,Ahmed Park,Broadcom,AVGO,Fab/Manufacturing,Staff,90.2,315500,8.3
AVGO-0784,Carlos Rossi,Broadcom,AVGO,Engineering,Staff,84.5,188700,3.7
AVGO-0785,Elena Reyes,Broadcom,AVGO,Supply Chain,Senior,87.1,631600,4.3
AVGO-0786,Kevin Kim,Broadcom,AVGO,Finance,Director,84.7,1712700,5.0
AVGO-0787,Emily Martinez,Broadcom,AVGO,Fab/Manufacturing,Staff,70.6,217100,2.1
AVGO-0788,Mary Lopez,Broadcom,AVGO,Research & AI,Senior,67.7,167500,6.5
AVGO-0789,Thomas Park,Broadcom,AVGO,Research & AI,Director,82.6,468600,9.7
AVGO-0790,Chen Wang,Broadcom,AVGO,Research & AI,Principal,83.9,303300,5.3
AVGO-0791,Hannah Rossi,Broadcom,AVGO,Engineering,Senior,81.3,321900,15.0
AVGO-0792,Aisha Okafor,Broadcom,AVGO,Quality,Senior,78.5,378900,2.4
AVGO-0793,Hiroshi Johnson,Broadcom,AVGO,Finance,Senior,61.1,97100,11.9
AVGO-0794,Mary Hassan,Broadcom,AVGO,Finance,Senior,72.6,176400,3.5
AVGO-0795,Fatima Reyes,Broadcom,AVGO,Finance,Staff,83.2,460100,17.4
AVGO-0796,Wei Cohen,Broadcom,AVGO,Engineering,Senior,76.5,232600,4.9
AVGO-0797,Kevin Smith,Broadcom,AVGO,Engineering,Senior,76.6,256600,4.7
AVGO-0798,Samuel Cohen,Broadcom,AVGO,Finance,Director,86.9,639500,5.8
AVGO-0799,Priya Tanaka,Broadcom,AVGO,Engineering,Director,65.2,422400,7.7
AVGO-0800,Samuel Khan,Broadcom,AVGO,Finance,SVP,81.1,783000,6.5
AVGO-0801,Linda Brown,Broadcom,AVGO,Engineering,Senior,67.7,255000,3.5
AVGO-0802,Linda Singh,Broadcom,AVGO,Sales & GTM,Director,83.4,214500,9.2
AVGO-0803,Hiroshi Reyes,Broadcom,AVGO,People/HR,Staff,71.5,429400,9.6
AVGO-0804,Sofia Nguyen,Broadcom,AVGO,Engineering,Director,85.9,499600,6.6
AVGO-0805,Raj Anderson,Broadcom,AVGO,Fab/Manufacturing,Senior,87.0,437500,4.5
AVGO-0806,Arjun Wilson,Broadcom,AVGO,Engineering,Senior,77.1,129600,1.3
AVGO-0807,Hiroshi Murphy,Broadcom,AVGO,Engineering,Senior,73.7,145800,5.6
AVGO-0808,Samuel Tanaka,Broadcom,AVGO,Engineering,Senior,68.5,96500,3.0
AVGO-0809,Kevin Ali,Broadcom,AVGO,Engineering,Staff,65.9,426100,11.0
AVGO-0810,Olivia Ali,Broadcom,AVGO,Research & AI,Director,97.7,357000,4.9
AVGO-0811,James Chen,Broadcom,AVGO,Sales & GTM,Principal,78.7,368400,3.7
AVGO-0812,Wei Johnson,Broadcom,AVGO,Fab/Manufacturing,Senior Director,79.4,1107900,15.4
AVGO-0813,Fatima Patel,Broadcom,AVGO,Fab/Manufacturing,Senior,71.6,181600,4.8
AVGO-0814,Olivia Nguyen,Broadcom,AVGO,Operations,Director,70.4,633400,11.7
AVGO-0815,Sofia Schmidt,Broadcom,AVGO,Supply Chain,Principal,71.3,373300,17.6
AVGO-0816,Chen Johnson,Broadcom,AVGO,Operations,Staff,85.5,180900,6.7
AVGO-0817,Raj Johnson,Broadcom,AVGO,Engineering,Director,85.8,481400,9.4
AVGO-0818,John Ali,Broadcom,AVGO,Sales & GTM,Staff,75.5,127500,3.8
AVGO-0819,Michael Silva,Broadcom,AVGO,Sales & GTM,Principal,89.0,352100,8.3
AVGO-0820,Linda Cohen,Broadcom,AVGO,Finance,Principal,75.3,256700,5.9
AVGO-0821,Linda Davis,Broadcom,AVGO,Fab/Manufacturing,Senior,88.1,202600,10.1
AVGO-0822,Wei Murphy,Broadcom,AVGO,Operations,Director,90.4,315500,9.6
AVGO-0823,Mary Khan,Broadcom,AVGO,Sales & GTM,Director,94.8,532300,7.4
AVGO-0824,Emily Chen,Broadcom,AVGO,Research & AI,Staff,72.1,410400,8.4
AVGO-0825,Emily Lopez,Broadcom,AVGO,Research & AI,Senior,77.4,465600,14.5
AVGO-0826,Zoe Murphy,Broadcom,AVGO,Engineering,Senior Director,79.0,456900,9.7
AVGO-0827,Michael Reyes,Broadcom,AVGO,Research & AI,Senior Director,75.8,653000,7.2
AVGO-0828,John Ali,Broadcom,AVGO,Operations,Staff,63.4,568100,2.0
AVGO-0829,James Wang,Broadcom,AVGO,Supply Chain,Senior Director,77.5,799300,11.8
AVGO-0830,Thomas Lopez,Broadcom,AVGO,Engineering,Senior,82.4,185300,4.1
AVGO-0831,Grace Davis,Broadcom,AVGO,Fab/Manufacturing,Director,86.2,772100,6.4
AVGO-0832,Nina Wilson,Broadcom,AVGO,Fab/Manufacturing,Principal,77.7,304400,7.7
AVGO-0833,Michael Johnson,Broadcom,AVGO,Sales & GTM,Senior,54.7,434100,4.9
AVGO-0834,Chen Petrov,Broadcom,AVGO,Engineering,Principal,93.7,202900,4.5
AVGO-0835,Grace Petrov,Broadcom,AVGO,Engineering,Staff,83.2,331500,6.4
AVGO-0836,Elena Lee,Broadcom,AVGO,Fab/Manufacturing,Staff,73.9,305900,6.0
AVGO-0837,Yuki Lee,Broadcom,AVGO,Fab/Manufacturing,Senior,80.1,225800,1.9
AVGO-0838,Grace Lopez,Broadcom,AVGO,People/HR,Senior,54.9,147400,4.3
AVGO-0839,Elena Martinez,Broadcom,AVGO,Engineering,Senior,70.5,592400,5.3
AVGO-0840,Chen Garcia,Broadcom,AVGO,Fab/Manufacturing,Staff,87.7,332600,1.8
AVGO-0841,Michael Yamamoto,Broadcom,AVGO,Operations,Staff,89.5,290500,6.2
AVGO-0842,Emily Reyes,Broadcom,AVGO,Research & AI,Staff,75.9,111700,18.7
AVGO-0843,Arjun Silva,Broadcom,AVGO,Sales & GTM,C-Suite,55.7,1592000,7.7
AVGO-0844,Fatima Yamamoto,Broadcom,AVGO,Sales & GTM,Principal,76.0,840000,4.9
AVGO-0845,Elena Singh,Broadcom,AVGO,Research & AI,Senior Director,84.5,1226100,17.2
AVGO-0846,Arjun Petrov,Broadcom,AVGO,Engineering,Senior,98.8,116600,4.0
AVGO-0847,Thomas Khan,Broadcom,AVGO,Research & AI,Senior Director,69.7,699400,16.1
AVGO-0848,Zoe Martinez,Broadcom,AVGO,Fab/Manufacturing,VP,85.2,1580800,8.3
AVGO-0849,Sofia Lee,Broadcom,AVGO,Fab/Manufacturing,VP,65.1,1672800,18.8
AVGO-0850,James Petrov,Broadcom,AVGO,Engineering,Principal,80.6,464100,5.1
AVGO-0851,Samuel Hassan,Broadcom,AVGO,Research & AI,Principal,85.7,167300,12.2
AVGO-0852,Wei Ali,Broadcom,AVGO,Sales & GTM,Staff,72.0,154400,7.2
AVGO-0853,Daniel Lopez,Broadcom,AVGO,Engineering,Principal,84.2,884300,4.1
AVGO-0854,Aisha Brown,Broadcom,AVGO,Sales & GTM,Principal,89.3,815300,4.9
AVGO-0855,Ahmed Anderson,Broadcom,AVGO,Sales & GTM,Senior,75.3,74600,9.6
AVGO-0856,Wei Park,Broadcom,AVGO,Finance,Principal,59.9,244300,9.5
AVGO-0857,Carlos Reyes,Broadcom,AVGO,Engineering,Staff,79.9,269900,6.8
AVGO-0858,John Khan,Broadcom,AVGO,Engineering,Principal,58.6,270200,8.5
AVGO-0859,Raj Schmidt,Broadcom,AVGO,Finance,Staff,86.6,600900,3.9
AVGO-0860,Arjun Petrov,Broadcom,AVGO,Engineering,Principal,79.5,789400,6.3
AVGO-0861,Mary Khan,Broadcom,AVGO,Research & AI,Senior,97.1,421300,5.9
AVGO-0862,Hiroshi Ali,Broadcom,AVGO,Engineering,Director,86.9,432300,9.3
AVGO-0863,Raj Petrov,Broadcom,AVGO,Engineering,Senior,73.7,224800,6.5
AVGO-0864,Arjun Patel,Broadcom,AVGO,Engineering,C-Suite,64.2,3805700,7.6
AVGO-0865,Hiroshi Yamamoto,Broadcom,AVGO,Sales & GTM,Principal,88.2,551200,5.6
AVGO-0866,Emily Kim,Broadcom,AVGO,Research & AI,Director,67.8,414600,4.9
AVGO-0867,Arjun Brown,Broadcom,AVGO,Quality,Principal,68.4,598200,3.0
AVGO-0868,Carlos Wilson,Broadcom,AVGO,Fab/Manufacturing,Senior,65.9,316500,3.5
AVGO-0869,Arjun Kim,Broadcom,AVGO,Fab/Manufacturing,Principal,76.9,927200,13.3
AVGO-0870,Carlos Schmidt,Broadcom,AVGO,Supply Chain,Principal,81.2,326600,13.0
AVGO-0871,Elena Petrov,Broadcom,AVGO,Engineering,Senior,68.5,229700,7.2
AVGO-0872,Nina Patel,Broadcom,AVGO,Engineering,Staff,66.5,328500,9.1
AVGO-0873,Raj Lee,Broadcom,AVGO,Fab/Manufacturing,Director,69.2,722500,16.8
AVGO-0874,Yuki Chen,Broadcom,AVGO,Engineering,Principal,71.7,586800,2.6
AVGO-0875,Ahmed Kim,Broadcom,AVGO,Operations,Senior,79.3,93300,5.9
AVGO-0876,Linda Reyes,Broadcom,AVGO,Supply Chain,Staff,67.7,656800,4.9
AVGO-0877,Nina Khan,Broadcom,AVGO,Fab/Manufacturing,Senior,83.5,205500,11.2
AVGO-0878,Kevin Martinez,Broadcom,AVGO,Operations,Senior Director,96.0,1071800,5.5
AVGO-0879,Thomas Smith,Broadcom,AVGO,Fab/Manufacturing,VP,67.7,1141900,16.8
AVGO-0880,Samuel Brown,Broadcom,AVGO,Finance,Staff,93.1,479300,4.8
AVGO-0881,John Chen,Broadcom,AVGO,Fab/Manufacturing,Principal,77.1,213900,2.4
AVGO-0882,Zoe Garcia,Broadcom,AVGO,Sales & GTM,Director,80.8,470900,4.5
AVGO-0883,Emily Lee,Broadcom,AVGO,Engineering,SVP,64.3,1030800,9.4
AVGO-0884,Fatima Rossi,Broadcom,AVGO,Engineering,Principal,86.7,1548300,8.1
AVGO-0885,Yuki Smith,Broadcom,AVGO,Engineering,Staff,83.0,464300,7.0
AVGO-0886,Olivia Okafor,Broadcom,AVGO,Operations,Staff,75.9,164100,15.4
AVGO-0887,Thomas Yamamoto,Broadcom,AVGO,Operations,Senior,71.8,401500,16.1
AVGO-0888,Raj Johnson,Broadcom,AVGO,Engineering,Principal,83.5,362400,15.7
AVGO-0889,Priya Silva,Broadcom,AVGO,Operations,Senior,69.7,308000,4.2
AVGO-0890,Daniel Cohen,Broadcom,AVGO,Fab/Manufacturing,VP,84.5,2138800,8.0
AVGO-0891,Chen Chen,Broadcom,AVGO,Research & AI,Principal,84.5,857200,10.6
AVGO-0892,Olivia Khan,Broadcom,AVGO,Finance,Senior,73.1,128100,14.5
AVGO-0893,Emily Tanaka,Broadcom,AVGO,Research & AI,Principal,91.4,425500,7.7
AVGO-0894,Wei Silva,Broadcom,AVGO,People/HR,Senior Director,83.4,564200,11.7
AVGO-0895,Hiroshi Kim,Broadcom,AVGO,Engineering,Senior Director,93.5,768200,10.7
AVGO-0896,James Park,Broadcom,AVGO,Fab/Manufacturing,SVP,74.7,1332200,12.6
AVGO-0897,Raj Reyes,Broadcom,AVGO,Supply Chain,Principal,64.6,452200,6.3
AVGO-0898,David Martinez,Broadcom,AVGO,Operations,SVP,74.8,484700,34.9
AVGO-0899,Fatima Martinez,Broadcom,AVGO,Operations,VP,59.2,1158700,12.0
AVGO-0900,Zoe Chen,Broadcom,AVGO,Engineering,Senior Director,84.0,517100,8.7
AVGO-0901,Olivia Murphy,Broadcom,AVGO,Engineering,Staff,83.8,540800,11.5
AVGO-0902,Sofia Hassan,Broadcom,AVGO,Fab/Manufacturing,Staff,80.1,292400,2.1
AVGO-0903,David Brown,Broadcom,AVGO,Fab/Manufacturing,Senior,80.9,189800,3.7
AVGO-0904,Thomas Anderson,Broadcom,AVGO,Research & AI,Staff,68.6,229800,2.3
AVGO-0905,Samuel Lee,Broadcom,AVGO,Fab/Manufacturing,Principal,80.5,676100,5.1
AVGO-0906,Raj Lopez,Broadcom,AVGO,Research & AI,Principal,80.8,447700,12.1
AVGO-0907,Aisha Wilson,Broadcom,AVGO,Engineering,Senior,73.6,418100,8.4
AVGO-0908,Arjun Silva,Broadcom,AVGO,Sales & GTM,Senior,79.9,313000,8.3
AVGO-0909,Olivia Silva,Broadcom,AVGO,Sales & GTM,Principal,85.0,329000,2.0
AVGO-0910,Chen Johnson,Broadcom,AVGO,Quality,Director,87.7,604500,6.9
AVGO-0911,Emily Reyes,Broadcom,AVGO,Engineering,Principal,88.9,1737000,4.2
AVGO-0912,Kevin Tanaka,Broadcom,AVGO,Supply Chain,Principal,77.3,609400,8.7
AVGO-0913,Thomas Garcia,Broadcom,AVGO,Quality,SVP,70.3,766800,7.0
AVGO-0914,Samuel Smith,Broadcom,AVGO,Operations,Staff,69.5,191700,2.2
AVGO-0915,Wei Wang,Broadcom,AVGO,Sales & GTM,Senior,68.2,724600,13.3
AVGO-0916,Fatima Chen,Broadcom,AVGO,People/HR,Director,73.0,490300,12.5
AVGO-0917,Aisha Khan,Broadcom,AVGO,Quality,Principal,96.0,2000200,6.9
AVGO-0918,Sofia Wang,Broadcom,AVGO,Fab/Manufacturing,Staff,69.3,224800,12.7
AVGO-0919,Olivia Silva,Broadcom,AVGO,People/HR,Senior,78.5,447200,6.9
AVGO-0920,Hannah Lopez,Broadcom,AVGO,Fab/Manufacturing,SVP,77.8,1501700,12.3
AVGO-0921,Chen Garcia,Broadcom,AVGO,Quality,Senior,65.7,301900,3.6
AVGO-0922,Michael Yamamoto,Broadcom,AVGO,Fab/Manufacturing,Staff,59.1,262200,6.6
AVGO-0923,James Khan,Broadcom,AVGO,Sales & GTM,Staff,81.4,288100,4.9
AVGO-0924,Maria Rossi,Broadcom,AVGO,Fab/Manufacturing,Senior,67.5,235900,9.3
AVGO-0925,Aisha Park,Broadcom,AVGO,Engineering,VP,69.4,1524700,9.8
AVGO-0926,Samuel Brown,Broadcom,AVGO,Supply Chain,Senior,78.5,311000,4.7
AVGO-0927,Arjun Garcia,Broadcom,AVGO,Engineering,Senior,63.4,192200,3.5
AVGO-0928,Michael Wilson,Broadcom,AVGO,Supply Chain,VP,78.7,728400,8.4
AVGO-0929,Zoe Johnson,Broadcom,AVGO,Fab/Manufacturing,Staff,79.4,386100,6.2
AVGO-0930,Grace Lee,Broadcom,AVGO,People/HR,Senior Director,90.4,1963500,18.9
AVGO-0931,David Wilson,Broadcom,AVGO,Research & AI,Senior Director,77.8,276100,11.8
AVGO-0932,Chen Yamamoto,Broadcom,AVGO,Fab/Manufacturing,Staff,89.0,161000,9.8
AVGO-0933,Kevin Lee,Broadcom,AVGO,Fab/Manufacturing,Senior,71.3,186000,1.6
AVGO-0934,Ahmed Reyes,Broadcom,AVGO,Engineering,VP,90.6,1294700,18.6
AVGO-0935,Chen Wilson,Broadcom,AVGO,Engineering,Senior,85.6,172700,5.7
AVGO-0936,Grace Martinez,Broadcom,AVGO,Engineering,Staff,89.8,720900,3.4
AVGO-0937,Yuki Anderson,Broadcom,AVGO,Fab/Manufacturing,Principal,80.4,446800,14.2
AVGO-0938,Wei Murphy,Broadcom,AVGO,Operations,Senior,85.7,233000,13.8
AVGO-0939,Kevin Chen,Broadcom,AVGO,Engineering,Senior,79.7,236300,9.1
AVGO-0940,Emily Singh,Broadcom,AVGO,Quality,Senior,82.5,167900,9.4
AVGO-0941,Hannah Lee,Broadcom,AVGO,Operations,Senior,84.7,565500,3.7
AVGO-0942,Wei Petrov,Broadcom,AVGO,Engineering,Senior,65.3,364300,3.0
AVGO-0943,Wei Tanaka,Broadcom,AVGO,Research & AI,Principal,70.3,442800,5.1
AVGO-0944,Zoe Wang,Broadcom,AVGO,Research & AI,Staff,84.2,214800,7.8
AVGO-0945,Maria Wilson,Broadcom,AVGO,Research & AI,Director,52.1,680500,8.8
AVGO-0946,Mary Murphy,Broadcom,AVGO,Engineering,Director,90.2,584900,4.2
AVGO-0947,Maria Smith,Broadcom,AVGO,Engineering,VP,100.0,937400,12.4
AVGO-0948,Sofia Tanaka,Broadcom,AVGO,Finance,VP,75.6,437000,8.5
AVGO-0949,Carlos Garcia,Broadcom,AVGO,Research & AI,Director,62.8,1466900,7.1
AVGO-0950,Grace Petrov,Broadcom,AVGO,Engineering,Staff,67.5,250300,3.2
AVGO-0951,Michael Nguyen,Broadcom,AVGO,Engineering,Staff,88.4,265100,3.4
AVGO-0952,Hiroshi Petrov,Broadcom,AVGO,Fab/Manufacturing,Senior Director,85.2,1505400,9.9
AVGO-0953,John Khan,Broadcom,AVGO,Engineering,Staff,94.5,222600,6.0
AVGO-0954,Maria Cohen,Broadcom,AVGO,Engineering,Director,83.8,765900,5.2
AVGO-0955,James Tanaka,Broadcom,AVGO,Research & AI,Principal,90.3,405100,8.5
AVGO-0956,Hannah Tanaka,Broadcom,AVGO,Fab/Manufacturing,Senior,76.6,303900,5.9
AVGO-0957,John Wilson,Broadcom,AVGO,Quality,Staff,79.4,307800,5.7
AVGO-0958,Raj Silva,Broadcom,AVGO,Engineering,Senior,69.1,116700,4.0
AVGO-0959,David Silva,Broadcom,AVGO,Operations,VP,100.0,866500,7.0
AVGO-0960,Maria Murphy,Broadcom,AVGO,Engineering,Senior,88.2,281100,6.3
AVGO-0961,Priya Chen,Broadcom,AVGO,Fab/Manufacturing,Principal,65.8,556700,6.3
AVGO-0962,Thomas Yamamoto,Broadcom,AVGO,Engineering,Principal,81.8,725800,7.3
AVGO-0963,Ahmed Garcia,Broadcom,AVGO,Finance,Principal,83.6,410700,4.9
AVGO-0964,Arjun Ali,Broadcom,AVGO,Engineering,Staff,59.3,236200,2.6
AVGO-0965,Michael Garcia,Broadcom,AVGO,Operations,Staff,75.2,152700,28.0
AVGO-0966,Raj Silva,Broadcom,AVGO,Engineering,VP,75.1,670700,18.8
AVGO-0967,Thomas Johnson,Broadcom,AVGO,Fab/Manufacturing,Senior,84.8,119600,3.8
AVGO-0968,Nina Johnson,Broadcom,AVGO,Fab/Manufacturing,Senior,67.2,261400,24.3
AVGO-0969,Mary Kim,Broadcom,AVGO,Quality,Senior Director,85.3,991300,11.4
AVGO-0970,Olivia Martinez,Broadcom,AVGO,Operations,Principal,100.0,967400,10.1
AVGO-0971,Daniel Lopez,Broadcom,AVGO,Fab/Manufacturing,VP,73.6,898400,11.7
AVGO-0972,Priya Lopez,Broadcom,AVGO,Fab/Manufacturing,Principal,76.5,257400,5.2
AVGO-0973,Carlos Schmidt,Broadcom,AVGO,Operations,Senior,65.1,270200,7.9
AVGO-0974,Arjun Garcia,Broadcom,AVGO,Engineering,VP,83.2,1467300,16.3
AVGO-0975,Daniel Martinez,Broadcom,AVGO,Quality,Senior Director,69.6,296700,10.5
AVGO-0976,John Cohen,Broadcom,AVGO,Operations,Senior,95.9,287100,8.0
AVGO-0977,Aisha Yamamoto,Broadcom,AVGO,Engineering,Senior Director,77.6,743800,12.3
AVGO-0978,Samuel Garcia,Broadcom,AVGO,Operations,Senior,81.0,225400,4.8
AVGO-0979,David Wilson,Broadcom,AVGO,Fab/Manufacturing,Principal,84.7,416200,4.2
AVGO-0980,Elena Garcia,Broadcom,AVGO,Fab/Manufacturing,Senior,72.8,149700,4.4
AVGO-0981,Ahmed Khan,Broadcom,AVGO,Supply Chain,Staff,58.5,264900,2.7
AVGO-0982,Maria Hassan,Broadcom,AVGO,Operations,Staff,66.1,301600,13.1
AVGO-0983,Zoe Lee,Broadcom,AVGO,Engineering,Director,60.9,562400,6.2
AVGO-0984,Hiroshi Lee,Broadcom,AVGO,Fab/Manufacturing,Principal,97.2,603900,6.1
AVGO-0985,James Anderson,Broadcom,AVGO,Fab/Manufacturing,Senior,88.1,180100,1.7
AVGO-0986,Kevin Kim,Broadcom,AVGO,Fab/Manufacturing,Senior,62.3,494600,4.1
AVGO-0987,Raj Cohen,Broadcom,AVGO,Engineering,Principal,71.3,832200,4.5
AVGO-0988,Emily Murphy,Broadcom,AVGO,Operations,Senior,94.2,153300,2.1
AVGO-0989,Zoe Ali,Broadcom,AVGO,Engineering,Director,78.2,962600,8.6
AVGO-0990,Raj Yamamoto,Broadcom,AVGO,Engineering,Senior,77.2,218100,2.3
AVGO-0991,Arjun Reyes,Broadcom,AVGO,Engineering,Senior,85.8,508900,3.9
AVGO-0992,Raj Lopez,Broadcom,AVGO,Sales & GTM,VP,72.8,842500,10.3
AVGO-0993,Thomas Murphy,Broadcom,AVGO,Engineering,Principal,81.8,203200,6.8
AVGO-0994,Grace Smith,Broadcom,AVGO,Engineering,Staff,70.4,465200,19.1
AVGO-0995,Thomas Anderson,Broadcom,AVGO,Engineering,Senior,82.9,236500,5.5
AVGO-0996,Wei Ali,Broadcom,AVGO,Legal & Policy,Senior,79.0,330100,4.3
AVGO-0997,Grace Petrov,Broadcom,AVGO,Engineering,Director,71.5,2185800,9.3
AVGO-0998,Chen Chen,Broadcom,AVGO,Research & AI,Director,94.0,946400,6.5
AVGO-0999,Priya Murphy,Broadcom,AVGO,Engineering,VP,80.0,2375300,9.4
AVGO-1000,Carlos Schmidt,Broadcom,AVGO,Engineering,Staff,84.5,153900,9.4
2222-0001,Layla Al-Maliki,Saudi Aramco,2222.SR,Sales & Trading,Principal,63.5,128300,16.7
2222-0002,Lina Al-Otaibi,Saudi Aramco,2222.SR,Operations,Principal,86.6,247900,10.9
2222-0003,Sara Al-Rashid,Saudi Aramco,2222.SR,Supply Chain,Senior,68.4,78800,9.9
2222-0004,Salem Al-Qahtani,Saudi Aramco,2222.SR,Upstream/Engineering,Senior,74.8,186700,16.9
2222-0005,Hamad Al-Maliki,Saudi Aramco,2222.SR,Operations,Director,92.6,209900,4.6
2222-0006,Sara Al-Maliki,Saudi Aramco,2222.SR,Finance,Staff,84.5,88200,11.6
2222-0007,Majed Al-Nasser,Saudi Aramco,2222.SR,Refining & Chemicals,Director,81.6,216800,14.9
2222-0008,Saud Al-Maliki,Saudi Aramco,2222.SR,Operations,VP,86.0,665200,31.4
2222-0009,Amal Al-Saud,Saudi Aramco,2222.SR,Upstream/Engineering,Senior Director,81.4,440900,10.5
2222-0010,Huda Al-Maliki,Saudi Aramco,2222.SR,Refining & Chemicals,Senior,67.0,240700,24.6
2222-0011,Dana Al-Anazi,Saudi Aramco,2222.SR,Upstream/Engineering,Principal,79.8,183500,11.5
2222-0012,Amal Al-Harbi,Saudi Aramco,2222.SR,Refining & Chemicals,Senior,81.9,106500,6.4
2222-0013,Layla Al-Subaie,Saudi Aramco,2222.SR,Upstream/Engineering,Senior,91.6,79900,9.0
2222-0014,Maryam Al-Otaibi,Saudi Aramco,2222.SR,Upstream/Engineering,Staff,86.3,115800,13.7
2222-0015,Dana Al-Hassan,Saudi Aramco,2222.SR,Research & Tech,SVP,91.0,913000,14.7
2222-0016,Rana Al-Otaibi,Saudi Aramco,2222.SR,Sales & Trading,Staff,69.7,115900,11.7
2222-0017,Dana Al-Harbi,Saudi Aramco,2222.SR,Upstream/Engineering,Senior Director,94.1,211700,21.3
2222-0018,Lina Al-Zahrani,Saudi Aramco,2222.SR,Sales & Trading,Staff,66.6,230400,18.3
2222-0019,Ziad Al-Shehri,Saudi Aramco,2222.SR,Operations,Senior Director,81.6,380100,17.0
2222-0020,Yousef Al-Amri,Saudi Aramco,2222.SR,Operations,Director,89.8,320800,7.9
2222-0021,Saud Al-Nasser,Saudi Aramco,2222.SR,Operations,Principal,74.0,314900,12.4
2222-0022,Lina Al-Otaibi,Saudi Aramco,2222.SR,People/HR,Senior,80.1,117000,7.5
2222-0023,Rana Al-Rashid,Saudi Aramco,2222.SR,Upstream/Engineering,Senior,79.3,172200,5.3
2222-0024,Noura Al-Amri,Saudi Aramco,2222.SR,Research & Tech,Principal,72.9,221700,5.2
2222-0025,Ziad Al-Mutairi,Saudi Aramco,2222.SR,Refining & Chemicals,Senior,83.2,152400,7.8
2222-0026,Bandar Al-Sulaiman,Saudi Aramco,2222.SR,Operations,Staff,98.8,271500,11.6
2222-0027,Rana Al-Saud,Saudi Aramco,2222.SR,Refining & Chemicals,Senior,74.0,67400,6.6
2222-0028,Khalid Al-Shehri,Saudi Aramco,2222.SR,Upstream/Engineering,Staff,88.8,284300,15.9
2222-0029,Fatima Al-Sulaiman,Saudi Aramco,2222.SR,Upstream/Engineering,Staff,72.4,64200,6.8
2222-0030,Tariq Al-Otaibi,Saudi Aramco,2222.SR,Supply Chain,Principal,80.2,282100,13.0
2222-0031,Lina Al-Anazi,Saudi Aramco,2222.SR,Refining & Chemicals,Senior Director,83.4,369000,10.8
2222-0032,Lina Al-Subaie,Saudi Aramco,2222.SR,Upstream/Engineering,Senior Director,83.0,427400,14.5
2222-0033,Sara Al-Sulaiman,Saudi Aramco,2222.SR,Upstream/Engineering,Principal,76.5,138700,18.7
2222-0034,Abdullah Al-Harbi,Saudi Aramco,2222.SR,HSE/Safety,Senior,86.5,172500,16.6
2222-0035,Rana Al-Hassan,Saudi Aramco,2222.SR,Operations,Senior,87.5,109900,16.2
2222-0036,Dana Al-Dossari,Saudi Aramco,2222.SR,Finance,Staff,80.3,253900,16.3
2222-0037,Hessa Al-Anazi,Saudi Aramco,2222.SR,Supply Chain,Director,75.8,223100,12.7
2222-0038,Rana Al-Subaie,Saudi Aramco,2222.SR,Upstream/Engineering,Staff,82.8,111800,16.5
2222-0039,Huda Al-Rashid,Saudi Aramco,2222.SR,Upstream/Engineering,Director,98.5,404400,7.8
2222-0040,Yousef Al-Juhani,Saudi Aramco,2222.SR,Legal & Policy,Senior,82.1,119900,5.7
2222-0041,Faisal Bin Laden,Saudi Aramco,2222.SR,Upstream/Engineering,Senior,88.1,185100,15.2
2222-0042,Jana Al-Subaie,Saudi Aramco,2222.SR,Upstream/Engineering,Staff,70.4,276800,16.0
2222-0043,Bandar Al-Qahtani,Saudi Aramco,2222.SR,Refining & Chemicals,Staff,85.3,126500,9.9
2222-0044,Fatima Al-Qahtani,Saudi Aramco,2222.SR,Sales & Trading,Senior Director,69.3,279900,20.0
2222-0045,Hamad Al-Hassan,Saudi Aramco,2222.SR,Finance,Staff,75.5,94400,17.5
2222-0046,Majed Al-Shehri,Saudi Aramco,2222.SR,Supply Chain,Staff,85.2,246800,14.4
2222-0047,Faisal Al-Otaibi,Saudi Aramco,2222.SR,Finance,Senior,78.6,275400,4.0
2222-0048,Faisal Al-Hassan,Saudi Aramco,2222.SR,Upstream/Engineering,Senior,96.5,247700,6.4
2222-0049,Rana Bin Laden,Saudi Aramco,2222.SR,Upstream/Engineering,Principal,77.8,104400,12.1
2222-0050,Fatima Al-Nasser,Saudi Aramco,2222.SR,Refining & Chemicals,Director,73.4,652800,15.2
2222-0051,Fatima Al-Rashid,Saudi Aramco,2222.SR,Operations,Principal,82.0,230700,27.6
2222-0052,Hessa Al-Hassan,Saudi Aramco,2222.SR,Operations,C-Suite,78.7,634800,9.0
2222-0053,Hessa Al-Juhani,Saudi Aramco,2222.SR,Upstream/Engineering,Director,77.9,465700,4.6
2222-0054,Reem Bin Laden,Saudi Aramco,2222.SR,Upstream/Engineering,Senior Director,75.2,528200,8.9
2222-0055,Salem Al-Subaie,Saudi Aramco,2222.SR,Finance,Senior,60.6,233300,5.2
2222-0056,Dana Al-Zahrani,Saudi Aramco,2222.SR,Operations,Principal,86.3,163800,26.7
2222-0057,Dana Al-Zahrani,Saudi Aramco,2222.SR,Operations,Senior,94.2,249100,13.5
2222-0058,Rana Al-Qahtani,Saudi Aramco,2222.SR,Research & Tech,Senior,72.1,140900,3.5
2222-0059,Majed Al-Sulaiman,Saudi Aramco,2222.SR,Refining & Chemicals,Principal,84.8,440200,14.1
2222-0060,Layla Al-Otaibi,Saudi Aramco,2222.SR,Supply Chain,Staff,80.9,153000,6.4
2222-0061,Majed Al-Amri,Saudi Aramco,2222.SR,Research & Tech,Senior,82.8,123200,15.7
2222-0062,Hessa Al-Ghamdi,Saudi Aramco,2222.SR,Finance,Staff,76.1,167700,14.1
2222-0063,Omar Al-Hassan,Saudi Aramco,2222.SR,HSE/Safety,Senior,76.2,301800,4.1
2222-0064,Salem Al-Shehri,Saudi Aramco,2222.SR,People/HR,Staff,75.3,270600,12.1
2222-0065,Faisal Bin Laden,Saudi Aramco,2222.SR,Upstream/Engineering,Senior,66.6,158100,6.9
2222-0066,Omar Al-Ghamdi,Saudi Aramco,2222.SR,Research & Tech,Staff,80.6,71200,16.9
2222-0067,Rana Al-Anazi,Saudi Aramco,2222.SR,Upstream/Engineering,Senior,78.2,117200,15.7
2222-0068,Tariq Al-Faraj,Saudi Aramco,2222.SR,Refining & Chemicals,Staff,74.7,316100,15.2
2222-0069,Rana Al-Zahrani,Saudi Aramco,2222.SR,Research & Tech,Principal,65.2,213800,7.4
2222-0070,Hessa Al-Nasser,Saudi Aramco,2222.SR,Upstream/Engineering,SVP,94.4,649000,20.8
2222-0071,Faisal Al-Hassan,Saudi Aramco,2222.SR,Upstream/Engineering,Senior,82.7,79600,8.8
2222-0072,Majed Al-Amri,Saudi Aramco,2222.SR,Upstream/Engineering,Principal,72.2,209500,15.9
2222-0073,Yousef Bin Laden,Saudi Aramco,2222.SR,Supply Chain,Staff,71.1,103800,3.8
2222-0074,Dana Al-Amri,Saudi Aramco,2222.SR,Operations,Senior,82.4,98000,12.1
2222-0075,Mohammed Al-Harbi,Saudi Aramco,2222.SR,Upstream/Engineering,Senior,77.2,114900,18.8
2222-0076,Omar Al-Rashid,Saudi Aramco,2222.SR,Supply Chain,Staff,77.8,241900,12.0
2222-0077,Majed Al-Shehri,Saudi Aramco,2222.SR,Operations,Principal,77.1,142900,7.8
2222-0078,Jana Al-Faraj,Saudi Aramco,2222.SR,Sales & Trading,Principal,62.4,179300,14.8
2222-0079,Hessa Al-Rashid,Saudi Aramco,2222.SR,Sales & Trading,Senior,79.1,157000,26.9
2222-0080,Bandar Al-Juhani,Saudi Aramco,2222.SR,Upstream/Engineering,Senior Director,78.5,460600,14.4
2222-0081,Bandar Bin Laden,Saudi Aramco,2222.SR,Refining & Chemicals,Staff,73.5,106100,11.4
2222-0082,Rana Al-Saud,Saudi Aramco,2222.SR,Finance,Staff,77.1,88900,13.3
2222-0083,Tariq Al-Qahtani,Saudi Aramco,2222.SR,HSE/Safety,Principal,80.3,117600,13.5
2222-0084,Huda Al-Ghamdi,Saudi Aramco,2222.SR,Operations,Staff,75.4,59200,10.7
2222-0085,Hessa Al-Maliki,Saudi Aramco,2222.SR,HSE/Safety,Principal,77.6,351900,13.8
2222-0086,Layla Al-Subaie,Saudi Aramco,2222.SR,Finance,Principal,75.6,282600,8.9
2222-0087,Bandar Al-Ghamdi,Saudi Aramco,2222.SR,Finance,SVP,78.7,403300,18.4
2222-0088,Tariq Al-Saud,Saudi Aramco,2222.SR,Upstream/Engineering,Senior Director,83.9,282600,12.9
2222-0089,Fatima Al-Sulaiman,Saudi Aramco,2222.SR,Upstream/Engineering,Staff,68.5,90100,17.1
2222-0090,Omar Al-Dossari,Saudi Aramco,2222.SR,Upstream/Engineering,Principal,74.1,306000,19.5
2222-0091,Rana Al-Nasser,Saudi Aramco,2222.SR,Upstream/Engineering,Principal,100.0,208000,10.1
2222-0092,Faisal Al-Anazi,Saudi Aramco,2222.SR,Operations,Staff,87.9,293800,11.6
2222-0093,Fatima Al-Qahtani,Saudi Aramco,2222.SR,HSE/Safety,Senior,76.0,128100,8.2
2222-0094,Dana Al-Zahrani,Saudi Aramco,2222.SR,Upstream/Engineering,Senior,88.6,247400,17.1
2222-0095,Nasser Al-Juhani,Saudi Aramco,2222.SR,Legal & Policy,C-Suite,82.8,1525000,21.5
2222-0096,Tariq Al-Rashid,Saudi Aramco,2222.SR,Refining & Chemicals,Staff,88.7,146600,5.0
2222-0097,Tariq Al-Nasser,Saudi Aramco,2222.SR,Operations,Staff,96.4,97900,7.5
2222-0098,Fatima Al-Amri,Saudi Aramco,2222.SR,Supply Chain,Staff,88.2,275800,13.0
2222-0099,Amal Bin Laden,Saudi Aramco,2222.SR,Finance,Senior,72.8,51600,14.9
2222-0100,Nasser Al-Juhani,Saudi Aramco,2222.SR,Operations,Senior,90.6,424200,4.6
2222-0101,Layla Al-Zahrani,Saudi Aramco,2222.SR,Upstream/Engineering,Staff,97.6,218400,9.4
2222-0102,Salem Al-Ghamdi,Saudi Aramco,2222.SR,Refining & Chemicals,Senior,68.5,158000,20.3
2222-0103,Hamad Al-Saud,Saudi Aramco,2222.SR,Research & Tech,Director,84.2,315700,15.1
2222-0104,Maryam Al-Mutairi,Saudi Aramco,2222.SR,Finance,Senior,82.9,145100,4.0
2222-0105,Ziad Al-Ghamdi,Saudi Aramco,2222.SR,Research & Tech,Staff,83.7,253800,21.2
2222-0106,Yousef Al-Mutairi,Saudi Aramco,2222.SR,Operations,Senior,81.5,230500,5.4
2222-0107,Hamad Al-Sulaiman,Saudi Aramco,2222.SR,Upstream/Engineering,Senior,68.3,237700,12.4
2222-0108,Majed Al-Otaibi,Saudi Aramco,2222.SR,Research & Tech,Staff,77.1,246300,10.1
2222-0109,Maryam Al-Subaie,Saudi Aramco,2222.SR,Refining & Chemicals,Director,75.4,97100,13.0
2222-0110,Fatima Al-Sulaiman,Saudi Aramco,2222.SR,Operations,Director,88.2,243600,14.4
2222-0111,Salem Al-Mutairi,Saudi Aramco,2222.SR,HSE/Safety,Senior,77.7,50700,11.8
2222-0112,Noura Al-Juhani,Saudi Aramco,2222.SR,Upstream/Engineering,Staff,84.2,816600,9.9
2222-0113,Salem Al-Anazi,Saudi Aramco,2222.SR,Operations,Staff,86.1,322500,12.3
2222-0114,Jana Al-Amri,Saudi Aramco,2222.SR,Sales & Trading,Senior Director,79.1,239800,24.6
2222-0115,Maryam Al-Maliki,Saudi Aramco,2222.SR,Supply Chain,Principal,73.5,376600,12.0
2222-0116,Sara Al-Shehri,Saudi Aramco,2222.SR,Upstream/Engineering,Senior Director,81.9,546100,19.9
2222-0117,Tariq Al-Amri,Saudi Aramco,2222.SR,Upstream/Engineering,Senior,71.2,194600,13.8
2222-0118,Sara Al-Anazi,Saudi Aramco,2222.SR,Operations,Director,88.8,431800,17.4
2222-0119,Bandar Al-Otaibi,Saudi Aramco,2222.SR,Upstream/Engineering,Principal,80.6,184800,15.7
2222-0120,Jana Al-Qahtani,Saudi Aramco,2222.SR,Operations,Senior,83.6,92600,23.0
2222-0121,Huda Al-Maliki,Saudi Aramco,2222.SR,Operations,Staff,71.6,260200,13.7
2222-0122,Khalid Al-Shehri,Saudi Aramco,2222.SR,Operations,Staff,78.3,147000,9.0
2222-0123,Majed Al-Maliki,Saudi Aramco,2222.SR,Refining & Chemicals,Senior,81.1,185200,15.8
2222-0124,Omar Al-Maliki,Saudi Aramco,2222.SR,Operations,VP,79.4,662200,10.8
2222-0125,Jana Al-Nasser,Saudi Aramco,2222.SR,Upstream/Engineering,Senior Director,79.4,473500,12.7
2222-0126,Faisal Al-Subaie,Saudi Aramco,2222.SR,Operations,Senior Director,85.3,358300,10.6
2222-0127,Bandar Al-Maliki,Saudi Aramco,2222.SR,HSE/Safety,Principal,86.1,130200,12.8
2222-0128,Layla Al-Dossari,Saudi Aramco,2222.SR,Operations,Senior,66.6,54800,5.3
2222-0129,Dana Al-Sulaiman,Saudi Aramco,2222.SR,Operations,Staff,76.5,225400,3.3
2222-0130,Saud Al-Dossari,Saudi Aramco,2222.SR,Refining & Chemicals,Director,80.9,456400,17.7
2222-0131,Abdullah Al-Nasser,Saudi Aramco,2222.SR,Operations,Senior,78.9,148300,10.9
2222-0132,Hessa Al-Sulaiman,Saudi Aramco,2222.SR,Upstream/Engineering,Director,94.8,467700,10.3
2222-0133,Nasser Al-Otaibi,Saudi Aramco,2222.SR,Sales & Trading,Staff,89.6,214600,6.0
2222-0134,Khalid Al-Zahrani,Saudi Aramco,2222.SR,Refining & Chemicals,Principal,87.6,294400,3.6
2222-0135,Hamad Al-Mutairi,Saudi Aramco,2222.SR,Upstream/Engineering,Staff,75.1,129900,7.5
2222-0136,Lina Al-Maliki,Saudi Aramco,2222.SR,Operations,Senior,84.2,168500,22.4
2222-0137,Ziad Al-Hassan,Saudi Aramco,2222.SR,HSE/Safety,Senior,66.9,211800,13.0
2222-0138,Omar Al-Dossari,Saudi Aramco,2222.SR,Operations,Senior,87.3,123900,1.9
2222-0139,Jana Al-Nasser,Saudi Aramco,2222.SR,Operations,Principal,69.3,163400,19.4
2222-0140,Reem Bin Laden,Saudi Aramco,2222.SR,Operations,Senior,81.5,65800,18.5
2222-0141,Ziad Al-Rashid,Saudi Aramco,2222.SR,Sales & Trading,Principal,67.8,234000,18.6
2222-0142,Noura Al-Faraj,Saudi Aramco,2222.SR,HSE/Safety,Staff,70.7,102200,4.9
2222-0143,Jana Al-Rashid,Saudi Aramco,2222.SR,Research & Tech,Staff,69.6,302600,23.4
2222-0144,Rana Al-Anazi,Saudi Aramco,2222.SR,Refining & Chemicals,Senior,88.5,296900,14.7
2222-0145,Khalid Al-Harbi,Saudi Aramco,2222.SR,Refining & Chemicals,Principal,91.4,141600,18.1
2222-0146,Jana Al-Nasser,Saudi Aramco,2222.SR,Operations,Staff,92.0,234200,6.6
2222-0147,Layla Al-Hassan,Saudi Aramco,2222.SR,Research & Tech,Staff,62.5,188900,9.2
2222-0148,Maryam Al-Ghamdi,Saudi Aramco,2222.SR,Operations,Principal,83.4,166600,8.9
2222-0149,Hamad Al-Anazi,Saudi Aramco,2222.SR,Finance,Senior,72.8,121500,21.0
2222-0150,Aisha Al-Amri,Saudi Aramco,2222.SR,Upstream/Engineering,Senior,70.2,104500,14.1
2222-0151,Bandar Al-Harbi,Saudi Aramco,2222.SR,Upstream/Engineering,Senior,69.2,51900,10.3
2222-0152,Majed Al-Zahrani,Saudi Aramco,2222.SR,Upstream/Engineering,Principal,95.1,975100,6.1
2222-0153,Yousef Al-Subaie,Saudi Aramco,2222.SR,Supply Chain,Staff,82.3,145800,9.7
2222-0154,Tariq Al-Saud,Saudi Aramco,2222.SR,Research & Tech,Senior,85.5,128300,7.9
2222-0155,Noura Al-Faraj,Saudi Aramco,2222.SR,Operations,Staff,86.8,219000,4.8
2222-0156,Salem Al-Mutairi,Saudi Aramco,2222.SR,Research & Tech,Senior,82.1,133300,13.0
2222-0157,Fatima Al-Hassan,Saudi Aramco,2222.SR,Upstream/Engineering,Principal,68.2,97300,12.5
2222-0158,Aisha Al-Amri,Saudi Aramco,2222.SR,Operations,Staff,83.6,153400,8.5
2222-0159,Noura Al-Harbi,Saudi Aramco,2222.SR,Operations,Senior,73.1,206100,8.5
2222-0160,Majed Al-Shehri,Saudi Aramco,2222.SR,Upstream/Engineering,Staff,56.6,158000,13.7
2222-0161,Lina Al-Juhani,Saudi Aramco,2222.SR,Operations,Director,79.7,286600,15.9
2222-0162,Khalid Al-Saud,Saudi Aramco,2222.SR,Upstream/Engineering,VP,88.6,752800,15.8
2222-0163,Salem Al-Mutairi,Saudi Aramco,2222.SR,Supply Chain,Senior Director,86.5,438800,18.9
2222-0164,Abdullah Al-Dossari,Saudi Aramco,2222.SR,Finance,VP,70.8,392300,12.8
2222-0165,Dana Al-Maliki,Saudi Aramco,2222.SR,Upstream/Engineering,Principal,97.2,798800,9.5
2222-0166,Salem Al-Rashid,Saudi Aramco,2222.SR,Research & Tech,Senior,63.9,62900,20.4
2222-0167,Lina Al-Hassan,Saudi Aramco,2222.SR,Sales & Trading,Senior,85.8,171200,17.5
2222-0168,Bandar Al-Zahrani,Saudi Aramco,2222.SR,Operations,Senior,83.9,143100,28.5
2222-0169,Mohammed Bin Laden,Saudi Aramco,2222.SR,Upstream/Engineering,Senior,77.4,120300,7.8
2222-0170,Noura Al-Shehri,Saudi Aramco,2222.SR,Operations,Principal,76.2,139000,12.5
2222-0171,Faisal Al-Sulaiman,Saudi Aramco,2222.SR,Upstream/Engineering,VP,94.1,533900,12.8
2222-0172,Hessa Al-Rashid,Saudi Aramco,2222.SR,Refining & Chemicals,VP,94.3,142000,15.2
2222-0173,Aisha Bin Laden,Saudi Aramco,2222.SR,Finance,Senior,76.3,144000,6.8
2222-0174,Faisal Al-Mutairi,Saudi Aramco,2222.SR,Upstream/Engineering,Staff,98.3,150800,4.0
2222-0175,Nasser Al-Subaie,Saudi Aramco,2222.SR,HSE/Safety,Staff,87.4,150200,8.3
2222-0176,Mohammed Al-Dossari,Saudi Aramco,2222.SR,Refining & Chemicals,Senior Director,74.4,573400,22.1
2222-0177,Amal Al-Mutairi,Saudi Aramco,2222.SR,Legal & Policy,Senior,89.4,109500,8.2
2222-0178,Yousef Al-Qahtani,Saudi Aramco,2222.SR,Operations,Director,79.9,240400,22.8
2222-0179,Fatima Al-Maliki,Saudi Aramco,2222.SR,People/HR,Staff,88.2,41500,27.0
2222-0180,Yousef Al-Amri,Saudi Aramco,2222.SR,Upstream/Engineering,Senior Director,70.4,323300,8.0
2222-0181,Mohammed Al-Dossari,Saudi Aramco,2222.SR,Upstream/Engineering,Senior,79.9,145900,6.7
2222-0182,Yousef Al-Ghamdi,Saudi Aramco,2222.SR,HSE/Safety,Senior Director,76.4,132400,25.0
2222-0183,Saud Al-Qahtani,Saudi Aramco,2222.SR,Refining & Chemicals,Director,84.8,402000,16.1
2222-0184,Dana Al-Dossari,Saudi Aramco,2222.SR,Upstream/Engineering,Senior Director,84.8,455100,14.5
2222-0185,Reem Al-Hassan,Saudi Aramco,2222.SR,Operations,Senior,94.6,126400,17.5
2222-0186,Noura Al-Mutairi,Saudi Aramco,2222.SR,Upstream/Engineering,Senior,69.0,134900,12.3
2222-0187,Tariq Al-Mutairi,Saudi Aramco,2222.SR,Upstream/Engineering,Senior,88.7,212200,12.3
2222-0188,Rana Al-Zahrani,Saudi Aramco,2222.SR,Upstream/Engineering,Principal,78.0,148800,19.1
2222-0189,Dana Al-Juhani,Saudi Aramco,2222.SR,HSE/Safety,Staff,77.9,311500,5.3
2222-0190,Yousef Al-Zahrani,Saudi Aramco,2222.SR,Upstream/Engineering,Principal,78.3,274700,11.1
2222-0191,Sara Al-Dossari,Saudi Aramco,2222.SR,Upstream/Engineering,Staff,88.1,148500,12.2
2222-0192,Salem Al-Shehri,Saudi Aramco,2222.SR,Upstream/Engineering,Principal,76.9,542300,14.2
2222-0193,Hessa Al-Qahtani,Saudi Aramco,2222.SR,Operations,Staff,90.9,920100,7.4
2222-0194,Amal Al-Hassan,Saudi Aramco,2222.SR,Finance,Principal,78.7,136100,6.8
2222-0195,Hamad Al-Anazi,Saudi Aramco,2222.SR,Refining & Chemicals,Staff,67.8,168900,19.2
2222-0196,Amal Al-Nasser,Saudi Aramco,2222.SR,HSE/Safety,Director,70.3,356400,11.5
2222-0197,Rana Al-Dossari,Saudi Aramco,2222.SR,Finance,Senior,72.8,109200,5.8
2222-0198,Yousef Al-Faraj,Saudi Aramco,2222.SR,People/HR,Staff,78.6,92100,11.4
2222-0199,Abdullah Al-Rashid,Saudi Aramco,2222.SR,Operations,Director,83.2,165200,14.3
2222-0200,Hessa Al-Dossari,Saudi Aramco,2222.SR,Operations,Staff,69.3,117400,9.0
2222-0201,Hamad Al-Harbi,Saudi Aramco,2222.SR,Upstream/Engineering,Senior,78.1,82200,13.4
2222-0202,Amal Al-Qahtani,Saudi Aramco,2222.SR,Operations,Senior Director,78.0,316200,12.4
2222-0203,Rana Al-Zahrani,Saudi Aramco,2222.SR,Upstream/Engineering,Director,74.5,619500,14.7
2222-0204,Khalid Al-Hassan,Saudi Aramco,2222.SR,Upstream/Engineering,VP,83.1,917200,9.6
2222-0205,Huda Al-Juhani,Saudi Aramco,2222.SR,Operations,Staff,82.1,195500,8.0
2222-0206,Amal Al-Qahtani,Saudi Aramco,2222.SR,Research & Tech,Staff,78.0,290700,7.2
2222-0207,Abdullah Al-Saud,Saudi Aramco,2222.SR,HSE/Safety,Senior,85.8,149200,12.2
2222-0208,Yousef Al-Subaie,Saudi Aramco,2222.SR,Operations,Senior Director,76.3,333500,15.7
2222-0209,Reem Al-Subaie,Saudi Aramco,2222.SR,Upstream/Engineering,Staff,64.1,166400,11.6
2222-0210,Fatima Al-Nasser,Saudi Aramco,2222.SR,Legal & Policy,Principal,85.3,298200,35.5
2222-0211,Saud Al-Subaie,Saudi Aramco,2222.SR,Upstream/Engineering,Principal,91.7,259200,7.9
2222-0212,Bandar Al-Juhani,Saudi Aramco,2222.SR,HSE/Safety,Director,87.2,218100,12.9
2222-0213,Salem Al-Ghamdi,Saudi Aramco,2222.SR,Upstream/Engineering,Principal,82.6,113600,12.3
2222-0214,Khalid Bin Laden,Saudi Aramco,2222.SR,Research & Tech,Senior,78.7,208500,14.3
2222-0215,Reem Al-Amri,Saudi Aramco,2222.SR,HSE/Safety,Senior Director,72.0,750000,11.1
2222-0216,Tariq Al-Nasser,Saudi Aramco,2222.SR,Upstream/Engineering,Staff,85.7,289500,19.4
2222-0217,Khalid Al-Juhani,Saudi Aramco,2222.SR,Upstream/Engineering,Senior,78.2,136800,15.5
2222-0218,Lina Bin Laden,Saudi Aramco,2222.SR,Research & Tech,Staff,81.8,354800,9.9
2222-0219,Saud Al-Rashid,Saudi Aramco,2222.SR,Upstream/Engineering,Senior,81.6,85000,14.7
2222-0220,Hamad Al-Anazi,Saudi Aramco,2222.SR,Operations,Staff,78.9,126300,6.7
2222-0221,Sara Al-Otaibi,Saudi Aramco,2222.SR,Operations,Staff,83.8,59400,4.2
2222-0222,Nasser Al-Maliki,Saudi Aramco,2222.SR,Supply Chain,Senior Director,94.4,383000,15.1
2222-0223,Ziad Al-Harbi,Saudi Aramco,2222.SR,Research & Tech,Staff,91.0,310600,8.6
2222-0224,Fatima Al-Ghamdi,Saudi Aramco,2222.SR,Finance,Senior Director,69.6,260500,14.6
2222-0225,Ziad Al-Hassan,Saudi Aramco,2222.SR,Upstream/Engineering,VP,90.5,196000,10.7
2222-0226,Nasser Al-Amri,Saudi Aramco,2222.SR,Operations,Senior Director,80.8,984500,13.7
2222-0227,Fatima Al-Sulaiman,Saudi Aramco,2222.SR,Upstream/Engineering,Staff,85.5,183400,15.1
2222-0228,Nasser Al-Rashid,Saudi Aramco,2222.SR,People/HR,Senior,84.9,267400,20.4
2222-0229,Abdullah Al-Maliki,Saudi Aramco,2222.SR,Sales & Trading,Principal,88.2,375500,9.7
2222-0230,Sara Al-Zahrani,Saudi Aramco,2222.SR,Upstream/Engineering,Director,82.6,355200,9.6
2222-0231,Rana Al-Anazi,Saudi Aramco,2222.SR,Finance,Principal,94.0,340600,5.2
2222-0232,Dana Al-Rashid,Saudi Aramco,2222.SR,Upstream/Engineering,Staff,80.8,222600,13.2
2222-0233,Reem Al-Amri,Saudi Aramco,2222.SR,Refining & Chemicals,Director,81.1,151800,10.0
2222-0234,Majed Al-Nasser,Saudi Aramco,2222.SR,Operations,Staff,78.7,94300,6.0
2222-0235,Abdullah Al-Rashid,Saudi Aramco,2222.SR,Supply Chain,Senior,85.9,203700,5.5
2222-0236,Dana Bin Laden,Saudi Aramco,2222.SR,Finance,Staff,88.4,356800,6.7
2222-0237,Bandar Al-Juhani,Saudi Aramco,2222.SR,People/HR,Staff,73.7,213700,3.2
2222-0238,Fatima Al-Shehri,Saudi Aramco,2222.SR,Supply Chain,Senior,86.6,186400,6.6
2222-0239,Abdullah Al-Qahtani,Saudi Aramco,2222.SR,Refining & Chemicals,Senior,77.9,103300,17.3
2222-0240,Salem Al-Maliki,Saudi Aramco,2222.SR,Upstream/Engineering,Staff,69.8,174700,10.1
2222-0241,Faisal Al-Juhani,Saudi Aramco,2222.SR,Operations,Staff,79.3,148800,11.0
2222-0242,Sara Al-Mutairi,Saudi Aramco,2222.SR,Operations,Senior,87.5,286600,6.6
2222-0243,Maryam Al-Amri,Saudi Aramco,2222.SR,Upstream/Engineering,SVP,87.1,1103600,20.4
2222-0244,Abdullah Al-Rashid,Saudi Aramco,2222.SR,Upstream/Engineering,Principal,78.1,164400,10.0
2222-0245,Fatima Al-Dossari,Saudi Aramco,2222.SR,Research & Tech,Senior,76.3,84800,13.8
2222-0246,Salem Al-Rashid,Saudi Aramco,2222.SR,HSE/Safety,VP,76.0,300900,19.7
2222-0247,Khalid Al-Dossari,Saudi Aramco,2222.SR,HSE/Safety,Principal,80.8,335300,20.2
2222-0248,Sara Al-Maliki,Saudi Aramco,2222.SR,Upstream/Engineering,Senior,77.5,132800,6.2
2222-0249,Nasser Al-Hassan,Saudi Aramco,2222.SR,Legal & Policy,Senior Director,73.2,228300,14.1
2222-0250,Tariq Al-Anazi,Saudi Aramco,2222.SR,HSE/Safety,Senior,58.4,44600,10.2
2222-0251,Nasser Al-Otaibi,Saudi Aramco,2222.SR,Sales & Trading,Senior,72.3,141100,22.0
2222-0252,Nasser Al-Harbi,Saudi Aramco,2222.SR,Finance,Senior,82.6,100200,13.1
2222-0253,Tariq Al-Subaie,Saudi Aramco,2222.SR,Refining & Chemicals,Director,79.4,253900,22.7
2222-0254,Omar Al-Zahrani,Saudi Aramco,2222.SR,HSE/Safety,Staff,83.0,389400,10.5
2222-0255,Layla Al-Otaibi,Saudi Aramco,2222.SR,Operations,Staff,69.3,115700,10.5
2222-0256,Omar Al-Rashid,Saudi Aramco,2222.SR,Supply Chain,Senior,79.1,35400,6.6
2222-0257,Hamad Al-Ghamdi,Saudi Aramco,2222.SR,HSE/Safety,Senior Director,85.9,610600,27.3
2222-0258,Fatima Al-Zahrani,Saudi Aramco,2222.SR,Upstream/Engineering,Senior Director,84.2,454600,18.5
2222-0259,Reem Al-Anazi,Saudi Aramco,2222.SR,Upstream/Engineering,Senior,70.3,176300,11.4
2222-0260,Majed Al-Otaibi,Saudi Aramco,2222.SR,Operations,Senior,85.7,176600,10.9
2222-0261,Abdullah Al-Rashid,Saudi Aramco,2222.SR,Legal & Policy,Senior,78.2,236000,7.9
2222-0262,Ziad Al-Mutairi,Saudi Aramco,2222.SR,HSE/Safety,Principal,80.6,297200,16.3
2222-0263,Mohammed Al-Subaie,Saudi Aramco,2222.SR,Refining & Chemicals,Senior,80.5,81500,10.7
2222-0264,Huda Al-Maliki,Saudi Aramco,2222.SR,Upstream/Engineering,Principal,96.6,237200,16.3
2222-0265,Huda Al-Ghamdi,Saudi Aramco,2222.SR,Research & Tech,Director,89.2,217500,15.2
2222-0266,Hessa Al-Zahrani,Saudi Aramco,2222.SR,Operations,Staff,79.0,116700,7.4
2222-0267,Aisha Al-Hassan,Saudi Aramco,2222.SR,Finance,Senior,73.5,56600,15.2
2222-0268,Majed Al-Amri,Saudi Aramco,2222.SR,Upstream/Engineering,Senior,71.6,300900,6.3
2222-0269,Yousef Al-Dossari,Saudi Aramco,2222.SR,Operations,Staff,81.2,147500,10.7
2222-0270,Ziad Al-Qahtani,Saudi Aramco,2222.SR,Operations,Staff,75.0,195100,11.8
2222-0271,Fatima Al-Mutairi,Saudi Aramco,2222.SR,Upstream/Engineering,Senior,77.1,94500,15.5
2222-0272,Maryam Bin Laden,Saudi Aramco,2222.SR,Operations,Staff,72.4,153500,5.9
2222-0273,Rana Al-Faraj,Saudi Aramco,2222.SR,Upstream/Engineering,Senior,84.9,130400,17.7
2222-0274,Saud Al-Dossari,Saudi Aramco,2222.SR,Upstream/Engineering,Senior,71.3,422800,6.6
2222-0275,Faisal Al-Maliki,Saudi Aramco,2222.SR,Upstream/Engineering,Staff,73.7,234300,27.7
2222-0276,Majed Al-Anazi,Saudi Aramco,2222.SR,Refining & Chemicals,Director,86.7,260700,14.1
2222-0277,Nasser Al-Juhani,Saudi Aramco,2222.SR,Operations,Senior,68.2,351400,8.2
2222-0278,Dana Al-Harbi,Saudi Aramco,2222.SR,Supply Chain,Senior,79.6,281700,10.3
2222-0279,Bandar Al-Qahtani,Saudi Aramco,2222.SR,Upstream/Engineering,Senior,74.3,184700,13.9
2222-0280,Huda Al-Qahtani,Saudi Aramco,2222.SR,Refining & Chemicals,Senior,77.3,261600,8.0
2222-0281,Dana Al-Subaie,Saudi Aramco,2222.SR,Upstream/Engineering,SVP,82.9,808500,27.7
2222-0282,Saud Al-Qahtani,Saudi Aramco,2222.SR,Upstream/Engineering,Staff,86.0,137500,21.0
2222-0283,Hessa Al-Otaibi,Saudi Aramco,2222.SR,Operations,Senior,70.4,58300,7.3
2222-0284,Faisal Al-Harbi,Saudi Aramco,2222.SR,Upstream/Engineering,Staff,79.8,176300,15.6
2222-0285,Jana Al-Zahrani,Saudi Aramco,2222.SR,Operations,Director,70.0,810100,17.4
2222-0286,Khalid Bin Laden,Saudi Aramco,2222.SR,Research & Tech,Senior,75.4,91400,17.2
2222-0287,Salem Al-Nasser,Saudi Aramco,2222.SR,Operations,Director,73.1,287700,12.3
2222-0288,Khalid Al-Anazi,Saudi Aramco,2222.SR,Operations,Senior,84.9,98100,12.8
2222-0289,Nasser Al-Qahtani,Saudi Aramco,2222.SR,People/HR,Principal,84.1,163000,20.3
2222-0290,Maryam Al-Amri,Saudi Aramco,2222.SR,Research & Tech,Principal,79.1,165500,11.5
2222-0291,Fatima Bin Laden,Saudi Aramco,2222.SR,Upstream/Engineering,Senior,65.9,122600,4.6
2222-0292,Jana Al-Dossari,Saudi Aramco,2222.SR,Operations,Senior,80.5,92100,14.7
2222-0293,Hessa Al-Harbi,Saudi Aramco,2222.SR,Supply Chain,Principal,72.3,230600,8.7
2222-0294,Fatima Al-Qahtani,Saudi Aramco,2222.SR,Operations,Senior,81.4,176600,9.2
2222-0295,Saud Al-Maliki,Saudi Aramco,2222.SR,People/HR,Staff,64.2,116800,5.9
2222-0296,Reem Al-Sulaiman,Saudi Aramco,2222.SR,Operations,Principal,80.7,137200,12.9
2222-0297,Saud Al-Amri,Saudi Aramco,2222.SR,HSE/Safety,Senior,76.9,63700,8.5
2222-0298,Khalid Al-Nasser,Saudi Aramco,2222.SR,Upstream/Engineering,Senior Director,75.8,427000,12.0
2222-0299,Bandar Al-Faraj,Saudi Aramco,2222.SR,Supply Chain,VP,79.1,483900,11.1
2222-0300,Mohammed Al-Rashid,Saudi Aramco,2222.SR,Upstream/Engineering,Staff,92.4,75200,13.9
2222-0301,Dana Al-Saud,Saudi Aramco,2222.SR,Operations,Staff,81.9,213400,12.7
2222-0302,Abdullah Al-Faraj,Saudi Aramco,2222.SR,Operations,Principal,87.4,268900,14.2
2222-0303,Hamad Al-Mutairi,Saudi Aramco,2222.SR,Upstream/Engineering,Staff,76.7,155600,6.1
2222-0304,Noura Al-Amri,Saudi Aramco,2222.SR,Sales & Trading,Staff,82.4,231300,30.7
2222-0305,Majed Al-Sulaiman,Saudi Aramco,2222.SR,Finance,Principal,74.6,65800,7.4
2222-0306,Dana Al-Faraj,Saudi Aramco,2222.SR,Legal & Policy,Staff,71.2,311800,24.5
2222-0307,Fatima Al-Subaie,Saudi Aramco,2222.SR,Refining & Chemicals,Senior,96.8,496600,10.7
2222-0308,Fatima Al-Shehri,Saudi Aramco,2222.SR,Refining & Chemicals,Senior,74.1,299600,11.0
2222-0309,Majed Al-Shehri,Saudi Aramco,2222.SR,Upstream/Engineering,Staff,86.0,87200,15.8
2222-0310,Amal Al-Hassan,Saudi Aramco,2222.SR,Refining & Chemicals,Senior Director,83.7,398600,8.4
2222-0311,Hamad Al-Otaibi,Saudi Aramco,2222.SR,Operations,Staff,85.4,285800,19.6
2222-0312,Abdullah Al-Ghamdi,Saudi Aramco,2222.SR,HSE/Safety,Director,78.1,269900,8.5
2222-0313,Salem Al-Amri,Saudi Aramco,2222.SR,HSE/Safety,Senior Director,79.6,721900,10.8
2222-0314,Hessa Al-Mutairi,Saudi Aramco,2222.SR,Legal & Policy,Senior,71.5,166200,3.7
2222-0315,Jana Al-Hassan,Saudi Aramco,2222.SR,Upstream/Engineering,Principal,76.9,377500,8.6
2222-0316,Hessa Al-Sulaiman,Saudi Aramco,2222.SR,Upstream/Engineering,Senior,75.5,144200,7.7
2222-0317,Abdullah Al-Anazi,Saudi Aramco,2222.SR,HSE/Safety,Senior,82.3,84300,14.6
2222-0318,Rana Al-Dossari,Saudi Aramco,2222.SR,Refining & Chemicals,VP,83.1,1547300,19.2
2222-0319,Lina Al-Harbi,Saudi Aramco,2222.SR,Sales & Trading,Staff,73.9,124900,6.6
2222-0320,Hessa Bin Laden,Saudi Aramco,2222.SR,Upstream/Engineering,Senior,78.7,156200,14.2
2222-0321,Khalid Al-Otaibi,Saudi Aramco,2222.SR,Research & Tech,Director,83.3,88600,20.3
2222-0322,Majed Al-Maliki,Saudi Aramco,2222.SR,Upstream/Engineering,Director,82.6,859800,15.4
2222-0323,Noura Al-Anazi,Saudi Aramco,2222.SR,Refining & Chemicals,Senior Director,75.0,203700,10.6
2222-0324,Abdullah Al-Subaie,Saudi Aramco,2222.SR,Upstream/Engineering,Principal,70.8,186000,8.5
2222-0325,Bandar Al-Anazi,Saudi Aramco,2222.SR,Finance,Principal,65.3,167600,10.7
2222-0326,Faisal Al-Saud,Saudi Aramco,2222.SR,Upstream/Engineering,Principal,83.1,236400,11.8
2222-0327,Rana Al-Otaibi,Saudi Aramco,2222.SR,Upstream/Engineering,Senior,72.8,60200,10.4
2222-0328,Hamad Al-Anazi,Saudi Aramco,2222.SR,People/HR,Senior Director,78.8,318700,21.2
2222-0329,Salem Al-Harbi,Saudi Aramco,2222.SR,Operations,Principal,88.9,543700,4.0
2222-0330,Lina Al-Ghamdi,Saudi Aramco,2222.SR,Refining & Chemicals,Staff,85.9,697700,10.8
2222-0331,Ziad Al-Harbi,Saudi Aramco,2222.SR,Refining & Chemicals,Principal,77.7,239900,15.6
2222-0332,Reem Al-Zahrani,Saudi Aramco,2222.SR,Upstream/Engineering,VP,85.9,333200,10.4
2222-0333,Dana Al-Saud,Saudi Aramco,2222.SR,Upstream/Engineering,Senior,72.2,109200,6.6
2222-0334,Omar Al-Juhani,Saudi Aramco,2222.SR,Operations,Senior,96.9,189500,11.4
2222-0335,Mohammed Al-Dossari,Saudi Aramco,2222.SR,Refining & Chemicals,Senior Director,82.4,477000,14.2
2222-0336,Majed Al-Subaie,Saudi Aramco,2222.SR,Operations,Staff,78.6,88000,13.3
2222-0337,Tariq Al-Amri,Saudi Aramco,2222.SR,Operations,Senior,81.3,151400,8.7
2222-0338,Faisal Al-Shehri,Saudi Aramco,2222.SR,Sales & Trading,Senior,84.0,302400,7.5
2222-0339,Tariq Al-Ghamdi,Saudi Aramco,2222.SR,Upstream/Engineering,Staff,84.5,191500,11.9
2222-0340,Hamad Al-Saud,Saudi Aramco,2222.SR,Operations,Principal,75.6,344100,8.0
2222-0341,Tariq Al-Otaibi,Saudi Aramco,2222.SR,Refining & Chemicals,Director,89.6,180300,23.6
2222-0342,Tariq Al-Maliki,Saudi Aramco,2222.SR,Refining & Chemicals,Principal,80.4,515700,18.2
2222-0343,Faisal Al-Faraj,Saudi Aramco,2222.SR,Operations,Principal,68.7,267400,9.4
2222-0344,Nasser Al-Zahrani,Saudi Aramco,2222.SR,Operations,SVP,90.6,675100,17.4
2222-0345,Jana Al-Saud,Saudi Aramco,2222.SR,Operations,VP,79.8,281300,9.7
2222-0346,Dana Al-Harbi,Saudi Aramco,2222.SR,Upstream/Engineering,Staff,75.1,326300,10.3
2222-0347,Nasser Al-Otaibi,Saudi Aramco,2222.SR,Operations,Staff,86.1,243100,6.8
2222-0348,Bandar Al-Sulaiman,Saudi Aramco,2222.SR,Operations,Director,85.2,256100,35.0
2222-0349,Omar Al-Dossari,Saudi Aramco,2222.SR,Upstream/Engineering,Principal,73.3,250300,11.5
2222-0350,Maryam Al-Rashid,Saudi Aramco,2222.SR,Upstream/Engineering,Staff,82.9,112900,6.0
2222-0351,Sara Al-Mutairi,Saudi Aramco,2222.SR,Legal & Policy,Senior,76.6,105500,11.4
2222-0352,Reem Al-Saud,Saudi Aramco,2222.SR,Operations,Director,100.0,162200,11.3
2222-0353,Abdullah Al-Qahtani,Saudi Aramco,2222.SR,People/HR,Senior,62.0,56400,6.2
2222-0354,Omar Al-Zahrani,Saudi Aramco,2222.SR,Operations,Senior Director,69.9,211500,11.2
2222-0355,Jana Al-Mutairi,Saudi Aramco,2222.SR,Upstream/Engineering,Staff,57.2,190600,3.6
2222-0356,Yousef Bin Laden,Saudi Aramco,2222.SR,Upstream/Engineering,Principal,80.9,391000,9.6
2222-0357,Hessa Al-Subaie,Saudi Aramco,2222.SR,Upstream/Engineering,Senior,89.0,123000,6.9
2222-0358,Rana Al-Subaie,Saudi Aramco,2222.SR,People/HR,Staff,76.0,528200,10.2
2222-0359,Huda Al-Mutairi,Saudi Aramco,2222.SR,Upstream/Engineering,VP,77.9,499300,16.6
2222-0360,Noura Al-Zahrani,Saudi Aramco,2222.SR,Upstream/Engineering,Senior,74.2,162800,3.6
2222-0361,Salem Al-Amri,Saudi Aramco,2222.SR,Operations,Senior Director,81.0,220400,17.0
2222-0362,Yousef Al-Maliki,Saudi Aramco,2222.SR,Refining & Chemicals,Principal,83.1,145500,36.1
2222-0363,Jana Al-Dossari,Saudi Aramco,2222.SR,Upstream/Engineering,Director,76.5,153000,15.3
2222-0364,Hamad Al-Nasser,Saudi Aramco,2222.SR,Sales & Trading,Senior Director,79.0,217500,12.4
2222-0365,Khalid Al-Saud,Saudi Aramco,2222.SR,Upstream/Engineering,Staff,92.5,228300,24.0
2222-0366,Tariq Al-Ghamdi,Saudi Aramco,2222.SR,Refining & Chemicals,VP,82.5,320600,9.1
2222-0367,Aisha Al-Otaibi,Saudi Aramco,2222.SR,Operations,Principal,72.5,177900,17.3
2222-0368,Sara Al-Maliki,Saudi Aramco,2222.SR,Operations,Senior,75.5,77400,18.7
2222-0369,Jana Al-Nasser,Saudi Aramco,2222.SR,Upstream/Engineering,Senior,70.7,125000,12.7
2222-0370,Hamad Al-Mutairi,Saudi Aramco,2222.SR,Upstream/Engineering,Staff,66.1,156600,10.8
2222-0371,Ziad Al-Qahtani,Saudi Aramco,2222.SR,Refining & Chemicals,Staff,67.2,289400,15.9
2222-0372,Bandar Al-Zahrani,Saudi Aramco,2222.SR,Finance,Staff,87.7,410400,16.6
2222-0373,Fatima Al-Harbi,Saudi Aramco,2222.SR,Upstream/Engineering,Staff,72.9,70000,12.7
2222-0374,Majed Al-Dossari,Saudi Aramco,2222.SR,Upstream/Engineering,Principal,67.9,162600,13.0
2222-0375,Noura Al-Qahtani,Saudi Aramco,2222.SR,Refining & Chemicals,Principal,95.7,316300,13.5
2222-0376,Lina Al-Ghamdi,Saudi Aramco,2222.SR,Upstream/Engineering,C-Suite,74.0,1754000,16.5
2222-0377,Yousef Al-Juhani,Saudi Aramco,2222.SR,Operations,Staff,83.1,129600,7.5
2222-0378,Sara Al-Rashid,Saudi Aramco,2222.SR,HSE/Safety,Staff,71.7,225000,15.0
2222-0379,Huda Al-Otaibi,Saudi Aramco,2222.SR,Refining & Chemicals,Staff,95.9,87900,12.3
2222-0380,Salem Al-Maliki,Saudi Aramco,2222.SR,Upstream/Engineering,Senior,85.9,102900,3.6
2222-0381,Abdullah Al-Faraj,Saudi Aramco,2222.SR,Upstream/Engineering,SVP,100.0,347900,15.8
2222-0382,Rana Al-Shehri,Saudi Aramco,2222.SR,Upstream/Engineering,Director,69.1,364700,7.8
2222-0383,Tariq Al-Otaibi,Saudi Aramco,2222.SR,Operations,Director,91.6,307200,16.0
2222-0384,Mohammed Bin Laden,Saudi Aramco,2222.SR,Refining & Chemicals,Senior,67.2,188500,17.2
2222-0385,Hamad Al-Dossari,Saudi Aramco,2222.SR,Supply Chain,VP,69.5,648100,21.2
2222-0386,Huda Al-Juhani,Saudi Aramco,2222.SR,Upstream/Engineering,Senior,82.4,129300,12.0
2222-0387,Huda Al-Saud,Saudi Aramco,2222.SR,Refining & Chemicals,Staff,89.6,154300,19.1
2222-0388,Dana Al-Ghamdi,Saudi Aramco,2222.SR,Upstream/Engineering,Director,86.7,286400,13.9
2222-0389,Rana Al-Dossari,Saudi Aramco,2222.SR,Operations,Senior Director,79.3,479100,7.3
2222-0390,Khalid Bin Laden,Saudi Aramco,2222.SR,Refining & Chemicals,VP,93.3,588900,14.7
2222-0391,Khalid Al-Anazi,Saudi Aramco,2222.SR,HSE/Safety,Senior,86.5,66700,21.6
2222-0392,Yousef Al-Zahrani,Saudi Aramco,2222.SR,Operations,Principal,88.2,287200,7.3
2222-0393,Bandar Al-Rashid,Saudi Aramco,2222.SR,Upstream/Engineering,Principal,80.0,95800,19.4
2222-0394,Noura Al-Hassan,Saudi Aramco,2222.SR,Upstream/Engineering,Senior,80.2,52200,11.8
2222-0395,Khalid Al-Rashid,Saudi Aramco,2222.SR,Operations,Staff,71.8,219000,9.9
2222-0396,Maryam Al-Zahrani,Saudi Aramco,2222.SR,Operations,Senior,74.6,172300,8.5
2222-0397,Dana Al-Zahrani,Saudi Aramco,2222.SR,Sales & Trading,Staff,68.3,233900,8.3
2222-0398,Abdullah Al-Maliki,Saudi Aramco,2222.SR,Operations,Senior,80.0,86900,10.3
2222-0399,Faisal Al-Shehri,Saudi Aramco,2222.SR,Upstream/Engineering,Senior,85.6,235900,11.5
2222-0400,Maryam Al-Saud,Saudi Aramco,2222.SR,Upstream/Engineering,Staff,78.1,232600,13.9
2222-0401,Lina Al-Sulaiman,Saudi Aramco,2222.SR,Research & Tech,Senior,62.6,69200,19.6
2222-0402,Layla Bin Laden,Saudi Aramco,2222.SR,Refining & Chemicals,Principal,76.5,271900,12.2
2222-0403,Sara Al-Subaie,Saudi Aramco,2222.SR,HSE/Safety,Principal,81.2,201700,5.1
2222-0404,Khalid Al-Saud,Saudi Aramco,2222.SR,Upstream/Engineering,Director,91.2,69800,9.8
2222-0405,Maryam Al-Mutairi,Saudi Aramco,2222.SR,Upstream/Engineering,Senior Director,75.9,298700,18.3
2222-0406,Layla Al-Maliki,Saudi Aramco,2222.SR,HSE/Safety,Staff,70.5,89800,11.0
2222-0407,Yousef Al-Subaie,Saudi Aramco,2222.SR,Operations,SVP,84.1,1148200,7.9
2222-0408,Khalid Al-Otaibi,Saudi Aramco,2222.SR,Upstream/Engineering,Senior Director,99.0,285600,5.3
2222-0409,Hessa Al-Ghamdi,Saudi Aramco,2222.SR,Operations,VP,84.8,253500,16.0
2222-0410,Fatima Al-Sulaiman,Saudi Aramco,2222.SR,Finance,Staff,63.9,202300,13.0
2222-0411,Omar Al-Maliki,Saudi Aramco,2222.SR,Upstream/Engineering,Senior,89.6,387800,12.4
2222-0412,Rana Al-Shehri,Saudi Aramco,2222.SR,Upstream/Engineering,Staff,78.6,181500,13.1
2222-0413,Hessa Al-Anazi,Saudi Aramco,2222.SR,Research & Tech,Senior,80.3,80800,25.1
2222-0414,Layla Al-Otaibi,Saudi Aramco,2222.SR,Sales & Trading,Staff,68.3,282200,18.5
2222-0415,Maryam Al-Amri,Saudi Aramco,2222.SR,Operations,Principal,96.1,80200,19.5
2222-0416,Saud Al-Otaibi,Saudi Aramco,2222.SR,Sales & Trading,Senior,72.3,102000,5.4
2222-0417,Tariq Bin Laden,Saudi Aramco,2222.SR,Supply Chain,Staff,80.2,163200,8.3
2222-0418,Omar Al-Otaibi,Saudi Aramco,2222.SR,Upstream/Engineering,Senior,72.3,147300,5.9
2222-0419,Hessa Al-Maliki,Saudi Aramco,2222.SR,Finance,Staff,84.1,152900,13.0
2222-0420,Faisal Al-Sulaiman,Saudi Aramco,2222.SR,Operations,Senior,77.2,207200,9.1
2222-0421,Salem Al-Anazi,Saudi Aramco,2222.SR,Upstream/Engineering,Director,88.2,229600,14.3
2222-0422,Dana Al-Saud,Saudi Aramco,2222.SR,Upstream/Engineering,Senior,87.1,177900,13.5
2222-0423,Tariq Al-Sulaiman,Saudi Aramco,2222.SR,Research & Tech,Staff,73.8,239400,5.8
2222-0424,Amal Al-Saud,Saudi Aramco,2222.SR,Upstream/Engineering,Staff,71.7,123300,19.8
2222-0425,Lina Al-Ghamdi,Saudi Aramco,2222.SR,HSE/Safety,Director,80.1,265300,10.1
2222-0426,Yousef Al-Juhani,Saudi Aramco,2222.SR,Upstream/Engineering,Senior,74.7,183400,18.1
2222-0427,Omar Al-Dossari,Saudi Aramco,2222.SR,Finance,VP,91.8,680200,17.8
2222-0428,Majed Al-Juhani,Saudi Aramco,2222.SR,HSE/Safety,Senior,68.2,135500,17.6
2222-0429,Huda Al-Subaie,Saudi Aramco,2222.SR,Finance,Senior,73.8,127500,4.9
2222-0430,Layla Al-Amri,Saudi Aramco,2222.SR,Finance,Principal,86.0,245700,16.7
2222-0431,Omar Al-Shehri,Saudi Aramco,2222.SR,Research & Tech,Staff,89.0,263800,4.5
2222-0432,Hessa Al-Otaibi,Saudi Aramco,2222.SR,Refining & Chemicals,Staff,76.7,275900,8.4
2222-0433,Faisal Al-Ghamdi,Saudi Aramco,2222.SR,Upstream/Engineering,Staff,91.9,239900,6.9
2222-0434,Amal Al-Maliki,Saudi Aramco,2222.SR,HSE/Safety,Senior Director,77.5,325000,11.2
2222-0435,Saud Al-Subaie,Saudi Aramco,2222.SR,HSE/Safety,Staff,81.7,275400,5.8
2222-0436,Khalid Al-Zahrani,Saudi Aramco,2222.SR,Refining & Chemicals,Principal,79.1,478100,13.1
2222-0437,Aisha Al-Nasser,Saudi Aramco,2222.SR,Research & Tech,Senior,73.2,389800,10.4
2222-0438,Maryam Al-Anazi,Saudi Aramco,2222.SR,Operations,Senior,81.6,107000,8.8
2222-0439,Maryam Al-Shehri,Saudi Aramco,2222.SR,Finance,Principal,63.4,159900,9.1
2222-0440,Nasser Al-Mutairi,Saudi Aramco,2222.SR,Finance,Staff,86.2,448600,11.0
2222-0441,Reem Al-Qahtani,Saudi Aramco,2222.SR,Supply Chain,Principal,80.1,128500,12.1
2222-0442,Hessa Al-Hassan,Saudi Aramco,2222.SR,Supply Chain,Senior,85.5,72700,15.8
2222-0443,Abdullah Bin Laden,Saudi Aramco,2222.SR,Upstream/Engineering,VP,79.8,484800,17.0
2222-0444,Salem Al-Zahrani,Saudi Aramco,2222.SR,Upstream/Engineering,VP,78.8,369400,21.5
2222-0445,Majed Al-Rashid,Saudi Aramco,2222.SR,Operations,Senior,69.2,69000,20.6
2222-0446,Sara Al-Subaie,Saudi Aramco,2222.SR,Refining & Chemicals,Senior,67.7,106200,14.8
2222-0447,Lina Al-Amri,Saudi Aramco,2222.SR,Upstream/Engineering,Senior,67.4,120800,3.1
2222-0448,Saud Al-Nasser,Saudi Aramco,2222.SR,Upstream/Engineering,Principal,81.0,281300,22.9
2222-0449,Faisal Al-Amri,Saudi Aramco,2222.SR,Upstream/Engineering,Senior,77.5,136100,9.1
2222-0450,Maryam Al-Maliki,Saudi Aramco,2222.SR,Upstream/Engineering,Director,70.3,294300,10.9
2222-0451,Omar Al-Hassan,Saudi Aramco,2222.SR,Supply Chain,Director,83.7,214200,20.4
2222-0452,Sara Al-Ghamdi,Saudi Aramco,2222.SR,Upstream/Engineering,Senior,75.4,138800,8.2
2222-0453,Mohammed Al-Shehri,Saudi Aramco,2222.SR,Upstream/Engineering,Director,88.2,264700,12.8
2222-0454,Abdullah Al-Zahrani,Saudi Aramco,2222.SR,Upstream/Engineering,Senior,80.7,141100,6.5
2222-0455,Dana Al-Zahrani,Saudi Aramco,2222.SR,Upstream/Engineering,Senior,81.1,81100,11.9
2222-0456,Yousef Al-Dossari,Saudi Aramco,2222.SR,Research & Tech,Principal,77.9,232000,9.8
2222-0457,Sara Al-Nasser,Saudi Aramco,2222.SR,Operations,Senior,81.6,70600,4.7
2222-0458,Yousef Al-Hassan,Saudi Aramco,2222.SR,Finance,Staff,75.3,153100,17.1
2222-0459,Salem Al-Faraj,Saudi Aramco,2222.SR,Refining & Chemicals,Senior Director,82.8,688500,12.5
2222-0460,Bandar Al-Maliki,Saudi Aramco,2222.SR,Refining & Chemicals,Principal,76.0,94900,17.7
2222-0461,Rana Al-Anazi,Saudi Aramco,2222.SR,Upstream/Engineering,Staff,57.8,98500,9.6
2222-0462,Tariq Al-Anazi,Saudi Aramco,2222.SR,Upstream/Engineering,Senior,77.9,111700,8.8
2222-0463,Faisal Al-Amri,Saudi Aramco,2222.SR,Refining & Chemicals,Senior,77.9,117900,4.6
2222-0464,Lina Al-Maliki,Saudi Aramco,2222.SR,Finance,Senior,84.5,130100,11.7
2222-0465,Bandar Al-Saud,Saudi Aramco,2222.SR,Upstream/Engineering,Staff,82.2,168400,13.5
2222-0466,Amal Al-Sulaiman,Saudi Aramco,2222.SR,Finance,Principal,86.7,417800,7.7
2222-0467,Maryam Al-Maliki,Saudi Aramco,2222.SR,Sales & Trading,Senior,68.3,564300,3.2
2222-0468,Omar Al-Qahtani,Saudi Aramco,2222.SR,Upstream/Engineering,Principal,82.7,179100,4.2
2222-0469,Amal Al-Mutairi,Saudi Aramco,2222.SR,Upstream/Engineering,Staff,94.0,182700,3.7
2222-0470,Lina Al-Anazi,Saudi Aramco,2222.SR,Refining & Chemicals,Staff,87.5,350300,9.4
2222-0471,Rana Al-Sulaiman,Saudi Aramco,2222.SR,Research & Tech,Senior,75.6,156500,25.4
2222-0472,Salem Al-Nasser,Saudi Aramco,2222.SR,Upstream/Engineering,Principal,67.4,219600,14.2
2222-0473,Dana Al-Subaie,Saudi Aramco,2222.SR,Operations,Principal,79.0,280800,6.0
2222-0474,Aisha Al-Saud,Saudi Aramco,2222.SR,Research & Tech,Staff,87.2,210100,7.5
2222-0475,Faisal Al-Faraj,Saudi Aramco,2222.SR,Operations,VP,84.9,215200,12.5
2222-0476,Maryam Al-Subaie,Saudi Aramco,2222.SR,Upstream/Engineering,Senior,81.2,278200,12.9
2222-0477,Reem Al-Nasser,Saudi Aramco,2222.SR,HSE/Safety,Director,81.2,279300,13.9
2222-0478,Aisha Al-Saud,Saudi Aramco,2222.SR,Upstream/Engineering,Senior,77.7,81800,6.6
2222-0479,Hamad Al-Mutairi,Saudi Aramco,2222.SR,HSE/Safety,Senior,70.2,219700,14.6
2222-0480,Lina Al-Faraj,Saudi Aramco,2222.SR,Upstream/Engineering,Senior,77.6,118200,13.3
2222-0481,Hessa Al-Juhani,Saudi Aramco,2222.SR,Operations,Staff,73.2,87600,12.4
2222-0482,Tariq Al-Amri,Saudi Aramco,2222.SR,Operations,Principal,77.5,314100,14.4
2222-0483,Aisha Al-Harbi,Saudi Aramco,2222.SR,Operations,Senior Director,74.8,470300,17.1
2222-0484,Salem Al-Saud,Saudi Aramco,2222.SR,Supply Chain,Principal,81.2,767600,13.4
2222-0485,Aisha Al-Juhani,Saudi Aramco,2222.SR,Operations,Staff,67.9,301900,6.6
2222-0486,Abdullah Al-Subaie,Saudi Aramco,2222.SR,Refining & Chemicals,Principal,88.5,451600,11.0
2222-0487,Nasser Al-Rashid,Saudi Aramco,2222.SR,HSE/Safety,C-Suite,95.5,1641400,22.2
2222-0488,Yousef Al-Zahrani,Saudi Aramco,2222.SR,Refining & Chemicals,VP,89.9,292000,15.2
2222-0489,Salem Al-Faraj,Saudi Aramco,2222.SR,Refining & Chemicals,Senior,93.0,277400,14.3
2222-0490,Amal Al-Faraj,Saudi Aramco,2222.SR,Upstream/Engineering,Principal,68.2,505000,4.1
2222-0491,Aisha Al-Saud,Saudi Aramco,2222.SR,Finance,Senior,80.7,122400,21.1
2222-0492,Hessa Al-Harbi,Saudi Aramco,2222.SR,Refining & Chemicals,Senior,83.1,171000,11.1
2222-0493,Maryam Bin Laden,Saudi Aramco,2222.SR,Upstream/Engineering,Principal,73.5,247800,5.3
2222-0494,Rana Bin Laden,Saudi Aramco,2222.SR,Legal & Policy,Director,74.3,223100,4.9
2222-0495,Bandar Al-Nasser,Saudi Aramco,2222.SR,Finance,Senior,75.3,82800,14.1
2222-0496,Maryam Al-Harbi,Saudi Aramco,2222.SR,Upstream/Engineering,Senior,81.6,243900,21.0
2222-0497,Khalid Bin Laden,Saudi Aramco,2222.SR,Operations,Staff,80.7,384500,17.7
2222-0498,Bandar Al-Rashid,Saudi Aramco,2222.SR,Upstream/Engineering,Staff,76.6,268500,6.2
2222-0499,Bandar Al-Shehri,Saudi Aramco,2222.SR,HSE/Safety,Senior,86.8,108900,17.1
2222-0500,Rana Al-Ghamdi,Saudi Aramco,2222.SR,Sales & Trading,Staff,71.4,71800,12.6
2222-0501,Majed Al-Ghamdi,Saudi Aramco,2222.SR,Operations,Senior,67.5,301000,8.3
2222-0502,Saud Al-Faraj,Saudi Aramco,2222.SR,Upstream/Engineering,Director,86.3,518300,16.8
2222-0503,Noura Al-Harbi,Saudi Aramco,2222.SR,Upstream/Engineering,Principal,86.1,125600,11.1
2222-0504,Rana Al-Shehri,Saudi Aramco,2222.SR,Upstream/Engineering,Senior,74.1,112000,8.4
2222-0505,Aisha Al-Saud,Saudi Aramco,2222.SR,Refining & Chemicals,Staff,89.1,249400,12.1
2222-0506,Abdullah Al-Subaie,Saudi Aramco,2222.SR,Research & Tech,Senior,84.2,158100,19.5
2222-0507,Rana Bin Laden,Saudi Aramco,2222.SR,Upstream/Engineering,Senior,82.3,158100,6.3
2222-0508,Reem Al-Hassan,Saudi Aramco,2222.SR,Upstream/Engineering,Staff,77.5,340800,16.5
2222-0509,Jana Al-Ghamdi,Saudi Aramco,2222.SR,Supply Chain,Senior,59.2,125000,13.9
2222-0510,Fatima Al-Subaie,Saudi Aramco,2222.SR,Operations,Senior,71.1,274900,5.4
2222-0511,Rana Bin Laden,Saudi Aramco,2222.SR,Operations,Senior,83.2,85900,10.1
2222-0512,Khalid Al-Ghamdi,Saudi Aramco,2222.SR,HSE/Safety,Senior,76.9,159100,14.0
2222-0513,Faisal Al-Saud,Saudi Aramco,2222.SR,People/HR,Principal,92.9,153100,16.6
2222-0514,Huda Al-Dossari,Saudi Aramco,2222.SR,Upstream/Engineering,Senior Director,76.1,659800,17.0
2222-0515,Hamad Al-Anazi,Saudi Aramco,2222.SR,Upstream/Engineering,Director,78.6,151700,14.2
2222-0516,Layla Al-Hassan,Saudi Aramco,2222.SR,Upstream/Engineering,VP,84.3,317800,11.4
2222-0517,Nasser Al-Saud,Saudi Aramco,2222.SR,Operations,Senior Director,76.5,249400,14.6
2222-0518,Khalid Al-Ghamdi,Saudi Aramco,2222.SR,Supply Chain,Staff,86.9,374300,14.2
2222-0519,Mohammed Al-Saud,Saudi Aramco,2222.SR,Refining & Chemicals,Senior,82.9,62400,8.0
2222-0520,Layla Al-Nasser,Saudi Aramco,2222.SR,Refining & Chemicals,Senior,79.5,54400,10.4
2222-0521,Nasser Al-Otaibi,Saudi Aramco,2222.SR,Upstream/Engineering,Senior,89.3,155600,6.6
2222-0522,Nasser Al-Juhani,Saudi Aramco,2222.SR,Operations,Principal,83.8,205000,12.5
2222-0523,Faisal Al-Ghamdi,Saudi Aramco,2222.SR,Supply Chain,Director,72.1,193800,16.3
2222-0524,Sara Al-Amri,Saudi Aramco,2222.SR,Finance,Staff,88.5,223500,12.2
2222-0525,Amal Al-Ghamdi,Saudi Aramco,2222.SR,Research & Tech,Senior,84.3,113900,9.6
2222-0526,Saud Al-Faraj,Saudi Aramco,2222.SR,Refining & Chemicals,Staff,82.3,317500,10.7
2222-0527,Lina Al-Mutairi,Saudi Aramco,2222.SR,Sales & Trading,Senior Director,80.1,198100,15.7
2222-0528,Hessa Al-Sulaiman,Saudi Aramco,2222.SR,Sales & Trading,Director,82.7,106800,10.4
2222-0529,Tariq Al-Anazi,Saudi Aramco,2222.SR,Upstream/Engineering,Principal,73.5,179800,10.2
2222-0530,Saud Al-Subaie,Saudi Aramco,2222.SR,Operations,Senior,86.2,89800,6.4
2222-0531,Lina Al-Otaibi,Saudi Aramco,2222.SR,Upstream/Engineering,Senior Director,75.1,402500,22.1
2222-0532,Khalid Al-Dossari,Saudi Aramco,2222.SR,Sales & Trading,Director,90.8,341200,14.3
2222-0533,Jana Al-Zahrani,Saudi Aramco,2222.SR,Operations,Principal,85.4,124500,18.1
2222-0534,Yousef Al-Faraj,Saudi Aramco,2222.SR,HSE/Safety,Senior,83.4,186000,5.5
2222-0535,Majed Al-Saud,Saudi Aramco,2222.SR,Upstream/Engineering,Director,87.9,406500,12.6
2222-0536,Mohammed Al-Nasser,Saudi Aramco,2222.SR,Refining & Chemicals,Principal,83.0,211900,11.8
2222-0537,Khalid Al-Sulaiman,Saudi Aramco,2222.SR,Research & Tech,Staff,76.4,116200,22.2
2222-0538,Hamad Al-Mutairi,Saudi Aramco,2222.SR,Upstream/Engineering,Senior Director,79.9,467300,15.5
2222-0539,Majed Al-Rashid,Saudi Aramco,2222.SR,HSE/Safety,Principal,82.1,107800,20.1
2222-0540,Mohammed Al-Subaie,Saudi Aramco,2222.SR,HSE/Safety,Staff,77.9,244600,4.0
2222-0541,Abdullah Al-Shehri,Saudi Aramco,2222.SR,HSE/Safety,Senior,82.5,73800,4.4
2222-0542,Layla Al-Otaibi,Saudi Aramco,2222.SR,Upstream/Engineering,Principal,93.9,556100,22.3
2222-0543,Khalid Al-Sulaiman,Saudi Aramco,2222.SR,Upstream/Engineering,Senior,83.0,105000,14.6
2222-0544,Rana Al-Ghamdi,Saudi Aramco,2222.SR,Operations,VP,75.5,615500,15.5
2222-0545,Layla Al-Saud,Saudi Aramco,2222.SR,HSE/Safety,Staff,73.2,135800,8.8
2222-0546,Nasser Al-Amri,Saudi Aramco,2222.SR,Refining & Chemicals,Senior,81.9,71700,9.9
2222-0547,Lina Al-Hassan,Saudi Aramco,2222.SR,Finance,Principal,77.4,256600,10.8
2222-0548,Saud Al-Shehri,Saudi Aramco,2222.SR,Upstream/Engineering,Principal,80.8,285100,15.8
2222-0549,Khalid Al-Harbi,Saudi Aramco,2222.SR,Operations,Principal,81.7,287000,22.4
2222-0550,Yousef Al-Faraj,Saudi Aramco,2222.SR,Refining & Chemicals,Senior,78.5,105600,7.8
2222-0551,Majed Al-Dossari,Saudi Aramco,2222.SR,Operations,Staff,83.1,54800,8.2
2222-0552,Fatima Al-Maliki,Saudi Aramco,2222.SR,Operations,Senior Director,77.6,395000,17.4
2222-0553,Amal Al-Faraj,Saudi Aramco,2222.SR,Operations,Director,74.7,457700,10.1
2222-0554,Salem Al-Faraj,Saudi Aramco,2222.SR,Upstream/Engineering,Principal,75.6,291700,7.8
2222-0555,Nasser Al-Ghamdi,Saudi Aramco,2222.SR,Refining & Chemicals,Senior,84.8,79100,8.8
2222-0556,Fatima Al-Sulaiman,Saudi Aramco,2222.SR,Upstream/Engineering,Senior,65.2,101400,11.2
2222-0557,Maryam Al-Saud,Saudi Aramco,2222.SR,Operations,Principal,77.6,235000,8.8
2222-0558,Hamad Al-Amri,Saudi Aramco,2222.SR,Refining & Chemicals,Senior,80.8,110800,6.8
2222-0559,Hamad Al-Amri,Saudi Aramco,2222.SR,People/HR,Staff,90.1,193700,10.1
2222-0560,Fatima Al-Harbi,Saudi Aramco,2222.SR,Operations,Director,85.2,371100,25.3
2222-0561,Dana Al-Qahtani,Saudi Aramco,2222.SR,Operations,Senior Director,82.2,174700,20.4
2222-0562,Faisal Al-Hassan,Saudi Aramco,2222.SR,Operations,Director,81.6,464400,17.3
2222-0563,Lina Al-Juhani,Saudi Aramco,2222.SR,Operations,Staff,78.2,222800,7.9
2222-0564,Reem Al-Otaibi,Saudi Aramco,2222.SR,Finance,Senior Director,84.7,827600,15.8
2222-0565,Hamad Al-Shehri,Saudi Aramco,2222.SR,Research & Tech,Principal,83.8,487100,9.7
2222-0566,Hamad Al-Otaibi,Saudi Aramco,2222.SR,Upstream/Engineering,Director,75.4,410200,10.9
2222-0567,Sara Al-Qahtani,Saudi Aramco,2222.SR,Supply Chain,Staff,75.3,172400,11.1
2222-0568,Mohammed Al-Saud,Saudi Aramco,2222.SR,Upstream/Engineering,Principal,80.9,196200,8.9
2222-0569,Lina Al-Mutairi,Saudi Aramco,2222.SR,Refining & Chemicals,SVP,79.0,636500,18.2
2222-0570,Tariq Al-Mutairi,Saudi Aramco,2222.SR,Upstream/Engineering,Staff,80.1,228800,10.8
2222-0571,Jana Al-Mutairi,Saudi Aramco,2222.SR,Operations,Staff,100.0,448300,12.2
2222-0572,Noura Al-Juhani,Saudi Aramco,2222.SR,Refining & Chemicals,Principal,77.0,374000,5.6
2222-0573,Salem Al-Amri,Saudi Aramco,2222.SR,Refining & Chemicals,Principal,79.0,275600,11.3
2222-0574,Faisal Al-Amri,Saudi Aramco,2222.SR,Upstream/Engineering,Director,85.6,263400,9.4
2222-0575,Bandar Al-Otaibi,Saudi Aramco,2222.SR,Upstream/Engineering,Staff,84.5,216700,7.1
2222-0576,Jana Al-Faraj,Saudi Aramco,2222.SR,Research & Tech,Staff,65.6,46900,6.0
2222-0577,Salem Al-Otaibi,Saudi Aramco,2222.SR,Operations,Director,86.9,211000,12.2
2222-0578,Amal Al-Sulaiman,Saudi Aramco,2222.SR,Operations,Principal,80.9,741600,17.0
2222-0579,Majed Al-Maliki,Saudi Aramco,2222.SR,Upstream/Engineering,Staff,73.8,77100,4.4
2222-0580,Ziad Al-Faraj,Saudi Aramco,2222.SR,Operations,Senior,90.1,136200,14.0
2222-0581,Rana Al-Harbi,Saudi Aramco,2222.SR,Upstream/Engineering,Principal,76.7,87300,8.1
2222-0582,Dana Al-Otaibi,Saudi Aramco,2222.SR,Operations,SVP,96.4,835800,18.7
2222-0583,Reem Al-Faraj,Saudi Aramco,2222.SR,Sales & Trading,Director,64.1,276500,13.6
2222-0584,Sara Al-Hassan,Saudi Aramco,2222.SR,Operations,Senior,86.8,79500,15.3
2222-0585,Hamad Al-Hassan,Saudi Aramco,2222.SR,Upstream/Engineering,Senior Director,87.0,385900,26.5
2222-0586,Noura Al-Subaie,Saudi Aramco,2222.SR,Research & Tech,VP,84.9,848100,12.4
2222-0587,Aisha Al-Otaibi,Saudi Aramco,2222.SR,Operations,Senior,82.8,80600,8.2
2222-0588,Jana Al-Sulaiman,Saudi Aramco,2222.SR,Refining & Chemicals,Staff,80.4,156300,10.0
2222-0589,Abdullah Al-Hassan,Saudi Aramco,2222.SR,Refining & Chemicals,Director,77.0,303200,21.1
2222-0590,Yousef Al-Shehri,Saudi Aramco,2222.SR,Operations,Senior Director,84.9,1439600,17.7
2222-0591,Hamad Al-Subaie,Saudi Aramco,2222.SR,Upstream/Engineering,Principal,90.3,197500,22.1
2222-0592,Majed Al-Shehri,Saudi Aramco,2222.SR,Upstream/Engineering,Director,80.6,210400,11.1
2222-0593,Bandar Al-Mutairi,Saudi Aramco,2222.SR,Research & Tech,Principal,91.2,241000,19.0
2222-0594,Saud Al-Faraj,Saudi Aramco,2222.SR,Operations,Principal,69.7,334200,22.3
2222-0595,Layla Al-Faraj,Saudi Aramco,2222.SR,Refining & Chemicals,Senior,85.1,82800,22.5
2222-0596,Mohammed Al-Zahrani,Saudi Aramco,2222.SR,Refining & Chemicals,Staff,95.2,221900,31.6
2222-0597,Nasser Al-Anazi,Saudi Aramco,2222.SR,People/HR,SVP,70.2,506100,14.0
2222-0598,Maryam Al-Dossari,Saudi Aramco,2222.SR,Refining & Chemicals,Senior,72.2,33000,4.9
2222-0599,Jana Al-Harbi,Saudi Aramco,2222.SR,Supply Chain,Director,75.8,187100,23.0
2222-0600,Amal Al-Shehri,Saudi Aramco,2222.SR,Operations,Director,68.7,459800,13.8
2222-0601,Layla Al-Qahtani,Saudi Aramco,2222.SR,Refining & Chemicals,Senior,82.1,116100,3.2
2222-0602,Hamad Al-Rashid,Saudi Aramco,2222.SR,Upstream/Engineering,Senior,92.1,107300,10.9
2222-0603,Tariq Al-Hassan,Saudi Aramco,2222.SR,Refining & Chemicals,Senior,76.6,96400,12.3
2222-0604,Mohammed Al-Faraj,Saudi Aramco,2222.SR,Operations,Senior,88.0,108100,4.7
2222-0605,Hamad Al-Otaibi,Saudi Aramco,2222.SR,Finance,Senior,81.2,173600,4.2
2222-0606,Salem Al-Qahtani,Saudi Aramco,2222.SR,Upstream/Engineering,VP,81.9,1169500,16.3
2222-0607,Mohammed Al-Juhani,Saudi Aramco,2222.SR,Upstream/Engineering,Senior,87.0,92500,4.4
2222-0608,Noura Al-Anazi,Saudi Aramco,2222.SR,Operations,Senior,77.8,233900,17.9
2222-0609,Huda Al-Shehri,Saudi Aramco,2222.SR,HSE/Safety,Principal,78.9,206100,8.8
2222-0610,Amal Al-Mutairi,Saudi Aramco,2222.SR,Finance,Senior,85.0,159500,10.0
2222-0611,Saud Bin Laden,Saudi Aramco,2222.SR,Operations,C-Suite,91.7,653900,18.4
2222-0612,Amal Al-Faraj,Saudi Aramco,2222.SR,Legal & Policy,Senior,80.7,102200,14.2
2222-0613,Ziad Al-Maliki,Saudi Aramco,2222.SR,Operations,Senior Director,85.5,346300,14.3
2222-0614,Nasser Al-Hassan,Saudi Aramco,2222.SR,Supply Chain,Senior,81.7,82100,18.2
2222-0615,Hessa Al-Sulaiman,Saudi Aramco,2222.SR,Finance,Staff,87.8,142000,12.3
2222-0616,Dana Al-Maliki,Saudi Aramco,2222.SR,Upstream/Engineering,VP,95.0,669900,11.8
2222-0617,Aisha Al-Amri,Saudi Aramco,2222.SR,Refining & Chemicals,Senior,69.5,168900,3.6
2222-0618,Nasser Al-Rashid,Saudi Aramco,2222.SR,Legal & Policy,Senior,77.9,200900,9.3
2222-0619,Aisha Al-Ghamdi,Saudi Aramco,2222.SR,Supply Chain,Senior,88.8,142700,7.0
2222-0620,Salem Al-Dossari,Saudi Aramco,2222.SR,Upstream/Engineering,Senior,80.9,100300,25.4
2222-0621,Reem Al-Mutairi,Saudi Aramco,2222.SR,Refining & Chemicals,Senior,71.1,69500,4.5
2222-0622,Hamad Al-Faraj,Saudi Aramco,2222.SR,Operations,Senior,91.4,74900,16.9
2222-0623,Aisha Bin Laden,Saudi Aramco,2222.SR,Upstream/Engineering,Staff,68.1,213300,6.8
2222-0624,Layla Al-Mutairi,Saudi Aramco,2222.SR,Upstream/Engineering,Senior,88.4,159600,5.1
2222-0625,Maryam Al-Zahrani,Saudi Aramco,2222.SR,HSE/Safety,Principal,66.1,177200,8.2
2222-0626,Abdullah Al-Anazi,Saudi Aramco,2222.SR,HSE/Safety,Director,75.2,202500,18.8
2222-0627,Mohammed Al-Amri,Saudi Aramco,2222.SR,Upstream/Engineering,Senior Director,96.7,114900,14.2
2222-0628,Majed Al-Shehri,Saudi Aramco,2222.SR,Upstream/Engineering,Senior,87.2,255400,15.3
2222-0629,Hessa Al-Dossari,Saudi Aramco,2222.SR,Upstream/Engineering,Director,79.7,273400,9.1
2222-0630,Majed Al-Qahtani,Saudi Aramco,2222.SR,Operations,Director,71.8,155300,14.4
2222-0631,Nasser Al-Subaie,Saudi Aramco,2222.SR,Operations,Senior,77.4,137800,14.7
2222-0632,Jana Al-Sulaiman,Saudi Aramco,2222.SR,HSE/Safety,Senior,63.7,302600,10.1
2222-0633,Aisha Bin Laden,Saudi Aramco,2222.SR,Research & Tech,Senior,77.3,102700,14.0
2222-0634,Salem Al-Juhani,Saudi Aramco,2222.SR,Research & Tech,Staff,79.9,104800,12.5
2222-0635,Mohammed Al-Rashid,Saudi Aramco,2222.SR,Upstream/Engineering,Senior,93.4,256500,6.5
2222-0636,Amal Al-Subaie,Saudi Aramco,2222.SR,Upstream/Engineering,Principal,82.5,177400,15.2
2222-0637,Jana Al-Amri,Saudi Aramco,2222.SR,Sales & Trading,Director,90.9,531300,27.3
2222-0638,Khalid Bin Laden,Saudi Aramco,2222.SR,Upstream/Engineering,Senior,69.2,109200,6.6
2222-0639,Yousef Al-Shehri,Saudi Aramco,2222.SR,Operations,Director,79.9,529500,10.8
2222-0640,Huda Al-Ghamdi,Saudi Aramco,2222.SR,Operations,Senior Director,100.0,620500,15.1
2222-0641,Amal Al-Dossari,Saudi Aramco,2222.SR,Upstream/Engineering,Principal,85.5,263200,13.4
2222-0642,Ziad Al-Saud,Saudi Aramco,2222.SR,Operations,Staff,87.8,204600,12.8
2222-0643,Faisal Al-Hassan,Saudi Aramco,2222.SR,Upstream/Engineering,Senior,85.8,88900,5.0
2222-0644,Layla Al-Zahrani,Saudi Aramco,2222.SR,Refining & Chemicals,Principal,75.8,271600,11.8
2222-0645,Dana Al-Ghamdi,Saudi Aramco,2222.SR,HSE/Safety,Senior,67.4,113400,9.1
2222-0646,Aisha Al-Otaibi,Saudi Aramco,2222.SR,Refining & Chemicals,Principal,78.3,143900,8.6
2222-0647,Dana Al-Zahrani,Saudi Aramco,2222.SR,Finance,Principal,80.6,234100,15.5
2222-0648,Hamad Al-Zahrani,Saudi Aramco,2222.SR,Research & Tech,Principal,74.6,209600,15.4
2222-0649,Dana Al-Subaie,Saudi Aramco,2222.SR,HSE/Safety,Senior,90.0,144200,4.5
2222-0650,Khalid Al-Maliki,Saudi Aramco,2222.SR,Research & Tech,Staff,86.2,337500,11.5
2222-0651,Tariq Al-Ghamdi,Saudi Aramco,2222.SR,Operations,Senior,81.9,193700,30.3
2222-0652,Omar Al-Faraj,Saudi Aramco,2222.SR,Upstream/Engineering,Director,91.5,283000,16.7
2222-0653,Faisal Al-Mutairi,Saudi Aramco,2222.SR,Upstream/Engineering,Director,89.5,435400,10.6
2222-0654,Saud Al-Maliki,Saudi Aramco,2222.SR,Upstream/Engineering,Senior,79.0,107400,18.4
2222-0655,Omar Al-Zahrani,Saudi Aramco,2222.SR,Supply Chain,Senior Director,83.5,288400,18.4
2222-0656,Tariq Al-Zahrani,Saudi Aramco,2222.SR,Refining & Chemicals,Senior Director,86.3,727400,25.5
2222-0657,Dana Al-Otaibi,Saudi Aramco,2222.SR,Supply Chain,Principal,77.8,269000,10.1
2222-0658,Nasser Al-Faraj,Saudi Aramco,2222.SR,Refining & Chemicals,Senior Director,70.8,658200,19.6
2222-0659,Majed Al-Harbi,Saudi Aramco,2222.SR,Refining & Chemicals,VP,78.7,361900,8.4
2222-0660,Reem Al-Dossari,Saudi Aramco,2222.SR,Upstream/Engineering,Director,76.4,536600,11.6
2222-0661,Fatima Al-Subaie,Saudi Aramco,2222.SR,Operations,Senior,77.2,290200,5.5
2222-0662,Omar Al-Shehri,Saudi Aramco,2222.SR,Upstream/Engineering,Staff,83.7,254800,7.1
2222-0663,Sara Al-Sulaiman,Saudi Aramco,2222.SR,Upstream/Engineering,Staff,80.9,396800,15.0
2222-0664,Rana Al-Saud,Saudi Aramco,2222.SR,Upstream/Engineering,Principal,75.6,96000,7.5
2222-0665,Bandar Al-Shehri,Saudi Aramco,2222.SR,Upstream/Engineering,Staff,75.8,105800,20.7
2222-0666,Rana Al-Dossari,Saudi Aramco,2222.SR,Upstream/Engineering,Director,92.3,385000,12.4
2222-0667,Amal Al-Ghamdi,Saudi Aramco,2222.SR,Supply Chain,Senior,90.9,110700,10.9
2222-0668,Saud Al-Anazi,Saudi Aramco,2222.SR,Upstream/Engineering,Senior,68.9,244400,10.7
2222-0669,Omar Bin Laden,Saudi Aramco,2222.SR,Upstream/Engineering,Staff,82.1,155600,17.5
2222-0670,Majed Al-Subaie,Saudi Aramco,2222.SR,Upstream/Engineering,VP,81.7,154000,13.4
2222-0671,Lina Al-Maliki,Saudi Aramco,2222.SR,Refining & Chemicals,Senior,80.6,558400,4.8
2222-0672,Nasser Al-Juhani,Saudi Aramco,2222.SR,People/HR,Director,66.9,79300,11.8
2222-0673,Bandar Al-Harbi,Saudi Aramco,2222.SR,Finance,Staff,84.9,131900,7.4
2222-0674,Layla Al-Subaie,Saudi Aramco,2222.SR,Research & Tech,Principal,71.6,301700,10.5
2222-0675,Nasser Bin Laden,Saudi Aramco,2222.SR,Refining & Chemicals,Director,94.5,367500,19.5
2222-0676,Dana Al-Faraj,Saudi Aramco,2222.SR,Operations,Director,74.2,205500,13.4
2222-0677,Nasser Al-Dossari,Saudi Aramco,2222.SR,HSE/Safety,Senior,85.4,127000,11.3
2222-0678,Hamad Al-Nasser,Saudi Aramco,2222.SR,Upstream/Engineering,Principal,79.7,238000,24.0
2222-0679,Abdullah Al-Maliki,Saudi Aramco,2222.SR,Upstream/Engineering,Principal,84.4,594100,5.9
2222-0680,Hessa Al-Hassan,Saudi Aramco,2222.SR,Refining & Chemicals,Staff,74.4,201900,9.2
2222-0681,Bandar Al-Rashid,Saudi Aramco,2222.SR,Refining & Chemicals,VP,74.6,563100,16.7
2222-0682,Omar Al-Nasser,Saudi Aramco,2222.SR,Research & Tech,VP,81.9,688100,17.4
2222-0683,Hessa Al-Faraj,Saudi Aramco,2222.SR,Refining & Chemicals,Senior,75.7,234400,11.2
2222-0684,Hessa Al-Anazi,Saudi Aramco,2222.SR,Sales & Trading,SVP,81.5,1213200,21.0
2222-0685,Rana Al-Saud,Saudi Aramco,2222.SR,Upstream/Engineering,Senior,84.4,179500,1.9
2222-0686,Omar Al-Maliki,Saudi Aramco,2222.SR,Upstream/Engineering,Staff,82.8,198200,6.9
2222-0687,Faisal Al-Sulaiman,Saudi Aramco,2222.SR,Research & Tech,Senior,76.9,71800,7.8
2222-0688,Huda Al-Ghamdi,Saudi Aramco,2222.SR,Upstream/Engineering,Principal,88.9,739700,24.1
2222-0689,Salem Al-Juhani,Saudi Aramco,2222.SR,Operations,Staff,87.9,189100,20.7
2222-0690,Abdullah Al-Dossari,Saudi Aramco,2222.SR,Upstream/Engineering,Staff,73.6,213300,11.6
2222-0691,Aisha Al-Hassan,Saudi Aramco,2222.SR,People/HR,Principal,67.1,217400,6.9
2222-0692,Nasser Al-Qahtani,Saudi Aramco,2222.SR,Upstream/Engineering,SVP,88.9,493800,11.0
2222-0693,Huda Al-Hassan,Saudi Aramco,2222.SR,Supply Chain,Senior Director,95.5,927500,20.2
2222-0694,Ziad Al-Harbi,Saudi Aramco,2222.SR,Upstream/Engineering,Principal,70.3,160100,11.8
2222-0695,Ziad Al-Amri,Saudi Aramco,2222.SR,Refining & Chemicals,Senior,86.9,260700,5.9
2222-0696,Fatima Al-Saud,Saudi Aramco,2222.SR,Finance,Staff,79.9,363200,10.1
2222-0697,Amal Al-Nasser,Saudi Aramco,2222.SR,Refining & Chemicals,Senior,90.4,209700,13.1
2222-0698,Dana Al-Sulaiman,Saudi Aramco,2222.SR,Upstream/Engineering,Senior,99.3,118900,19.5
2222-0699,Sara Al-Shehri,Saudi Aramco,2222.SR,Upstream/Engineering,Senior,73.9,152000,13.8
2222-0700,Ziad Al-Shehri,Saudi Aramco,2222.SR,Refining & Chemicals,Principal,85.6,122600,9.6
2222-0701,Abdullah Al-Faraj,Saudi Aramco,2222.SR,Research & Tech,Director,82.5,162400,14.9
2222-0702,Sara Al-Anazi,Saudi Aramco,2222.SR,Upstream/Engineering,Staff,86.5,107900,5.0
2222-0703,Saud Al-Harbi,Saudi Aramco,2222.SR,Research & Tech,Senior Director,76.7,392100,13.0
2222-0704,Jana Al-Subaie,Saudi Aramco,2222.SR,Upstream/Engineering,Principal,100.0,229500,11.2
2222-0705,Reem Al-Ghamdi,Saudi Aramco,2222.SR,Operations,Senior,91.1,89100,22.6
2222-0706,Faisal Al-Mutairi,Saudi Aramco,2222.SR,Supply Chain,Staff,83.7,336000,17.9
2222-0707,Rana Al-Otaibi,Saudi Aramco,2222.SR,Finance,Staff,77.7,157100,4.8
2222-0708,Yousef Al-Qahtani,Saudi Aramco,2222.SR,Supply Chain,Senior,83.1,201300,9.9
2222-0709,Fatima Al-Anazi,Saudi Aramco,2222.SR,Upstream/Engineering,Director,71.3,252400,21.6
2222-0710,Rana Bin Laden,Saudi Aramco,2222.SR,Upstream/Engineering,Principal,86.3,234500,6.8
2222-0711,Mohammed Al-Mutairi,Saudi Aramco,2222.SR,Sales & Trading,Staff,79.2,235700,7.3
2222-0712,Nasser Al-Nasser,Saudi Aramco,2222.SR,People/HR,Principal,80.0,121700,12.6
2222-0713,Faisal Al-Maliki,Saudi Aramco,2222.SR,Upstream/Engineering,Senior Director,82.4,212100,18.5
2222-0714,Lina Al-Amri,Saudi Aramco,2222.SR,Refining & Chemicals,Principal,76.1,345700,8.0
2222-0715,Faisal Al-Shehri,Saudi Aramco,2222.SR,Operations,Director,64.0,326100,18.5
2222-0716,Omar Al-Shehri,Saudi Aramco,2222.SR,HSE/Safety,VP,88.0,533700,10.6
2222-0717,Yousef Al-Zahrani,Saudi Aramco,2222.SR,Finance,VP,76.5,94800,22.3
2222-0718,Reem Al-Harbi,Saudi Aramco,2222.SR,Upstream/Engineering,Senior,76.0,211700,9.6
2222-0719,Nasser Al-Mutairi,Saudi Aramco,2222.SR,Refining & Chemicals,Staff,79.1,298100,9.4
2222-0720,Hamad Al-Hassan,Saudi Aramco,2222.SR,Sales & Trading,Senior,71.7,290600,28.3
2222-0721,Rana Al-Saud,Saudi Aramco,2222.SR,Legal & Policy,VP,87.0,373000,10.9
2222-0722,Amal Al-Juhani,Saudi Aramco,2222.SR,Upstream/Engineering,Staff,79.3,95300,19.2
2222-0723,Ziad Al-Faraj,Saudi Aramco,2222.SR,Supply Chain,Senior,82.9,192800,12.9
2222-0724,Reem Al-Amri,Saudi Aramco,2222.SR,Upstream/Engineering,Principal,90.4,441700,8.6
2222-0725,Mohammed Al-Mutairi,Saudi Aramco,2222.SR,Research & Tech,Senior,70.8,201100,27.0
2222-0726,Omar Al-Subaie,Saudi Aramco,2222.SR,Research & Tech,Principal,78.9,200600,23.3
2222-0727,Dana Al-Faraj,Saudi Aramco,2222.SR,Upstream/Engineering,Staff,75.6,251700,12.6
2222-0728,Khalid Al-Shehri,Saudi Aramco,2222.SR,Supply Chain,Senior,84.7,170500,4.5
2222-0729,Maryam Al-Faraj,Saudi Aramco,2222.SR,Finance,Staff,73.2,131100,7.2
2222-0730,Hamad Al-Zahrani,Saudi Aramco,2222.SR,Sales & Trading,Senior,77.0,113800,3.4
2222-0731,Saud Al-Hassan,Saudi Aramco,2222.SR,Operations,VP,90.8,766400,20.4
2222-0732,Lina Al-Faraj,Saudi Aramco,2222.SR,HSE/Safety,Senior,67.6,150600,14.6
2222-0733,Sara Al-Zahrani,Saudi Aramco,2222.SR,HSE/Safety,Director,85.9,440100,18.6
2222-0734,Huda Al-Rashid,Saudi Aramco,2222.SR,Supply Chain,Senior,82.9,311200,7.0
2222-0735,Huda Al-Juhani,Saudi Aramco,2222.SR,Research & Tech,Staff,86.2,150200,14.7
2222-0736,Bandar Al-Harbi,Saudi Aramco,2222.SR,Operations,Principal,72.2,169400,24.4
2222-0737,Khalid Al-Sulaiman,Saudi Aramco,2222.SR,Refining & Chemicals,Senior,80.2,151000,16.6
2222-0738,Saud Al-Subaie,Saudi Aramco,2222.SR,Upstream/Engineering,Senior,70.8,153500,8.4
2222-0739,Faisal Al-Saud,Saudi Aramco,2222.SR,Upstream/Engineering,Staff,79.1,583100,11.8
2222-0740,Huda Al-Hassan,Saudi Aramco,2222.SR,People/HR,Staff,75.3,224800,6.7
2222-0741,Aisha Al-Dossari,Saudi Aramco,2222.SR,Upstream/Engineering,Staff,73.8,123700,4.4
2222-0742,Hamad Al-Shehri,Saudi Aramco,2222.SR,Upstream/Engineering,Principal,73.1,239300,13.2
2222-0743,Saud Al-Ghamdi,Saudi Aramco,2222.SR,Operations,Staff,86.8,374100,4.4
2222-0744,Fatima Al-Harbi,Saudi Aramco,2222.SR,Upstream/Engineering,Senior,81.3,53100,11.0
2222-0745,Majed Al-Ghamdi,Saudi Aramco,2222.SR,Research & Tech,Principal,81.0,377600,13.6
2222-0746,Bandar Al-Dossari,Saudi Aramco,2222.SR,Operations,Senior Director,85.9,628800,8.8
2222-0747,Mohammed Al-Hassan,Saudi Aramco,2222.SR,Upstream/Engineering,Principal,70.0,224700,11.9
2222-0748,Lina Al-Juhani,Saudi Aramco,2222.SR,Research & Tech,Staff,72.3,296800,12.7
2222-0749,Majed Al-Shehri,Saudi Aramco,2222.SR,Finance,Principal,62.2,258100,10.3
2222-0750,Aisha Al-Maliki,Saudi Aramco,2222.SR,Operations,Staff,90.3,201000,17.0
2222-0751,Maryam Al-Faraj,Saudi Aramco,2222.SR,Operations,Principal,79.8,317600,12.6
2222-0752,Ziad Al-Sulaiman,Saudi Aramco,2222.SR,Refining & Chemicals,Principal,91.8,137400,13.7
2222-0753,Omar Al-Maliki,Saudi Aramco,2222.SR,Research & Tech,Senior,100.0,275100,10.5
2222-0754,Majed Al-Harbi,Saudi Aramco,2222.SR,Operations,Director,77.8,437900,12.4
2222-0755,Mohammed Al-Amri,Saudi Aramco,2222.SR,Finance,Senior Director,93.7,533200,16.1
2222-0756,Huda Al-Anazi,Saudi Aramco,2222.SR,Refining & Chemicals,Senior Director,93.6,1007700,9.4
2222-0757,Dana Al-Hassan,Saudi Aramco,2222.SR,Refining & Chemicals,Staff,85.5,99000,19.9
2222-0758,Fatima Al-Hassan,Saudi Aramco,2222.SR,Finance,Staff,81.9,245200,9.9
2222-0759,Hamad Al-Sulaiman,Saudi Aramco,2222.SR,Finance,Staff,92.5,320600,6.5
2222-0760,Fatima Al-Hassan,Saudi Aramco,2222.SR,Legal & Policy,Staff,86.3,456000,14.3
2222-0761,Noura Al-Sulaiman,Saudi Aramco,2222.SR,People/HR,Staff,82.0,253800,13.1
2222-0762,Aisha Al-Rashid,Saudi Aramco,2222.SR,Operations,Staff,69.8,329800,4.8
2222-0763,Reem Al-Hassan,Saudi Aramco,2222.SR,Refining & Chemicals,Principal,77.4,227400,12.4
2222-0764,Nasser Al-Ghamdi,Saudi Aramco,2222.SR,Upstream/Engineering,SVP,88.4,737200,14.3
2222-0765,Faisal Al-Mutairi,Saudi Aramco,2222.SR,Upstream/Engineering,Principal,95.4,253000,11.9
2222-0766,Ziad Al-Otaibi,Saudi Aramco,2222.SR,Refining & Chemicals,Principal,78.3,181000,20.9
2222-0767,Omar Bin Laden,Saudi Aramco,2222.SR,Operations,Senior,80.5,152200,6.7
2222-0768,Lina Al-Nasser,Saudi Aramco,2222.SR,Upstream/Engineering,SVP,81.3,526200,17.2
2222-0769,Dana Al-Amri,Saudi Aramco,2222.SR,Upstream/Engineering,Director,84.9,823000,11.3
2222-0770,Ziad Al-Sulaiman,Saudi Aramco,2222.SR,Operations,Senior,64.0,214900,5.6
2222-0771,Noura Al-Mutairi,Saudi Aramco,2222.SR,Refining & Chemicals,Principal,86.3,308400,10.7
2222-0772,Majed Bin Laden,Saudi Aramco,2222.SR,People/HR,Senior Director,98.6,361800,22.2
2222-0773,Majed Bin Laden,Saudi Aramco,2222.SR,Operations,Director,94.5,398000,8.7
2222-0774,Nasser Al-Juhani,Saudi Aramco,2222.SR,Research & Tech,Senior,71.3,85600,20.3
2222-0775,Majed Al-Anazi,Saudi Aramco,2222.SR,Supply Chain,Staff,75.7,120200,4.9
2222-0776,Fatima Al-Qahtani,Saudi Aramco,2222.SR,Supply Chain,Director,80.8,256800,9.6
2222-0777,Faisal Al-Subaie,Saudi Aramco,2222.SR,Supply Chain,VP,82.3,606400,13.7
2222-0778,Khalid Al-Anazi,Saudi Aramco,2222.SR,Finance,Senior,82.8,59100,15.4
2222-0779,Layla Al-Rashid,Saudi Aramco,2222.SR,Operations,Staff,82.6,111500,18.7
2222-0780,Faisal Al-Mutairi,Saudi Aramco,2222.SR,Refining & Chemicals,C-Suite,79.8,523500,13.0
2222-0781,Noura Al-Amri,Saudi Aramco,2222.SR,Operations,VP,94.5,522000,22.1
2222-0782,Khalid Al-Sulaiman,Saudi Aramco,2222.SR,Upstream/Engineering,Senior Director,88.5,260500,10.3
2222-0783,Dana Al-Shehri,Saudi Aramco,2222.SR,Supply Chain,Director,82.3,908800,15.7
2222-0784,Nasser Al-Zahrani,Saudi Aramco,2222.SR,Refining & Chemicals,Senior,80.3,38100,4.6
2222-0785,Hessa Al-Saud,Saudi Aramco,2222.SR,Refining & Chemicals,Director,83.7,145300,22.4
2222-0786,Sara Al-Maliki,Saudi Aramco,2222.SR,Operations,VP,79.5,716500,11.0
2222-0787,Omar Al-Harbi,Saudi Aramco,2222.SR,Upstream/Engineering,Principal,83.3,206700,20.6
2222-0788,Bandar Al-Sulaiman,Saudi Aramco,2222.SR,Refining & Chemicals,Principal,73.7,411000,14.1
2222-0789,Maryam Al-Otaibi,Saudi Aramco,2222.SR,Upstream/Engineering,Senior Director,87.4,351200,19.4
2222-0790,Fatima Al-Mutairi,Saudi Aramco,2222.SR,Upstream/Engineering,Director,81.6,275500,16.3
2222-0791,Mohammed Al-Mutairi,Saudi Aramco,2222.SR,Refining & Chemicals,Senior Director,67.5,472400,6.6
2222-0792,Dana Al-Nasser,Saudi Aramco,2222.SR,Upstream/Engineering,Principal,94.7,170100,16.2
2222-0793,Bandar Al-Mutairi,Saudi Aramco,2222.SR,Upstream/Engineering,Director,78.1,286900,9.3
2222-0794,Hamad Al-Nasser,Saudi Aramco,2222.SR,Research & Tech,Staff,77.5,108600,15.7
2222-0795,Ziad Al-Zahrani,Saudi Aramco,2222.SR,Research & Tech,Staff,73.4,324200,18.0
2222-0796,Huda Al-Shehri,Saudi Aramco,2222.SR,Legal & Policy,Principal,74.8,158400,11.1
2222-0797,Noura Al-Shehri,Saudi Aramco,2222.SR,Finance,Senior,82.9,67100,8.2
2222-0798,Yousef Al-Saud,Saudi Aramco,2222.SR,Upstream/Engineering,Senior,72.2,166000,5.7
2222-0799,Huda Al-Qahtani,Saudi Aramco,2222.SR,Finance,Principal,88.0,159900,8.8
2222-0800,Fatima Al-Mutairi,Saudi Aramco,2222.SR,Operations,Principal,74.4,249900,14.2
2222-0801,Jana Al-Faraj,Saudi Aramco,2222.SR,Refining & Chemicals,Senior,76.1,126700,24.0
2222-0802,Salem Al-Anazi,Saudi Aramco,2222.SR,Operations,Staff,76.0,106000,7.1
2222-0803,Hamad Al-Juhani,Saudi Aramco,2222.SR,Operations,Staff,83.7,91400,11.8
2222-0804,Omar Al-Zahrani,Saudi Aramco,2222.SR,Refining & Chemicals,Director,96.1,424600,12.1
2222-0805,Noura Al-Amri,Saudi Aramco,2222.SR,Upstream/Engineering,VP,80.6,320200,14.9
2222-0806,Ziad Al-Mutairi,Saudi Aramco,2222.SR,Sales & Trading,Staff,94.8,272000,10.1
2222-0807,Nasser Al-Anazi,Saudi Aramco,2222.SR,HSE/Safety,Staff,91.1,109700,9.0
2222-0808,Faisal Al-Shehri,Saudi Aramco,2222.SR,Research & Tech,Director,82.0,119200,21.6
2222-0809,Mohammed Al-Amri,Saudi Aramco,2222.SR,Research & Tech,Principal,82.2,309100,10.9
2222-0810,Hessa Al-Amri,Saudi Aramco,2222.SR,Upstream/Engineering,Senior Director,88.1,589700,13.8
2222-0811,Salem Al-Maliki,Saudi Aramco,2222.SR,Operations,VP,84.9,823000,13.3
2222-0812,Noura Al-Subaie,Saudi Aramco,2222.SR,Finance,Director,94.7,580400,15.0
2222-0813,Tariq Al-Faraj,Saudi Aramco,2222.SR,Finance,Staff,73.9,134500,4.2
2222-0814,Noura Al-Saud,Saudi Aramco,2222.SR,Upstream/Engineering,Staff,82.4,310800,11.9
2222-0815,Sara Al-Dossari,Saudi Aramco,2222.SR,Upstream/Engineering,Director,64.3,484100,11.0
2222-0816,Omar Al-Sulaiman,Saudi Aramco,2222.SR,Upstream/Engineering,Senior,67.0,129600,26.4
2222-0817,Rana Al-Maliki,Saudi Aramco,2222.SR,Operations,Director,81.9,227600,8.2
2222-0818,Bandar Al-Shehri,Saudi Aramco,2222.SR,Supply Chain,VP,73.1,173700,19.7
2222-0819,Jana Al-Saud,Saudi Aramco,2222.SR,Upstream/Engineering,Senior Director,84.4,540900,15.3
2222-0820,Khalid Al-Juhani,Saudi Aramco,2222.SR,Operations,Senior Director,89.2,169800,10.4
2222-0821,Omar Al-Ghamdi,Saudi Aramco,2222.SR,Upstream/Engineering,Director,83.0,188400,15.9
2222-0822,Jana Al-Zahrani,Saudi Aramco,2222.SR,Sales & Trading,Director,73.1,446900,7.8
2222-0823,Majed Al-Shehri,Saudi Aramco,2222.SR,Finance,Director,79.8,258400,11.6
2222-0824,Salem Al-Juhani,Saudi Aramco,2222.SR,Operations,Senior,87.5,66500,2.4
2222-0825,Omar Al-Sulaiman,Saudi Aramco,2222.SR,Refining & Chemicals,Staff,81.0,147600,3.5
2222-0826,Hamad Al-Juhani,Saudi Aramco,2222.SR,Upstream/Engineering,Principal,88.1,246400,13.6
2222-0827,Omar Al-Juhani,Saudi Aramco,2222.SR,Refining & Chemicals,Senior,70.0,130500,15.1
2222-0828,Hamad Al-Mutairi,Saudi Aramco,2222.SR,Refining & Chemicals,Senior,71.8,161700,15.8
2222-0829,Reem Al-Dossari,Saudi Aramco,2222.SR,Supply Chain,Senior,76.8,87300,11.8
2222-0830,Abdullah Al-Otaibi,Saudi Aramco,2222.SR,Upstream/Engineering,Staff,83.0,387300,4.2
2222-0831,Hessa Al-Nasser,Saudi Aramco,2222.SR,Refining & Chemicals,Principal,88.2,355300,16.2
2222-0832,Layla Al-Qahtani,Saudi Aramco,2222.SR,Refining & Chemicals,Principal,76.0,135200,5.2
2222-0833,Hessa Al-Anazi,Saudi Aramco,2222.SR,Upstream/Engineering,Director,84.1,219100,14.2
2222-0834,Omar Al-Mutairi,Saudi Aramco,2222.SR,Supply Chain,Principal,81.9,215500,4.1
2222-0835,Tariq Al-Sulaiman,Saudi Aramco,2222.SR,Refining & Chemicals,Director,81.1,242600,11.7
2222-0836,Layla Al-Hassan,Saudi Aramco,2222.SR,HSE/Safety,Principal,84.5,163100,19.8
2222-0837,Noura Al-Qahtani,Saudi Aramco,2222.SR,Research & Tech,VP,76.4,583000,7.1
2222-0838,Jana Al-Rashid,Saudi Aramco,2222.SR,Operations,Senior,87.0,161100,12.0
2222-0839,Saud Al-Anazi,Saudi Aramco,2222.SR,Operations,Staff,82.3,212000,6.0
2222-0840,Majed Al-Shehri,Saudi Aramco,2222.SR,Operations,Staff,65.5,68500,16.2
2222-0841,Hessa Al-Saud,Saudi Aramco,2222.SR,HSE/Safety,Staff,83.2,287500,14.1
2222-0842,Maryam Al-Otaibi,Saudi Aramco,2222.SR,Refining & Chemicals,Senior Director,81.0,262200,22.7
2222-0843,Dana Al-Qahtani,Saudi Aramco,2222.SR,Refining & Chemicals,Senior Director,76.1,254300,8.3
2222-0844,Abdullah Al-Ghamdi,Saudi Aramco,2222.SR,Upstream/Engineering,Principal,73.7,230300,9.1
2222-0845,Salem Al-Maliki,Saudi Aramco,2222.SR,Research & Tech,Principal,80.9,158600,9.9
2222-0846,Aisha Al-Saud,Saudi Aramco,2222.SR,Finance,Senior,73.0,135000,16.8
2222-0847,Aisha Al-Anazi,Saudi Aramco,2222.SR,Refining & Chemicals,Principal,97.4,209300,9.6
2222-0848,Omar Al-Zahrani,Saudi Aramco,2222.SR,Upstream/Engineering,Senior,81.8,81900,13.6
2222-0849,Mohammed Bin Laden,Saudi Aramco,2222.SR,Legal & Policy,Staff,74.4,231200,19.3
2222-0850,Abdullah Al-Otaibi,Saudi Aramco,2222.SR,Operations,Staff,88.8,172000,10.0
2222-0851,Dana Al-Juhani,Saudi Aramco,2222.SR,Legal & Policy,Senior,67.3,123600,7.6
2222-0852,Fatima Al-Hassan,Saudi Aramco,2222.SR,Finance,Senior,75.6,93500,10.6
2222-0853,Ziad Al-Juhani,Saudi Aramco,2222.SR,Upstream/Engineering,Staff,93.2,279900,19.8
2222-0854,Hessa Al-Dossari,Saudi Aramco,2222.SR,Operations,Principal,86.4,148600,7.1
2222-0855,Majed Al-Anazi,Saudi Aramco,2222.SR,Refining & Chemicals,SVP,90.5,905800,17.1
2222-0856,Yousef Al-Hassan,Saudi Aramco,2222.SR,Supply Chain,Senior,88.3,234400,13.4
2222-0857,Hessa Al-Rashid,Saudi Aramco,2222.SR,Upstream/Engineering,Senior,96.7,116600,3.3
2222-0858,Bandar Al-Amri,Saudi Aramco,2222.SR,Upstream/Engineering,Principal,84.0,199500,10.6
2222-0859,Abdullah Al-Faraj,Saudi Aramco,2222.SR,Refining & Chemicals,Senior,78.6,189200,25.1
2222-0860,Reem Al-Saud,Saudi Aramco,2222.SR,HSE/Safety,Senior,87.1,258400,17.9
2222-0861,Lina Al-Mutairi,Saudi Aramco,2222.SR,Research & Tech,Senior,82.4,179500,5.0
2222-0862,Huda Al-Nasser,Saudi Aramco,2222.SR,Refining & Chemicals,Senior,77.0,78300,10.1
2222-0863,Abdullah Al-Hassan,Saudi Aramco,2222.SR,Operations,Senior,84.3,57700,10.0
2222-0864,Fatima Al-Faraj,Saudi Aramco,2222.SR,Upstream/Engineering,Principal,91.3,570100,24.0
2222-0865,Mohammed Al-Subaie,Saudi Aramco,2222.SR,Refining & Chemicals,Senior Director,95.0,238100,18.5
2222-0866,Lina Al-Qahtani,Saudi Aramco,2222.SR,Research & Tech,Principal,85.8,301400,20.3
2222-0867,Salem Al-Nasser,Saudi Aramco,2222.SR,Operations,SVP,93.4,893600,17.2
2222-0868,Faisal Al-Shehri,Saudi Aramco,2222.SR,Refining & Chemicals,Senior,73.7,276800,7.8
2222-0869,Tariq Al-Anazi,Saudi Aramco,2222.SR,Finance,Principal,79.0,159600,7.8
2222-0870,Fatima Al-Anazi,Saudi Aramco,2222.SR,Upstream/Engineering,Director,84.2,367500,18.0
2222-0871,Jana Al-Ghamdi,Saudi Aramco,2222.SR,Operations,Senior,67.6,108100,13.5
2222-0872,Fatima Al-Harbi,Saudi Aramco,2222.SR,Refining & Chemicals,Director,74.6,334400,5.3
2222-0873,Maryam Bin Laden,Saudi Aramco,2222.SR,Research & Tech,Principal,79.6,117800,16.3
2222-0874,Huda Al-Juhani,Saudi Aramco,2222.SR,Operations,Principal,64.2,271900,9.5
2222-0875,Jana Al-Mutairi,Saudi Aramco,2222.SR,Refining & Chemicals,Director,79.4,166600,20.2
2222-0876,Noura Al-Sulaiman,Saudi Aramco,2222.SR,Refining & Chemicals,Senior Director,71.8,367700,5.4
2222-0877,Tariq Al-Maliki,Saudi Aramco,2222.SR,Legal & Policy,Staff,76.2,218300,2.9
2222-0878,Aisha Al-Sulaiman,Saudi Aramco,2222.SR,Operations,Senior,76.0,148200,8.1
2222-0879,Rana Bin Laden,Saudi Aramco,2222.SR,Supply Chain,Senior,67.4,107600,25.1
2222-0880,Sara Al-Ghamdi,Saudi Aramco,2222.SR,Sales & Trading,Staff,81.3,234300,14.9
2222-0881,Huda Al-Sulaiman,Saudi Aramco,2222.SR,Operations,Director,81.1,313500,12.6
2222-0882,Abdullah Al-Shehri,Saudi Aramco,2222.SR,Operations,Senior,75.8,228500,15.3
2222-0883,Hamad Al-Ghamdi,Saudi Aramco,2222.SR,Research & Tech,Senior,87.0,72800,9.6
2222-0884,Khalid Al-Shehri,Saudi Aramco,2222.SR,HSE/Safety,Staff,79.7,69700,13.0
2222-0885,Majed Al-Dossari,Saudi Aramco,2222.SR,HSE/Safety,Senior,85.9,181200,14.4
2222-0886,Noura Al-Subaie,Saudi Aramco,2222.SR,Upstream/Engineering,Principal,77.2,169800,17.7
2222-0887,Mohammed Al-Subaie,Saudi Aramco,2222.SR,Upstream/Engineering,Senior,75.2,107400,13.6
2222-0888,Tariq Al-Hassan,Saudi Aramco,2222.SR,Sales & Trading,Staff,68.5,236100,3.6
2222-0889,Reem Bin Laden,Saudi Aramco,2222.SR,Upstream/Engineering,Senior,80.2,213100,8.6
2222-0890,Fatima Al-Sulaiman,Saudi Aramco,2222.SR,HSE/Safety,Senior,78.3,119800,20.8
2222-0891,Amal Al-Faraj,Saudi Aramco,2222.SR,Operations,Senior,78.6,104900,8.3
2222-0892,Reem Al-Nasser,Saudi Aramco,2222.SR,HSE/Safety,Senior Director,87.2,182200,15.6
2222-0893,Omar Al-Anazi,Saudi Aramco,2222.SR,Upstream/Engineering,Principal,80.1,301000,11.6
2222-0894,Rana Al-Mutairi,Saudi Aramco,2222.SR,Operations,Staff,84.4,60100,8.0
2222-0895,Nasser Al-Harbi,Saudi Aramco,2222.SR,Research & Tech,Principal,75.5,159500,19.8
2222-0896,Bandar Al-Otaibi,Saudi Aramco,2222.SR,Refining & Chemicals,Principal,75.2,419000,14.3
2222-0897,Faisal Al-Hassan,Saudi Aramco,2222.SR,Refining & Chemicals,Staff,81.2,115900,13.0
2222-0898,Khalid Al-Rashid,Saudi Aramco,2222.SR,Refining & Chemicals,Staff,89.7,263900,12.3
2222-0899,Ziad Al-Shehri,Saudi Aramco,2222.SR,Refining & Chemicals,Staff,75.8,89100,6.1
2222-0900,Ziad Al-Rashid,Saudi Aramco,2222.SR,Finance,Senior,86.6,84200,30.5
2222-0901,Noura Al-Juhani,Saudi Aramco,2222.SR,Supply Chain,Senior,90.3,148400,4.3
2222-0902,Majed Al-Harbi,Saudi Aramco,2222.SR,Operations,Principal,94.8,264500,11.5
2222-0903,Dana Al-Qahtani,Saudi Aramco,2222.SR,Upstream/Engineering,Senior,80.8,228900,3.6
2222-0904,Noura Al-Harbi,Saudi Aramco,2222.SR,Upstream/Engineering,Senior,77.9,68300,9.8
2222-0905,Hamad Al-Otaibi,Saudi Aramco,2222.SR,Sales & Trading,Principal,70.8,253400,4.6
2222-0906,Layla Al-Harbi,Saudi Aramco,2222.SR,People/HR,Senior,72.3,174500,16.6
2222-0907,Faisal Al-Rashid,Saudi Aramco,2222.SR,Sales & Trading,Senior,65.1,173500,7.7
2222-0908,Lina Bin Laden,Saudi Aramco,2222.SR,People/HR,C-Suite,90.3,791700,20.0
2222-0909,Jana Bin Laden,Saudi Aramco,2222.SR,HSE/Safety,Director,82.4,145000,11.0
2222-0910,Amal Al-Saud,Saudi Aramco,2222.SR,Refining & Chemicals,Senior,77.3,182000,4.7
2222-0911,Sara Al-Rashid,Saudi Aramco,2222.SR,Finance,Staff,63.2,199200,14.6
2222-0912,Salem Al-Sulaiman,Saudi Aramco,2222.SR,Supply Chain,Senior,74.2,289400,15.6
2222-0913,Khalid Al-Juhani,Saudi Aramco,2222.SR,Operations,Staff,72.3,167400,13.6
2222-0914,Rana Al-Dossari,Saudi Aramco,2222.SR,Sales & Trading,Director,81.1,153500,10.4
2222-0915,Fatima Al-Rashid,Saudi Aramco,2222.SR,Upstream/Engineering,Director,70.0,281500,27.2
2222-0916,Fatima Al-Dossari,Saudi Aramco,2222.SR,Supply Chain,Senior,85.5,165500,5.8
2222-0917,Layla Al-Hassan,Saudi Aramco,2222.SR,Research & Tech,Staff,78.0,91000,10.8
2222-0918,Faisal Al-Harbi,Saudi Aramco,2222.SR,Research & Tech,Principal,75.4,89300,13.8
2222-0919,Huda Al-Dossari,Saudi Aramco,2222.SR,Sales & Trading,Director,78.8,167700,11.8
2222-0920,Bandar Al-Zahrani,Saudi Aramco,2222.SR,Finance,VP,79.5,126900,12.4
2222-0921,Mohammed Al-Dossari,Saudi Aramco,2222.SR,HSE/Safety,Staff,85.3,266500,10.9
2222-0922,Khalid Al-Mutairi,Saudi Aramco,2222.SR,Finance,Staff,80.8,187000,8.0
2222-0923,Huda Al-Juhani,Saudi Aramco,2222.SR,Upstream/Engineering,Staff,67.5,72800,21.0
2222-0924,Amal Al-Faraj,Saudi Aramco,2222.SR,Supply Chain,Senior,79.6,111000,7.1
2222-0925,Bandar Al-Dossari,Saudi Aramco,2222.SR,Refining & Chemicals,Senior,90.1,106200,17.5
2222-0926,Majed Al-Qahtani,Saudi Aramco,2222.SR,People/HR,Director,85.4,249300,15.3
2222-0927,Tariq Al-Ghamdi,Saudi Aramco,2222.SR,Supply Chain,Senior,83.1,170400,4.0
2222-0928,Lina Al-Maliki,Saudi Aramco,2222.SR,Upstream/Engineering,Staff,83.4,123100,11.0
2222-0929,Sara Al-Otaibi,Saudi Aramco,2222.SR,Upstream/Engineering,SVP,69.7,454000,13.0
2222-0930,Majed Al-Dossari,Saudi Aramco,2222.SR,Upstream/Engineering,Senior,87.7,57800,28.6
2222-0931,Hamad Al-Juhani,Saudi Aramco,2222.SR,Operations,Principal,88.4,479700,7.9
2222-0932,Ziad Al-Qahtani,Saudi Aramco,2222.SR,Refining & Chemicals,Director,100.0,211800,26.0
2222-0933,Fatima Al-Ghamdi,Saudi Aramco,2222.SR,Research & Tech,Senior,81.4,49300,21.7
2222-0934,Huda Al-Zahrani,Saudi Aramco,2222.SR,Refining & Chemicals,Senior,64.1,91200,7.7
2222-0935,Saud Al-Harbi,Saudi Aramco,2222.SR,Finance,Principal,81.3,470600,11.5
2222-0936,Ziad Bin Laden,Saudi Aramco,2222.SR,Operations,Senior Director,84.0,1081900,15.6
2222-0937,Bandar Al-Amri,Saudi Aramco,2222.SR,Operations,Senior,75.4,81700,3.5
2222-0938,Majed Al-Subaie,Saudi Aramco,2222.SR,Upstream/Engineering,Senior,81.8,236400,10.2
2222-0939,Yousef Al-Saud,Saudi Aramco,2222.SR,Upstream/Engineering,Director,86.8,426500,9.6
2222-0940,Layla Al-Mutairi,Saudi Aramco,2222.SR,Research & Tech,Staff,87.2,145400,26.0
2222-0941,Mohammed Al-Qahtani,Saudi Aramco,2222.SR,HSE/Safety,Senior,72.6,138400,12.2
2222-0942,Tariq Al-Qahtani,Saudi Aramco,2222.SR,Upstream/Engineering,VP,77.4,302400,14.3
2222-0943,Maryam Al-Juhani,Saudi Aramco,2222.SR,Operations,Senior,84.1,326700,8.2
2222-0944,Hamad Al-Harbi,Saudi Aramco,2222.SR,Upstream/Engineering,Director,94.9,186800,10.8
2222-0945,Amal Al-Otaibi,Saudi Aramco,2222.SR,Supply Chain,Senior,88.3,102400,13.1
2222-0946,Bandar Al-Harbi,Saudi Aramco,2222.SR,Upstream/Engineering,Senior Director,96.1,151800,21.8
2222-0947,Mohammed Al-Zahrani,Saudi Aramco,2222.SR,HSE/Safety,Senior,73.6,167100,11.9
2222-0948,Salem Bin Laden,Saudi Aramco,2222.SR,Operations,Staff,80.4,432100,22.4
2222-0949,Maryam Al-Amri,Saudi Aramco,2222.SR,Refining & Chemicals,Senior Director,87.1,692200,7.9
2222-0950,Salem Al-Maliki,Saudi Aramco,2222.SR,Refining & Chemicals,Director,84.0,399400,10.5
2222-0951,Dana Al-Qahtani,Saudi Aramco,2222.SR,Upstream/Engineering,Director,86.5,194300,9.0
2222-0952,Sara Al-Anazi,Saudi Aramco,2222.SR,Refining & Chemicals,Staff,70.8,261500,16.6
2222-0953,Aisha Al-Rashid,Saudi Aramco,2222.SR,Refining & Chemicals,Senior,66.2,153700,11.8
2222-0954,Fatima Al-Rashid,Saudi Aramco,2222.SR,Refining & Chemicals,Principal,90.4,350900,13.0
2222-0955,Omar Al-Sulaiman,Saudi Aramco,2222.SR,Research & Tech,Senior,67.8,76900,3.8
2222-0956,Aisha Al-Otaibi,Saudi Aramco,2222.SR,Operations,Senior,74.3,148800,11.2
2222-0957,Layla Al-Faraj,Saudi Aramco,2222.SR,Operations,Staff,76.4,158200,6.5
2222-0958,Noura Al-Rashid,Saudi Aramco,2222.SR,Finance,Senior,85.6,170300,8.1
2222-0959,Dana Al-Juhani,Saudi Aramco,2222.SR,Finance,Senior,85.2,184700,12.4
2222-0960,Mohammed Al-Rashid,Saudi Aramco,2222.SR,Upstream/Engineering,Senior,76.9,75000,8.0
2222-0961,Saud Al-Subaie,Saudi Aramco,2222.SR,Refining & Chemicals,Senior,95.6,69200,4.8
2222-0962,Salem Al-Qahtani,Saudi Aramco,2222.SR,Upstream/Engineering,Staff,83.4,310900,21.8
2222-0963,Abdullah Al-Maliki,Saudi Aramco,2222.SR,Upstream/Engineering,Director,84.1,168000,11.3
2222-0964,Omar Bin Laden,Saudi Aramco,2222.SR,Finance,Principal,86.7,154000,7.8
2222-0965,Tariq Al-Amri,Saudi Aramco,2222.SR,Refining & Chemicals,Staff,78.4,241500,14.4
2222-0966,Hessa Al-Ghamdi,Saudi Aramco,2222.SR,Refining & Chemicals,SVP,76.2,756700,27.5
2222-0967,Layla Al-Saud,Saudi Aramco,2222.SR,Operations,Principal,92.0,342800,3.5
2222-0968,Ziad Al-Zahrani,Saudi Aramco,2222.SR,Supply Chain,Senior,69.0,81300,11.4
2222-0969,Amal Al-Qahtani,Saudi Aramco,2222.SR,Operations,Senior,77.3,42400,13.6
2222-0970,Omar Al-Rashid,Saudi Aramco,2222.SR,Operations,Senior,68.9,344400,7.7
2222-0971,Amal Al-Maliki,Saudi Aramco,2222.SR,Refining & Chemicals,Senior,80.2,127300,14.8
2222-0972,Aisha Al-Faraj,Saudi Aramco,2222.SR,Refining & Chemicals,Staff,79.5,152800,15.1
2222-0973,Abdullah Al-Mutairi,Saudi Aramco,2222.SR,Operations,Principal,91.5,282000,27.2
2222-0974,Omar Al-Maliki,Saudi Aramco,2222.SR,Upstream/Engineering,Principal,72.1,456700,7.8
2222-0975,Bandar Al-Maliki,Saudi Aramco,2222.SR,Refining & Chemicals,Staff,89.7,116600,23.0
2222-0976,Nasser Al-Sulaiman,Saudi Aramco,2222.SR,HSE/Safety,Principal,80.1,345600,11.2
2222-0977,Aisha Al-Rashid,Saudi Aramco,2222.SR,Upstream/Engineering,Staff,88.1,433800,13.6
2222-0978,Layla Al-Anazi,Saudi Aramco,2222.SR,Refining & Chemicals,Senior,93.6,121100,10.4
2222-0979,Bandar Al-Rashid,Saudi Aramco,2222.SR,Upstream/Engineering,Director,97.8,664800,29.4
2222-0980,Rana Al-Dossari,Saudi Aramco,2222.SR,Refining & Chemicals,Staff,79.1,274600,3.1
2222-0981,Sara Al-Dossari,Saudi Aramco,2222.SR,Operations,Principal,81.9,490000,10.0
2222-0982,Fatima Al-Harbi,Saudi Aramco,2222.SR,Refining & Chemicals,Senior,75.8,108400,9.6
2222-0983,Salem Al-Dossari,Saudi Aramco,2222.SR,Finance,Staff,83.4,86100,15.6
2222-0984,Huda Al-Juhani,Saudi Aramco,2222.SR,Operations,Staff,80.2,74900,24.2
2222-0985,Saud Al-Dossari,Saudi Aramco,2222.SR,HSE/Safety,Principal,89.9,168800,11.8
2222-0986,Jana Al-Harbi,Saudi Aramco,2222.SR,Operations,Principal,81.4,164600,7.7
2222-0987,Maryam Al-Nasser,Saudi Aramco,2222.SR,HSE/Safety,Staff,69.9,212100,21.8
2222-0988,Fatima Al-Juhani,Saudi Aramco,2222.SR,Sales & Trading,Senior,95.5,80500,12.5
2222-0989,Rana Al-Faraj,Saudi Aramco,2222.SR,Operations,Principal,79.1,276700,6.0
2222-0990,Faisal Al-Faraj,Saudi Aramco,2222.SR,Refining & Chemicals,Senior Director,88.7,400700,13.8
2222-0991,Hessa Al-Shehri,Saudi Aramco,2222.SR,People/HR,Director,85.2,416900,24.9
2222-0992,Huda Al-Faraj,Saudi Aramco,2222.SR,Upstream/Engineering,Staff,70.1,47100,14.3
2222-0993,Aisha Al-Anazi,Saudi Aramco,2222.SR,Upstream/Engineering,Senior Director,91.1,213000,15.9
2222-0994,Reem Al-Dossari,Saudi Aramco,2222.SR,HSE/Safety,Director,91.3,170700,18.1
2222-0995,Ziad Al-Juhani,Saudi Aramco,2222.SR,Upstream/Engineering,Staff,82.1,125500,13.8
2222-0996,Abdullah Al-Amri,Saudi Aramco,2222.SR,Operations,Principal,87.0,615200,15.5
2222-0997,Khalid Al-Shehri,Saudi Aramco,2222.SR,Finance,Senior,86.9,258100,17.9
2222-0998,Tariq Al-Dossari,Saudi Aramco,2222.SR,Legal & Policy,VP,82.6,834700,15.8
2222-0999,Nasser Al-Faraj,Saudi Aramco,2222.SR,HSE/Safety,Senior Director,79.6,649600,11.5
2222-1000,Hessa Al-Rashid,Saudi Aramco,2222.SR,Refining & Chemicals,Senior,75.8,111500,5.8
TSLA-0001,Aisha Ali,Tesla,TSLA,People/HR,Senior,77.9,325800,4.3
TSLA-0002,Kevin Martinez,Tesla,TSLA,Sales & Service,C-Suite,83.3,1193500,7.7
TSLA-0003,Zoe Kim,Tesla,TSLA,Operations,Staff,60.9,216600,2.0
TSLA-0004,Mary Hassan,Tesla,TSLA,Engineering,Staff,75.1,458000,2.0
TSLA-0005,Priya Brown,Tesla,TSLA,Manufacturing,Senior,78.5,164500,2.3
TSLA-0006,Wei Silva,Tesla,TSLA,People/HR,Senior Director,71.3,245600,7.4
TSLA-0007,Yuki Ali,Tesla,TSLA,Energy/Charging,Staff,78.6,584600,1.8
TSLA-0008,Maria Hassan,Tesla,TSLA,Manufacturing,Senior,79.2,128500,2.3
TSLA-0009,Michael Okafor,Tesla,TSLA,Finance,Senior Director,59.9,440500,8.1
TSLA-0010,Kevin Davis,Tesla,TSLA,Engineering,Senior Director,76.0,460500,4.4
TSLA-0011,Wei Park,Tesla,TSLA,Sales & Service,Senior Director,90.9,1015800,5.2
TSLA-0012,Olivia Cohen,Tesla,TSLA,Energy/Charging,Director,89.6,587000,5.3
TSLA-0013,Michael Tanaka,Tesla,TSLA,Design,Staff,83.6,368000,2.0
TSLA-0014,David Silva,Tesla,TSLA,Engineering,Staff,74.5,188000,6.8
TSLA-0015,Chen Smith,Tesla,TSLA,Operations,VP,83.3,388100,7.0
TSLA-0016,Samuel Lee,Tesla,TSLA,Autonomy & AI,Senior,83.8,179200,2.3
TSLA-0017,Fatima Khan,Tesla,TSLA,Manufacturing,Principal,75.1,278900,2.3
TSLA-0018,Maria Patel,Tesla,TSLA,Sales & Service,C-Suite,81.9,2180900,12.3
TSLA-0019,Chen Brown,Tesla,TSLA,Engineering,Senior Director,50.8,302900,7.3
TSLA-0020,Yuki Wilson,Tesla,TSLA,Engineering,Staff,73.6,253400,6.7
TSLA-0021,Fatima Anderson,Tesla,TSLA,Engineering,Principal,90.4,657700,4.5
TSLA-0022,Hiroshi Lee,Tesla,TSLA,Autonomy & AI,Principal,84.2,246100,2.6
TSLA-0023,Thomas Patel,Tesla,TSLA,Manufacturing,Staff,63.3,146600,3.1
TSLA-0024,Raj Kim,Tesla,TSLA,Energy/Charging,Senior Director,85.8,654100,4.5
TSLA-0025,Michael Johnson,Tesla,TSLA,Energy/Charging,Principal,84.3,345600,9.7
TSLA-0026,Arjun Reyes,Tesla,TSLA,Engineering,Staff,85.8,236400,4.9
TSLA-0027,Zoe Martinez,Tesla,TSLA,Design,Principal,79.3,518600,10.6
TSLA-0028,Arjun Cohen,Tesla,TSLA,Engineering,Senior,74.5,244000,3.2
TSLA-0029,Samuel Lopez,Tesla,TSLA,Manufacturing,VP,69.3,526300,8.5
TSLA-0030,Chen Lopez,Tesla,TSLA,Autonomy & AI,Principal,94.7,102200,2.6
TSLA-0031,Samuel Anderson,Tesla,TSLA,Autonomy & AI,Staff,57.0,345500,2.3
TSLA-0032,Zoe Martinez,Tesla,TSLA,Operations,Director,54.5,192100,4.1
TSLA-0033,Samuel Wang,Tesla,TSLA,Manufacturing,Staff,82.3,145500,3.4
TSLA-0034,Linda Murphy,Tesla,TSLA,People/HR,Principal,74.7,518100,2.5
TSLA-0035,Nina Park,Tesla,TSLA,Manufacturing,Staff,85.2,261500,5.6
TSLA-0036,Linda Martinez,Tesla,TSLA,Manufacturing,SVP,80.0,1070700,7.0
TSLA-0037,Fatima Wang,Tesla,TSLA,Manufacturing,Staff,85.1,522200,4.7
TSLA-0038,Raj Khan,Tesla,TSLA,Engineering,Staff,79.4,692200,9.6
TSLA-0039,Emily Davis,Tesla,TSLA,Engineering,Senior Director,71.8,1503000,5.9
TSLA-0040,Grace Petrov,Tesla,TSLA,Manufacturing,Senior,91.5,283400,1.8
TSLA-0041,John Wilson,Tesla,TSLA,Sales & Service,Senior Director,80.6,488500,4.2
TSLA-0042,Aisha Wang,Tesla,TSLA,Engineering,Director,59.0,172100,4.3
TSLA-0043,Linda Smith,Tesla,TSLA,Manufacturing,Staff,90.6,560200,5.9
TSLA-0044,Priya Anderson,Tesla,TSLA,Manufacturing,Senior,99.7,214200,1.1
TSLA-0045,Hiroshi Johnson,Tesla,TSLA,Manufacturing,Senior Director,53.6,150900,4.0
TSLA-0046,Wei Anderson,Tesla,TSLA,Engineering,Staff,73.3,506600,2.5
TSLA-0047,Daniel Park,Tesla,TSLA,Autonomy & AI,Director,97.1,392100,7.1
TSLA-0048,Hannah Garcia,Tesla,TSLA,Manufacturing,Director,68.2,741400,11.7
TSLA-0049,Michael Hassan,Tesla,TSLA,Operations,Staff,79.5,91400,1.0
TSLA-0050,Carlos Cohen,Tesla,TSLA,Autonomy & AI,Senior,69.2,147600,1.1
TSLA-0051,Michael Wilson,Tesla,TSLA,Autonomy & AI,Senior,77.7,631200,3.7
TSLA-0052,David Garcia,Tesla,TSLA,Autonomy & AI,Senior Director,88.8,713300,8.6
TSLA-0053,Elena Murphy,Tesla,TSLA,Engineering,Director,78.4,640300,5.7
TSLA-0054,Daniel Lopez,Tesla,TSLA,Finance,Staff,78.9,473500,6.7
TSLA-0055,Fatima Lopez,Tesla,TSLA,Operations,Director,71.1,476800,6.5
TSLA-0056,David Garcia,Tesla,TSLA,Sales & Service,VP,78.0,537500,5.0
TSLA-0057,Arjun Brown,Tesla,TSLA,Legal & Policy,Staff,69.2,384600,1.9
TSLA-0058,Zoe Chen,Tesla,TSLA,Design,Senior,76.9,253200,2.7
TSLA-0059,John Rossi,Tesla,TSLA,Engineering,Senior Director,100.0,921900,7.6
TSLA-0060,Raj Tanaka,Tesla,TSLA,Engineering,Staff,66.5,431000,2.1
TSLA-0061,Daniel Khan,Tesla,TSLA,Manufacturing,Principal,72.0,153000,5.1
TSLA-0062,Priya Patel,Tesla,TSLA,Engineering,Principal,71.5,656100,7.6
TSLA-0063,Maria Cohen,Tesla,TSLA,Energy/Charging,Principal,73.8,338400,4.0
TSLA-0064,Nina Murphy,Tesla,TSLA,People/HR,Senior Director,64.3,579000,7.5
TSLA-0065,Hannah Okafor,Tesla,TSLA,Autonomy & AI,Principal,67.9,736200,2.8
TSLA-0066,Priya Petrov,Tesla,TSLA,Sales & Service,Director,54.4,371300,3.8
TSLA-0067,Grace Lee,Tesla,TSLA,Engineering,Senior Director,58.6,572300,16.0
TSLA-0068,Fatima Patel,Tesla,TSLA,Manufacturing,Director,83.8,259200,11.5
TSLA-0069,Emily Davis,Tesla,TSLA,Manufacturing,VP,93.1,710600,6.3
TSLA-0070,Aisha Nguyen,Tesla,TSLA,Engineering,Staff,88.3,492500,4.4
TSLA-0071,Ahmed Wang,Tesla,TSLA,Manufacturing,Senior,97.9,357000,4.2
TSLA-0072,Nina Schmidt,Tesla,TSLA,Engineering,Principal,92.5,1118100,5.7
TSLA-0073,Thomas Anderson,Tesla,TSLA,Autonomy & AI,Senior,89.8,162000,7.5
TSLA-0074,Ahmed Brown,Tesla,TSLA,Engineering,Senior,66.5,122400,1.6
TSLA-0075,Ahmed Brown,Tesla,TSLA,Energy/Charging,Senior,90.5,102600,1.6
TSLA-0076,Hiroshi Schmidt,Tesla,TSLA,Operations,Staff,98.9,282200,1.5
TSLA-0077,Elena Chen,Tesla,TSLA,Autonomy & AI,Senior Director,98.6,707600,5.9
TSLA-0078,Thomas Wang,Tesla,TSLA,Manufacturing,VP,86.4,1117800,8.5
TSLA-0079,Olivia Khan,Tesla,TSLA,Engineering,Senior,60.8,181500,11.2
TSLA-0080,Nina Park,Tesla,TSLA,Operations,Staff,68.6,135300,3.8
TSLA-0081,Maria Hassan,Tesla,TSLA,Manufacturing,Senior,62.8,213400,0.8
TSLA-0082,Sofia Schmidt,Tesla,TSLA,Manufacturing,Senior,54.2,83800,3.3
TSLA-0083,Grace Petrov,Tesla,TSLA,Engineering,Senior,84.3,193700,3.1
TSLA-0084,Emily Chen,Tesla,TSLA,Operations,Staff,54.8,225800,2.9
TSLA-0085,Raj Brown,Tesla,TSLA,Sales & Service,Staff,76.6,398800,5.0
TSLA-0086,Elena Smith,Tesla,TSLA,Autonomy & AI,Principal,50.9,412500,4.1
TSLA-0087,Aisha Johnson,Tesla,TSLA,Operations,Senior,61.8,24800,4.4
TSLA-0088,Linda Khan,Tesla,TSLA,Engineering,Staff,41.7,69700,1.6
TSLA-0089,Yuki Anderson,Tesla,TSLA,Energy/Charging,SVP,81.9,2010400,7.7
TSLA-0090,Linda Martinez,Tesla,TSLA,Engineering,Senior,73.3,263400,2.3
TSLA-0091,Olivia Petrov,Tesla,TSLA,Engineering,Director,74.8,198500,3.3
TSLA-0092,Daniel Tanaka,Tesla,TSLA,People/HR,Staff,81.2,609500,2.1
TSLA-0093,Priya Wilson,Tesla,TSLA,Finance,Principal,75.4,226900,3.9
TSLA-0094,David Johnson,Tesla,TSLA,Engineering,Senior Director,100.0,1278500,7.2
TSLA-0095,Aisha Reyes,Tesla,TSLA,Manufacturing,Staff,62.4,150400,9.1
TSLA-0096,Thomas Lee,Tesla,TSLA,Manufacturing,Director,82.2,1142700,2.7
TSLA-0097,Hannah Cohen,Tesla,TSLA,Manufacturing,Senior,64.1,89400,2.4
TSLA-0098,Aisha Smith,Tesla,TSLA,Energy/Charging,Senior,75.9,455700,5.4
TSLA-0099,Ahmed Schmidt,Tesla,TSLA,Engineering,Director,86.7,606900,9.9
TSLA-0100,Chen Murphy,Tesla,TSLA,Engineering,Senior,54.7,131900,3.5
TSLA-0101,Sofia Khan,Tesla,TSLA,Engineering,Staff,99.3,194200,5.6
TSLA-0102,Thomas Smith,Tesla,TSLA,Energy/Charging,Senior,84.6,37000,4.5
TSLA-0103,Emily Kim,Tesla,TSLA,Engineering,Director,89.2,470000,17.2
TSLA-0104,Carlos Reyes,Tesla,TSLA,Engineering,Principal,77.7,122700,3.9
TSLA-0105,Kevin Park,Tesla,TSLA,Manufacturing,Director,87.5,1505900,3.4
TSLA-0106,Yuki Singh,Tesla,TSLA,Manufacturing,Staff,89.5,515300,9.4
TSLA-0107,Linda Ali,Tesla,TSLA,Sales & Service,Director,78.9,406700,9.6
TSLA-0108,Carlos Hassan,Tesla,TSLA,Engineering,Senior,82.8,138600,0.3
TSLA-0109,Elena Kim,Tesla,TSLA,Manufacturing,Principal,80.9,648200,5.5
TSLA-0110,Arjun Yamamoto,Tesla,TSLA,Energy/Charging,Director,86.9,279200,6.3
TSLA-0111,Maria Reyes,Tesla,TSLA,Sales & Service,Senior,64.2,153100,3.0
TSLA-0112,Hannah Kim,Tesla,TSLA,Manufacturing,Senior,93.0,95400,2.8
TSLA-0113,Fatima Patel,Tesla,TSLA,Manufacturing,Senior,81.4,154100,1.4
TSLA-0114,James Yamamoto,Tesla,TSLA,Engineering,Staff,73.6,107300,1.8
TSLA-0115,Zoe Lee,Tesla,TSLA,Sales & Service,SVP,72.3,3670700,6.0
TSLA-0116,Ahmed Ali,Tesla,TSLA,Operations,Principal,72.0,1043300,4.3
TSLA-0117,Wei Rossi,Tesla,TSLA,Engineering,Director,76.8,1141800,3.6
TSLA-0118,Raj Brown,Tesla,TSLA,Manufacturing,Staff,83.7,218000,1.0
TSLA-0119,Elena Davis,Tesla,TSLA,Operations,Senior,63.3,134900,3.4
TSLA-0120,Aisha Johnson,Tesla,TSLA,Sales & Service,Senior Director,87.5,1593100,13.4
TSLA-0121,Fatima Silva,Tesla,TSLA,Engineering,Principal,77.3,405000,6.9
TSLA-0122,Kevin Park,Tesla,TSLA,Manufacturing,Staff,100.0,264200,1.8
TSLA-0123,Yuki Wang,Tesla,TSLA,Energy/Charging,Senior,62.3,123700,7.2
TSLA-0124,Elena Park,Tesla,TSLA,Legal & Policy,Director,71.9,1112800,6.8
TSLA-0125,Priya Smith,Tesla,TSLA,People/HR,Senior,70.3,305600,3.8
TSLA-0126,Raj Singh,Tesla,TSLA,Operations,Senior Director,72.9,626700,5.2
TSLA-0127,Daniel Petrov,Tesla,TSLA,Manufacturing,Senior,75.1,174700,11.9
TSLA-0128,Hiroshi Smith,Tesla,TSLA,Sales & Service,Staff,85.6,336100,3.6
TSLA-0129,Hannah Wang,Tesla,TSLA,Design,Director,71.4,724600,3.7
TSLA-0130,John Wilson,Tesla,TSLA,Sales & Service,Director,79.2,1007400,10.6
TSLA-0131,Chen Anderson,Tesla,TSLA,Engineering,VP,61.3,229100,6.7
TSLA-0132,Maria Silva,Tesla,TSLA,Design,Principal,81.5,187700,8.1
TSLA-0133,Thomas Park,Tesla,TSLA,Engineering,Staff,63.8,73700,3.1
TSLA-0134,Linda Anderson,Tesla,TSLA,Sales & Service,Principal,50.6,305100,9.5
TSLA-0135,Ahmed Lee,Tesla,TSLA,Manufacturing,SVP,79.8,1895900,7.0
TSLA-0136,Thomas Schmidt,Tesla,TSLA,Manufacturing,Principal,80.6,281800,2.4
TSLA-0137,Kevin Silva,Tesla,TSLA,Engineering,VP,100.0,694400,11.9
TSLA-0138,Olivia Davis,Tesla,TSLA,Manufacturing,Director,79.2,841700,7.6
TSLA-0139,Hiroshi Johnson,Tesla,TSLA,Engineering,Staff,55.8,140900,3.1
TSLA-0140,Aisha Tanaka,Tesla,TSLA,Engineering,Principal,67.1,699000,4.3
TSLA-0141,Linda Nguyen,Tesla,TSLA,Finance,Director,74.6,618100,7.5
TSLA-0142,Maria Patel,Tesla,TSLA,Operations,Principal,90.1,97200,4.2
TSLA-0143,Hiroshi Hassan,Tesla,TSLA,Sales & Service,SVP,87.3,902100,5.7
TSLA-0144,Ahmed Lee,Tesla,TSLA,Engineering,Senior,76.4,159600,2.1
TSLA-0145,Hannah Nguyen,Tesla,TSLA,Manufacturing,Senior,70.8,69000,5.6
TSLA-0146,Linda Okafor,Tesla,TSLA,Operations,Senior,87.4,140300,4.7
TSLA-0147,Mary Schmidt,Tesla,TSLA,Manufacturing,Director,99.2,553700,6.3
TSLA-0148,Kevin Anderson,Tesla,TSLA,Operations,Senior,76.3,167400,10.7
TSLA-0149,Priya Brown,Tesla,TSLA,Energy/Charging,Senior Director,84.9,894100,12.4
TSLA-0150,Arjun Lee,Tesla,TSLA,Design,Staff,65.9,49900,3.9
TSLA-0151,Sofia Garcia,Tesla,TSLA,Autonomy & AI,Senior,71.1,228100,8.4
TSLA-0152,Raj Chen,Tesla,TSLA,Engineering,Senior,91.7,99000,1.4
TSLA-0153,Chen Davis,Tesla,TSLA,Autonomy & AI,Senior,87.8,311000,7.8
TSLA-0154,Mary Davis,Tesla,TSLA,Energy/Charging,Director,94.9,1100800,8.8
TSLA-0155,Chen Yamamoto,Tesla,TSLA,Manufacturing,Senior Director,80.9,392600,5.9
TSLA-0156,Priya Wang,Tesla,TSLA,Manufacturing,Staff,51.6,213600,3.5
TSLA-0157,Kevin Ali,Tesla,TSLA,Operations,Principal,57.2,73800,4.8
TSLA-0158,Samuel Park,Tesla,TSLA,Manufacturing,VP,77.0,588100,5.6
TSLA-0159,Hannah Okafor,Tesla,TSLA,Design,Staff,81.9,208600,18.7
TSLA-0160,Grace Tanaka,Tesla,TSLA,Engineering,Senior Director,74.2,950900,3.7
TSLA-0161,Aisha Chen,Tesla,TSLA,Autonomy & AI,Director,72.4,730000,6.4
TSLA-0162,Zoe Ali,Tesla,TSLA,Autonomy & AI,Principal,87.4,912100,5.3
TSLA-0163,Sofia Brown,Tesla,TSLA,Autonomy & AI,Senior,80.6,207600,8.8
TSLA-0164,Sofia Tanaka,Tesla,TSLA,Manufacturing,Principal,81.9,338100,2.6
TSLA-0165,Priya Ali,Tesla,TSLA,Engineering,Senior,63.2,56600,1.2
TSLA-0166,Michael Ali,Tesla,TSLA,Sales & Service,Senior,79.8,113500,3.1
TSLA-0167,Ahmed Lee,Tesla,TSLA,Autonomy & AI,Staff,69.5,184700,9.8
TSLA-0168,Nina Johnson,Tesla,TSLA,Engineering,Staff,56.9,147500,7.1
TSLA-0169,Fatima Davis,Tesla,TSLA,People/HR,Principal,94.5,808500,2.4
TSLA-0170,Daniel Johnson,Tesla,TSLA,Engineering,Director,88.1,1321200,3.4
TSLA-0171,Elena Anderson,Tesla,TSLA,Operations,Staff,55.9,181400,4.2
TSLA-0172,Aisha Ali,Tesla,TSLA,Manufacturing,Principal,93.5,617700,13.9
TSLA-0173,Priya Patel,Tesla,TSLA,Manufacturing,Staff,95.9,149100,2.0
TSLA-0174,James Chen,Tesla,TSLA,Manufacturing,Senior,68.3,177900,2.3
TSLA-0175,Daniel Park,Tesla,TSLA,Engineering,Senior Director,91.1,541800,4.4
TSLA-0176,Arjun Ali,Tesla,TSLA,Manufacturing,Director,88.2,243400,3.7
TSLA-0177,David Garcia,Tesla,TSLA,Engineering,Principal,79.1,290900,7.3
TSLA-0178,Zoe Nguyen,Tesla,TSLA,Finance,Senior,90.8,288400,11.9
TSLA-0179,Mary Ali,Tesla,TSLA,Manufacturing,Director,76.3,304200,5.1
TSLA-0180,Elena Smith,Tesla,TSLA,Autonomy & AI,Staff,83.2,206500,3.1
TSLA-0181,Hiroshi Patel,Tesla,TSLA,Energy/Charging,Staff,64.4,135600,4.0
TSLA-0182,Nina Lopez,Tesla,TSLA,Energy/Charging,Senior,60.4,124800,1.1
TSLA-0183,Ahmed Wilson,Tesla,TSLA,Engineering,Staff,65.5,124500,1.8
TSLA-0184,Linda Davis,Tesla,TSLA,Engineering,Staff,83.5,179800,1.4
TSLA-0185,Zoe Tanaka,Tesla,TSLA,Manufacturing,Principal,65.7,748100,5.2
TSLA-0186,Nina Okafor,Tesla,TSLA,Engineering,Senior,74.8,309800,9.0
TSLA-0187,Priya Tanaka,Tesla,TSLA,Autonomy & AI,Staff,66.1,204500,3.6
TSLA-0188,Sofia Reyes,Tesla,TSLA,Engineering,Senior Director,98.6,1377100,5.9
TSLA-0189,John Park,Tesla,TSLA,Engineering,Staff,96.3,409300,3.3
TSLA-0190,Wei Anderson,Tesla,TSLA,Engineering,Staff,86.9,191700,1.2
TSLA-0191,Raj Anderson,Tesla,TSLA,Engineering,Principal,77.6,290700,12.5
TSLA-0192,Hannah Lopez,Tesla,TSLA,Engineering,Staff,69.6,122500,4.9
TSLA-0193,John Martinez,Tesla,TSLA,Engineering,Senior,89.7,238100,3.6
TSLA-0194,Emily Tanaka,Tesla,TSLA,Operations,Senior Director,72.9,387600,14.7
TSLA-0195,Chen Nguyen,Tesla,TSLA,Sales & Service,Senior Director,76.6,155400,11.4
TSLA-0196,Hiroshi Smith,Tesla,TSLA,Operations,VP,84.3,397500,6.1
TSLA-0197,Sofia Schmidt,Tesla,TSLA,Manufacturing,Staff,78.6,514800,5.1
TSLA-0198,Ahmed Patel,Tesla,TSLA,Autonomy & AI,Principal,69.4,380000,4.1
TSLA-0199,Arjun Martinez,Tesla,TSLA,Engineering,Senior Director,82.1,848300,4.4
TSLA-0200,John Silva,Tesla,TSLA,Manufacturing,Staff,84.9,711400,3.3
TSLA-0201,James Martinez,Tesla,TSLA,Autonomy & AI,Senior,63.9,211500,5.6
TSLA-0202,Carlos Petrov,Tesla,TSLA,Engineering,Staff,54.3,163100,6.8
TSLA-0203,John Yamamoto,Tesla,TSLA,Finance,Senior,84.6,414200,4.1
TSLA-0204,Chen Patel,Tesla,TSLA,Manufacturing,Senior Director,77.4,480300,5.5
TSLA-0205,Mary Murphy,Tesla,TSLA,Engineering,Principal,79.6,325900,7.3
TSLA-0206,Aisha Martinez,Tesla,TSLA,Engineering,Staff,71.0,337200,1.4
TSLA-0207,Carlos Lee,Tesla,TSLA,Operations,VP,69.0,673300,6.4
TSLA-0208,Samuel Garcia,Tesla,TSLA,Engineering,Senior,72.8,37500,4.6
TSLA-0209,Priya Garcia,Tesla,TSLA,Energy/Charging,Director,80.3,347200,7.1
TSLA-0210,Emily Garcia,Tesla,TSLA,Manufacturing,Principal,72.9,425100,4.0
TSLA-0211,Elena Brown,Tesla,TSLA,Engineering,Senior,100.0,189400,1.9
TSLA-0212,Mary Smith,Tesla,TSLA,Engineering,Staff,77.2,393900,5.6
TSLA-0213,Elena Smith,Tesla,TSLA,Engineering,Principal,80.7,346100,8.5
TSLA-0214,Kevin Kim,Tesla,TSLA,Energy/Charging,Principal,75.0,464300,8.6
TSLA-0215,Raj Wilson,Tesla,TSLA,Sales & Service,Principal,74.8,189900,3.4
TSLA-0216,Hannah Nguyen,Tesla,TSLA,Design,Staff,86.8,293100,6.8
TSLA-0217,Arjun Park,Tesla,TSLA,Design,Senior,89.9,102800,8.1
TSLA-0218,Grace Smith,Tesla,TSLA,Manufacturing,Director,75.1,360000,17.3
TSLA-0219,Maria Yamamoto,Tesla,TSLA,Energy/Charging,Director,69.9,258200,3.8
TSLA-0220,Hiroshi Nguyen,Tesla,TSLA,Sales & Service,SVP,87.2,4085300,9.6
TSLA-0221,Emily Hassan,Tesla,TSLA,Engineering,Principal,66.5,892100,3.1
TSLA-0222,Thomas Singh,Tesla,TSLA,Operations,Senior,95.5,126300,7.2
TSLA-0223,Raj Khan,Tesla,TSLA,Manufacturing,Staff,93.2,327300,11.4
TSLA-0224,Yuki Wilson,Tesla,TSLA,Manufacturing,Senior,80.5,126400,3.1
TSLA-0225,Aisha Kim,Tesla,TSLA,Engineering,Principal,72.6,271500,2.9
TSLA-0226,Emily Martinez,Tesla,TSLA,Energy/Charging,Senior,82.6,126200,8.5
TSLA-0227,Zoe Kim,Tesla,TSLA,People/HR,Staff,81.4,709400,1.6
TSLA-0228,Chen Ali,Tesla,TSLA,Operations,Principal,74.0,613600,5.7
TSLA-0229,Kevin Lee,Tesla,TSLA,Engineering,Senior,70.4,176300,6.8
TSLA-0230,Yuki Khan,Tesla,TSLA,Engineering,Senior,73.1,429000,4.1
TSLA-0231,Arjun Nguyen,Tesla,TSLA,Autonomy & AI,VP,72.9,391400,6.0
TSLA-0232,Carlos Patel,Tesla,TSLA,Manufacturing,VP,75.2,1056900,7.3
TSLA-0233,Fatima Nguyen,Tesla,TSLA,Legal & Policy,Staff,68.8,74300,5.6
TSLA-0234,Olivia Martinez,Tesla,TSLA,Sales & Service,Staff,83.4,335100,3.0
TSLA-0235,Daniel Nguyen,Tesla,TSLA,Manufacturing,Senior,65.2,99100,1.3
TSLA-0236,Wei Hassan,Tesla,TSLA,Sales & Service,Principal,91.7,125900,4.8
TSLA-0237,Ahmed Wilson,Tesla,TSLA,Manufacturing,Director,95.9,640400,4.9
TSLA-0238,Olivia Hassan,Tesla,TSLA,Engineering,Director,68.9,136600,6.1
TSLA-0239,Olivia Khan,Tesla,TSLA,Engineering,Principal,56.2,305000,2.2
TSLA-0240,James Lopez,Tesla,TSLA,Manufacturing,SVP,79.6,1720500,10.1
TSLA-0241,Zoe Martinez,Tesla,TSLA,Manufacturing,Principal,74.1,253300,1.8
TSLA-0242,Maria Okafor,Tesla,TSLA,Autonomy & AI,Senior Director,78.9,445800,5.6
TSLA-0243,Michael Cohen,Tesla,TSLA,Engineering,Director,93.8,739100,4.9
TSLA-0244,Olivia Smith,Tesla,TSLA,Manufacturing,Staff,85.1,296800,3.3
TSLA-0245,Linda Park,Tesla,TSLA,Manufacturing,Senior,68.7,137800,6.3
TSLA-0246,Fatima Chen,Tesla,TSLA,Engineering,Staff,77.3,386900,1.8
TSLA-0247,Hiroshi Kim,Tesla,TSLA,Engineering,Senior,69.7,98100,0.4
TSLA-0248,Linda Brown,Tesla,TSLA,Engineering,Senior,81.1,294400,2.9
TSLA-0249,Fatima Silva,Tesla,TSLA,Autonomy & AI,Senior Director,88.6,204400,4.8
TSLA-0250,Hannah Petrov,Tesla,TSLA,Sales & Service,Staff,79.0,167200,7.6
TSLA-0251,Zoe Patel,Tesla,TSLA,Operations,Director,73.4,116000,5.9
TSLA-0252,Aisha Kim,Tesla,TSLA,Autonomy & AI,Staff,77.3,286600,6.8
TSLA-0253,Chen Rossi,Tesla,TSLA,Manufacturing,Senior,70.5,273400,8.0
TSLA-0254,Grace Cohen,Tesla,TSLA,Manufacturing,Senior,79.8,364800,0.8
TSLA-0255,Wei Kim,Tesla,TSLA,Operations,Staff,84.4,226200,1.8
TSLA-0256,Maria Johnson,Tesla,TSLA,Operations,Principal,60.4,311000,3.2
TSLA-0257,Mary Park,Tesla,TSLA,Sales & Service,Principal,82.0,543000,4.4
TSLA-0258,Thomas Schmidt,Tesla,TSLA,Manufacturing,VP,81.8,1947300,4.9
TSLA-0259,Elena Okafor,Tesla,TSLA,Energy/Charging,Director,62.8,209600,11.4
TSLA-0260,Maria Yamamoto,Tesla,TSLA,Engineering,Staff,80.9,79400,4.9
TSLA-0261,Grace Chen,Tesla,TSLA,Manufacturing,Senior,72.4,173400,1.4
TSLA-0262,Arjun Silva,Tesla,TSLA,Legal & Policy,Senior Director,85.1,767200,6.7
TSLA-0263,Ahmed Yamamoto,Tesla,TSLA,Manufacturing,VP,91.8,534200,12.9
TSLA-0264,Daniel Park,Tesla,TSLA,Manufacturing,Staff,81.1,474500,1.0
TSLA-0265,Aisha Schmidt,Tesla,TSLA,Finance,Director,100.0,774200,9.0
TSLA-0266,Olivia Schmidt,Tesla,TSLA,Sales & Service,Senior Director,95.2,1776100,5.9
TSLA-0267,Chen Patel,Tesla,TSLA,Manufacturing,Senior,82.6,138800,6.4
TSLA-0268,Wei Okafor,Tesla,TSLA,Energy/Charging,Senior,86.4,388400,8.3
TSLA-0269,Samuel Patel,Tesla,TSLA,Autonomy & AI,VP,73.3,836900,4.5
TSLA-0270,Chen Reyes,Tesla,TSLA,Design,Principal,87.1,424900,13.3
TSLA-0271,Thomas Anderson,Tesla,TSLA,Engineering,Senior,65.2,83600,0.6
TSLA-0272,John Martinez,Tesla,TSLA,Autonomy & AI,Principal,90.5,457300,8.6
TSLA-0273,Olivia Tanaka,Tesla,TSLA,Sales & Service,Senior,70.0,188200,4.2
TSLA-0274,Nina Okafor,Tesla,TSLA,People/HR,Senior,85.2,210700,4.6
TSLA-0275,Thomas Anderson,Tesla,TSLA,Engineering,Senior,76.4,168400,6.7
TSLA-0276,Olivia Brown,Tesla,TSLA,Manufacturing,Senior Director,87.0,1623900,6.5
TSLA-0277,Grace Tanaka,Tesla,TSLA,Manufacturing,Senior,68.3,312600,7.9
TSLA-0278,Hannah Singh,Tesla,TSLA,Manufacturing,Director,78.4,301000,5.7
TSLA-0279,Priya Reyes,Tesla,TSLA,Manufacturing,Principal,79.1,1016100,13.8
TSLA-0280,Elena Smith,Tesla,TSLA,Manufacturing,Senior,43.2,228300,1.6
TSLA-0281,Nina Park,Tesla,TSLA,Engineering,Staff,59.9,432900,6.9
TSLA-0282,Nina Wilson,Tesla,TSLA,Operations,Senior,60.7,208700,0.7
TSLA-0283,Samuel Ali,Tesla,TSLA,Autonomy & AI,Director,79.1,454600,7.0
TSLA-0284,Zoe Chen,Tesla,TSLA,Engineering,Principal,66.3,923500,11.3
TSLA-0285,Wei Singh,Tesla,TSLA,Design,Principal,100.0,552000,4.8
TSLA-0286,Nina Patel,Tesla,TSLA,Design,Principal,81.8,992100,5.9
TSLA-0287,Samuel Park,Tesla,TSLA,Manufacturing,Senior Director,78.5,755100,6.2
TSLA-0288,Arjun Wang,Tesla,TSLA,Design,Senior Director,68.3,458200,5.0
TSLA-0289,Thomas Nguyen,Tesla,TSLA,Manufacturing,Senior,65.6,143000,2.0
TSLA-0290,Thomas Hassan,Tesla,TSLA,Autonomy & AI,Director,85.2,638000,5.9
TSLA-0291,Grace Smith,Tesla,TSLA,Sales & Service,Staff,82.0,309600,1.8
TSLA-0292,David Singh,Tesla,TSLA,Manufacturing,Senior Director,83.1,797700,5.1
TSLA-0293,Wei Brown,Tesla,TSLA,Sales & Service,Principal,46.9,303200,8.8
TSLA-0294,Daniel Nguyen,Tesla,TSLA,Manufacturing,Senior,63.6,140500,2.9
TSLA-0295,Raj Okafor,Tesla,TSLA,Manufacturing,Staff,90.1,306200,2.8
TSLA-0296,Carlos Brown,Tesla,TSLA,Manufacturing,Senior,82.1,164400,3.5
TSLA-0297,Olivia Ali,Tesla,TSLA,Autonomy & AI,SVP,84.6,2188800,12.7
TSLA-0298,Mary Kim,Tesla,TSLA,Engineering,SVP,79.1,837400,11.2
TSLA-0299,David Davis,Tesla,TSLA,Manufacturing,Senior,62.3,262500,8.5
TSLA-0300,Kevin Johnson,Tesla,TSLA,Engineering,Staff,77.1,100300,0.9
TSLA-0301,Hannah Chen,Tesla,TSLA,Engineering,Senior Director,75.8,180500,10.9
TSLA-0302,Raj Patel,Tesla,TSLA,Autonomy & AI,Staff,78.3,171200,0.8
TSLA-0303,Hiroshi Nguyen,Tesla,TSLA,Engineering,Senior,82.4,281600,4.1
TSLA-0304,Carlos Nguyen,Tesla,TSLA,Energy/Charging,Senior,77.4,523700,2.9
TSLA-0305,Raj Johnson,Tesla,TSLA,Manufacturing,Staff,67.9,257300,2.8
TSLA-0306,Samuel Johnson,Tesla,TSLA,Sales & Service,Senior,100.0,221600,2.1
TSLA-0307,Thomas Kim,Tesla,TSLA,Sales & Service,Principal,57.9,636700,5.3
TSLA-0308,Zoe Martinez,Tesla,TSLA,Design,Staff,62.0,224600,10.0
TSLA-0309,Priya Lee,Tesla,TSLA,Energy/Charging,Senior,78.1,257000,6.5
TSLA-0310,David Anderson,Tesla,TSLA,Sales & Service,Senior Director,76.8,924800,4.1
TSLA-0311,Priya Patel,Tesla,TSLA,Manufacturing,Director,83.5,352700,3.4
TSLA-0312,Arjun Petrov,Tesla,TSLA,Manufacturing,Senior,69.4,188500,0.7
TSLA-0313,Raj Tanaka,Tesla,TSLA,Engineering,Senior,73.1,290500,3.8
TSLA-0314,Carlos Martinez,Tesla,TSLA,Sales & Service,Senior,61.6,160700,1.9
TSLA-0315,Wei Martinez,Tesla,TSLA,Manufacturing,Staff,67.7,230300,1.6
TSLA-0316,Chen Ali,Tesla,TSLA,Manufacturing,Senior,92.3,310600,2.7
TSLA-0317,Nina Okafor,Tesla,TSLA,Engineering,Director,81.4,232000,4.5
TSLA-0318,Sofia Kim,Tesla,TSLA,Engineering,Senior Director,58.4,1089700,10.9
TSLA-0319,Mary Hassan,Tesla,TSLA,Sales & Service,Senior Director,69.2,1182700,7.5
TSLA-0320,Fatima Singh,Tesla,TSLA,Operations,Principal,75.3,525500,6.9
TSLA-0321,Wei Cohen,Tesla,TSLA,Design,Principal,52.6,83700,5.8
TSLA-0322,Zoe Wilson,Tesla,TSLA,Operations,Senior,70.3,140500,4.9
TSLA-0323,Chen Wilson,Tesla,TSLA,Sales & Service,VP,79.5,4603100,9.2
TSLA-0324,Yuki Park,Tesla,TSLA,Operations,Director,70.1,591800,8.1
TSLA-0325,Olivia Kim,Tesla,TSLA,Manufacturing,VP,76.4,1445500,5.5
TSLA-0326,Daniel Singh,Tesla,TSLA,Sales & Service,Staff,76.3,298400,2.6
TSLA-0327,Wei Okafor,Tesla,TSLA,Energy/Charging,VP,67.7,920600,6.5
TSLA-0328,Wei Yamamoto,Tesla,TSLA,Manufacturing,Senior,75.3,131700,7.9
TSLA-0329,Maria Hassan,Tesla,TSLA,Manufacturing,Director,72.9,431900,7.0
TSLA-0330,Yuki Patel,Tesla,TSLA,Manufacturing,Director,98.0,465300,4.3
TSLA-0331,Wei Brown,Tesla,TSLA,Sales & Service,SVP,70.9,454500,10.4
TSLA-0332,Hannah Lee,Tesla,TSLA,Autonomy & AI,Senior,99.7,679600,13.7
TSLA-0333,Kevin Cohen,Tesla,TSLA,Energy/Charging,Director,83.5,771200,9.6
TSLA-0334,Arjun Murphy,Tesla,TSLA,Engineering,SVP,78.0,320900,6.8
TSLA-0335,David Nguyen,Tesla,TSLA,Energy/Charging,Senior,76.1,137900,1.1
TSLA-0336,Daniel Petrov,Tesla,TSLA,Autonomy & AI,Senior Director,74.3,260000,4.7
TSLA-0337,Elena Park,Tesla,TSLA,Engineering,Principal,79.7,259600,6.4
TSLA-0338,Maria Nguyen,Tesla,TSLA,Manufacturing,Director,66.4,237000,4.5
TSLA-0339,Elena Brown,Tesla,TSLA,Sales & Service,Staff,67.5,133400,0.9
TSLA-0340,David Davis,Tesla,TSLA,Sales & Service,VP,74.4,2954800,12.8
TSLA-0341,Maria Wang,Tesla,TSLA,Manufacturing,SVP,82.5,1358100,11.6
TSLA-0342,Nina Tanaka,Tesla,TSLA,Engineering,Staff,62.1,563900,1.5
TSLA-0343,Nina Reyes,Tesla,TSLA,Operations,Principal,83.3,211500,3.2
TSLA-0344,David Lee,Tesla,TSLA,Engineering,Senior,84.5,258600,4.5
TSLA-0345,Sofia Khan,Tesla,TSLA,Legal & Policy,Staff,76.3,157600,3.5
TSLA-0346,Hiroshi Petrov,Tesla,TSLA,Engineering,Director,71.7,850800,12.3
TSLA-0347,David Reyes,Tesla,TSLA,Sales & Service,Staff,64.9,405400,3.9
TSLA-0348,James Smith,Tesla,TSLA,Autonomy & AI,Staff,87.2,151200,5.6
TSLA-0349,Raj Brown,Tesla,TSLA,Sales & Service,Principal,73.2,212100,7.1
TSLA-0350,Thomas Lopez,Tesla,TSLA,Engineering,Senior,63.1,449800,4.1
TSLA-0351,Hannah Reyes,Tesla,TSLA,Sales & Service,Senior,59.5,271800,1.8
TSLA-0352,Samuel Ali,Tesla,TSLA,Engineering,Senior Director,100.0,434900,10.0
TSLA-0353,Michael Park,Tesla,TSLA,Engineering,Senior,78.2,161000,5.5
TSLA-0354,Thomas Wilson,Tesla,TSLA,Operations,Principal,79.5,158500,8.7
TSLA-0355,Carlos Chen,Tesla,TSLA,Manufacturing,VP,57.0,276400,6.8
TSLA-0356,Maria Brown,Tesla,TSLA,Engineering,Principal,60.7,79800,2.2
TSLA-0357,Aisha Petrov,Tesla,TSLA,Manufacturing,Director,70.4,306300,8.6
TSLA-0358,Thomas Wilson,Tesla,TSLA,Engineering,Director,81.9,487300,6.1
TSLA-0359,Arjun Tanaka,Tesla,TSLA,Energy/Charging,Director,88.3,417300,2.8
TSLA-0360,Nina Petrov,Tesla,TSLA,Energy/Charging,Senior,67.0,388700,1.0
TSLA-0361,Aisha Cohen,Tesla,TSLA,Sales & Service,Principal,76.0,319500,4.0
TSLA-0362,John Davis,Tesla,TSLA,Sales & Service,Staff,76.0,672800,4.1
TSLA-0363,Fatima Davis,Tesla,TSLA,Engineering,Staff,99.8,272600,1.2
TSLA-0364,Maria Johnson,Tesla,TSLA,Sales & Service,Staff,68.7,520700,5.4
TSLA-0365,Arjun Silva,Tesla,TSLA,Engineering,Senior,68.5,63800,7.9
TSLA-0366,Olivia Okafor,Tesla,TSLA,Engineering,Staff,64.0,190100,4.0
TSLA-0367,Emily Nguyen,Tesla,TSLA,Energy/Charging,Senior,77.4,211200,8.7
TSLA-0368,Mary Nguyen,Tesla,TSLA,Operations,Staff,78.3,335000,2.9
TSLA-0369,Zoe Okafor,Tesla,TSLA,Engineering,Principal,74.6,265900,6.0
TSLA-0370,John Lee,Tesla,TSLA,Autonomy & AI,Senior,53.4,303900,1.3
TSLA-0371,Daniel Nguyen,Tesla,TSLA,Energy/Charging,Staff,86.3,264500,1.9
TSLA-0372,Michael Tanaka,Tesla,TSLA,Manufacturing,Principal,78.2,175000,3.1
TSLA-0373,Kevin Murphy,Tesla,TSLA,Manufacturing,Senior,76.0,145500,20.8
TSLA-0374,Hannah Ali,Tesla,TSLA,Manufacturing,Senior Director,87.3,1042900,8.0
TSLA-0375,Thomas Khan,Tesla,TSLA,Autonomy & AI,Senior,78.0,180800,2.7
TSLA-0376,Elena Anderson,Tesla,TSLA,Design,Director,61.8,474800,4.3
TSLA-0377,James Cohen,Tesla,TSLA,Sales & Service,Senior,88.9,170900,1.4
TSLA-0378,Aisha Petrov,Tesla,TSLA,Sales & Service,Staff,87.5,411400,7.7
TSLA-0379,James Park,Tesla,TSLA,Finance,Principal,87.3,678900,5.0
TSLA-0380,Nina Reyes,Tesla,TSLA,Engineering,Staff,85.2,629500,2.8
TSLA-0381,Daniel Anderson,Tesla,TSLA,Manufacturing,Senior Director,61.5,107400,9.4
TSLA-0382,Raj Khan,Tesla,TSLA,Operations,Principal,92.4,127800,3.8
TSLA-0383,Emily Lee,Tesla,TSLA,Autonomy & AI,Principal,69.9,206700,1.7
TSLA-0384,Mary Reyes,Tesla,TSLA,Sales & Service,Director,86.7,135700,5.5
TSLA-0385,Zoe Hassan,Tesla,TSLA,Legal & Policy,Staff,65.6,393100,5.9
TSLA-0386,Elena Reyes,Tesla,TSLA,Finance,Senior,62.9,277800,3.4
TSLA-0387,Zoe Tanaka,Tesla,TSLA,Autonomy & AI,Senior,62.1,90900,4.7
TSLA-0388,Olivia Garcia,Tesla,TSLA,Sales & Service,VP,78.9,591700,6.3
TSLA-0389,Samuel Ali,Tesla,TSLA,Engineering,Senior,80.7,83200,1.1
TSLA-0390,Kevin Wang,Tesla,TSLA,Manufacturing,VP,86.5,1380500,7.1
TSLA-0391,Elena Khan,Tesla,TSLA,Autonomy & AI,Staff,80.5,170600,11.4
TSLA-0392,David Johnson,Tesla,TSLA,Finance,Staff,72.6,522100,5.7
TSLA-0393,Aisha Wilson,Tesla,TSLA,Engineering,Director,86.7,547600,3.1
TSLA-0394,Thomas Ali,Tesla,TSLA,Manufacturing,Senior,88.0,101900,6.3
TSLA-0395,Wei Nguyen,Tesla,TSLA,Engineering,VP,74.3,406300,7.2
TSLA-0396,Elena Brown,Tesla,TSLA,Sales & Service,Director,84.2,154300,4.3
TSLA-0397,David Rossi,Tesla,TSLA,Sales & Service,Senior,67.0,184500,2.7
TSLA-0398,Yuki Anderson,Tesla,TSLA,People/HR,Staff,71.6,222500,4.8
TSLA-0399,Raj Petrov,Tesla,TSLA,Autonomy & AI,Staff,66.1,217100,3.0
TSLA-0400,Nina Smith,Tesla,TSLA,Operations,Senior,83.8,134100,8.9
TSLA-0401,John Okafor,Tesla,TSLA,Autonomy & AI,Director,88.6,915400,5.7
TSLA-0402,Olivia Anderson,Tesla,TSLA,Manufacturing,Senior,77.1,132900,0.8
TSLA-0403,Ahmed Reyes,Tesla,TSLA,Engineering,Senior,79.1,147900,3.0
TSLA-0404,Samuel Wang,Tesla,TSLA,Engineering,Senior,75.5,393000,1.5
TSLA-0405,Emily Lopez,Tesla,TSLA,Manufacturing,Principal,94.4,251300,4.2
TSLA-0406,Grace Petrov,Tesla,TSLA,Energy/Charging,Senior Director,92.0,491900,4.1
TSLA-0407,John Reyes,Tesla,TSLA,Energy/Charging,Staff,96.6,391200,1.6
TSLA-0408,Raj Silva,Tesla,TSLA,Engineering,Senior,73.5,227500,8.5
TSLA-0409,Michael Cohen,Tesla,TSLA,Sales & Service,Principal,62.3,467300,3.9
TSLA-0410,Thomas Lopez,Tesla,TSLA,Engineering,Director,73.7,207000,11.0
TSLA-0411,Wei Rossi,Tesla,TSLA,Manufacturing,Staff,80.1,69000,3.6
TSLA-0412,Fatima Brown,Tesla,TSLA,Engineering,Staff,58.9,147200,2.0
TSLA-0413,John Lopez,Tesla,TSLA,Engineering,Director,63.9,455000,16.4
TSLA-0414,Maria Khan,Tesla,TSLA,Engineering,Senior,86.8,186800,0.2
TSLA-0415,Priya Silva,Tesla,TSLA,Manufacturing,Staff,76.2,61000,1.3
TSLA-0416,Ahmed Murphy,Tesla,TSLA,Energy/Charging,Senior Director,86.4,211600,5.6
TSLA-0417,Chen Singh,Tesla,TSLA,Engineering,Staff,63.5,231400,5.3
TSLA-0418,Carlos Nguyen,Tesla,TSLA,Sales & Service,VP,83.4,2233400,8.2
TSLA-0419,David Petrov,Tesla,TSLA,Manufacturing,Senior,75.8,340100,2.8
TSLA-0420,Priya Johnson,Tesla,TSLA,Engineering,Director,76.2,233400,4.0
TSLA-0421,Aisha Patel,Tesla,TSLA,Operations,Principal,75.4,198200,3.6
TSLA-0422,Olivia Lee,Tesla,TSLA,Engineering,Staff,70.5,157300,2.0
TSLA-0423,Elena Park,Tesla,TSLA,Engineering,Senior,88.2,261400,4.0
TSLA-0424,Grace Patel,Tesla,TSLA,Manufacturing,Senior Director,91.3,145700,8.7
TSLA-0425,Priya Cohen,Tesla,TSLA,Energy/Charging,VP,71.7,517900,7.1
TSLA-0426,Nina Khan,Tesla,TSLA,Engineering,Staff,78.3,310200,1.7
TSLA-0427,Carlos Okafor,Tesla,TSLA,Engineering,Director,81.1,815600,10.4
TSLA-0428,Maria Park,Tesla,TSLA,Engineering,Senior,91.5,244900,6.7
TSLA-0429,John Kim,Tesla,TSLA,Finance,Principal,71.5,225600,5.3
TSLA-0430,Fatima Yamamoto,Tesla,TSLA,Engineering,Principal,76.5,347100,5.2
TSLA-0431,Daniel Patel,Tesla,TSLA,Sales & Service,Principal,74.7,574700,5.3
TSLA-0432,Nina Murphy,Tesla,TSLA,Manufacturing,Senior,78.9,297100,1.7
TSLA-0433,Hiroshi Yamamoto,Tesla,TSLA,Engineering,Director,67.5,264800,4.4
TSLA-0434,Thomas Yamamoto,Tesla,TSLA,Manufacturing,Senior,67.2,229800,1.4
TSLA-0435,David Davis,Tesla,TSLA,Manufacturing,Staff,70.9,315500,6.6
TSLA-0436,Raj Garcia,Tesla,TSLA,Manufacturing,Staff,64.5,322100,5.6
TSLA-0437,Carlos Khan,Tesla,TSLA,Legal & Policy,SVP,68.4,571200,8.1
TSLA-0438,Hiroshi Schmidt,Tesla,TSLA,Finance,Senior,74.4,175500,2.4
TSLA-0439,Thomas Lee,Tesla,TSLA,Design,Principal,74.7,290100,4.9
TSLA-0440,Aisha Singh,Tesla,TSLA,Manufacturing,Staff,70.1,160900,2.3
TSLA-0441,Samuel Ali,Tesla,TSLA,Manufacturing,Principal,91.8,261900,4.1
TSLA-0442,Chen Petrov,Tesla,TSLA,Autonomy & AI,Senior,87.9,98100,15.3
TSLA-0443,Raj Ali,Tesla,TSLA,Design,VP,58.8,475900,9.2
TSLA-0444,Chen Nguyen,Tesla,TSLA,Manufacturing,Senior Director,85.5,473700,5.4
TSLA-0445,Priya Kim,Tesla,TSLA,Engineering,Senior,82.2,181100,2.9
TSLA-0446,Kevin Hassan,Tesla,TSLA,Operations,Principal,90.1,768700,4.9
TSLA-0447,Raj Murphy,Tesla,TSLA,Autonomy & AI,Staff,76.9,165200,3.9
TSLA-0448,Linda Johnson,Tesla,TSLA,Manufacturing,Principal,78.1,390100,9.7
TSLA-0449,Yuki Garcia,Tesla,TSLA,Manufacturing,Director,76.1,276200,5.8
TSLA-0450,Olivia Garcia,Tesla,TSLA,Autonomy & AI,Principal,54.8,882000,2.5
TSLA-0451,Nina Ali,Tesla,TSLA,Autonomy & AI,Senior,76.9,336400,4.0
TSLA-0452,Grace Patel,Tesla,TSLA,Design,VP,80.9,1746800,12.1
TSLA-0453,Wei Patel,Tesla,TSLA,Manufacturing,Senior,71.3,179800,2.4
TSLA-0454,Carlos Wilson,Tesla,TSLA,Manufacturing,Staff,69.1,160500,4.6
TSLA-0455,Fatima Cohen,Tesla,TSLA,Engineering,Senior Director,75.2,1040000,6.5
TSLA-0456,Grace Reyes,Tesla,TSLA,Engineering,Principal,55.1,456100,1.8
TSLA-0457,Elena Lee,Tesla,TSLA,Engineering,Staff,74.8,263400,14.5
TSLA-0458,James Chen,Tesla,TSLA,Engineering,Staff,52.4,213300,3.9
TSLA-0459,Mary Petrov,Tesla,TSLA,Engineering,Director,70.7,163000,4.3
TSLA-0460,Maria Wilson,Tesla,TSLA,Engineering,Senior,90.5,424000,3.9
TSLA-0461,Elena Park,Tesla,TSLA,Energy/Charging,Principal,69.4,552200,4.4
TSLA-0462,Olivia Singh,Tesla,TSLA,Engineering,Senior,69.2,171500,1.9
TSLA-0463,Wei Yamamoto,Tesla,TSLA,Operations,Senior,65.6,207300,3.2
TSLA-0464,Fatima Petrov,Tesla,TSLA,People/HR,Director,64.5,752400,5.5
TSLA-0465,Wei Yamamoto,Tesla,TSLA,Manufacturing,Senior,66.7,206800,1.1
TSLA-0466,Sofia Lopez,Tesla,TSLA,Autonomy & AI,Senior,72.8,299700,1.5
TSLA-0467,John Yamamoto,Tesla,TSLA,Engineering,Principal,98.0,472600,2.0
TSLA-0468,Olivia Patel,Tesla,TSLA,Operations,Senior,82.0,375700,1.1
TSLA-0469,Priya Nguyen,Tesla,TSLA,Sales & Service,Senior,80.1,291000,1.0
TSLA-0470,Michael Nguyen,Tesla,TSLA,Manufacturing,Staff,53.0,205200,0.7
TSLA-0471,Fatima Park,Tesla,TSLA,Engineering,Staff,86.1,650300,9.4
TSLA-0472,Emily Garcia,Tesla,TSLA,Operations,Senior,67.1,59300,1.4
TSLA-0473,Michael Brown,Tesla,TSLA,Engineering,VP,100.0,1032400,10.0
TSLA-0474,John Yamamoto,Tesla,TSLA,Design,Principal,84.7,245700,5.6
TSLA-0475,Hannah Smith,Tesla,TSLA,Finance,Staff,88.0,159300,3.0
TSLA-0476,Raj Garcia,Tesla,TSLA,Autonomy & AI,Senior Director,65.2,531200,7.4
TSLA-0477,Zoe Patel,Tesla,TSLA,Autonomy & AI,Staff,100.0,74300,4.5
TSLA-0478,Chen Singh,Tesla,TSLA,Engineering,Senior,76.0,627300,1.1
TSLA-0479,Aisha Tanaka,Tesla,TSLA,Engineering,Principal,66.1,273100,2.6
TSLA-0480,Emily Singh,Tesla,TSLA,Engineering,Principal,76.4,627700,4.1
TSLA-0481,Chen Chen,Tesla,TSLA,Manufacturing,Principal,98.1,388800,3.8
TSLA-0482,Grace Khan,Tesla,TSLA,Autonomy & AI,Director,65.1,324300,3.5
TSLA-0483,Nina Martinez,Tesla,TSLA,Manufacturing,Staff,81.3,568100,2.3
TSLA-0484,Hiroshi Chen,Tesla,TSLA,Engineering,Staff,99.3,332900,5.1
TSLA-0485,Daniel Martinez,Tesla,TSLA,Autonomy & AI,Staff,69.6,157100,19.1
TSLA-0486,Daniel Martinez,Tesla,TSLA,Autonomy & AI,Director,89.3,429700,4.0
TSLA-0487,Sofia Ali,Tesla,TSLA,Engineering,Staff,97.6,475800,1.1
TSLA-0488,Chen Schmidt,Tesla,TSLA,Engineering,Senior,89.7,167400,1.6
TSLA-0489,Aisha Ali,Tesla,TSLA,Manufacturing,Staff,79.0,349100,4.5
TSLA-0490,Hannah Nguyen,Tesla,TSLA,Energy/Charging,Principal,52.3,379200,1.7
TSLA-0491,Elena Nguyen,Tesla,TSLA,Engineering,Director,98.1,620400,5.7
TSLA-0492,Raj Okafor,Tesla,TSLA,People/HR,Senior,71.3,152200,2.7
TSLA-0493,Mary Khan,Tesla,TSLA,Operations,Principal,82.6,387000,2.1
TSLA-0494,Michael Okafor,Tesla,TSLA,People/HR,Senior,77.6,271000,2.6
TSLA-0495,Zoe Wang,Tesla,TSLA,Engineering,Staff,53.9,212400,4.6
TSLA-0496,Nina Ali,Tesla,TSLA,Manufacturing,Director,92.0,1129500,7.6
TSLA-0497,Emily Davis,Tesla,TSLA,Autonomy & AI,VP,77.0,198900,8.4
TSLA-0498,Aisha Davis,Tesla,TSLA,Finance,Senior,93.1,606700,1.1
TSLA-0499,John Hassan,Tesla,TSLA,Sales & Service,Director,76.6,336100,5.2
TSLA-0500,Maria Davis,Tesla,TSLA,Engineering,Senior,46.5,169000,3.3
TSLA-0501,Emily Yamamoto,Tesla,TSLA,Engineering,Principal,75.3,189600,3.6
TSLA-0502,Chen Brown,Tesla,TSLA,Sales & Service,Staff,88.2,496600,3.2
TSLA-0503,Michael Brown,Tesla,TSLA,Manufacturing,VP,75.3,1347000,16.4
TSLA-0504,Daniel Lee,Tesla,TSLA,People/HR,Senior,83.2,215200,2.5
TSLA-0505,John Lopez,Tesla,TSLA,Engineering,Staff,87.3,260200,2.7
TSLA-0506,Samuel Singh,Tesla,TSLA,Manufacturing,Director,54.6,149700,6.8
TSLA-0507,Maria Silva,Tesla,TSLA,Autonomy & AI,Principal,82.7,231300,2.4
TSLA-0508,Chen Singh,Tesla,TSLA,Finance,Senior,78.6,226100,1.6
TSLA-0509,Zoe Silva,Tesla,TSLA,Operations,Senior,79.0,185100,5.3
TSLA-0510,David Park,Tesla,TSLA,Energy/Charging,VP,95.9,556000,8.3
TSLA-0511,Grace Okafor,Tesla,TSLA,Operations,Senior,85.4,132700,3.3
TSLA-0512,Michael Martinez,Tesla,TSLA,Manufacturing,Senior,97.4,424600,6.5
TSLA-0513,Emily Wang,Tesla,TSLA,Engineering,Director,88.0,1089200,4.2
TSLA-0514,Carlos Wang,Tesla,TSLA,Design,Senior,59.5,178300,0.5
TSLA-0515,Chen Tanaka,Tesla,TSLA,Operations,Director,100.0,376200,11.9
TSLA-0516,Arjun Okafor,Tesla,TSLA,Manufacturing,VP,69.0,441000,6.9
TSLA-0517,Chen Tanaka,Tesla,TSLA,Manufacturing,Senior,75.2,333000,3.9
TSLA-0518,Samuel Wilson,Tesla,TSLA,Design,Principal,92.6,380300,5.8
TSLA-0519,Kevin Yamamoto,Tesla,TSLA,Sales & Service,SVP,65.2,1117700,14.0
TSLA-0520,Emily Murphy,Tesla,TSLA,Engineering,Staff,78.7,192100,10.5
TSLA-0521,Hannah Ali,Tesla,TSLA,Autonomy & AI,Principal,62.7,157400,2.5
TSLA-0522,Linda Smith,Tesla,TSLA,Finance,Principal,78.2,349500,1.6
TSLA-0523,Hannah Yamamoto,Tesla,TSLA,Operations,Senior,72.5,127600,2.1
TSLA-0524,Kevin Davis,Tesla,TSLA,Engineering,Senior Director,61.3,400100,4.2
TSLA-0525,Kevin Ali,Tesla,TSLA,Operations,Senior,73.3,79600,3.3
TSLA-0526,Wei Cohen,Tesla,TSLA,Sales & Service,Principal,84.5,340800,3.8
TSLA-0527,Carlos Davis,Tesla,TSLA,Autonomy & AI,Staff,91.9,372600,8.9
TSLA-0528,James Davis,Tesla,TSLA,Energy/Charging,Senior,64.5,65000,6.8
TSLA-0529,Grace Tanaka,Tesla,TSLA,Manufacturing,Principal,81.6,155000,4.4
TSLA-0530,Arjun Schmidt,Tesla,TSLA,Manufacturing,Director,73.3,465900,11.1
TSLA-0531,Wei Wang,Tesla,TSLA,Engineering,Principal,87.9,321800,8.2
TSLA-0532,Michael Martinez,Tesla,TSLA,Design,Staff,94.5,543600,4.8
TSLA-0533,Ahmed Tanaka,Tesla,TSLA,Design,Senior,84.5,228800,1.8
TSLA-0534,John Cohen,Tesla,TSLA,Energy/Charging,Staff,82.4,485900,9.8
TSLA-0535,Elena Cohen,Tesla,TSLA,Engineering,Director,82.7,1078800,12.4
TSLA-0536,Yuki Singh,Tesla,TSLA,Engineering,Staff,89.2,322400,4.6
TSLA-0537,Wei Lee,Tesla,TSLA,Sales & Service,Principal,68.5,278100,8.7
TSLA-0538,Hannah Cohen,Tesla,TSLA,Manufacturing,Senior Director,94.8,531100,5.5
TSLA-0539,Kevin Johnson,Tesla,TSLA,Autonomy & AI,Staff,76.5,533000,3.8
TSLA-0540,Daniel Anderson,Tesla,TSLA,Manufacturing,Director,65.1,631300,3.0
TSLA-0541,Daniel Khan,Tesla,TSLA,Autonomy & AI,Principal,91.5,621900,5.0
TSLA-0542,Yuki Schmidt,Tesla,TSLA,Autonomy & AI,Senior,55.2,126300,5.7
TSLA-0543,Linda Okafor,Tesla,TSLA,Engineering,Staff,62.7,302300,1.3
TSLA-0544,Mary Kim,Tesla,TSLA,Engineering,Staff,72.8,319300,1.1
TSLA-0545,Linda Tanaka,Tesla,TSLA,Energy/Charging,Staff,45.5,254800,4.1
TSLA-0546,James Reyes,Tesla,TSLA,Manufacturing,Staff,70.4,615400,9.7
TSLA-0547,Linda Okafor,Tesla,TSLA,Sales & Service,Principal,70.7,304400,5.5
TSLA-0548,Zoe Rossi,Tesla,TSLA,Autonomy & AI,Senior Director,72.2,933000,9.7
TSLA-0549,Raj Singh,Tesla,TSLA,Engineering,Senior,79.1,135300,1.7
TSLA-0550,Carlos Schmidt,Tesla,TSLA,Engineering,Senior Director,96.3,353100,9.7
TSLA-0551,Olivia Smith,Tesla,TSLA,Sales & Service,Senior,68.8,539900,2.4
TSLA-0552,James Hassan,Tesla,TSLA,Sales & Service,Staff,90.7,303300,3.5
TSLA-0553,Wei Yamamoto,Tesla,TSLA,Energy/Charging,Director,62.9,340600,3.4
TSLA-0554,Priya Schmidt,Tesla,TSLA,Engineering,VP,65.3,1054500,7.3
TSLA-0555,Thomas Anderson,Tesla,TSLA,Sales & Service,Director,79.5,363000,6.4
TSLA-0556,Aisha Cohen,Tesla,TSLA,Engineering,Director,75.3,200300,8.8
TSLA-0557,Fatima Murphy,Tesla,TSLA,Manufacturing,VP,84.0,1402200,9.5
TSLA-0558,Emily Anderson,Tesla,TSLA,Design,Staff,65.4,175700,2.3
TSLA-0559,Wei Singh,Tesla,TSLA,Engineering,Director,69.2,577000,5.4
TSLA-0560,Ahmed Brown,Tesla,TSLA,Engineering,Director,52.0,236700,8.6
TSLA-0561,Mary Hassan,Tesla,TSLA,Engineering,Senior,83.3,225500,10.0
TSLA-0562,Emily Johnson,Tesla,TSLA,Engineering,Staff,67.4,359400,3.7
TSLA-0563,Maria Smith,Tesla,TSLA,Sales & Service,Staff,87.1,404300,6.9
TSLA-0564,David Schmidt,Tesla,TSLA,Manufacturing,Senior,83.0,110300,1.2
TSLA-0565,Daniel Hassan,Tesla,TSLA,Operations,Staff,84.8,294300,6.6
TSLA-0566,Chen Martinez,Tesla,TSLA,Manufacturing,Principal,83.9,398500,6.3
TSLA-0567,Samuel Lee,Tesla,TSLA,Design,Principal,88.7,516000,10.7
TSLA-0568,Hiroshi Kim,Tesla,TSLA,Operations,Senior,76.7,137100,3.0
TSLA-0569,Hiroshi Silva,Tesla,TSLA,Operations,Senior,86.2,115800,0.9
TSLA-0570,Emily Lopez,Tesla,TSLA,Autonomy & AI,Senior,76.0,132800,10.2
TSLA-0571,Carlos Davis,Tesla,TSLA,Design,Principal,72.3,117800,2.2
TSLA-0572,Hannah Cohen,Tesla,TSLA,Finance,Senior,54.5,169200,1.6
TSLA-0573,Aisha Martinez,Tesla,TSLA,Engineering,Director,84.7,556700,4.9
TSLA-0574,Ahmed Kim,Tesla,TSLA,Manufacturing,Principal,75.4,222800,3.3
TSLA-0575,Wei Tanaka,Tesla,TSLA,Manufacturing,Staff,91.8,1336400,0.7
TSLA-0576,John Rossi,Tesla,TSLA,Manufacturing,Director,56.3,436500,3.7
TSLA-0577,David Murphy,Tesla,TSLA,Manufacturing,Staff,49.6,66500,1.5
TSLA-0578,Aisha Schmidt,Tesla,TSLA,Design,VP,85.5,1590200,5.6
TSLA-0579,Thomas Nguyen,Tesla,TSLA,Engineering,Senior,68.5,223700,6.0
TSLA-0580,Grace Hassan,Tesla,TSLA,Manufacturing,Principal,97.8,407900,3.5
TSLA-0581,Linda Cohen,Tesla,TSLA,Design,Senior Director,97.3,1144300,7.6
TSLA-0582,John Wang,Tesla,TSLA,Manufacturing,Staff,62.7,75100,2.2
TSLA-0583,Aisha Ali,Tesla,TSLA,Manufacturing,Principal,63.8,122700,3.1
TSLA-0584,Priya Schmidt,Tesla,TSLA,Operations,Senior,89.8,169800,1.0
TSLA-0585,Hiroshi Anderson,Tesla,TSLA,People/HR,Director,87.0,352100,5.4
TSLA-0586,Nina Lee,Tesla,TSLA,People/HR,Senior Director,81.0,1186000,14.3
TSLA-0587,Daniel Wilson,Tesla,TSLA,Autonomy & AI,Principal,66.2,163900,6.6
TSLA-0588,Wei Wilson,Tesla,TSLA,Finance,Senior,70.9,236900,4.7
TSLA-0589,Michael Hassan,Tesla,TSLA,Engineering,Senior,76.0,212200,0.8
TSLA-0590,Carlos Rossi,Tesla,TSLA,Engineering,Staff,72.7,359300,7.6
TSLA-0591,Samuel Ali,Tesla,TSLA,Manufacturing,Senior Director,69.7,514600,5.8
TSLA-0592,Nina Kim,Tesla,TSLA,Manufacturing,Staff,57.4,137100,2.1
TSLA-0593,James Cohen,Tesla,TSLA,Sales & Service,Principal,73.1,51600,2.4
TSLA-0594,Elena Singh,Tesla,TSLA,Engineering,Senior,89.9,76800,4.9
TSLA-0595,Chen Smith,Tesla,TSLA,Manufacturing,Senior,71.2,193900,1.6
TSLA-0596,Chen Martinez,Tesla,TSLA,Operations,Staff,56.9,346200,5.4
TSLA-0597,Yuki Schmidt,Tesla,TSLA,Autonomy & AI,Director,93.7,352100,2.9
TSLA-0598,Linda Singh,Tesla,TSLA,Manufacturing,Principal,89.2,242400,4.6
TSLA-0599,Mary Hassan,Tesla,TSLA,Engineering,Principal,76.1,474400,3.8
TSLA-0600,Olivia Wilson,Tesla,TSLA,Manufacturing,Principal,67.8,170400,2.6
TSLA-0601,Hiroshi Khan,Tesla,TSLA,Sales & Service,Senior,80.9,259800,8.3
TSLA-0602,Fatima Wilson,Tesla,TSLA,Engineering,VP,75.6,785700,7.5
TSLA-0603,David Petrov,Tesla,TSLA,Engineering,Principal,31.6,147500,2.2
TSLA-0604,Elena Martinez,Tesla,TSLA,Sales & Service,Director,69.5,880200,12.9
TSLA-0605,Arjun Silva,Tesla,TSLA,Sales & Service,Senior,78.5,85800,6.4
TSLA-0606,Chen Johnson,Tesla,TSLA,Manufacturing,Senior,54.4,212200,1.8
TSLA-0607,Emily Kim,Tesla,TSLA,Engineering,Senior,81.8,150000,4.4
TSLA-0608,John Davis,Tesla,TSLA,Engineering,Staff,86.8,410200,5.1
TSLA-0609,Arjun Yamamoto,Tesla,TSLA,Manufacturing,Principal,72.5,287500,5.9
TSLA-0610,Wei Ali,Tesla,TSLA,Manufacturing,Senior,67.7,95100,6.7
TSLA-0611,Yuki Singh,Tesla,TSLA,Autonomy & AI,Principal,70.3,147600,2.3
TSLA-0612,Samuel Schmidt,Tesla,TSLA,Engineering,Senior,65.6,158400,3.4
TSLA-0613,Priya Yamamoto,Tesla,TSLA,Autonomy & AI,Principal,76.7,285500,3.0
TSLA-0614,Priya Martinez,Tesla,TSLA,Manufacturing,Senior,60.6,538400,8.5
TSLA-0615,Kevin Lee,Tesla,TSLA,Manufacturing,Senior Director,85.0,532400,4.9
TSLA-0616,Grace Petrov,Tesla,TSLA,Finance,VP,70.2,492900,4.8
TSLA-0617,James Tanaka,Tesla,TSLA,Engineering,Staff,68.9,297900,7.7
TSLA-0618,Raj Khan,Tesla,TSLA,Engineering,Senior,70.8,125800,3.4
TSLA-0619,Sofia Wang,Tesla,TSLA,Manufacturing,Staff,82.3,183800,3.5
TSLA-0620,Carlos Lopez,Tesla,TSLA,Sales & Service,Principal,56.5,561600,4.0
TSLA-0621,Carlos Okafor,Tesla,TSLA,Sales & Service,Senior,82.8,82600,8.4
TSLA-0622,Mary Wilson,Tesla,TSLA,Operations,Principal,69.6,214800,2.0
TSLA-0623,Yuki Tanaka,Tesla,TSLA,Autonomy & AI,Senior,76.2,151400,7.1
TSLA-0624,David Patel,Tesla,TSLA,Manufacturing,Principal,73.4,559700,3.0
TSLA-0625,Elena Wilson,Tesla,TSLA,Manufacturing,Senior Director,69.9,811600,6.3
TSLA-0626,Mary Smith,Tesla,TSLA,Engineering,Director,65.3,623300,8.1
TSLA-0627,David Ali,Tesla,TSLA,Sales & Service,Senior,82.1,94600,1.2
TSLA-0628,Samuel Patel,Tesla,TSLA,Engineering,Senior,60.9,257600,1.5
TSLA-0629,Arjun Wang,Tesla,TSLA,Autonomy & AI,SVP,81.3,923300,8.3
TSLA-0630,Emily Brown,Tesla,TSLA,Engineering,Staff,82.5,408600,3.0
TSLA-0631,Thomas Silva,Tesla,TSLA,People/HR,Principal,71.0,197100,3.2
TSLA-0632,James Kim,Tesla,TSLA,Autonomy & AI,Senior,80.2,247100,2.6
TSLA-0633,Raj Tanaka,Tesla,TSLA,Legal & Policy,Senior,75.9,455200,2.9
TSLA-0634,Sofia Kim,Tesla,TSLA,Manufacturing,Director,65.8,1014500,4.1
TSLA-0635,Hannah Garcia,Tesla,TSLA,Finance,Senior,57.4,107700,2.0
TSLA-0636,Hiroshi Johnson,Tesla,TSLA,Engineering,VP,86.9,384400,6.0
TSLA-0637,Yuki Yamamoto,Tesla,TSLA,Engineering,Senior Director,59.3,781400,4.3
TSLA-0638,Thomas Tanaka,Tesla,TSLA,Finance,Principal,74.9,355900,2.2
TSLA-0639,Priya Lee,Tesla,TSLA,Design,Senior Director,66.1,453000,8.3
TSLA-0640,Mary Nguyen,Tesla,TSLA,Design,Staff,55.1,262700,3.8
TSLA-0641,Nina Lopez,Tesla,TSLA,Manufacturing,Staff,73.4,206800,2.8
TSLA-0642,Arjun Petrov,Tesla,TSLA,Design,Staff,78.5,303500,12.0
TSLA-0643,Linda Davis,Tesla,TSLA,Engineering,Staff,83.1,729400,4.8
TSLA-0644,Raj Hassan,Tesla,TSLA,Operations,Staff,53.9,551300,3.3
TSLA-0645,Ahmed Tanaka,Tesla,TSLA,Autonomy & AI,VP,54.3,282000,6.9
TSLA-0646,Priya Tanaka,Tesla,TSLA,Engineering,Staff,61.2,245100,2.1
TSLA-0647,Daniel Nguyen,Tesla,TSLA,Operations,Staff,69.7,43900,8.1
TSLA-0648,Linda Chen,Tesla,TSLA,Operations,Principal,82.0,101800,4.6
TSLA-0649,Olivia Hassan,Tesla,TSLA,Engineering,Senior,72.5,619400,3.6
TSLA-0650,Hannah Park,Tesla,TSLA,Operations,Director,73.6,369400,7.2
TSLA-0651,Hiroshi Wang,Tesla,TSLA,Manufacturing,Staff,62.7,346000,6.8
TSLA-0652,Elena Petrov,Tesla,TSLA,Energy/Charging,Principal,77.9,286100,3.1
TSLA-0653,Hannah Tanaka,Tesla,TSLA,Operations,Senior,59.3,524800,1.5
TSLA-0654,Samuel Silva,Tesla,TSLA,Autonomy & AI,Director,90.6,332900,5.9
TSLA-0655,Ahmed Yamamoto,Tesla,TSLA,Engineering,Senior,62.1,168000,4.8
TSLA-0656,Grace Cohen,Tesla,TSLA,Engineering,Staff,66.6,199800,2.9
TSLA-0657,Sofia Silva,Tesla,TSLA,Sales & Service,Staff,87.3,399100,4.0
TSLA-0658,Nina Patel,Tesla,TSLA,Engineering,Staff,47.6,196100,9.5
TSLA-0659,Priya Garcia,Tesla,TSLA,Energy/Charging,Director,49.7,296900,6.8
TSLA-0660,Hannah Lopez,Tesla,TSLA,Engineering,Staff,60.9,161900,6.2
TSLA-0661,Hiroshi Anderson,Tesla,TSLA,Engineering,Staff,65.0,224200,8.4
TSLA-0662,Carlos Wang,Tesla,TSLA,Energy/Charging,Principal,86.1,243000,8.1
TSLA-0663,Hiroshi Lopez,Tesla,TSLA,Design,Staff,71.9,251100,6.7
TSLA-0664,David Lopez,Tesla,TSLA,Engineering,Staff,76.7,393600,2.7
TSLA-0665,Daniel Patel,Tesla,TSLA,Manufacturing,Senior,74.0,171300,1.2
TSLA-0666,Zoe Yamamoto,Tesla,TSLA,Engineering,Staff,91.1,157700,4.5
TSLA-0667,Hiroshi Lopez,Tesla,TSLA,Engineering,Principal,84.4,437200,4.5
TSLA-0668,Maria Schmidt,Tesla,TSLA,Operations,Director,94.8,404300,5.6
TSLA-0669,Maria Reyes,Tesla,TSLA,Design,SVP,76.1,2348200,8.6
TSLA-0670,Aisha Lee,Tesla,TSLA,Autonomy & AI,Senior Director,72.4,416700,12.0
TSLA-0671,Mary Smith,Tesla,TSLA,Engineering,Staff,69.6,914200,2.4
TSLA-0672,Grace Murphy,Tesla,TSLA,Engineering,Principal,97.3,1168100,2.3
TSLA-0673,Maria Petrov,Tesla,TSLA,Engineering,Staff,91.3,95400,1.2
TSLA-0674,Grace Kim,Tesla,TSLA,Manufacturing,Senior Director,80.3,252900,9.4
TSLA-0675,Daniel Kim,Tesla,TSLA,Engineering,Principal,80.7,604200,2.6
TSLA-0676,Arjun Okafor,Tesla,TSLA,Manufacturing,Senior,92.3,364300,2.7
TSLA-0677,Nina Lee,Tesla,TSLA,Autonomy & AI,C-Suite,69.6,1537600,8.7
TSLA-0678,Zoe Davis,Tesla,TSLA,Manufacturing,VP,60.5,787300,10.3
TSLA-0679,Sofia Nguyen,Tesla,TSLA,Operations,Staff,76.0,820300,5.0
TSLA-0680,Thomas Rossi,Tesla,TSLA,Operations,Principal,76.1,647500,2.8
TSLA-0681,Aisha Nguyen,Tesla,TSLA,Engineering,Staff,75.4,154800,3.0
TSLA-0682,Raj Yamamoto,Tesla,TSLA,Finance,Staff,80.0,221200,5.7
TSLA-0683,Carlos Wilson,Tesla,TSLA,Manufacturing,Senior,79.2,235100,0.8
TSLA-0684,Grace Smith,Tesla,TSLA,Engineering,Principal,96.2,1273400,2.4
TSLA-0685,Thomas Yamamoto,Tesla,TSLA,Energy/Charging,Senior,82.3,288100,1.4
TSLA-0686,David Park,Tesla,TSLA,Engineering,VP,88.3,1175000,7.9
TSLA-0687,Maria Wilson,Tesla,TSLA,Engineering,Principal,90.4,486900,5.7
TSLA-0688,David Chen,Tesla,TSLA,Operations,Staff,81.4,176600,2.0
TSLA-0689,Daniel Wilson,Tesla,TSLA,Engineering,Senior,99.8,198500,2.8
TSLA-0690,Priya Martinez,Tesla,TSLA,Autonomy & AI,Staff,82.9,246600,6.8
TSLA-0691,Ahmed Schmidt,Tesla,TSLA,Autonomy & AI,VP,94.2,427600,6.7
TSLA-0692,Wei Silva,Tesla,TSLA,Sales & Service,Principal,62.7,49900,9.3
TSLA-0693,Michael Reyes,Tesla,TSLA,Engineering,Director,97.1,398000,5.3
TSLA-0694,Raj Yamamoto,Tesla,TSLA,Operations,Senior,66.1,145700,1.9
TSLA-0695,Maria Patel,Tesla,TSLA,Engineering,Senior Director,80.5,1127900,9.4
TSLA-0696,Kevin Nguyen,Tesla,TSLA,Autonomy & AI,Principal,63.0,497000,3.8
TSLA-0697,Thomas Smith,Tesla,TSLA,Sales & Service,Senior,89.1,127100,1.8
TSLA-0698,Samuel Petrov,Tesla,TSLA,Manufacturing,Senior Director,90.7,415300,4.6
TSLA-0699,Ahmed Silva,Tesla,TSLA,Operations,Senior,77.9,301800,1.4
TSLA-0700,Fatima Wilson,Tesla,TSLA,Autonomy & AI,Senior Director,77.8,606800,16.0
TSLA-0701,Yuki Lee,Tesla,TSLA,Engineering,VP,74.7,1169100,5.8
TSLA-0702,Sofia Ali,Tesla,TSLA,Manufacturing,Director,99.7,636600,5.3
TSLA-0703,Olivia Ali,Tesla,TSLA,Manufacturing,Principal,88.1,356300,6.1
TSLA-0704,Samuel Martinez,Tesla,TSLA,Engineering,Senior,79.8,287800,4.5
TSLA-0705,Yuki Johnson,Tesla,TSLA,Finance,Staff,70.0,234400,4.3
TSLA-0706,Arjun Rossi,Tesla,TSLA,Autonomy & AI,Director,70.1,163800,3.9
TSLA-0707,James Cohen,Tesla,TSLA,Manufacturing,Principal,65.2,232600,2.3
TSLA-0708,Grace Ali,Tesla,TSLA,Sales & Service,Staff,93.6,282100,2.7
TSLA-0709,Hannah Park,Tesla,TSLA,Engineering,Principal,70.7,145800,12.4
TSLA-0710,Kevin Johnson,Tesla,TSLA,Engineering,Staff,72.2,30900,2.1
TSLA-0711,Grace Silva,Tesla,TSLA,Engineering,Senior,69.8,60500,8.5
TSLA-0712,Olivia Garcia,Tesla,TSLA,Energy/Charging,Senior,84.3,97900,0.6
TSLA-0713,Nina Park,Tesla,TSLA,Engineering,C-Suite,84.1,1830900,11.8
TSLA-0714,Emily Brown,Tesla,TSLA,Autonomy & AI,Senior,77.6,308000,1.8
TSLA-0715,Priya Petrov,Tesla,TSLA,Sales & Service,Senior Director,69.2,323100,5.8
TSLA-0716,Sofia Johnson,Tesla,TSLA,Energy/Charging,VP,83.5,537000,7.2
TSLA-0717,Raj Schmidt,Tesla,TSLA,Engineering,Staff,76.5,193900,3.7
TSLA-0718,Nina Patel,Tesla,TSLA,Manufacturing,Principal,90.0,323500,3.1
TSLA-0719,Priya Rossi,Tesla,TSLA,Engineering,VP,93.1,3758900,12.3
TSLA-0720,Thomas Davis,Tesla,TSLA,Manufacturing,Senior,62.0,123000,5.5
TSLA-0721,Michael Reyes,Tesla,TSLA,Engineering,Director,100.0,279600,6.4
TSLA-0722,Hiroshi Johnson,Tesla,TSLA,Engineering,Director,59.6,1317900,5.0
TSLA-0723,Carlos Murphy,Tesla,TSLA,Manufacturing,Staff,73.4,134500,3.9
TSLA-0724,Kevin Hassan,Tesla,TSLA,Manufacturing,Director,90.6,377900,10.2
TSLA-0725,Samuel Nguyen,Tesla,TSLA,Manufacturing,SVP,89.2,2241600,8.8
TSLA-0726,Thomas Reyes,Tesla,TSLA,Engineering,Senior,68.9,272500,4.1
TSLA-0727,Chen Khan,Tesla,TSLA,Operations,VP,86.0,2458200,7.8
TSLA-0728,Aisha Nguyen,Tesla,TSLA,Energy/Charging,Senior,77.9,147600,4.8
TSLA-0729,Zoe Okafor,Tesla,TSLA,Engineering,Senior,85.3,501000,1.2
TSLA-0730,Samuel Garcia,Tesla,TSLA,Sales & Service,Senior,55.3,156300,5.0
TSLA-0731,Yuki Reyes,Tesla,TSLA,Operations,Senior,73.2,1247300,5.3
TSLA-0732,Arjun Wilson,Tesla,TSLA,Design,Senior,69.1,249700,2.2
TSLA-0733,John Martinez,Tesla,TSLA,Operations,VP,83.9,369000,6.4
TSLA-0734,Maria Johnson,Tesla,TSLA,Engineering,Senior,63.1,85800,6.3
TSLA-0735,Raj Smith,Tesla,TSLA,Autonomy & AI,Principal,85.6,1693700,2.5
TSLA-0736,Wei Cohen,Tesla,TSLA,Manufacturing,C-Suite,84.1,1610900,6.6
TSLA-0737,John Nguyen,Tesla,TSLA,Engineering,Principal,81.5,170800,9.8
TSLA-0738,Michael Nguyen,Tesla,TSLA,Manufacturing,Director,69.1,224200,4.8
TSLA-0739,Wei Wilson,Tesla,TSLA,Autonomy & AI,Principal,86.4,591300,3.9
TSLA-0740,James Davis,Tesla,TSLA,Manufacturing,Staff,71.2,220600,2.5
TSLA-0741,Mary Brown,Tesla,TSLA,Finance,Staff,83.4,70700,5.3
TSLA-0742,Chen Khan,Tesla,TSLA,Engineering,Senior Director,81.1,243800,7.3
TSLA-0743,Daniel Brown,Tesla,TSLA,Engineering,Senior,76.1,591300,3.1
TSLA-0744,Raj Patel,Tesla,TSLA,Sales & Service,Senior,77.9,517800,1.0
TSLA-0745,Thomas Garcia,Tesla,TSLA,Manufacturing,Principal,86.4,285000,3.0
TSLA-0746,Elena Reyes,Tesla,TSLA,Manufacturing,Staff,80.5,197200,2.6
TSLA-0747,John Patel,Tesla,TSLA,Manufacturing,C-Suite,75.7,901800,14.4
TSLA-0748,Thomas Lee,Tesla,TSLA,Operations,Senior,84.5,416200,1.6
TSLA-0749,Daniel Nguyen,Tesla,TSLA,Manufacturing,Principal,70.7,249600,7.2
TSLA-0750,Zoe Reyes,Tesla,TSLA,People/HR,Senior,92.2,396900,11.7
TSLA-0751,Priya Yamamoto,Tesla,TSLA,Engineering,Principal,68.6,393900,2.7
TSLA-0752,Thomas Smith,Tesla,TSLA,Design,Principal,95.7,113700,3.2
TSLA-0753,Daniel Johnson,Tesla,TSLA,Energy/Charging,Senior Director,89.0,456100,6.9
TSLA-0754,Thomas Lee,Tesla,TSLA,Engineering,Senior Director,79.5,389500,7.6
TSLA-0755,Priya Ali,Tesla,TSLA,Operations,Staff,63.9,268300,3.1
TSLA-0756,Samuel Hassan,Tesla,TSLA,Sales & Service,Director,74.8,317900,13.5
TSLA-0757,James Lee,Tesla,TSLA,Autonomy & AI,Principal,69.7,323200,4.9
TSLA-0758,Grace Schmidt,Tesla,TSLA,Engineering,Principal,69.3,560400,3.5
TSLA-0759,David Smith,Tesla,TSLA,Engineering,Principal,70.8,235700,2.2
TSLA-0760,Thomas Lopez,Tesla,TSLA,Manufacturing,Staff,77.0,322300,3.3
TSLA-0761,Nina Martinez,Tesla,TSLA,Engineering,Director,61.3,341000,5.0
TSLA-0762,Emily Martinez,Tesla,TSLA,Engineering,Senior Director,72.0,344200,4.6
TSLA-0763,Grace Garcia,Tesla,TSLA,Engineering,Senior Director,95.9,291400,12.6
TSLA-0764,James Ali,Tesla,TSLA,Energy/Charging,Principal,53.7,132300,5.1
TSLA-0765,Thomas Schmidt,Tesla,TSLA,Autonomy & AI,SVP,100.0,1143400,9.4
TSLA-0766,Arjun Reyes,Tesla,TSLA,Engineering,Director,92.0,474300,4.4
TSLA-0767,Maria Kim,Tesla,TSLA,Manufacturing,Staff,66.3,163800,1.0
TSLA-0768,Sofia Singh,Tesla,TSLA,Operations,Senior,77.2,253400,4.0
TSLA-0769,Samuel Tanaka,Tesla,TSLA,Sales & Service,Staff,76.8,119400,2.6
TSLA-0770,Fatima Chen,Tesla,TSLA,Engineering,Principal,81.9,272300,5.7
TSLA-0771,David Lopez,Tesla,TSLA,Engineering,Senior,72.5,842800,2.4
TSLA-0772,Hiroshi Nguyen,Tesla,TSLA,Operations,Principal,73.9,215100,4.6
TSLA-0773,Sofia Smith,Tesla,TSLA,Manufacturing,Senior,62.2,110000,4.0
TSLA-0774,Emily Cohen,Tesla,TSLA,Sales & Service,Senior,62.2,91800,3.3
TSLA-0775,Maria Cohen,Tesla,TSLA,Engineering,Staff,57.0,68600,1.0
TSLA-0776,James Wilson,Tesla,TSLA,Engineering,Principal,70.8,96800,8.5
TSLA-0777,Hannah Davis,Tesla,TSLA,Engineering,Senior,76.9,119900,4.5
TSLA-0778,Grace Okafor,Tesla,TSLA,Engineering,Staff,86.6,189500,3.0
TSLA-0779,Emily Brown,Tesla,TSLA,Autonomy & AI,Principal,86.4,1719300,7.6
TSLA-0780,Sofia Nguyen,Tesla,TSLA,Manufacturing,Senior,64.6,228200,1.0
TSLA-0781,Sofia Okafor,Tesla,TSLA,Engineering,Staff,84.6,323400,1.5
TSLA-0782,Thomas Nguyen,Tesla,TSLA,Sales & Service,Staff,79.0,365200,7.8
TSLA-0783,Elena Smith,Tesla,TSLA,Engineering,Staff,71.1,384600,4.6
TSLA-0784,Grace Rossi,Tesla,TSLA,Engineering,Senior,74.9,293000,7.5
TSLA-0785,Hiroshi Cohen,Tesla,TSLA,Operations,Staff,71.2,132600,3.3
TSLA-0786,Zoe Khan,Tesla,TSLA,Engineering,Senior,68.8,342600,8.2
TSLA-0787,Arjun Johnson,Tesla,TSLA,Energy/Charging,Staff,63.8,190300,1.6
TSLA-0788,Chen Rossi,Tesla,TSLA,Autonomy & AI,SVP,85.3,515700,7.9
TSLA-0789,Emily Lopez,Tesla,TSLA,Operations,Senior,74.1,359900,1.8
TSLA-0790,Wei Kim,Tesla,TSLA,Autonomy & AI,Senior Director,70.5,915100,9.2
TSLA-0791,Linda Lee,Tesla,TSLA,Manufacturing,Senior Director,84.2,189500,4.5
TSLA-0792,Michael Patel,Tesla,TSLA,Sales & Service,Senior,74.7,132600,8.8
TSLA-0793,Sofia Kim,Tesla,TSLA,Autonomy & AI,Senior,70.5,271300,2.4
TSLA-0794,Grace Anderson,Tesla,TSLA,Operations,Staff,66.0,271700,0.7
TSLA-0795,Grace Silva,Tesla,TSLA,Manufacturing,Senior Director,64.1,511800,7.9
TSLA-0796,John Khan,Tesla,TSLA,Manufacturing,VP,58.3,201700,4.8
TSLA-0797,Ahmed Chen,Tesla,TSLA,Engineering,Senior,73.7,230000,4.3
TSLA-0798,John Petrov,Tesla,TSLA,Sales & Service,Director,69.3,969700,3.9
TSLA-0799,Kevin Okafor,Tesla,TSLA,Autonomy & AI,Principal,90.7,915200,3.3
TSLA-0800,Thomas Garcia,Tesla,TSLA,Engineering,Principal,69.7,327800,20.4
TSLA-0801,Thomas Cohen,Tesla,TSLA,Legal & Policy,Senior,53.1,275900,2.4
TSLA-0802,Maria Hassan,Tesla,TSLA,Manufacturing,Senior,64.8,164700,2.0
TSLA-0803,Michael Lopez,Tesla,TSLA,Engineering,Senior,61.0,129800,2.3
TSLA-0804,Sofia Anderson,Tesla,TSLA,Autonomy & AI,Principal,59.5,346900,13.7
TSLA-0805,Emily Smith,Tesla,TSLA,Engineering,Staff,94.5,307700,5.9
TSLA-0806,James Martinez,Tesla,TSLA,Engineering,SVP,77.4,634600,9.4
TSLA-0807,Emily Cohen,Tesla,TSLA,Engineering,Senior,62.3,92900,3.9
TSLA-0808,Aisha Davis,Tesla,TSLA,Engineering,Director,70.5,703100,6.9
TSLA-0809,Maria Tanaka,Tesla,TSLA,Autonomy & AI,Senior Director,100.0,1057900,8.7
TSLA-0810,Yuki Martinez,Tesla,TSLA,Engineering,Director,81.2,323400,4.5
TSLA-0811,James Rossi,Tesla,TSLA,Engineering,Director,68.3,515200,3.1
TSLA-0812,Wei Lopez,Tesla,TSLA,Engineering,Senior,61.3,90200,4.6
TSLA-0813,Wei Silva,Tesla,TSLA,Autonomy & AI,Principal,83.4,625500,2.1
TSLA-0814,Zoe Park,Tesla,TSLA,Sales & Service,Staff,66.0,598000,3.8
TSLA-0815,David Rossi,Tesla,TSLA,Engineering,Director,67.5,386200,3.4
TSLA-0816,Mary Hassan,Tesla,TSLA,Engineering,Staff,69.0,282100,5.2
TSLA-0817,Thomas Nguyen,Tesla,TSLA,Manufacturing,Senior,65.8,85600,4.5
TSLA-0818,Hannah Yamamoto,Tesla,TSLA,Manufacturing,Senior Director,76.4,902300,6.7
TSLA-0819,Elena Lee,Tesla,TSLA,Engineering,Staff,70.0,195600,3.7
TSLA-0820,Thomas Tanaka,Tesla,TSLA,Manufacturing,Principal,69.4,202600,2.1
TSLA-0821,Samuel Cohen,Tesla,TSLA,Manufacturing,VP,87.2,762700,7.4
TSLA-0822,Hiroshi Reyes,Tesla,TSLA,Manufacturing,Director,85.9,277000,3.2
TSLA-0823,Zoe Schmidt,Tesla,TSLA,Engineering,Senior,74.4,260300,5.8
TSLA-0824,Olivia Nguyen,Tesla,TSLA,Manufacturing,Senior,83.1,94300,1.3
TSLA-0825,Arjun Patel,Tesla,TSLA,Energy/Charging,Senior,67.1,403500,4.7
TSLA-0826,Priya Singh,Tesla,TSLA,Finance,Staff,67.9,62500,3.3
TSLA-0827,David Yamamoto,Tesla,TSLA,Manufacturing,Director,59.9,283800,4.1
TSLA-0828,Daniel Reyes,Tesla,TSLA,Autonomy & AI,Senior,83.4,136300,3.2
TSLA-0829,Chen Patel,Tesla,TSLA,Sales & Service,Principal,69.9,459000,2.6
TSLA-0830,Grace Rossi,Tesla,TSLA,Operations,SVP,81.0,1201000,8.4
TSLA-0831,Hannah Davis,Tesla,TSLA,Engineering,Staff,72.2,423100,5.4
TSLA-0832,Emily Nguyen,Tesla,TSLA,Design,Staff,90.1,141300,5.8
TSLA-0833,Maria Okafor,Tesla,TSLA,Operations,Staff,91.9,161100,0.8
TSLA-0834,Arjun Smith,Tesla,TSLA,Engineering,Senior,33.8,74400,0.4
TSLA-0835,John Johnson,Tesla,TSLA,Operations,Senior,76.3,393700,3.1
TSLA-0836,Kevin Ali,Tesla,TSLA,Engineering,Senior,67.1,165900,1.7
TSLA-0837,Raj Lee,Tesla,TSLA,Manufacturing,Director,50.4,353700,7.6
TSLA-0838,Michael Wilson,Tesla,TSLA,Energy/Charging,Senior,77.5,146600,2.5
TSLA-0839,Michael Park,Tesla,TSLA,Autonomy & AI,Senior,68.4,123700,4.5
TSLA-0840,Sofia Tanaka,Tesla,TSLA,Manufacturing,Senior Director,98.1,715600,4.3
TSLA-0841,Sofia Smith,Tesla,TSLA,Sales & Service,Director,67.5,357300,5.2
TSLA-0842,Samuel Martinez,Tesla,TSLA,Operations,VP,78.3,1383800,9.0
TSLA-0843,Elena Davis,Tesla,TSLA,Engineering,SVP,68.8,1479300,6.5
TSLA-0844,Sofia Patel,Tesla,TSLA,Engineering,Director,70.6,1234500,3.0
TSLA-0845,Emily Silva,Tesla,TSLA,People/HR,Staff,77.1,587900,2.5
TSLA-0846,Maria Nguyen,Tesla,TSLA,Engineering,Senior,70.8,159000,4.7
TSLA-0847,Hiroshi Park,Tesla,TSLA,Autonomy & AI,VP,89.1,524100,7.6
TSLA-0848,Emily Johnson,Tesla,TSLA,Engineering,Senior Director,88.7,1349400,10.9
TSLA-0849,Grace Cohen,Tesla,TSLA,Manufacturing,Director,80.6,326400,2.6
TSLA-0850,Aisha Hassan,Tesla,TSLA,Engineering,Senior,60.8,102200,8.4
TSLA-0851,Aisha Rossi,Tesla,TSLA,Engineering,Staff,100.0,389000,3.8
TSLA-0852,Wei Chen,Tesla,TSLA,Engineering,Director,79.7,562700,8.6
TSLA-0853,Raj Yamamoto,Tesla,TSLA,Sales & Service,Senior,64.1,214600,2.5
TSLA-0854,David Silva,Tesla,TSLA,Engineering,Senior Director,79.3,997200,13.1
TSLA-0855,Kevin Rossi,Tesla,TSLA,Operations,Principal,93.2,71000,3.5
TSLA-0856,Maria Tanaka,Tesla,TSLA,Manufacturing,Senior,67.9,252500,6.6
TSLA-0857,Arjun Garcia,Tesla,TSLA,Manufacturing,Principal,82.2,147800,10.6
TSLA-0858,Chen Lopez,Tesla,TSLA,Manufacturing,Director,83.1,955000,8.0
TSLA-0859,James Okafor,Tesla,TSLA,Autonomy & AI,Staff,63.0,361400,3.2
TSLA-0860,Fatima Lopez,Tesla,TSLA,Engineering,Staff,87.4,198000,1.9
TSLA-0861,James Nguyen,Tesla,TSLA,Sales & Service,Principal,85.7,529500,6.1
TSLA-0862,Maria Anderson,Tesla,TSLA,Engineering,Senior Director,86.5,1214500,6.3
TSLA-0863,Kevin Garcia,Tesla,TSLA,Autonomy & AI,Principal,80.3,436900,10.7
TSLA-0864,James Wilson,Tesla,TSLA,Manufacturing,Staff,83.8,243600,1.0
TSLA-0865,Daniel Nguyen,Tesla,TSLA,Manufacturing,Principal,89.9,529500,11.7
TSLA-0866,David Chen,Tesla,TSLA,Design,Staff,86.8,169000,1.6
TSLA-0867,Sofia Lopez,Tesla,TSLA,Design,Director,88.9,165500,9.2
TSLA-0868,Raj Garcia,Tesla,TSLA,Autonomy & AI,Staff,73.1,197500,1.4
TSLA-0869,Kevin Kim,Tesla,TSLA,Engineering,Director,87.0,1080600,8.0
TSLA-0870,Elena Smith,Tesla,TSLA,Operations,Director,68.6,438700,3.1
TSLA-0871,Carlos Smith,Tesla,TSLA,Engineering,Senior,53.5,119800,4.4
TSLA-0872,Zoe Khan,Tesla,TSLA,Manufacturing,Principal,89.0,363000,11.0
TSLA-0873,Elena Murphy,Tesla,TSLA,Engineering,Staff,80.9,143100,3.8
TSLA-0874,Wei Chen,Tesla,TSLA,Design,Principal,73.3,307400,8.1
TSLA-0875,Carlos Patel,Tesla,TSLA,Operations,Senior,75.2,67000,1.6
TSLA-0876,Priya Murphy,Tesla,TSLA,Engineering,Senior,76.1,303600,2.3
TSLA-0877,Grace Silva,Tesla,TSLA,Manufacturing,Director,80.9,327800,7.9
TSLA-0878,Grace Wang,Tesla,TSLA,Autonomy & AI,Principal,61.7,326000,5.4
TSLA-0879,Zoe Murphy,Tesla,TSLA,Operations,Senior,74.3,461600,8.8
TSLA-0880,Fatima Patel,Tesla,TSLA,Sales & Service,Principal,79.4,358900,5.1
TSLA-0881,Ahmed Tanaka,Tesla,TSLA,Operations,Principal,76.0,84200,5.0
TSLA-0882,Grace Smith,Tesla,TSLA,Operations,Senior,76.6,161700,4.7
TSLA-0883,Chen Yamamoto,Tesla,TSLA,Autonomy & AI,Senior,82.3,229900,2.2
TSLA-0884,Maria Reyes,Tesla,TSLA,Finance,Senior,84.6,1164900,5.9
TSLA-0885,Raj Anderson,Tesla,TSLA,Finance,Principal,74.8,177600,3.5
TSLA-0886,James Ali,Tesla,TSLA,Engineering,Director,82.7,377800,4.7
TSLA-0887,Daniel Johnson,Tesla,TSLA,Sales & Service,Senior Director,85.6,880700,7.1
TSLA-0888,Zoe Davis,Tesla,TSLA,Engineering,Staff,65.6,983600,2.0
TSLA-0889,Grace Schmidt,Tesla,TSLA,Engineering,Principal,85.4,414600,1.9
TSLA-0890,Aisha Nguyen,Tesla,TSLA,Energy/Charging,Senior,99.5,392400,0.5
TSLA-0891,David Khan,Tesla,TSLA,Engineering,Staff,83.5,307400,3.1
TSLA-0892,Hannah Smith,Tesla,TSLA,Sales & Service,Staff,83.3,249300,1.4
TSLA-0893,Grace Cohen,Tesla,TSLA,Operations,Staff,61.3,295800,1.0
TSLA-0894,Carlos Lopez,Tesla,TSLA,People/HR,Senior,78.4,125000,5.3
TSLA-0895,Arjun Murphy,Tesla,TSLA,Manufacturing,Principal,86.1,714300,2.7
TSLA-0896,Elena Park,Tesla,TSLA,Operations,Director,63.0,372600,5.2
TSLA-0897,Hannah Lee,Tesla,TSLA,Engineering,Senior,100.0,568100,1.5
TSLA-0898,Hiroshi Patel,Tesla,TSLA,Manufacturing,Senior,46.9,117300,4.7
TSLA-0899,Sofia Smith,Tesla,TSLA,Design,Principal,68.4,177900,2.0
TSLA-0900,David Petrov,Tesla,TSLA,Autonomy & AI,Staff,79.9,244800,1.2
TSLA-0901,David Wang,Tesla,TSLA,Autonomy & AI,Senior Director,83.0,641000,3.9
TSLA-0902,Arjun Lee,Tesla,TSLA,Autonomy & AI,Senior,63.0,127100,2.2
TSLA-0903,Linda Patel,Tesla,TSLA,Energy/Charging,Senior,59.5,38000,5.2
TSLA-0904,Emily Chen,Tesla,TSLA,Manufacturing,C-Suite,64.3,1141400,16.0
TSLA-0905,Sofia Anderson,Tesla,TSLA,Autonomy & AI,Senior,65.7,580600,5.3
TSLA-0906,James Cohen,Tesla,TSLA,Engineering,Director,78.8,302600,10.0
TSLA-0907,Arjun Murphy,Tesla,TSLA,Operations,Staff,72.2,340000,8.2
TSLA-0908,Maria Hassan,Tesla,TSLA,Engineering,Staff,82.2,226300,1.8
TSLA-0909,Mary Lee,Tesla,TSLA,Engineering,Staff,65.4,124300,5.1
TSLA-0910,Hannah Schmidt,Tesla,TSLA,Autonomy & AI,Senior,73.5,158400,1.1
TSLA-0911,Priya Lopez,Tesla,TSLA,Engineering,Senior Director,77.0,509900,5.5
TSLA-0912,Olivia Rossi,Tesla,TSLA,Engineering,Director,72.1,525500,6.3
TSLA-0913,Mary Chen,Tesla,TSLA,Manufacturing,Principal,58.1,314400,8.3
TSLA-0914,Fatima Rossi,Tesla,TSLA,Autonomy & AI,Senior,63.7,194500,11.1
TSLA-0915,David Kim,Tesla,TSLA,Engineering,Staff,89.3,268700,4.3
TSLA-0916,Daniel Petrov,Tesla,TSLA,Manufacturing,Director,78.2,223800,8.5
TSLA-0917,Elena Park,Tesla,TSLA,Engineering,Director,76.9,286100,9.4
TSLA-0918,Michael Anderson,Tesla,TSLA,Engineering,Staff,92.2,265900,4.4
TSLA-0919,John Silva,Tesla,TSLA,Engineering,Staff,100.0,329800,2.8
TSLA-0920,Hannah Smith,Tesla,TSLA,Autonomy & AI,Senior Director,62.6,731700,4.7
TSLA-0921,Hiroshi Nguyen,Tesla,TSLA,Autonomy & AI,Director,97.8,761500,4.7
TSLA-0922,Olivia Singh,Tesla,TSLA,Engineering,VP,51.6,652600,6.5
TSLA-0923,Zoe Khan,Tesla,TSLA,Autonomy & AI,Principal,92.2,992100,7.7
TSLA-0924,Thomas Petrov,Tesla,TSLA,Autonomy & AI,Senior,81.9,30300,11.7
TSLA-0925,Fatima Park,Tesla,TSLA,Engineering,Director,59.2,226400,5.0
TSLA-0926,Raj Martinez,Tesla,TSLA,Manufacturing,Senior,72.2,78100,5.2
TSLA-0927,Yuki Murphy,Tesla,TSLA,Autonomy & AI,Director,89.9,605800,12.3
TSLA-0928,David Singh,Tesla,TSLA,Energy/Charging,Senior,41.4,191400,7.9
TSLA-0929,Elena Brown,Tesla,TSLA,Operations,Principal,72.2,759500,6.2
TSLA-0930,Carlos Singh,Tesla,TSLA,Autonomy & AI,Staff,73.1,358700,4.6
TSLA-0931,Hiroshi Rossi,Tesla,TSLA,Engineering,C-Suite,90.3,966600,8.2
TSLA-0932,Daniel Wilson,Tesla,TSLA,Sales & Service,Principal,58.9,278800,2.2
TSLA-0933,Aisha Chen,Tesla,TSLA,Engineering,Staff,97.9,167700,1.1
TSLA-0934,Emily Reyes,Tesla,TSLA,Engineering,Senior,64.9,247300,4.5
TSLA-0935,Thomas Smith,Tesla,TSLA,Engineering,Director,78.1,471800,7.4
TSLA-0936,Nina Wilson,Tesla,TSLA,Manufacturing,Director,94.5,1218300,5.4
TSLA-0937,John Cohen,Tesla,TSLA,Energy/Charging,Staff,80.0,202200,0.9
TSLA-0938,Nina Johnson,Tesla,TSLA,Finance,Senior,70.5,55200,0.2
TSLA-0939,David Khan,Tesla,TSLA,Manufacturing,Principal,73.0,559100,3.4
TSLA-0940,Carlos Tanaka,Tesla,TSLA,Autonomy & AI,Staff,92.7,601900,2.9
TSLA-0941,Fatima Lopez,Tesla,TSLA,Engineering,Staff,86.9,578600,4.1
TSLA-0942,Priya Reyes,Tesla,TSLA,Engineering,Senior,81.4,124200,0.3
TSLA-0943,James Kim,Tesla,TSLA,Operations,Senior,78.2,170900,2.7
TSLA-0944,Emily Cohen,Tesla,TSLA,Engineering,Senior Director,74.9,996600,4.6
TSLA-0945,Priya Okafor,Tesla,TSLA,Engineering,Staff,70.6,149900,1.3
TSLA-0946,Carlos Murphy,Tesla,TSLA,People/HR,Senior,84.5,120100,5.5
TSLA-0947,James Patel,Tesla,TSLA,Manufacturing,Senior,80.7,213800,2.0
TSLA-0948,Elena Martinez,Tesla,TSLA,Autonomy & AI,Senior,91.6,167500,2.9
TSLA-0949,Aisha Yamamoto,Tesla,TSLA,Manufacturing,Principal,92.0,214500,9.0
TSLA-0950,Hannah Lopez,Tesla,TSLA,Engineering,Staff,64.5,214300,2.3
TSLA-0951,Hiroshi Patel,Tesla,TSLA,Energy/Charging,Senior,79.9,156800,2.9
TSLA-0952,Hiroshi Hassan,Tesla,TSLA,Autonomy & AI,Senior Director,63.2,994800,8.7
TSLA-0953,Carlos Murphy,Tesla,TSLA,Engineering,VP,97.5,720900,7.7
TSLA-0954,Emily Wilson,Tesla,TSLA,Autonomy & AI,Senior,75.8,208400,6.4
TSLA-0955,Fatima Lee,Tesla,TSLA,Autonomy & AI,Staff,98.9,371000,1.8
TSLA-0956,Linda Wilson,Tesla,TSLA,Manufacturing,Staff,74.6,229100,3.2
TSLA-0957,Kevin Reyes,Tesla,TSLA,Engineering,Staff,71.0,113100,2.7
TSLA-0958,Linda Chen,Tesla,TSLA,Energy/Charging,SVP,68.0,531100,9.0
TSLA-0959,Fatima Reyes,Tesla,TSLA,Energy/Charging,Staff,66.6,143800,2.9
TSLA-0960,Yuki Cohen,Tesla,TSLA,Autonomy & AI,Senior,77.7,149400,5.0
TSLA-0961,Hiroshi Martinez,Tesla,TSLA,Engineering,Senior,79.0,521400,7.6
TSLA-0962,John Patel,Tesla,TSLA,Engineering,Principal,61.9,167600,6.1
TSLA-0963,Arjun Hassan,Tesla,TSLA,Engineering,Staff,83.1,220700,2.2
TSLA-0964,Chen Davis,Tesla,TSLA,Operations,Staff,85.4,272300,4.0
TSLA-0965,Arjun Patel,Tesla,TSLA,Operations,Staff,59.3,261500,2.3
TSLA-0966,Chen Cohen,Tesla,TSLA,Engineering,Senior,78.9,510400,0.4
TSLA-0967,Carlos Tanaka,Tesla,TSLA,Engineering,Staff,78.2,228600,2.8
TSLA-0968,Chen Murphy,Tesla,TSLA,Manufacturing,Staff,59.5,562200,3.0
TSLA-0969,Chen Garcia,Tesla,TSLA,Autonomy & AI,Senior Director,68.7,281900,6.6
TSLA-0970,Samuel Patel,Tesla,TSLA,Sales & Service,Senior,80.9,33900,2.7
TSLA-0971,Hiroshi Park,Tesla,TSLA,Sales & Service,Staff,87.4,252900,1.3
TSLA-0972,Samuel Lopez,Tesla,TSLA,Design,Staff,65.4,225000,7.5
TSLA-0973,Raj Murphy,Tesla,TSLA,Design,Senior,53.0,261200,4.8
TSLA-0974,John Rossi,Tesla,TSLA,Autonomy & AI,Senior,82.0,229500,5.2
TSLA-0975,Raj Kim,Tesla,TSLA,Autonomy & AI,Principal,84.3,588800,8.8
TSLA-0976,Fatima Patel,Tesla,TSLA,Autonomy & AI,Staff,72.5,314600,1.7
TSLA-0977,Maria Johnson,Tesla,TSLA,Manufacturing,Principal,79.2,183000,2.6
TSLA-0978,Carlos Patel,Tesla,TSLA,Autonomy & AI,SVP,98.8,508600,6.4
TSLA-0979,Carlos Johnson,Tesla,TSLA,Manufacturing,Staff,76.9,72700,1.6
TSLA-0980,Raj Silva,Tesla,TSLA,Design,Senior,84.1,244300,4.4
TSLA-0981,Raj Rossi,Tesla,TSLA,Design,Senior Director,72.8,950100,7.6
TSLA-0982,Aisha Silva,Tesla,TSLA,Operations,Principal,96.7,1376100,4.9
TSLA-0983,Mary Silva,Tesla,TSLA,Engineering,Director,67.4,293200,5.4
TSLA-0984,Aisha Petrov,Tesla,TSLA,Engineering,Staff,87.6,135400,3.7
TSLA-0985,Nina Lopez,Tesla,TSLA,Sales & Service,Director,96.0,841700,5.5
TSLA-0986,Hannah Murphy,Tesla,TSLA,Manufacturing,Principal,94.0,237200,4.4
TSLA-0987,Olivia Brown,Tesla,TSLA,Energy/Charging,Staff,82.5,289300,2.0
TSLA-0988,Olivia Park,Tesla,TSLA,Engineering,Principal,64.5,164300,9.3
TSLA-0989,Thomas Martinez,Tesla,TSLA,Manufacturing,Director,71.9,813800,4.9
TSLA-0990,Yuki Brown,Tesla,TSLA,Autonomy & AI,Director,54.0,185600,8.3
TSLA-0991,Yuki Patel,Tesla,TSLA,Energy/Charging,Principal,95.8,476000,4.1
TSLA-0992,Hannah Tanaka,Tesla,TSLA,Engineering,Senior,80.8,96400,1.8
TSLA-0993,Mary Murphy,Tesla,TSLA,Engineering,Senior,80.7,400800,3.7
TSLA-0994,Zoe Garcia,Tesla,TSLA,Engineering,Director,82.4,622300,9.5
TSLA-0995,Kevin Johnson,Tesla,TSLA,Design,Director,66.3,897800,3.9
TSLA-0996,Aisha Rossi,Tesla,TSLA,Autonomy & AI,Director,81.9,626900,4.3
TSLA-0997,John Schmidt,Tesla,TSLA,Engineering,Principal,68.9,312700,3.6
TSLA-0998,Hiroshi Murphy,Tesla,TSLA,Manufacturing,Senior,88.3,71700,7.7
TSLA-0999,Sofia Petrov,Tesla,TSLA,Manufacturing,VP,84.9,2174900,5.4
TSLA-1000,James Singh,Tesla,TSLA,Sales & Service,Principal,80.8,141300,7.4
META-0001,Sofia Martinez,Meta Platforms,META,Operations,Staff,90.5,316800,1.3
META-0002,Priya Garcia,Meta Platforms,META,Design,Senior,55.5,382600,12.5
META-0003,Yuki Brown,Meta Platforms,META,Product,Staff,96.7,584100,1.7
META-0004,Yuki Schmidt,Meta Platforms,META,Marketing,VP,86.9,1271500,5.5
META-0005,Kevin Hassan,Meta Platforms,META,Research & AI,Staff,76.6,255700,11.1
META-0006,Thomas Johnson,Meta Platforms,META,Design,Director,86.7,247200,6.0
META-0007,David Johnson,Meta Platforms,META,Research & AI,Senior Director,82.3,754800,11.3
META-0008,Michael Brown,Meta Platforms,META,Engineering,Principal,97.3,1145900,8.4
META-0009,Carlos Chen,Meta Platforms,META,Engineering,Senior,80.7,443900,12.2
META-0010,Arjun Martinez,Meta Platforms,META,Research & AI,Director,83.2,1543300,4.7
META-0011,Aisha Murphy,Meta Platforms,META,Marketing,Principal,93.1,744000,1.8
META-0012,Mary Anderson,Meta Platforms,META,Product,Senior,83.8,388300,3.8
META-0013,Grace Smith,Meta Platforms,META,Operations,Senior,100.0,111600,0.2
META-0014,Chen Wilson,Meta Platforms,META,Operations,Senior,88.5,235100,3.9
META-0015,Michael Davis,Meta Platforms,META,Engineering,Staff,79.5,407900,1.4
META-0016,Elena Petrov,Meta Platforms,META,Engineering,Senior,82.7,236700,5.9
META-0017,Nina Wang,Meta Platforms,META,Engineering,Senior,79.3,178400,7.2
META-0018,Olivia Okafor,Meta Platforms,META,Engineering,Director,80.4,352100,5.1
META-0019,Chen Lee,Meta Platforms,META,Research & AI,Director,83.1,398100,10.9
META-0020,Wei Kim,Meta Platforms,META,Product,Senior Director,80.3,478100,7.4
META-0021,Thomas Khan,Meta Platforms,META,Engineering,Senior,77.6,412100,8.2
META-0022,Maria Wilson,Meta Platforms,META,Sales & GTM,Principal,77.4,1994500,6.3
META-0023,Priya Yamamoto,Meta Platforms,META,Operations,Senior,92.7,318600,2.8
META-0024,David Tanaka,Meta Platforms,META,Engineering,Director,84.5,934000,12.2
META-0025,Raj Singh,Meta Platforms,META,Finance,Director,70.7,654900,10.9
META-0026,Priya Murphy,Meta Platforms,META,Research & AI,Principal,92.9,309400,4.5
META-0027,Wei Singh,Meta Platforms,META,Finance,Staff,73.0,342100,20.9
META-0028,Wei Rossi,Meta Platforms,META,Marketing,Staff,95.1,636200,2.5
META-0029,Kevin Cohen,Meta Platforms,META,Engineering,Senior,80.0,183100,7.4
META-0030,Carlos Okafor,Meta Platforms,META,Engineering,Senior,47.5,354700,3.3
META-0031,Daniel Wang,Meta Platforms,META,Product,Senior,87.5,325700,2.0
META-0032,Grace Silva,Meta Platforms,META,Marketing,Senior,60.9,669700,5.9
META-0033,Emily Schmidt,Meta Platforms,META,Engineering,Staff,83.6,146300,2.1
META-0034,Nina Khan,Meta Platforms,META,Sales & GTM,Director,77.7,1109500,4.3
META-0035,Ahmed Ali,Meta Platforms,META,Legal & Policy,Staff,80.3,254100,7.5
META-0036,Ahmed Yamamoto,Meta Platforms,META,Engineering,SVP,100.0,7622900,8.5
META-0037,Sofia Rossi,Meta Platforms,META,Product,VP,70.7,2663300,7.1
META-0038,Ahmed Wang,Meta Platforms,META,People/HR,Principal,77.0,545600,11.2
META-0039,Priya Kim,Meta Platforms,META,Sales & GTM,Principal,76.8,432900,3.0
META-0040,Samuel Silva,Meta Platforms,META,Design,Senior,83.7,158600,1.0
META-0041,John Wang,Meta Platforms,META,Research & AI,Principal,100.0,596700,4.7
META-0042,Hiroshi Murphy,Meta Platforms,META,Research & AI,Staff,80.1,915300,4.7
META-0043,Samuel Yamamoto,Meta Platforms,META,Product,Senior Director,77.1,313000,6.8
META-0044,Hiroshi Johnson,Meta Platforms,META,Engineering,Senior,74.7,288600,1.1
META-0045,Raj Lee,Meta Platforms,META,Research & AI,Staff,83.9,424500,5.0
META-0046,Chen Kim,Meta Platforms,META,Finance,Senior Director,92.4,1133300,7.9
META-0047,Sofia Johnson,Meta Platforms,META,Research & AI,Staff,60.5,200400,7.5
META-0048,Carlos Khan,Meta Platforms,META,Product,VP,81.0,1735500,13.5
META-0049,Wei Garcia,Meta Platforms,META,Engineering,Senior,75.1,735200,0.6
META-0050,Chen Smith,Meta Platforms,META,Research & AI,Senior,73.9,441100,6.4
META-0051,James Chen,Meta Platforms,META,Product,Senior,71.6,127400,5.4
META-0052,Yuki Martinez,Meta Platforms,META,Sales & GTM,Director,79.3,713300,6.9
META-0053,Fatima Schmidt,Meta Platforms,META,Research & AI,VP,77.0,1252700,6.6
META-0054,Yuki Singh,Meta Platforms,META,Engineering,Senior,73.0,228200,2.5
META-0055,Aisha Anderson,Meta Platforms,META,Product,Senior Director,74.0,626900,8.4
META-0056,Hannah Smith,Meta Platforms,META,Marketing,Staff,56.8,171400,6.2
META-0057,John Nguyen,Meta Platforms,META,Operations,Staff,99.9,786200,10.1
META-0058,Linda Singh,Meta Platforms,META,Engineering,Staff,96.3,316400,7.1
META-0059,Raj Rossi,Meta Platforms,META,Engineering,Staff,71.9,153300,6.4
META-0060,Zoe Nguyen,Meta Platforms,META,Sales & GTM,SVP,78.7,1566800,8.8
META-0061,Linda Ali,Meta Platforms,META,Finance,Senior,85.1,183300,3.2
META-0062,Chen Schmidt,Meta Platforms,META,Engineering,Senior,69.6,202000,6.3
META-0063,Linda Rossi,Meta Platforms,META,Engineering,Senior,62.5,294100,1.9
META-0064,Maria Park,Meta Platforms,META,Research & AI,Staff,60.5,439500,1.9
META-0065,Raj Martinez,Meta Platforms,META,Engineering,Senior,60.7,165600,0.8
META-0066,Chen Silva,Meta Platforms,META,Design,Principal,65.8,768100,5.3
META-0067,Linda Garcia,Meta Platforms,META,Legal & Policy,Principal,73.7,510400,3.9
META-0068,Elena Yamamoto,Meta Platforms,META,Engineering,Senior Director,83.2,2012300,8.8
META-0069,Thomas Anderson,Meta Platforms,META,Engineering,Senior,83.0,410000,4.5
META-0070,Priya Tanaka,Meta Platforms,META,Product,Senior,75.4,529200,7.7
META-0071,Priya Wilson,Meta Platforms,META,Product,Senior,80.0,245500,16.9
META-0072,David Chen,Meta Platforms,META,Research & AI,Senior Director,64.1,1407500,4.0
META-0073,Wei Wilson,Meta Platforms,META,Product,Senior,76.9,194200,2.9
META-0074,Wei Wang,Meta Platforms,META,Research & AI,Senior Director,91.7,1975800,5.1
META-0075,Sofia Kim,Meta Platforms,META,Research & AI,Staff,94.9,523800,4.4
META-0076,Priya Wilson,Meta Platforms,META,Finance,Senior,81.7,276400,3.0
META-0077,Maria Petrov,Meta Platforms,META,Sales & GTM,Staff,82.2,474300,8.6
META-0078,Olivia Garcia,Meta Platforms,META,Engineering,Senior Director,83.5,1248000,6.3
META-0079,Aisha Yamamoto,Meta Platforms,META,Research & AI,Senior,92.8,234200,1.6
META-0080,Grace Patel,Meta Platforms,META,Engineering,Director,85.6,429700,6.3
META-0081,Mary Silva,Meta Platforms,META,Operations,Senior,68.5,160500,2.4
META-0082,Wei Wilson,Meta Platforms,META,Sales & GTM,Senior,78.5,298000,1.4
META-0083,Priya Smith,Meta Platforms,META,Engineering,Senior,68.9,375500,5.3
META-0084,Raj Silva,Meta Platforms,META,Engineering,Senior Director,84.9,358500,9.1
META-0085,Arjun Hassan,Meta Platforms,META,Finance,Principal,88.5,260000,5.6
META-0086,Nina Reyes,Meta Platforms,META,Engineering,Staff,74.1,221200,5.9
META-0087,Grace Murphy,Meta Platforms,META,Research & AI,SVP,85.7,1158600,7.2
META-0088,Yuki Murphy,Meta Platforms,META,Design,Senior,69.8,203800,4.4
META-0089,Nina Johnson,Meta Platforms,META,Research & AI,Principal,60.5,242800,2.1
META-0090,Raj Reyes,Meta Platforms,META,Engineering,VP,75.9,2230400,5.7
META-0091,Emily Murphy,Meta Platforms,META,Engineering,Staff,83.7,351500,4.6
META-0092,Grace Singh,Meta Platforms,META,Engineering,Senior,75.9,287700,8.3
META-0093,Priya Smith,Meta Platforms,META,Engineering,Staff,72.2,280800,2.5
META-0094,Samuel Patel,Meta Platforms,META,Sales & GTM,Senior,70.8,225300,1.8
META-0095,Zoe Murphy,Meta Platforms,META,Sales & GTM,Principal,83.4,349200,6.7
META-0096,Priya Petrov,Meta Platforms,META,Engineering,Senior,93.8,300900,5.0
META-0097,Samuel Petrov,Meta Platforms,META,Research & AI,Staff,86.9,541400,10.2
META-0098,Kevin Nguyen,Meta Platforms,META,Finance,Staff,71.5,360000,3.4
META-0099,Michael Silva,Meta Platforms,META,People/HR,Principal,93.9,372300,6.0
META-0100,Linda Yamamoto,Meta Platforms,META,Product,Staff,94.4,506000,5.6
META-0101,Elena Schmidt,Meta Platforms,META,Product,Senior,86.9,116500,0.9
META-0102,Nina Reyes,Meta Platforms,META,Operations,Senior,92.6,328800,4.1
META-0103,Grace Rossi,Meta Platforms,META,Engineering,Senior,93.3,264700,1.8
META-0104,Sofia Patel,Meta Platforms,META,Engineering,Senior,74.0,623900,8.3
META-0105,Michael Kim,Meta Platforms,META,Engineering,Senior,75.4,342900,4.9
META-0106,Daniel Lee,Meta Platforms,META,Engineering,Staff,60.1,180800,6.2
META-0107,Priya Park,Meta Platforms,META,Engineering,Senior Director,94.0,1236500,6.4
META-0108,Nina Ali,Meta Platforms,META,People/HR,Staff,82.2,661100,5.2
META-0109,Chen Patel,Meta Platforms,META,Product,SVP,93.5,1286700,8.3
META-0110,Arjun Garcia,Meta Platforms,META,Research & AI,Staff,88.0,602900,6.4
META-0111,Emily Lopez,Meta Platforms,META,Engineering,Staff,69.1,562600,1.8
META-0112,Carlos Yamamoto,Meta Platforms,META,Sales & GTM,Principal,75.8,339100,4.1
META-0113,Mary Silva,Meta Platforms,META,Research & AI,Principal,91.6,515400,2.1
META-0114,Chen Wilson,Meta Platforms,META,Research & AI,Staff,88.5,246000,8.3
META-0115,Thomas Rossi,Meta Platforms,META,Research & AI,Principal,79.4,396700,7.5
META-0116,Kevin Park,Meta Platforms,META,Finance,Principal,65.9,287400,5.6
META-0117,Thomas Park,Meta Platforms,META,Engineering,Principal,90.4,535200,11.6
META-0118,Hiroshi Wang,Meta Platforms,META,Research & AI,VP,66.8,1010900,9.9
META-0119,Yuki Ali,Meta Platforms,META,Engineering,Principal,100.0,404500,5.2
META-0120,Olivia Lee,Meta Platforms,META,Product,Senior Director,77.5,822900,6.0
META-0121,Sofia Chen,Meta Platforms,META,Research & AI,Principal,70.7,209200,3.2
META-0122,Sofia Kim,Meta Platforms,META,Research & AI,Senior,100.0,1469300,16.9
META-0123,Thomas Lee,Meta Platforms,META,Research & AI,Director,97.1,1053400,7.4
META-0124,Thomas Kim,Meta Platforms,META,Sales & GTM,Senior,82.6,109400,5.7
META-0125,Priya Rossi,Meta Platforms,META,Sales & GTM,Principal,71.6,2193100,18.7
META-0126,Grace Okafor,Meta Platforms,META,Operations,Senior,90.0,203800,6.6
META-0127,Wei Martinez,Meta Platforms,META,People/HR,Senior,64.7,121500,2.6
META-0128,Grace Petrov,Meta Platforms,META,Research & AI,Senior,97.3,387400,4.2
META-0129,Mary Chen,Meta Platforms,META,Research & AI,Senior,91.4,210500,1.3
META-0130,Ahmed Petrov,Meta Platforms,META,People/HR,Senior,65.9,197200,7.0
META-0131,John Rossi,Meta Platforms,META,Engineering,VP,64.6,653100,7.8
META-0132,Michael Martinez,Meta Platforms,META,Engineering,SVP,90.5,3205800,7.7
META-0133,Emily Murphy,Meta Platforms,META,People/HR,Senior Director,69.1,609900,5.4
META-0134,Nina Lopez,Meta Platforms,META,Operations,Staff,75.6,285900,2.2
META-0135,Ahmed Kim,Meta Platforms,META,People/HR,Director,63.2,1613300,4.6
META-0136,Olivia Silva,Meta Platforms,META,Research & AI,Director,56.8,604400,6.9
META-0137,James Ali,Meta Platforms,META,Research & AI,Director,100.0,455900,6.7
META-0138,Raj Yamamoto,Meta Platforms,META,Engineering,Senior Director,84.2,1830800,5.4
META-0139,Yuki Brown,Meta Platforms,META,Design,Senior,60.2,99900,4.4
META-0140,Maria Patel,Meta Platforms,META,Product,Principal,78.5,939500,4.0
META-0141,Thomas Ali,Meta Platforms,META,Research & AI,Director,100.0,792400,10.8
META-0142,David Johnson,Meta Platforms,META,Sales & GTM,Principal,81.6,153700,7.8
META-0143,Ahmed Silva,Meta Platforms,META,Engineering,Staff,80.6,809500,12.3
META-0144,Yuki Wang,Meta Platforms,META,Engineering,Senior,92.1,139900,4.8
META-0145,Sofia Lopez,Meta Platforms,META,Engineering,Senior Director,76.7,1351000,6.3
META-0146,Raj Petrov,Meta Platforms,META,Engineering,Senior,83.0,125200,5.0
META-0147,Hannah Anderson,Meta Platforms,META,Research & AI,Staff,71.0,350600,4.9
META-0148,John Khan,Meta Platforms,META,Operations,Director,79.1,969100,5.3
META-0149,Arjun Reyes,Meta Platforms,META,Marketing,Staff,83.7,361100,3.3
META-0150,Yuki Hassan,Meta Platforms,META,People/HR,Senior,70.8,242100,7.6
META-0151,Sofia Kim,Meta Platforms,META,Operations,Staff,81.5,270000,10.3
META-0152,Raj Chen,Meta Platforms,META,Sales & GTM,Staff,77.6,1073600,2.4
META-0153,Sofia Nguyen,Meta Platforms,META,Operations,Senior,95.7,532800,12.0
META-0154,Raj Rossi,Meta Platforms,META,Operations,Principal,94.3,304700,5.3
META-0155,Raj Lopez,Meta Platforms,META,Engineering,Director,86.3,340600,8.9
META-0156,Raj Tanaka,Meta Platforms,META,Engineering,Staff,88.0,88000,5.4
META-0157,Arjun Ali,Meta Platforms,META,Product,VP,76.1,866100,16.3
META-0158,Maria Lopez,Meta Platforms,META,Product,Staff,78.9,253300,4.2
META-0159,David Tanaka,Meta Platforms,META,Marketing,VP,77.4,440700,13.9
META-0160,Priya Murphy,Meta Platforms,META,Design,Principal,68.7,676000,9.5
META-0161,Nina Smith,Meta Platforms,META,Research & AI,Senior Director,69.7,1095600,11.2
META-0162,Priya Yamamoto,Meta Platforms,META,Sales & GTM,Senior,80.0,259000,4.1
META-0163,David Wilson,Meta Platforms,META,Operations,Senior,100.0,256800,1.0
META-0164,Hannah Singh,Meta Platforms,META,Engineering,Senior,90.6,222400,9.3
META-0165,Maria Park,Meta Platforms,META,Engineering,Principal,75.6,417600,2.3
META-0166,Michael Wilson,Meta Platforms,META,Operations,Senior Director,71.0,657700,9.4
META-0167,Olivia Wang,Meta Platforms,META,Design,VP,68.0,1164400,6.4
META-0168,Hannah Petrov,Meta Platforms,META,Engineering,VP,66.9,848600,8.3
META-0169,Thomas Petrov,Meta Platforms,META,Operations,Staff,89.5,278900,9.6
META-0170,Olivia Davis,Meta Platforms,META,Operations,Director,100.0,576300,4.5
META-0171,Raj Park,Meta Platforms,META,Legal & Policy,Director,89.0,162200,3.7
META-0172,Hiroshi Park,Meta Platforms,META,Engineering,Senior,87.5,421900,1.3
META-0173,Mary Murphy,Meta Platforms,META,Research & AI,Senior Director,66.3,212100,7.7
META-0174,Sofia Okafor,Meta Platforms,META,Engineering,Senior,78.0,760700,4.5
META-0175,Daniel Wilson,Meta Platforms,META,Legal & Policy,Senior,83.1,456800,3.7
META-0176,Thomas Cohen,Meta Platforms,META,Engineering,Senior,70.8,151800,7.7
META-0177,Thomas Lee,Meta Platforms,META,Engineering,Staff,77.2,916600,3.6
META-0178,Ahmed Petrov,Meta Platforms,META,Marketing,Senior,83.0,329900,9.9
META-0179,John Ali,Meta Platforms,META,Marketing,Principal,67.7,624900,2.5
META-0180,Raj Brown,Meta Platforms,META,Sales & GTM,VP,75.6,1925900,7.8
META-0181,Linda Garcia,Meta Platforms,META,Engineering,Director,87.9,633500,5.5
META-0182,Wei Brown,Meta Platforms,META,Sales & GTM,Staff,76.1,185500,5.5
META-0183,Mary Silva,Meta Platforms,META,Finance,Senior,75.3,134100,2.2
META-0184,Linda Schmidt,Meta Platforms,META,Engineering,Senior,75.2,268200,9.3
META-0185,Sofia Martinez,Meta Platforms,META,Engineering,Staff,76.9,422900,4.9
META-0186,John Lee,Meta Platforms,META,Design,Senior,79.0,416700,11.2
META-0187,Zoe Brown,Meta Platforms,META,Product,Director,93.9,409000,6.2
META-0188,Priya Wang,Meta Platforms,META,Sales & GTM,Senior,78.1,393100,0.5
META-0189,Ahmed Patel,Meta Platforms,META,Research & AI,Senior Director,90.2,350600,5.3
META-0190,Thomas Garcia,Meta Platforms,META,Research & AI,Staff,50.4,288400,5.2
META-0191,Linda Wang,Meta Platforms,META,Engineering,Principal,93.4,1162800,10.4
META-0192,Wei Silva,Meta Platforms,META,People/HR,Staff,93.9,138200,9.9
META-0193,James Davis,Meta Platforms,META,Sales & GTM,SVP,70.5,2334900,9.8
META-0194,Sofia Wang,Meta Platforms,META,Research & AI,Staff,71.7,315600,3.8
META-0195,David Tanaka,Meta Platforms,META,Operations,Principal,76.4,132100,2.1
META-0196,Sofia Cohen,Meta Platforms,META,Marketing,Senior,65.3,168700,1.3
META-0197,Olivia Silva,Meta Platforms,META,Product,Principal,80.1,1031200,4.0
META-0198,Priya Smith,Meta Platforms,META,People/HR,Senior,80.3,448600,10.5
META-0199,Elena Park,Meta Platforms,META,Legal & Policy,Director,85.1,310400,6.0
META-0200,Hannah Wilson,Meta Platforms,META,Marketing,Staff,71.6,580400,3.2
META-0201,Wei Tanaka,Meta Platforms,META,Operations,Senior,71.1,147100,9.1
META-0202,Maria Smith,Meta Platforms,META,Finance,Senior,81.4,352800,1.8
META-0203,Arjun Yamamoto,Meta Platforms,META,Design,Staff,53.4,115900,4.0
META-0204,Grace Kim,Meta Platforms,META,Legal & Policy,Principal,82.5,1689400,7.5
META-0205,Hiroshi Rossi,Meta Platforms,META,Sales & GTM,Senior Director,93.0,609400,6.3
META-0206,Daniel Yamamoto,Meta Platforms,META,Engineering,Principal,59.5,1042300,2.9
META-0207,Raj Yamamoto,Meta Platforms,META,Engineering,Senior,64.3,145900,1.7
META-0208,Linda Johnson,Meta Platforms,META,Engineering,Senior,64.3,295000,19.4
META-0209,Daniel Smith,Meta Platforms,META,Engineering,Principal,90.0,319500,2.6
META-0210,Yuki Lee,Meta Platforms,META,Operations,Principal,88.2,467800,3.6
META-0211,Emily Park,Meta Platforms,META,Engineering,Senior,68.8,279000,5.2
META-0212,Thomas Ali,Meta Platforms,META,Product,VP,79.2,1405000,7.7
META-0213,Yuki Chen,Meta Platforms,META,Product,Staff,89.9,297500,1.7
META-0214,Emily Patel,Meta Platforms,META,Engineering,Staff,95.5,88400,2.9
META-0215,Chen Martinez,Meta Platforms,META,Legal & Policy,Staff,83.1,767500,1.0
META-0216,Emily Smith,Meta Platforms,META,Sales & GTM,Senior,85.7,569800,4.6
META-0217,Arjun Reyes,Meta Platforms,META,Engineering,Senior,81.6,327800,2.4
META-0218,Emily Davis,Meta Platforms,META,Research & AI,Director,75.0,404600,10.0
META-0219,John Lee,Meta Platforms,META,Research & AI,Senior,86.7,415900,7.9
META-0220,David Petrov,Meta Platforms,META,Product,Staff,86.3,664000,3.9
META-0221,Ahmed Singh,Meta Platforms,META,Engineering,Senior Director,89.8,674300,6.1
META-0222,Sofia Silva,Meta Platforms,META,Sales & GTM,Senior Director,71.7,922800,9.7
META-0223,Samuel Khan,Meta Platforms,META,Research & AI,Senior,71.3,276000,0.9
META-0224,Kevin Murphy,Meta Platforms,META,Finance,Staff,100.0,387000,9.6
META-0225,Linda Davis,Meta Platforms,META,Engineering,Senior,75.8,499100,1.6
META-0226,Thomas Chen,Meta Platforms,META,Engineering,C-Suite,70.5,1783800,12.6
META-0227,Daniel Khan,Meta Platforms,META,Engineering,Senior,93.4,314300,10.9
META-0228,Carlos Tanaka,Meta Platforms,META,Engineering,Principal,82.9,389200,5.1
META-0229,Priya Wilson,Meta Platforms,META,Research & AI,Staff,73.0,487500,2.2
META-0230,Kevin Rossi,Meta Platforms,META,Engineering,Senior,66.1,149500,6.2
META-0231,Emily Murphy,Meta Platforms,META,Engineering,Senior Director,78.0,769800,8.1
META-0232,Chen Patel,Meta Platforms,META,Legal & Policy,Director,72.6,209900,5.6
META-0233,Hiroshi Patel,Meta Platforms,META,People/HR,Staff,75.6,510500,1.9
META-0234,Arjun Okafor,Meta Platforms,META,Engineering,Staff,71.5,139100,1.0
META-0235,Elena Reyes,Meta Platforms,META,Engineering,Principal,100.0,339700,7.6
META-0236,Kevin Chen,Meta Platforms,META,Engineering,Principal,83.9,420600,7.6
META-0237,John Park,Meta Platforms,META,Design,Staff,84.1,301800,6.0
META-0238,Nina Tanaka,Meta Platforms,META,Engineering,Staff,98.0,208400,3.1
META-0239,James Wilson,Meta Platforms,META,Operations,Staff,86.4,342500,10.4
META-0240,Grace Johnson,Meta Platforms,META,Design,Director,94.9,456100,4.3
META-0241,Aisha Lee,Meta Platforms,META,Operations,Director,76.4,885800,4.9
META-0242,Carlos Hassan,Meta Platforms,META,Engineering,Staff,72.8,343400,5.1
META-0243,Yuki Ali,Meta Platforms,META,Engineering,Principal,69.6,236400,2.2
META-0244,Aisha Reyes,Meta Platforms,META,Design,C-Suite,75.7,3869000,12.0
META-0245,Hiroshi Silva,Meta Platforms,META,Sales & GTM,Senior,75.8,550200,1.6
META-0246,Raj Davis,Meta Platforms,META,Marketing,Staff,62.7,741100,3.3
META-0247,Daniel Singh,Meta Platforms,META,Sales & GTM,Principal,76.0,699500,3.6
META-0248,Priya Rossi,Meta Platforms,META,Sales & GTM,Staff,91.6,699800,4.2
META-0249,John Lee,Meta Platforms,META,Research & AI,Senior,71.5,300900,7.4
META-0250,Hiroshi Wang,Meta Platforms,META,Sales & GTM,VP,97.2,826700,9.6
META-0251,Sofia Reyes,Meta Platforms,META,Sales & GTM,VP,82.4,566800,9.3
META-0252,James Singh,Meta Platforms,META,Product,Senior,56.3,147200,5.7
META-0253,Hannah Yamamoto,Meta Platforms,META,Product,Principal,99.5,545700,2.4
META-0254,Hiroshi Kim,Meta Platforms,META,Engineering,Senior Director,52.9,542700,4.7
META-0255,Arjun Tanaka,Meta Platforms,META,Research & AI,Senior Director,83.8,585000,4.7
META-0256,David Anderson,Meta Platforms,META,Engineering,Principal,93.3,636900,4.8
META-0257,Ahmed Reyes,Meta Platforms,META,Engineering,Senior,63.7,126100,0.6
META-0258,Sofia Chen,Meta Platforms,META,Product,Staff,73.4,393600,1.2
META-0259,James Okafor,Meta Platforms,META,Operations,Staff,83.3,395600,1.2
META-0260,John Wilson,Meta Platforms,META,Engineering,Staff,69.2,279500,3.1
META-0261,Mary Lee,Meta Platforms,META,Engineering,Senior,74.5,157100,4.1
META-0262,Sofia Kim,Meta Platforms,META,Engineering,Principal,89.5,1344800,6.4
META-0263,John Chen,Meta Platforms,META,Marketing,Staff,77.2,230000,2.1
META-0264,Arjun Kim,Meta Platforms,META,Design,Staff,59.3,400000,2.1
META-0265,Fatima Lopez,Meta Platforms,META,Legal & Policy,Principal,88.0,865400,12.6
META-0266,Kevin Wang,Meta Platforms,META,Engineering,Director,91.8,1341800,4.3
META-0267,Emily Lee,Meta Platforms,META,Research & AI,Staff,94.7,454500,3.6
META-0268,Thomas Khan,Meta Platforms,META,Product,Principal,92.1,757700,3.6
META-0269,Daniel Okafor,Meta Platforms,META,Research & AI,VP,95.4,706500,10.8
META-0270,Yuki Garcia,Meta Platforms,META,Operations,Senior,72.0,110400,4.9
META-0271,Arjun Tanaka,Meta Platforms,META,Finance,Principal,93.0,409700,9.9
META-0272,Wei Singh,Meta Platforms,META,Sales & GTM,Principal,63.6,232400,8.7
META-0273,Michael Cohen,Meta Platforms,META,Engineering,Senior,66.6,414500,8.3
META-0274,Maria Tanaka,Meta Platforms,META,Design,VP,68.9,245200,6.1
META-0275,Michael Davis,Meta Platforms,META,Engineering,Principal,71.1,363500,2.9
META-0276,Hannah Nguyen,Meta Platforms,META,Research & AI,VP,84.4,745300,8.6
META-0277,Aisha Ali,Meta Platforms,META,Engineering,Senior Director,83.4,876100,10.7
META-0278,Daniel Davis,Meta Platforms,META,Engineering,Staff,77.1,497700,2.3
META-0279,John Patel,Meta Platforms,META,Engineering,VP,81.3,1850100,6.6
META-0280,Ahmed Khan,Meta Platforms,META,Research & AI,Senior,69.1,598300,10.6
META-0281,David Silva,Meta Platforms,META,Sales & GTM,VP,74.9,865800,14.7
META-0282,David Smith,Meta Platforms,META,Engineering,Senior,78.3,504000,13.3
META-0283,Zoe Murphy,Meta Platforms,META,Research & AI,Director,68.9,357700,6.6
META-0284,Wei Hassan,Meta Platforms,META,Engineering,Senior,68.4,955800,5.5
META-0285,Ahmed Martinez,Meta Platforms,META,Marketing,Director,87.6,919400,4.2
META-0286,James Wang,Meta Platforms,META,Engineering,Director,86.0,764200,3.4
META-0287,Arjun Singh,Meta Platforms,META,Product,Senior,77.0,126600,6.2
META-0288,Sofia Johnson,Meta Platforms,META,People/HR,Principal,79.9,254900,17.2
META-0289,Zoe Petrov,Meta Platforms,META,Engineering,Staff,78.4,212000,3.3
META-0290,Fatima Patel,Meta Platforms,META,Engineering,Senior,83.2,1343600,4.1
META-0291,Mary Okafor,Meta Platforms,META,Engineering,Principal,93.6,266000,3.0
META-0292,Raj Wilson,Meta Platforms,META,Design,Director,86.1,369100,7.6
META-0293,Wei Johnson,Meta Platforms,META,Design,Staff,75.5,364400,10.3
META-0294,Yuki Ali,Meta Platforms,META,Engineering,Senior,78.4,595700,4.1
META-0295,Chen Lopez,Meta Platforms,META,Finance,Senior,82.3,266600,1.1
META-0296,Arjun Khan,Meta Platforms,META,Product,Staff,94.1,521400,6.9
META-0297,Linda Lopez,Meta Platforms,META,Operations,Principal,94.5,531300,14.7
META-0298,Nina Anderson,Meta Platforms,META,Sales & GTM,VP,80.2,2009500,7.7
META-0299,James Wilson,Meta Platforms,META,Product,Senior Director,69.3,821300,9.5
META-0300,Linda Hassan,Meta Platforms,META,Operations,Staff,59.8,246800,2.4
META-0301,Daniel Ali,Meta Platforms,META,Research & AI,Director,92.8,1046200,4.6
META-0302,Samuel Wilson,Meta Platforms,META,People/HR,Senior,77.0,196600,7.9
META-0303,Michael Smith,Meta Platforms,META,Engineering,Senior,64.8,210900,6.8
META-0304,Maria Wang,Meta Platforms,META,Research & AI,Director,81.3,523000,6.1
META-0305,John Lee,Meta Platforms,META,Product,Staff,79.7,795200,9.4
META-0306,Aisha Okafor,Meta Platforms,META,Design,Staff,72.7,180700,4.3
META-0307,Carlos Johnson,Meta Platforms,META,Finance,Principal,87.4,663600,7.9
META-0308,Nina Lee,Meta Platforms,META,Engineering,Principal,73.7,1361700,3.2
META-0309,Aisha Nguyen,Meta Platforms,META,Engineering,Principal,100.0,170400,16.0
META-0310,Sofia Okafor,Meta Platforms,META,Research & AI,Staff,79.6,607700,1.5
META-0311,Sofia Wang,Meta Platforms,META,Operations,Senior,89.8,378600,3.1
META-0312,John Garcia,Meta Platforms,META,Product,Principal,86.7,786600,5.9
META-0313,Nina Lee,Meta Platforms,META,Research & AI,Director,85.9,1319700,8.0
META-0314,Michael Hassan,Meta Platforms,META,Research & AI,Staff,68.3,222700,5.5
META-0315,Priya Wilson,Meta Platforms,META,Operations,VP,87.3,867700,5.6
META-0316,Thomas Singh,Meta Platforms,META,Sales & GTM,Senior,61.6,733600,6.0
META-0317,Aisha Hassan,Meta Platforms,META,Engineering,Principal,72.5,444500,4.1
META-0318,Mary Tanaka,Meta Platforms,META,Engineering,Director,85.5,615500,6.5
META-0319,Emily Petrov,Meta Platforms,META,Legal & Policy,Senior,73.8,253900,8.3
META-0320,Priya Tanaka,Meta Platforms,META,Sales & GTM,SVP,74.9,2022700,14.7
META-0321,Zoe Murphy,Meta Platforms,META,Engineering,Senior,79.2,215700,2.4
META-0322,Kevin Kim,Meta Platforms,META,Sales & GTM,Staff,100.0,610000,6.3
META-0323,Chen Ali,Meta Platforms,META,Research & AI,Principal,82.7,625300,10.4
META-0324,Carlos Nguyen,Meta Platforms,META,Engineering,Senior,67.9,367400,6.3
META-0325,Sofia Smith,Meta Platforms,META,People/HR,Staff,75.6,522600,2.6
META-0326,Daniel Davis,Meta Platforms,META,Operations,Staff,62.3,339900,15.1
META-0327,Priya Singh,Meta Platforms,META,Product,Principal,56.0,457300,3.6
META-0328,Samuel Schmidt,Meta Platforms,META,Engineering,Principal,72.2,498000,4.9
META-0329,Emily Nguyen,Meta Platforms,META,Operations,Senior,84.7,440500,14.1
META-0330,Hannah Lopez,Meta Platforms,META,Engineering,Senior,82.0,168300,7.7
META-0331,Emily Smith,Meta Platforms,META,Product,Senior,65.7,526400,8.2
META-0332,James Rossi,Meta Platforms,META,Engineering,Principal,94.2,155000,3.1
META-0333,Raj Nguyen,Meta Platforms,META,People/HR,Senior,92.8,102600,2.0
META-0334,Kevin Petrov,Meta Platforms,META,Operations,Senior,78.5,572200,6.6
META-0335,Ahmed Davis,Meta Platforms,META,Design,Director,81.8,781800,5.9
META-0336,Mary Smith,Meta Platforms,META,Engineering,Senior,62.1,305000,11.1
META-0337,Fatima Park,Meta Platforms,META,Research & AI,Staff,59.6,226200,3.7
META-0338,Kevin Patel,Meta Platforms,META,Operations,Principal,65.0,303700,4.3
META-0339,Ahmed Okafor,Meta Platforms,META,Engineering,Staff,79.3,1125000,5.7
META-0340,Sofia Wilson,Meta Platforms,META,Research & AI,Principal,97.4,710700,4.4
META-0341,Aisha Wilson,Meta Platforms,META,Product,Senior Director,69.7,788100,4.9
META-0342,Samuel Nguyen,Meta Platforms,META,Sales & GTM,Senior,76.8,222300,4.8
META-0343,James Brown,Meta Platforms,META,Marketing,C-Suite,70.9,2873500,14.7
META-0344,Thomas Garcia,Meta Platforms,META,Engineering,Staff,69.3,258800,4.6
META-0345,Olivia Reyes,Meta Platforms,META,Operations,Senior,81.3,69200,1.7
META-0346,Emily Martinez,Meta Platforms,META,Operations,Director,76.4,503600,7.4
META-0347,Priya Yamamoto,Meta Platforms,META,Operations,Senior Director,85.8,680100,14.6
META-0348,Yuki Wang,Meta Platforms,META,Research & AI,Senior,68.6,178600,2.2
META-0349,Hiroshi Cohen,Meta Platforms,META,Operations,Senior,84.9,392600,6.8
META-0350,Hiroshi Johnson,Meta Platforms,META,Engineering,Senior,84.4,282200,4.7
META-0351,Michael Park,Meta Platforms,META,Engineering,Staff,100.0,400400,6.6
META-0352,Hannah Brown,Meta Platforms,META,Engineering,Principal,75.6,683600,3.9
META-0353,Daniel Schmidt,Meta Platforms,META,Engineering,Staff,92.9,1007800,1.5
META-0354,Maria Patel,Meta Platforms,META,Engineering,Senior,72.7,315200,0.2
META-0355,Emily Martinez,Meta Platforms,META,Sales & GTM,Director,55.9,599700,7.6
META-0356,Sofia Kim,Meta Platforms,META,Product,Staff,76.1,253500,2.1
META-0357,John Yamamoto,Meta Platforms,META,People/HR,Director,97.8,1269800,7.5
META-0358,Fatima Martinez,Meta Platforms,META,Engineering,Senior,50.5,143700,8.8
META-0359,Carlos Brown,Meta Platforms,META,Engineering,Staff,90.6,361600,9.4
META-0360,Grace Chen,Meta Platforms,META,Finance,Senior,89.5,300900,0.9
META-0361,Emily Rossi,Meta Platforms,META,Finance,Principal,91.6,85600,8.0
META-0362,Wei Wang,Meta Platforms,META,Legal & Policy,Principal,65.1,267400,4.8
META-0363,Carlos Silva,Meta Platforms,META,Finance,Staff,72.2,368600,5.3
META-0364,Sofia Schmidt,Meta Platforms,META,Marketing,Director,67.6,656900,5.6
META-0365,Samuel Hassan,Meta Platforms,META,Finance,Staff,71.5,550400,3.0
META-0366,Hannah Brown,Meta Platforms,META,Engineering,Senior Director,95.4,890900,3.7
META-0367,Fatima Ali,Meta Platforms,META,Engineering,Principal,84.0,1194700,6.0
META-0368,Nina Garcia,Meta Platforms,META,Design,Staff,72.7,600400,5.8
META-0369,Wei Yamamoto,Meta Platforms,META,Operations,Principal,83.2,1335100,5.4
META-0370,Grace Smith,Meta Platforms,META,People/HR,Director,75.2,1283800,6.3
META-0371,Grace Wang,Meta Platforms,META,Sales & GTM,Staff,76.9,625100,7.2
META-0372,Daniel Silva,Meta Platforms,META,Research & AI,Senior,62.0,490500,8.2
META-0373,Sofia Patel,Meta Platforms,META,Research & AI,Director,93.2,1535400,7.8
META-0374,Linda Petrov,Meta Platforms,META,People/HR,Senior,86.3,293400,4.3
META-0375,Maria Nguyen,Meta Platforms,META,Product,Principal,73.7,431300,3.0
META-0376,Grace Wang,Meta Platforms,META,Sales & GTM,Principal,74.5,692800,2.3
META-0377,Zoe Singh,Meta Platforms,META,Marketing,Staff,86.3,654300,2.4
META-0378,Nina Nguyen,Meta Platforms,META,Operations,Staff,83.5,494900,3.7
META-0379,Daniel Chen,Meta Platforms,META,Engineering,C-Suite,90.5,3524500,8.7
META-0380,Michael Yamamoto,Meta Platforms,META,Engineering,Principal,74.2,355100,7.2
META-0381,Kevin Tanaka,Meta Platforms,META,Sales & GTM,Senior,85.5,390300,0.8
META-0382,Arjun Lee,Meta Platforms,META,Product,Senior Director,71.8,935800,9.4
META-0383,Raj Davis,Meta Platforms,META,Sales & GTM,Staff,79.1,442900,1.8
META-0384,Samuel Murphy,Meta Platforms,META,Design,Director,75.6,1065800,6.8
META-0385,Carlos Murphy,Meta Platforms,META,Engineering,Senior,63.0,411800,2.6
META-0386,Hannah Wang,Meta Platforms,META,Sales & GTM,Staff,93.7,556600,5.2
META-0387,Ahmed Singh,Meta Platforms,META,Research & AI,Principal,92.3,298100,10.9
META-0388,David Silva,Meta Platforms,META,Sales & GTM,Senior,89.4,361500,1.9
META-0389,Priya Singh,Meta Platforms,META,Sales & GTM,Director,82.4,245200,10.0
META-0390,Fatima Martinez,Meta Platforms,META,People/HR,Staff,80.4,358400,5.3
META-0391,Fatima Rossi,Meta Platforms,META,Finance,Director,87.0,1443900,2.9
META-0392,David Yamamoto,Meta Platforms,META,Sales & GTM,Senior,80.4,284800,1.4
META-0393,Linda Johnson,Meta Platforms,META,Marketing,Director,67.0,703500,10.0
META-0394,Ahmed Murphy,Meta Platforms,META,People/HR,Senior,90.8,183600,0.2
META-0395,Fatima Khan,Meta Platforms,META,Research & AI,Staff,79.9,354900,8.8
META-0396,Sofia Brown,Meta Platforms,META,Engineering,Senior,60.7,344200,0.5
META-0397,Mary Smith,Meta Platforms,META,Product,Staff,91.6,183300,4.6
META-0398,Sofia Lopez,Meta Platforms,META,Engineering,Staff,92.9,493000,2.2
META-0399,John Smith,Meta Platforms,META,Finance,Principal,74.6,412100,3.8
META-0400,Priya Silva,Meta Platforms,META,Research & AI,Senior,82.5,197700,4.5
META-0401,Elena Schmidt,Meta Platforms,META,Engineering,Staff,76.5,201000,6.6
META-0402,John Petrov,Meta Platforms,META,Engineering,Director,88.6,637900,3.3
META-0403,Ahmed Khan,Meta Platforms,META,Product,Staff,79.6,430000,3.3
META-0404,Zoe Petrov,Meta Platforms,META,Sales & GTM,Principal,100.0,566500,4.1
META-0405,Carlos Khan,Meta Platforms,META,Research & AI,Director,78.9,1157900,4.6
META-0406,Emily Lopez,Meta Platforms,META,Product,Staff,78.3,1199100,3.6
META-0407,Michael Nguyen,Meta Platforms,META,Engineering,Director,61.8,431600,5.9
META-0408,Fatima Okafor,Meta Platforms,META,Engineering,Senior,83.3,278800,8.1
META-0409,Mary Yamamoto,Meta Platforms,META,People/HR,Senior,54.2,516500,2.5
META-0410,Mary Hassan,Meta Platforms,META,Engineering,Principal,88.2,430700,7.1
META-0411,Daniel Khan,Meta Platforms,META,Engineering,Staff,80.2,819500,3.6
META-0412,Kevin Park,Meta Platforms,META,Design,SVP,88.9,3699500,9.8
META-0413,Elena Smith,Meta Platforms,META,Engineering,Principal,81.9,1051400,9.1
META-0414,Carlos Lee,Meta Platforms,META,Design,Principal,80.5,626900,4.5
META-0415,Priya Patel,Meta Platforms,META,Marketing,Principal,89.1,250500,9.4
META-0416,Fatima Silva,Meta Platforms,META,Product,Staff,86.9,181000,4.4
META-0417,Yuki Yamamoto,Meta Platforms,META,Research & AI,Senior,56.4,285800,3.4
META-0418,Olivia Petrov,Meta Platforms,META,Sales & GTM,Director,76.4,565900,6.0
META-0419,Olivia Hassan,Meta Platforms,META,Engineering,Principal,88.5,898100,2.1
META-0420,Michael Cohen,Meta Platforms,META,Engineering,Senior,79.9,504600,0.5
META-0421,Priya Wilson,Meta Platforms,META,Marketing,Senior,62.9,290800,6.9
META-0422,Zoe Johnson,Meta Platforms,META,Engineering,VP,89.6,501400,12.6
META-0423,Hannah Silva,Meta Platforms,META,Sales & GTM,Principal,89.1,802200,10.0
META-0424,Wei Tanaka,Meta Platforms,META,Engineering,Director,88.9,696100,14.8
META-0425,Carlos Schmidt,Meta Platforms,META,Engineering,Principal,92.5,378600,2.4
META-0426,James Ali,Meta Platforms,META,Engineering,Senior,74.1,200700,7.9
META-0427,John Wilson,Meta Platforms,META,Engineering,Senior,78.6,542400,6.1
META-0428,David Murphy,Meta Platforms,META,People/HR,Principal,81.2,536600,4.2
META-0429,Zoe Garcia,Meta Platforms,META,Legal & Policy,Staff,79.4,406800,2.8
META-0430,Arjun Garcia,Meta Platforms,META,Engineering,C-Suite,94.6,2128100,9.7
META-0431,Arjun Wang,Meta Platforms,META,Sales & GTM,Staff,80.7,406000,5.9
META-0432,Yuki Davis,Meta Platforms,META,Design,Senior,74.3,214000,6.1
META-0433,Chen Hassan,Meta Platforms,META,Research & AI,Staff,75.6,372700,2.9
META-0434,Nina Ali,Meta Platforms,META,Operations,Staff,74.5,807200,4.4
META-0435,Linda Yamamoto,Meta Platforms,META,Operations,Staff,65.1,178400,2.0
META-0436,Olivia Singh,Meta Platforms,META,Marketing,Senior,89.8,527300,3.5
META-0437,Sofia Ali,Meta Platforms,META,Legal & Policy,VP,75.3,1454600,10.7
META-0438,Emily Kim,Meta Platforms,META,Legal & Policy,Staff,65.1,1408400,9.5
META-0439,Thomas Schmidt,Meta Platforms,META,Product,Senior,69.2,213600,3.0
META-0440,Hannah Brown,Meta Platforms,META,Research & AI,Senior,85.7,275300,7.3
META-0441,Arjun Ali,Meta Platforms,META,Product,Senior,74.6,182700,4.1
META-0442,Michael Park,Meta Platforms,META,Marketing,Senior,73.6,154900,2.8
META-0443,Raj Wilson,Meta Platforms,META,Research & AI,Principal,69.2,352900,7.6
META-0444,Michael Martinez,Meta Platforms,META,Operations,Principal,91.5,598100,10.5
META-0445,Kevin Tanaka,Meta Platforms,META,Engineering,Principal,76.0,688800,5.4
META-0446,Elena Lopez,Meta Platforms,META,Operations,Director,86.6,735900,3.7
META-0447,David Cohen,Meta Platforms,META,Engineering,VP,86.6,1117800,8.0
META-0448,Daniel Hassan,Meta Platforms,META,Operations,Senior,61.8,148600,7.6
META-0449,Olivia Rossi,Meta Platforms,META,Product,Director,87.1,397800,2.5
META-0450,Yuki Khan,Meta Platforms,META,Sales & GTM,Staff,91.6,366200,9.4
META-0451,Linda Kim,Meta Platforms,META,Engineering,Principal,70.0,256800,5.5
META-0452,Elena Schmidt,Meta Platforms,META,Engineering,Director,80.5,1129500,26.9
META-0453,Ahmed Patel,Meta Platforms,META,Legal & Policy,Staff,84.0,772700,4.7
META-0454,Linda Yamamoto,Meta Platforms,META,Engineering,Staff,76.9,301000,11.8
META-0455,Emily Park,Meta Platforms,META,Engineering,Principal,82.7,261300,3.0
META-0456,James Wilson,Meta Platforms,META,Engineering,SVP,89.9,1927800,9.9
META-0457,Maria Lee,Meta Platforms,META,Product,Staff,87.0,341300,1.9
META-0458,Priya Silva,Meta Platforms,META,Operations,Staff,89.1,409300,1.4
META-0459,Ahmed Schmidt,Meta Platforms,META,Engineering,Senior,93.5,399100,3.3
META-0460,Chen Chen,Meta Platforms,META,Design,Senior,72.2,229700,2.0
META-0461,Aisha Anderson,Meta Platforms,META,Research & AI,Principal,73.0,569300,2.4
META-0462,Fatima Cohen,Meta Platforms,META,Marketing,Principal,85.8,1139800,6.4
META-0463,Arjun Reyes,Meta Platforms,META,Engineering,Senior,84.9,650000,3.3
META-0464,Sofia Patel,Meta Platforms,META,Engineering,Staff,93.9,243800,11.3
META-0465,Priya Yamamoto,Meta Platforms,META,Engineering,Senior,86.8,141900,1.9
META-0466,David Singh,Meta Platforms,META,Engineering,Principal,81.3,212200,3.6
META-0467,Emily Johnson,Meta Platforms,META,Marketing,Senior,68.8,161300,5.6
META-0468,Wei Smith,Meta Platforms,META,Operations,Senior,81.6,483000,0.6
META-0469,Priya Khan,Meta Platforms,META,Operations,Senior,88.4,701000,5.9
META-0470,Kevin Khan,Meta Platforms,META,Legal & Policy,Senior,79.8,423000,3.9
META-0471,Fatima Chen,Meta Platforms,META,Engineering,Staff,81.6,463500,2.6
META-0472,Nina Petrov,Meta Platforms,META,Research & AI,Staff,79.0,302000,4.4
META-0473,Wei Cohen,Meta Platforms,META,Finance,Director,91.7,267400,6.6
META-0474,Raj Okafor,Meta Platforms,META,Marketing,VP,63.7,665800,8.0
META-0475,Hiroshi Patel,Meta Platforms,META,Engineering,Staff,70.2,862900,4.5
META-0476,Hiroshi Lee,Meta Platforms,META,Research & AI,Director,65.0,673100,4.9
META-0477,Arjun Lopez,Meta Platforms,META,Engineering,SVP,93.4,1442900,8.3
META-0478,Aisha Wilson,Meta Platforms,META,Sales & GTM,Director,69.4,930700,5.3
META-0479,Chen Silva,Meta Platforms,META,Research & AI,Senior,76.4,299900,14.4
META-0480,Thomas Martinez,Meta Platforms,META,Engineering,Principal,74.0,860500,9.5
META-0481,Arjun Cohen,Meta Platforms,META,Product,Principal,75.7,589300,3.6
META-0482,Daniel Singh,Meta Platforms,META,Sales & GTM,Senior Director,75.2,1556600,7.6
META-0483,Mary Rossi,Meta Platforms,META,Research & AI,Staff,81.8,506600,6.9
META-0484,Sofia Okafor,Meta Platforms,META,Finance,Senior,81.1,251500,2.4
META-0485,Zoe Garcia,Meta Platforms,META,Marketing,Director,90.7,549600,4.9
META-0486,Grace Kim,Meta Platforms,META,Research & AI,Senior,92.9,235700,9.4
META-0487,James Murphy,Meta Platforms,META,Engineering,Senior,75.7,243100,3.5
META-0488,Wei Wang,Meta Platforms,META,Sales & GTM,Principal,86.7,1563600,8.9
META-0489,Aisha Petrov,Meta Platforms,META,Engineering,Principal,77.5,365200,3.0
META-0490,Mary Ali,Meta Platforms,META,Sales & GTM,Director,97.5,1367300,4.9
META-0491,Michael Silva,Meta Platforms,META,Engineering,Principal,73.8,1649000,2.3
META-0492,John Khan,Meta Platforms,META,People/HR,Senior,88.0,134100,6.6
META-0493,Olivia Kim,Meta Platforms,META,Research & AI,Senior,89.9,269200,2.3
META-0494,Olivia Ali,Meta Platforms,META,Sales & GTM,Staff,64.8,356000,2.8
META-0495,Zoe Murphy,Meta Platforms,META,Sales & GTM,SVP,80.2,1457000,6.0
META-0496,James Tanaka,Meta Platforms,META,Operations,Staff,91.5,263100,1.4
META-0497,Sofia Davis,Meta Platforms,META,Engineering,VP,62.1,547500,5.6
META-0498,Ahmed Park,Meta Platforms,META,Marketing,Senior,62.1,332300,3.9
META-0499,Samuel Singh,Meta Platforms,META,People/HR,Senior,61.6,124400,2.4
META-0500,Daniel Nguyen,Meta Platforms,META,People/HR,Senior,72.0,222500,2.7
META-0501,Sofia Tanaka,Meta Platforms,META,Engineering,VP,54.0,470000,10.1
META-0502,Hiroshi Petrov,Meta Platforms,META,Engineering,Senior,67.0,341100,0.2
META-0503,Olivia Wilson,Meta Platforms,META,Engineering,Principal,75.1,688000,2.4
META-0504,Elena Wilson,Meta Platforms,META,Engineering,Director,98.1,2469300,3.8
META-0505,Sofia Yamamoto,Meta Platforms,META,Engineering,Senior,57.2,135000,7.2
META-0506,Raj Rossi,Meta Platforms,META,Research & AI,Director,82.2,755400,10.7
META-0507,Fatima Wang,Meta Platforms,META,Marketing,Staff,75.6,266400,7.3
META-0508,Emily Lee,Meta Platforms,META,Engineering,Senior Director,91.2,861300,7.1
META-0509,Hannah Kim,Meta Platforms,META,Research & AI,C-Suite,84.1,1462200,9.0
META-0510,Mary Wang,Meta Platforms,META,Engineering,Senior,89.9,402800,6.1
META-0511,Aisha Martinez,Meta Platforms,META,Product,Staff,95.1,420200,4.2
META-0512,Maria Rossi,Meta Platforms,META,Finance,Staff,100.0,236700,4.4
META-0513,Hiroshi Davis,Meta Platforms,META,Finance,Senior,82.9,126400,3.6
META-0514,Thomas Schmidt,Meta Platforms,META,Engineering,VP,77.0,472400,5.3
META-0515,Kevin Okafor,Meta Platforms,META,Product,Senior Director,62.0,575600,7.7
META-0516,Hiroshi Nguyen,Meta Platforms,META,Research & AI,Senior Director,84.0,666500,11.9
META-0517,Carlos Wang,Meta Platforms,META,Engineering,Director,89.5,335600,7.4
META-0518,Linda Johnson,Meta Platforms,META,Engineering,Staff,90.9,680600,5.0
META-0519,John Ali,Meta Platforms,META,Design,VP,91.3,526400,10.9
META-0520,Raj Anderson,Meta Platforms,META,Engineering,Senior Director,98.8,1681300,7.7
META-0521,Ahmed Brown,Meta Platforms,META,Design,Staff,73.2,289000,0.9
META-0522,Linda Lopez,Meta Platforms,META,Design,Staff,87.1,1147700,5.3
META-0523,Daniel Murphy,Meta Platforms,META,Engineering,Director,92.9,320900,5.1
META-0524,Raj Kim,Meta Platforms,META,Sales & GTM,Senior,64.9,198400,0.9
META-0525,Michael Okafor,Meta Platforms,META,Legal & Policy,Principal,83.3,519800,4.1
META-0526,Elena Davis,Meta Platforms,META,Marketing,SVP,80.7,1027900,7.4
META-0527,Olivia Anderson,Meta Platforms,META,Design,SVP,85.8,1151800,6.4
META-0528,Fatima Smith,Meta Platforms,META,Sales & GTM,Senior,72.2,422000,1.9
META-0529,Kevin Cohen,Meta Platforms,META,Finance,VP,87.0,875900,6.9
META-0530,Hannah Cohen,Meta Platforms,META,Operations,Senior,81.9,499100,7.4
META-0531,Priya Khan,Meta Platforms,META,Finance,Senior Director,83.3,780600,7.0
META-0532,Thomas Nguyen,Meta Platforms,META,Research & AI,C-Suite,70.8,3280400,10.1
META-0533,Michael Ali,Meta Platforms,META,Engineering,Principal,85.6,573600,18.9
META-0534,Mary Cohen,Meta Platforms,META,Product,Principal,76.1,632700,1.6
META-0535,Arjun Lee,Meta Platforms,META,Marketing,Principal,94.1,251500,6.2
META-0536,Michael Garcia,Meta Platforms,META,Research & AI,Senior,93.6,87200,1.2
META-0537,Sofia Park,Meta Platforms,META,Sales & GTM,Principal,68.5,1061500,6.0
META-0538,Olivia Park,Meta Platforms,META,Engineering,Director,87.0,629600,4.5
META-0539,Emily Singh,Meta Platforms,META,Operations,Senior,85.6,222100,4.1
META-0540,Arjun Kim,Meta Platforms,META,Operations,Senior,88.9,228200,1.1
META-0541,David Khan,Meta Platforms,META,Research & AI,Senior Director,80.8,1112700,7.0
META-0542,Arjun Murphy,Meta Platforms,META,Design,Staff,82.5,918800,4.1
META-0543,Ahmed Davis,Meta Platforms,META,Operations,Staff,58.6,349300,3.7
META-0544,Kevin Kim,Meta Platforms,META,Product,Staff,74.3,261200,5.9
META-0545,Emily Kim,Meta Platforms,META,Research & AI,Senior,81.7,1599900,2.5
META-0546,Grace Johnson,Meta Platforms,META,Operations,Senior Director,83.4,628400,8.3
META-0547,Linda Singh,Meta Platforms,META,Research & AI,Principal,64.0,698500,8.6
META-0548,Grace Murphy,Meta Platforms,META,Product,Senior,88.2,94100,3.1
META-0549,Nina Brown,Meta Platforms,META,Finance,Senior,67.9,341900,3.1
META-0550,Nina Schmidt,Meta Platforms,META,Product,SVP,62.3,404200,10.4
META-0551,Grace Kim,Meta Platforms,META,Engineering,Principal,71.6,379800,3.7
META-0552,Elena Khan,Meta Platforms,META,Product,Senior,83.1,112700,1.5
META-0553,Chen Silva,Meta Platforms,META,Engineering,Senior,55.0,115800,2.4
META-0554,Maria Lee,Meta Platforms,META,Finance,Senior,81.0,520700,2.5
META-0555,Emily Park,Meta Platforms,META,Finance,Staff,57.6,273800,7.2
META-0556,John Cohen,Meta Platforms,META,People/HR,Director,100.0,732300,16.3
META-0557,Michael Silva,Meta Platforms,META,Sales & GTM,Staff,67.8,516400,3.1
META-0558,Fatima Lopez,Meta Platforms,META,Engineering,Senior Director,73.6,1037300,8.4
META-0559,Hiroshi Tanaka,Meta Platforms,META,Engineering,Principal,72.7,500200,4.1
META-0560,James Smith,Meta Platforms,META,Product,Senior,100.0,255400,4.1
META-0561,Aisha Schmidt,Meta Platforms,META,Engineering,Principal,75.1,418000,3.2
META-0562,Thomas Okafor,Meta Platforms,META,Engineering,Director,50.8,522700,8.8
META-0563,Maria Schmidt,Meta Platforms,META,Engineering,Principal,83.1,342500,9.6
META-0564,Mary Lopez,Meta Platforms,META,Design,Principal,78.0,289000,5.1
META-0565,Linda Reyes,Meta Platforms,META,Marketing,Senior,65.2,244200,7.1
META-0566,Michael Brown,Meta Platforms,META,Sales & GTM,Senior,64.3,477000,5.0
META-0567,Grace Chen,Meta Platforms,META,Engineering,Senior,81.0,563500,10.7
META-0568,Kevin Lopez,Meta Platforms,META,Engineering,Director,93.9,1442900,11.4
META-0569,Sofia Davis,Meta Platforms,META,Research & AI,Director,81.1,516200,8.5
META-0570,Daniel Lopez,Meta Platforms,META,Engineering,Senior Director,60.8,496200,9.3
META-0571,Raj Yamamoto,Meta Platforms,META,Engineering,Director,69.2,363400,5.6
META-0572,Fatima Lopez,Meta Platforms,META,Engineering,Staff,100.0,633200,4.5
META-0573,Hiroshi Wang,Meta Platforms,META,Engineering,Senior Director,92.7,884100,6.8
META-0574,Linda Singh,Meta Platforms,META,Finance,Senior,60.2,388700,3.7
META-0575,Carlos Cohen,Meta Platforms,META,Engineering,Principal,76.7,502500,8.0
META-0576,Hiroshi Davis,Meta Platforms,META,Engineering,Staff,100.0,339800,5.6
META-0577,Ahmed Brown,Meta Platforms,META,Research & AI,Staff,81.5,593600,4.9
META-0578,Wei Lopez,Meta Platforms,META,Engineering,Senior Director,76.5,613200,8.1
META-0579,Daniel Okafor,Meta Platforms,META,Sales & GTM,Senior,61.5,103700,12.0
META-0580,Daniel Kim,Meta Platforms,META,Engineering,Staff,99.9,1001400,1.6
META-0581,Samuel Singh,Meta Platforms,META,Engineering,Staff,65.2,333100,4.5
META-0582,Nina Tanaka,Meta Platforms,META,Legal & Policy,Staff,83.7,320500,1.4
META-0583,Raj Anderson,Meta Platforms,META,Research & AI,Staff,80.7,729500,3.8
META-0584,Emily Chen,Meta Platforms,META,Engineering,Staff,84.3,239900,2.7
META-0585,James Ali,Meta Platforms,META,Legal & Policy,Senior,80.2,137800,3.7
META-0586,Kevin Cohen,Meta Platforms,META,Operations,Staff,83.6,366400,7.9
META-0587,Samuel Tanaka,Meta Platforms,META,Legal & Policy,Staff,82.6,405000,1.0
META-0588,Samuel Nguyen,Meta Platforms,META,Engineering,Senior Director,74.0,1379100,5.5
META-0589,Linda Garcia,Meta Platforms,META,Engineering,Principal,100.0,198800,1.7
META-0590,Michael Smith,Meta Platforms,META,Product,Staff,70.7,601200,6.9
META-0591,Raj Martinez,Meta Platforms,META,Engineering,Senior Director,77.5,1257600,17.0
META-0592,Ahmed Cohen,Meta Platforms,META,People/HR,Principal,88.2,146900,4.2
META-0593,Daniel Martinez,Meta Platforms,META,Product,Staff,71.1,479900,3.0
META-0594,Kevin Yamamoto,Meta Platforms,META,Product,Principal,73.2,724500,4.1
META-0595,Mary Chen,Meta Platforms,META,Operations,SVP,87.7,820400,7.8
META-0596,Zoe Reyes,Meta Platforms,META,Legal & Policy,Staff,78.9,393900,14.2
META-0597,Aisha Rossi,Meta Platforms,META,Engineering,Senior,79.1,313600,4.9
META-0598,James Yamamoto,Meta Platforms,META,Research & AI,Senior,73.2,135900,2.9
META-0599,Carlos Wilson,Meta Platforms,META,People/HR,Staff,73.8,141800,6.7
META-0600,Sofia Khan,Meta Platforms,META,Product,Senior,98.0,1106000,6.4
META-0601,Priya Brown,Meta Platforms,META,Engineering,Senior,69.9,218400,5.8
META-0602,Fatima Kim,Meta Platforms,META,Design,Senior Director,84.1,998100,3.7
META-0603,Raj Petrov,Meta Platforms,META,Operations,Senior,75.4,150900,11.1
META-0604,Grace Kim,Meta Platforms,META,Engineering,Principal,97.2,310100,5.5
META-0605,John Khan,Meta Platforms,META,Research & AI,Senior Director,87.7,691000,13.9
META-0606,John Reyes,Meta Platforms,META,Research & AI,Director,72.9,866400,9.6
META-0607,Kevin Cohen,Meta Platforms,META,Engineering,Senior,73.8,239500,5.2
META-0608,John Nguyen,Meta Platforms,META,Legal & Policy,Senior,74.8,734600,3.4
META-0609,Samuel Ali,Meta Platforms,META,Engineering,Staff,74.9,324800,9.7
META-0610,James Smith,Meta Platforms,META,Legal & Policy,Senior,76.8,350000,3.6
META-0611,Linda Nguyen,Meta Platforms,META,Engineering,Staff,86.9,978100,2.7
META-0612,James Park,Meta Platforms,META,Engineering,Senior Director,80.9,890000,4.5
META-0613,Mary Nguyen,Meta Platforms,META,People/HR,Principal,72.4,466100,4.8
META-0614,Maria Park,Meta Platforms,META,Finance,Principal,98.7,917000,13.7
META-0615,James Lopez,Meta Platforms,META,Engineering,Staff,74.5,962300,3.8
META-0616,Priya Tanaka,Meta Platforms,META,Engineering,Principal,60.0,257500,2.6
META-0617,Hiroshi Schmidt,Meta Platforms,META,Sales & GTM,Senior Director,99.8,430700,4.5
META-0618,Elena Lee,Meta Platforms,META,Engineering,Senior,90.3,115900,1.7
META-0619,Hiroshi Wilson,Meta Platforms,META,Engineering,Staff,84.2,204900,4.9
META-0620,Kevin Silva,Meta Platforms,META,Marketing,Staff,75.5,660900,3.3
META-0621,Maria Murphy,Meta Platforms,META,Engineering,Principal,91.3,679500,1.9
META-0622,James Wang,Meta Platforms,META,Engineering,VP,91.9,1252700,6.1
META-0623,James Johnson,Meta Platforms,META,Sales & GTM,Principal,75.2,701200,5.4
META-0624,Maria Rossi,Meta Platforms,META,Research & AI,VP,64.2,5683500,11.0
META-0625,Samuel Chen,Meta Platforms,META,Operations,Senior,85.0,339900,4.0
META-0626,John Smith,Meta Platforms,META,Product,VP,85.5,4181800,5.6
META-0627,Mary Martinez,Meta Platforms,META,Engineering,Senior Director,80.5,1619200,4.4
META-0628,Aisha Anderson,Meta Platforms,META,Engineering,Senior,79.1,784700,2.7
META-0629,Wei Schmidt,Meta Platforms,META,Research & AI,Principal,66.3,414700,5.1
META-0630,Sofia Tanaka,Meta Platforms,META,Engineering,Senior,98.2,387100,1.0
META-0631,John Khan,Meta Platforms,META,Engineering,Senior,86.0,671900,4.4
META-0632,Yuki Martinez,Meta Platforms,META,Engineering,VP,97.3,1320900,10.0
META-0633,Wei Smith,Meta Platforms,META,Sales & GTM,Staff,83.7,505700,4.7
META-0634,Priya Wilson,Meta Platforms,META,Operations,Senior,70.2,118400,7.3
META-0635,Fatima Johnson,Meta Platforms,META,Product,Senior,100.0,760200,1.0
META-0636,Elena Garcia,Meta Platforms,META,Engineering,Staff,59.7,241300,0.8
META-0637,Aisha Murphy,Meta Platforms,META,Engineering,Senior,77.2,148900,5.7
META-0638,Arjun Kim,Meta Platforms,META,Legal & Policy,Director,100.0,1216100,9.2
META-0639,Fatima Wilson,Meta Platforms,META,Product,Principal,98.3,994100,8.8
META-0640,Chen Murphy,Meta Platforms,META,Engineering,Staff,85.8,498800,7.0
META-0641,Carlos Nguyen,Meta Platforms,META,Research & AI,Staff,68.2,187600,6.6
META-0642,Hannah Park,Meta Platforms,META,Sales & GTM,SVP,62.1,927100,7.2
META-0643,Fatima Rossi,Meta Platforms,META,Engineering,Director,69.6,757800,10.3
META-0644,Hannah Reyes,Meta Platforms,META,Marketing,Staff,80.1,141500,6.6
META-0645,Hiroshi Reyes,Meta Platforms,META,Engineering,Senior,77.6,374400,6.7
META-0646,Kevin Petrov,Meta Platforms,META,Product,Senior Director,85.0,561600,8.7
META-0647,Wei Lee,Meta Platforms,META,Engineering,Senior,77.9,147400,1.4
META-0648,Emily Tanaka,Meta Platforms,META,Engineering,Staff,100.0,338000,5.8
META-0649,James Ali,Meta Platforms,META,People/HR,Staff,51.9,182900,3.9
META-0650,Emily Hassan,Meta Platforms,META,Legal & Policy,Staff,77.2,302200,2.5
META-0651,Linda Silva,Meta Platforms,META,Engineering,Senior,71.8,235900,5.6
META-0652,David Anderson,Meta Platforms,META,Legal & Policy,Principal,86.7,354900,6.4
META-0653,Raj Hassan,Meta Platforms,META,Legal & Policy,Senior,90.1,455700,3.1
META-0654,Michael Patel,Meta Platforms,META,Operations,Senior Director,84.8,460500,5.6
META-0655,Grace Anderson,Meta Platforms,META,Research & AI,Senior,74.1,178600,9.5
META-0656,Hannah Petrov,Meta Platforms,META,Legal & Policy,SVP,100.0,1468900,13.8
META-0657,John Singh,Meta Platforms,META,Engineering,Senior,78.9,605600,1.6
META-0658,Thomas Nguyen,Meta Platforms,META,Operations,Director,77.8,1434200,7.4
META-0659,Wei Wilson,Meta Platforms,META,Sales & GTM,Senior,72.7,569300,6.7
META-0660,Priya Ali,Meta Platforms,META,Research & AI,SVP,86.8,870600,7.7
META-0661,Thomas Silva,Meta Platforms,META,Engineering,Senior Director,81.1,1077300,4.8
META-0662,Grace Brown,Meta Platforms,META,Operations,Senior,90.6,383900,2.1
META-0663,Wei Wilson,Meta Platforms,META,Product,Principal,69.0,779400,3.1
META-0664,Maria Patel,Meta Platforms,META,Research & AI,SVP,88.1,1012600,7.4
META-0665,Ahmed Reyes,Meta Platforms,META,Operations,Senior,77.0,331500,1.6
META-0666,Carlos Garcia,Meta Platforms,META,Marketing,Principal,61.5,770700,2.9
META-0667,David Patel,Meta Platforms,META,Engineering,Senior,63.8,51900,0.8
META-0668,Hannah Davis,Meta Platforms,META,Research & AI,Staff,91.5,854300,7.4
META-0669,Maria Rossi,Meta Platforms,META,Research & AI,Senior Director,98.8,766700,3.6
META-0670,Zoe Martinez,Meta Platforms,META,Finance,Principal,79.6,270200,7.3
META-0671,Mary Lopez,Meta Platforms,META,Product,Senior,78.4,274100,9.2
META-0672,Arjun Okafor,Meta Platforms,META,Engineering,Senior Director,87.9,2224000,5.7
META-0673,Samuel Okafor,Meta Platforms,META,Product,Staff,76.7,425600,5.1
META-0674,Chen Yamamoto,Meta Platforms,META,Product,Senior,77.8,287700,4.9
META-0675,Zoe Chen,Meta Platforms,META,Product,Director,79.7,668000,6.3
META-0676,Ahmed Reyes,Meta Platforms,META,Design,Senior,64.4,179900,11.3
META-0677,John Lopez,Meta Platforms,META,Operations,Staff,76.3,189600,4.7
META-0678,Thomas Nguyen,Meta Platforms,META,Engineering,Director,94.4,499400,5.7
META-0679,Sofia Brown,Meta Platforms,META,Design,VP,80.2,868500,8.5
META-0680,Daniel Wilson,Meta Platforms,META,Sales & GTM,Senior,93.8,159500,10.5
META-0681,Emily Lee,Meta Platforms,META,Engineering,VP,93.0,925800,8.6
META-0682,Chen Anderson,Meta Platforms,META,Operations,Senior Director,73.5,972800,6.7
META-0683,Grace Cohen,Meta Platforms,META,Marketing,Senior,69.2,229500,6.0
META-0684,Mary Chen,Meta Platforms,META,Product,Staff,97.5,104000,5.1
META-0685,Aisha Anderson,Meta Platforms,META,Engineering,Principal,91.3,1517300,7.7
META-0686,Ahmed Park,Meta Platforms,META,Engineering,Staff,83.3,420800,3.3
META-0687,Kevin Park,Meta Platforms,META,Sales & GTM,Senior,77.9,483700,2.3
META-0688,Zoe Brown,Meta Platforms,META,Engineering,Senior,100.0,671300,1.3
META-0689,Maria Patel,Meta Platforms,META,Sales & GTM,Staff,78.0,209400,8.9
META-0690,Linda Reyes,Meta Platforms,META,Engineering,Director,71.1,883100,3.9
META-0691,Sofia Lopez,Meta Platforms,META,Sales & GTM,Principal,94.3,558400,5.7
META-0692,Aisha Silva,Meta Platforms,META,Design,Senior Director,67.7,1366100,8.0
META-0693,John Tanaka,Meta Platforms,META,Marketing,Director,73.5,726200,5.3
META-0694,Priya Lee,Meta Platforms,META,Sales & GTM,Principal,82.3,387400,3.7
META-0695,James Lopez,Meta Platforms,META,Legal & Policy,Director,75.2,530300,3.2
META-0696,James Lopez,Meta Platforms,META,Sales & GTM,Director,100.0,1150300,3.7
META-0697,Raj Nguyen,Meta Platforms,META,Engineering,Principal,71.0,536300,17.5
META-0698,Zoe Smith,Meta Platforms,META,Sales & GTM,Senior,66.0,414500,9.6
META-0699,Fatima Brown,Meta Platforms,META,Product,Senior,72.8,661100,1.0
META-0700,David Reyes,Meta Platforms,META,Engineering,VP,85.9,2792700,5.4
META-0701,Emily Murphy,Meta Platforms,META,Research & AI,Senior,71.8,218100,0.9
META-0702,David Park,Meta Platforms,META,People/HR,Senior,89.3,444800,2.1
META-0703,Chen Brown,Meta Platforms,META,Product,VP,78.7,2207800,10.7
META-0704,Hiroshi Lopez,Meta Platforms,META,Product,Senior,56.6,514900,10.6
META-0705,Sofia Anderson,Meta Platforms,META,Engineering,Senior,54.7,363800,9.6
META-0706,Olivia Davis,Meta Platforms,META,People/HR,Staff,100.0,803100,8.0
META-0707,Zoe Anderson,Meta Platforms,META,Operations,Staff,74.0,244700,2.3
META-0708,Arjun Rossi,Meta Platforms,META,Operations,Senior,93.0,708000,7.4
META-0709,Emily Lopez,Meta Platforms,META,Engineering,VP,89.5,806200,12.9
META-0710,Sofia Okafor,Meta Platforms,META,Finance,Senior,71.8,341800,1.4
META-0711,John Park,Meta Platforms,META,Marketing,Senior,63.2,156500,12.2
META-0712,Wei Okafor,Meta Platforms,META,Engineering,Principal,95.6,1217600,4.0
META-0713,Chen Tanaka,Meta Platforms,META,Engineering,Senior,96.0,174000,14.3
META-0714,Raj Murphy,Meta Platforms,META,Marketing,Senior Director,90.2,736000,6.6
META-0715,Samuel Lee,Meta Platforms,META,Engineering,Staff,82.8,472700,4.2
META-0716,Linda Silva,Meta Platforms,META,Finance,Senior Director,83.0,548300,5.9
META-0717,Arjun Johnson,Meta Platforms,META,Research & AI,Senior,87.5,144600,6.0
META-0718,Michael Petrov,Meta Platforms,META,Research & AI,Senior Director,65.7,370800,5.3
META-0719,Olivia Tanaka,Meta Platforms,META,Finance,Senior,81.0,441300,6.6
META-0720,Michael Silva,Meta Platforms,META,Engineering,Senior,75.9,520600,12.4
META-0721,Grace Reyes,Meta Platforms,META,Research & AI,Staff,89.5,612800,2.2
META-0722,Hannah Smith,Meta Platforms,META,Engineering,Director,85.7,840500,4.8
META-0723,Linda Reyes,Meta Platforms,META,Research & AI,Staff,83.0,132700,4.6
META-0724,David Brown,Meta Platforms,META,Engineering,Staff,79.0,308700,4.5
META-0725,John Lee,Meta Platforms,META,Sales & GTM,Senior Director,86.4,1567700,4.4
META-0726,Mary Hassan,Meta Platforms,META,Research & AI,Senior,93.6,742800,8.7
META-0727,Hannah Martinez,Meta Platforms,META,Engineering,Senior,91.2,342900,3.7
META-0728,Mary Lopez,Meta Platforms,META,Legal & Policy,Senior Director,80.3,420700,5.5
META-0729,James Anderson,Meta Platforms,META,Design,Principal,76.7,1285700,4.2
META-0730,Aisha Garcia,Meta Platforms,META,Engineering,Director,90.6,1173100,3.9
META-0731,Wei Chen,Meta Platforms,META,Engineering,Senior Director,72.5,1242500,4.8
META-0732,Daniel Schmidt,Meta Platforms,META,Engineering,Senior,73.3,790300,15.4
META-0733,Grace Nguyen,Meta Platforms,META,Engineering,Staff,66.3,447500,6.8
META-0734,Aisha Davis,Meta Platforms,META,Research & AI,Director,96.5,1298000,3.4
META-0735,Maria Brown,Meta Platforms,META,Sales & GTM,Senior Director,83.6,457200,10.9
META-0736,James Wilson,Meta Platforms,META,Engineering,Staff,62.9,444200,7.8
META-0737,Wei Kim,Meta Platforms,META,Sales & GTM,Senior,70.9,233300,8.9
META-0738,Michael Murphy,Meta Platforms,META,Engineering,Staff,80.2,432600,4.1
META-0739,Carlos Davis,Meta Platforms,META,Finance,Staff,75.0,485500,10.3
META-0740,Olivia Wilson,Meta Platforms,META,Legal & Policy,Director,64.7,509300,5.5
META-0741,James Yamamoto,Meta Platforms,META,Research & AI,Senior,69.5,174600,3.7
META-0742,Sofia Wang,Meta Platforms,META,Operations,VP,94.8,1957400,8.8
META-0743,Maria Khan,Meta Platforms,META,Sales & GTM,Director,84.7,537800,7.6
META-0744,Grace Garcia,Meta Platforms,META,Research & AI,Senior,79.0,272200,6.5
META-0745,Daniel Lopez,Meta Platforms,META,Sales & GTM,Staff,90.9,671900,6.1
META-0746,Emily Wilson,Meta Platforms,META,Design,Principal,97.9,1580600,5.3
META-0747,Mary Schmidt,Meta Platforms,META,Engineering,Principal,84.9,363000,5.9
META-0748,Nina Wang,Meta Platforms,META,Marketing,Staff,81.8,126700,8.8
META-0749,Nina Garcia,Meta Platforms,META,Engineering,Principal,70.1,301200,4.8
META-0750,Ahmed Cohen,Meta Platforms,META,Operations,Staff,85.5,325300,5.8
META-0751,Yuki Patel,Meta Platforms,META,Engineering,Principal,93.2,380900,14.7
META-0752,Samuel Martinez,Meta Platforms,META,Engineering,Staff,79.0,850800,7.8
META-0753,Nina Anderson,Meta Platforms,META,Operations,Senior Director,90.1,630400,5.9
META-0754,Yuki Reyes,Meta Platforms,META,Legal & Policy,Senior Director,93.5,445800,5.8
META-0755,Chen Hassan,Meta Platforms,META,Research & AI,Staff,94.8,569000,6.7
META-0756,Michael Petrov,Meta Platforms,META,People/HR,Senior,73.8,73500,1.9
META-0757,Elena Reyes,Meta Platforms,META,Engineering,Director,95.6,638300,14.3
META-0758,Wei Anderson,Meta Platforms,META,Research & AI,Senior,60.9,345000,1.5
META-0759,Elena Kim,Meta Platforms,META,Sales & GTM,Director,84.5,1214700,5.8
META-0760,Ahmed Anderson,Meta Platforms,META,Engineering,Staff,69.1,313900,4.6
META-0761,James Lee,Meta Platforms,META,Research & AI,Senior,49.8,214500,3.4
META-0762,Thomas Wilson,Meta Platforms,META,Engineering,Senior,75.7,272300,1.3
META-0763,Olivia Patel,Meta Platforms,META,Engineering,Staff,81.4,363800,2.0
META-0764,Linda Silva,Meta Platforms,META,Finance,Senior,58.8,190400,7.0
META-0765,Michael Wilson,Meta Platforms,META,Design,Senior,96.7,357400,10.9
META-0766,Carlos Okafor,Meta Platforms,META,Sales & GTM,Staff,99.8,538900,4.6
META-0767,Emily Schmidt,Meta Platforms,META,Sales & GTM,Staff,86.9,254800,4.7
META-0768,Raj Park,Meta Platforms,META,Product,Senior,80.7,202300,4.8
META-0769,Fatima Park,Meta Platforms,META,Research & AI,Senior,71.1,493900,2.2
META-0770,Thomas Singh,Meta Platforms,META,Operations,Staff,59.8,256700,1.7
META-0771,Ahmed Patel,Meta Platforms,META,Research & AI,Senior,64.8,265300,3.4
META-0772,Olivia Wilson,Meta Platforms,META,Engineering,Staff,68.4,688500,2.9
META-0773,Kevin Wang,Meta Platforms,META,Operations,Director,88.2,1198000,15.6
META-0774,Fatima Yamamoto,Meta Platforms,META,Engineering,Senior,72.9,152700,2.8
META-0775,John Chen,Meta Platforms,META,Engineering,Staff,90.5,232100,3.3
META-0776,Zoe Hassan,Meta Platforms,META,Research & AI,Staff,65.6,287700,7.0
META-0777,Maria Okafor,Meta Platforms,META,Engineering,Senior Director,100.0,519900,5.0
META-0778,Hiroshi Kim,Meta Platforms,META,Sales & GTM,Principal,82.2,1063100,5.2
META-0779,Raj Lopez,Meta Platforms,META,Engineering,Director,83.4,674500,8.1
META-0780,Chen Lopez,Meta Platforms,META,Design,Principal,91.0,373200,5.9
META-0781,Michael Okafor,Meta Platforms,META,Finance,Staff,79.3,361700,7.9
META-0782,Emily Silva,Meta Platforms,META,Legal & Policy,Staff,71.8,409600,3.9
META-0783,Wei Chen,Meta Platforms,META,Sales & GTM,Senior,89.2,694600,4.2
META-0784,Hannah Cohen,Meta Platforms,META,Marketing,Senior,90.7,220000,3.2
META-0785,Samuel Smith,Meta Platforms,META,Operations,Senior,87.3,146300,0.3
META-0786,Wei Patel,Meta Platforms,META,Sales & GTM,Senior,76.5,492900,3.3
META-0787,James Brown,Meta Platforms,META,Product,VP,64.0,919500,6.4
META-0788,Hannah Yamamoto,Meta Platforms,META,Engineering,Senior,82.7,142400,4.0
META-0789,Mary Reyes,Meta Platforms,META,Research & AI,Staff,88.8,314800,4.8
META-0790,Olivia Cohen,Meta Platforms,META,Operations,Director,69.5,341900,10.4
META-0791,Grace Martinez,Meta Platforms,META,Engineering,Staff,63.7,580300,1.9
META-0792,Daniel Rossi,Meta Platforms,META,Engineering,Principal,73.4,752600,5.3
META-0793,Zoe Nguyen,Meta Platforms,META,Research & AI,Senior,90.6,198800,1.3
META-0794,Samuel Wang,Meta Platforms,META,Engineering,Director,74.7,454500,6.8
META-0795,Hannah Martinez,Meta Platforms,META,Research & AI,Principal,72.1,122000,16.2
META-0796,David Chen,Meta Platforms,META,Engineering,Principal,96.4,815400,5.0
META-0797,Olivia Petrov,Meta Platforms,META,Engineering,VP,89.4,1072500,5.7
META-0798,David Kim,Meta Platforms,META,Operations,Senior,93.5,147200,4.6
META-0799,Hannah Garcia,Meta Platforms,META,Finance,Staff,87.0,781000,5.4
META-0800,Olivia Petrov,Meta Platforms,META,Engineering,Senior,80.0,131100,2.4
META-0801,Thomas Khan,Meta Platforms,META,Engineering,Staff,76.0,475000,3.6
META-0802,Hannah Nguyen,Meta Platforms,META,Product,Staff,69.5,480000,1.8
META-0803,Chen Martinez,Meta Platforms,META,Engineering,Staff,70.0,280600,9.8
META-0804,Michael Kim,Meta Platforms,META,Engineering,Staff,93.6,793600,4.3
META-0805,Priya Tanaka,Meta Platforms,META,Research & AI,Director,74.1,462200,8.6
META-0806,Linda Ali,Meta Platforms,META,Design,Staff,95.7,383500,3.1
META-0807,Chen Anderson,Meta Platforms,META,Research & AI,Senior,82.8,162900,6.7
META-0808,Linda Schmidt,Meta Platforms,META,Design,Principal,76.9,576800,9.4
META-0809,Carlos Tanaka,Meta Platforms,META,Product,Staff,86.5,317900,3.5
META-0810,Priya Ali,Meta Platforms,META,Finance,Staff,76.1,284400,2.5
META-0811,Daniel Park,Meta Platforms,META,Finance,Director,68.7,1091600,6.3
META-0812,Olivia Okafor,Meta Platforms,META,Product,Principal,72.6,448400,8.6
META-0813,Samuel Khan,Meta Platforms,META,Engineering,Staff,61.9,527100,8.8
META-0814,Grace Garcia,Meta Platforms,META,Engineering,Staff,70.2,224400,1.2
META-0815,Arjun Anderson,Meta Platforms,META,Product,Principal,86.2,627300,12.0
META-0816,Chen Chen,Meta Platforms,META,Engineering,Senior Director,72.6,913800,8.1
META-0817,James Brown,Meta Platforms,META,Research & AI,Senior Director,75.5,632100,10.3
META-0818,Zoe Kim,Meta Platforms,META,Finance,Staff,99.5,356100,6.9
META-0819,Hiroshi Nguyen,Meta Platforms,META,Engineering,Senior,79.6,916600,4.4
META-0820,Hannah Anderson,Meta Platforms,META,Operations,Senior,76.2,514200,7.7
META-0821,Thomas Smith,Meta Platforms,META,Legal & Policy,Senior Director,80.5,520800,9.2
META-0822,Michael Martinez,Meta Platforms,META,Engineering,Staff,87.2,262600,8.3
META-0823,Yuki Patel,Meta Platforms,META,Research & AI,VP,79.0,1357300,13.7
META-0824,Olivia Park,Meta Platforms,META,Sales & GTM,Staff,76.0,913900,3.8
META-0825,Linda Lee,Meta Platforms,META,Finance,Staff,78.7,94500,8.5
META-0826,Mary Chen,Meta Platforms,META,Research & AI,Staff,80.2,562800,9.7
META-0827,John Petrov,Meta Platforms,META,Legal & Policy,Staff,80.9,176100,3.4
META-0828,Sofia Tanaka,Meta Platforms,META,Sales & GTM,Senior,59.8,215900,9.4
META-0829,Arjun Silva,Meta Platforms,META,Engineering,Senior,65.7,390400,6.4
META-0830,Hannah Wang,Meta Platforms,META,Research & AI,Director,94.5,475400,11.4
META-0831,Zoe Nguyen,Meta Platforms,META,Engineering,Principal,90.6,473500,2.5
META-0832,Thomas Lopez,Meta Platforms,META,Sales & GTM,Staff,68.1,529800,8.6
META-0833,Emily Cohen,Meta Platforms,META,Engineering,Principal,58.3,552800,6.6
META-0834,Emily Petrov,Meta Platforms,META,Design,Senior,91.7,649700,4.2
META-0835,Kevin Lopez,Meta Platforms,META,Engineering,Staff,88.8,687000,4.5
META-0836,James Smith,Meta Platforms,META,Product,Principal,82.9,452100,13.7
META-0837,Kevin Reyes,Meta Platforms,META,Engineering,Senior Director,92.3,942000,16.4
META-0838,James Anderson,Meta Platforms,META,Marketing,Staff,82.6,262200,4.2
META-0839,Emily Yamamoto,Meta Platforms,META,Engineering,Principal,64.3,210900,5.0
META-0840,Chen Hassan,Meta Platforms,META,People/HR,Staff,71.1,471700,5.3
META-0841,Maria Kim,Meta Platforms,META,Research & AI,Senior,92.8,350400,9.3
META-0842,Grace Cohen,Meta Platforms,META,Operations,Senior,63.4,276400,3.9
META-0843,Wei Schmidt,Meta Platforms,META,Research & AI,Staff,83.4,231700,5.2
META-0844,Wei Martinez,Meta Platforms,META,Engineering,Principal,94.9,1002900,5.7
META-0845,Wei Anderson,Meta Platforms,META,Engineering,Staff,82.2,415200,3.4
META-0846,Aisha Lopez,Meta Platforms,META,Operations,Staff,99.6,1900100,4.3
META-0847,Wei Patel,Meta Platforms,META,Product,Principal,88.8,549200,3.8
META-0848,Wei Murphy,Meta Platforms,META,Engineering,Senior,75.1,262700,1.7
META-0849,Maria Schmidt,Meta Platforms,META,Sales & GTM,SVP,72.1,640200,7.5
META-0850,Aisha Park,Meta Platforms,META,Engineering,Senior,75.2,277200,9.8
META-0851,Grace Cohen,Meta Platforms,META,Engineering,Staff,62.2,712800,1.2
META-0852,Samuel Silva,Meta Platforms,META,Engineering,VP,80.5,949200,8.5
META-0853,Kevin Lopez,Meta Platforms,META,Marketing,Principal,75.6,285800,2.6
META-0854,Hiroshi Nguyen,Meta Platforms,META,Engineering,Senior Director,86.8,1010000,8.1
META-0855,Carlos Lee,Meta Platforms,META,Research & AI,VP,96.4,1102700,7.5
META-0856,Emily Reyes,Meta Platforms,META,Engineering,Staff,91.2,186700,3.1
META-0857,John Petrov,Meta Platforms,META,Product,VP,93.3,983400,7.0
META-0858,Daniel Wang,Meta Platforms,META,Engineering,Staff,79.9,1016200,3.1
META-0859,Ahmed Khan,Meta Platforms,META,Finance,Senior,86.2,1124500,5.4
META-0860,Mary Park,Meta Platforms,META,Engineering,Senior,69.3,195500,2.0
META-0861,Hannah Chen,Meta Platforms,META,Engineering,Principal,81.4,242300,3.8
META-0862,Priya Wilson,Meta Platforms,META,Operations,Director,81.0,809300,8.9
META-0863,Kevin Lee,Meta Platforms,META,Engineering,Senior Director,74.3,1725000,4.5
META-0864,Hiroshi Cohen,Meta Platforms,META,Sales & GTM,Staff,66.9,325400,7.2
META-0865,Mary Yamamoto,Meta Platforms,META,Engineering,Principal,74.9,759000,5.8
META-0866,Kevin Lee,Meta Platforms,META,Engineering,Principal,88.6,871000,4.6
META-0867,Yuki Johnson,Meta Platforms,META,Legal & Policy,VP,74.5,844400,5.0
META-0868,Daniel Khan,Meta Platforms,META,Sales & GTM,Senior,81.8,197000,5.9
META-0869,Hannah Johnson,Meta Platforms,META,Product,C-Suite,89.4,2779900,10.9
META-0870,Elena Martinez,Meta Platforms,META,Operations,Principal,74.1,348400,5.0
META-0871,Linda Tanaka,Meta Platforms,META,Product,Senior,58.6,166300,1.4
META-0872,Mary Davis,Meta Platforms,META,Engineering,Senior Director,78.4,480000,3.7
META-0873,Aisha Wang,Meta Platforms,META,Sales & GTM,Principal,95.7,863500,4.2
META-0874,Mary Petrov,Meta Platforms,META,Research & AI,Staff,95.6,144800,3.6
META-0875,Kevin Murphy,Meta Platforms,META,Research & AI,Senior,65.1,287900,8.0
META-0876,Hiroshi Schmidt,Meta Platforms,META,Engineering,Senior,79.8,131000,9.9
META-0877,Yuki Martinez,Meta Platforms,META,Design,Senior,82.3,579900,1.5
META-0878,James Singh,Meta Platforms,META,Finance,Director,74.5,622400,5.6
META-0879,Raj Petrov,Meta Platforms,META,Sales & GTM,Director,97.2,694300,4.2
META-0880,Fatima Yamamoto,Meta Platforms,META,Design,Principal,63.9,129800,5.7
META-0881,Hannah Murphy,Meta Platforms,META,Engineering,C-Suite,79.4,2043500,14.8
META-0882,Thomas Patel,Meta Platforms,META,Operations,Staff,87.5,678900,5.7
META-0883,Carlos Park,Meta Platforms,META,Product,Staff,62.8,487500,5.8
META-0884,Elena Wang,Meta Platforms,META,Sales & GTM,Senior,73.2,254800,4.8
META-0885,David Kim,Meta Platforms,META,Engineering,Director,72.8,952000,4.0
META-0886,Wei Park,Meta Platforms,META,Research & AI,Senior Director,84.5,850100,7.7
META-0887,Raj Wang,Meta Platforms,META,Research & AI,Director,75.5,501200,9.8
META-0888,Sofia Brown,Meta Platforms,META,Engineering,Staff,84.7,307300,6.3
META-0889,Emily Okafor,Meta Platforms,META,Marketing,VP,97.4,2246600,10.7
META-0890,Maria Johnson,Meta Platforms,META,Product,VP,64.9,1435200,8.1
META-0891,Samuel Singh,Meta Platforms,META,Engineering,Senior,84.6,461600,2.2
META-0892,Priya Rossi,Meta Platforms,META,Engineering,Staff,77.4,793500,3.2
META-0893,Fatima Martinez,Meta Platforms,META,Product,Senior,88.4,303700,4.6
META-0894,Michael Yamamoto,Meta Platforms,META,Engineering,Principal,64.2,220200,2.6
META-0895,Michael Petrov,Meta Platforms,META,Sales & GTM,Director,80.6,1441900,8.1
META-0896,Kevin Park,Meta Platforms,META,Sales & GTM,Senior,83.6,139100,5.3
META-0897,Grace Murphy,Meta Platforms,META,Engineering,Staff,88.1,940500,7.4
META-0898,Ahmed Park,Meta Platforms,META,Engineering,Senior,82.5,554200,0.4
META-0899,James Tanaka,Meta Platforms,META,Product,Staff,74.0,299800,4.6
META-0900,Carlos Martinez,Meta Platforms,META,Finance,Principal,72.5,430400,4.1
META-0901,Nina Brown,Meta Platforms,META,Engineering,Staff,71.4,350700,1.7
META-0902,Olivia Hassan,Meta Platforms,META,Research & AI,Senior,76.8,362000,5.5
META-0903,Yuki Schmidt,Meta Platforms,META,Research & AI,Senior,72.6,269200,5.9
META-0904,Arjun Cohen,Meta Platforms,META,Sales & GTM,Senior,86.1,280800,3.2
META-0905,Carlos Ali,Meta Platforms,META,Product,Staff,87.7,513900,2.7
META-0906,Daniel Kim,Meta Platforms,META,Sales & GTM,Senior Director,65.3,1558400,9.7
META-0907,Olivia Nguyen,Meta Platforms,META,Product,Senior,82.6,370400,5.9
META-0908,Olivia Nguyen,Meta Platforms,META,Product,Staff,71.8,576000,6.8
META-0909,James Smith,Meta Platforms,META,Engineering,Staff,75.2,315900,1.9
META-0910,Wei Ali,Meta Platforms,META,People/HR,Senior,87.7,224900,2.2
META-0911,Michael Singh,Meta Platforms,META,Operations,Principal,95.2,311000,4.3
META-0912,James Patel,Meta Platforms,META,Research & AI,Senior Director,84.5,752300,4.2
META-0913,Priya Smith,Meta Platforms,META,Finance,Senior Director,91.0,2234300,6.4
META-0914,Sofia Reyes,Meta Platforms,META,Design,Director,68.7,432900,7.2
META-0915,Raj Schmidt,Meta Platforms,META,Engineering,Staff,79.7,534300,6.0
META-0916,Chen Johnson,Meta Platforms,META,Finance,Principal,90.9,451100,7.2
META-0917,Kevin Park,Meta Platforms,META,Engineering,Director,72.1,806500,16.2
META-0918,Thomas Reyes,Meta Platforms,META,Product,Director,59.5,181100,10.0
META-0919,Raj Anderson,Meta Platforms,META,Operations,Principal,91.4,332400,4.2
META-0920,Maria Martinez,Meta Platforms,META,Research & AI,Staff,83.9,479100,6.8
META-0921,Ahmed Murphy,Meta Platforms,META,Sales & GTM,Senior Director,80.8,1219800,7.0
META-0922,Priya Brown,Meta Platforms,META,Sales & GTM,Staff,72.8,405500,2.6
META-0923,Michael Petrov,Meta Platforms,META,Operations,Principal,95.6,840300,4.8
META-0924,Priya Reyes,Meta Platforms,META,Engineering,Senior,76.5,167300,0.4
META-0925,Carlos Singh,Meta Platforms,META,Engineering,Senior,85.0,319000,0.6
META-0926,Olivia Khan,Meta Platforms,META,Legal & Policy,Senior,74.0,731800,8.9
META-0927,Linda Smith,Meta Platforms,META,Research & AI,Senior Director,77.9,1098200,5.9
META-0928,Priya Smith,Meta Platforms,META,Engineering,Staff,81.8,188300,10.5
META-0929,Ahmed Murphy,Meta Platforms,META,Operations,Principal,80.9,484100,4.9
META-0930,Carlos Khan,Meta Platforms,META,Product,Senior,69.7,262800,4.9
META-0931,Kevin Rossi,Meta Platforms,META,Legal & Policy,Senior Director,93.0,1284100,11.4
META-0932,Sofia Anderson,Meta Platforms,META,Engineering,Senior,74.6,360400,2.6
META-0933,Zoe Wilson,Meta Platforms,META,People/HR,Staff,79.1,735600,4.6
META-0934,Maria Okafor,Meta Platforms,META,Engineering,Senior,75.2,236700,11.8
META-0935,Carlos Ali,Meta Platforms,META,Legal & Policy,Senior,83.3,82900,4.7
META-0936,Fatima Martinez,Meta Platforms,META,Engineering,Staff,85.5,154100,6.1
META-0937,Maria Silva,Meta Platforms,META,Engineering,Principal,77.5,138400,5.8
META-0938,Priya Schmidt,Meta Platforms,META,Research & AI,Director,92.4,273800,4.4
META-0939,Nina Chen,Meta Platforms,META,Finance,Senior,78.4,296400,2.4
META-0940,David Garcia,Meta Platforms,META,Sales & GTM,Senior,69.2,357600,2.4
META-0941,Priya Park,Meta Platforms,META,Product,Senior,75.3,98100,8.1
META-0942,Ahmed Hassan,Meta Platforms,META,Engineering,Senior Director,86.0,707400,8.2
META-0943,Ahmed Wilson,Meta Platforms,META,Engineering,Principal,72.6,435700,6.0
META-0944,Sofia Lee,Meta Platforms,META,Sales & GTM,Principal,100.0,543800,3.1
META-0945,Carlos Smith,Meta Platforms,META,Marketing,Director,80.0,520400,17.6
META-0946,Maria Park,Meta Platforms,META,Operations,Director,84.6,588200,8.1
META-0947,Samuel Khan,Meta Platforms,META,Research & AI,Senior,88.8,409600,13.2
META-0948,James Hassan,Meta Platforms,META,Engineering,Senior,75.6,294200,8.1
META-0949,Carlos Garcia,Meta Platforms,META,Operations,Staff,67.2,300600,2.9
META-0950,Sofia Garcia,Meta Platforms,META,Finance,Principal,100.0,401900,5.5
META-0951,Wei Silva,Meta Platforms,META,Legal & Policy,Senior,86.4,124800,0.2
META-0952,Emily Silva,Meta Platforms,META,Design,Senior,70.5,497000,2.2
META-0953,Wei Okafor,Meta Platforms,META,Sales & GTM,Senior,68.0,537400,1.5
META-0954,Kevin Brown,Meta Platforms,META,Product,Director,70.2,327200,5.9
META-0955,Elena Yamamoto,Meta Platforms,META,Operations,Principal,72.9,361300,9.9
META-0956,Maria Wang,Meta Platforms,META,Engineering,Staff,84.3,208800,11.4
META-0957,Mary Tanaka,Meta Platforms,META,Engineering,Director,100.0,478600,12.2
META-0958,Wei Cohen,Meta Platforms,META,Finance,VP,79.2,655000,21.7
META-0959,Yuki Silva,Meta Platforms,META,Sales & GTM,Senior,73.2,236100,6.8
META-0960,Emily Schmidt,Meta Platforms,META,Finance,VP,100.0,4748700,6.8
META-0961,Emily Kim,Meta Platforms,META,Research & AI,Director,78.5,565800,7.5
META-0962,Michael Schmidt,Meta Platforms,META,Product,Staff,79.2,617100,6.3
META-0963,Daniel Smith,Meta Platforms,META,Research & AI,VP,86.5,500100,6.8
META-0964,Linda Kim,Meta Platforms,META,Engineering,Director,84.9,394800,4.9
META-0965,Michael Rossi,Meta Platforms,META,Engineering,Staff,74.2,174600,5.0
META-0966,Maria Khan,Meta Platforms,META,Design,Senior,79.8,500500,10.0
META-0967,James Schmidt,Meta Platforms,META,Legal & Policy,Senior,75.6,252200,6.3
META-0968,Fatima Brown,Meta Platforms,META,People/HR,Senior Director,78.4,640900,5.2
META-0969,Zoe Lee,Meta Platforms,META,Engineering,Director,73.5,548200,13.5
META-0970,Arjun Lee,Meta Platforms,META,Engineering,Staff,95.8,1001500,0.6
META-0971,Linda Murphy,Meta Platforms,META,Engineering,C-Suite,75.9,2674500,10.7
META-0972,Fatima Hassan,Meta Platforms,META,Research & AI,Principal,76.3,169200,2.9
META-0973,Grace Brown,Meta Platforms,META,Engineering,Senior Director,79.2,713600,5.2
META-0974,Yuki Khan,Meta Platforms,META,Engineering,VP,88.7,1586500,5.8
META-0975,Nina Cohen,Meta Platforms,META,Engineering,Senior,71.4,164400,1.4
META-0976,David Chen,Meta Platforms,META,Engineering,Senior Director,78.6,1092500,16.0
META-0977,Kevin Kim,Meta Platforms,META,Sales & GTM,Senior,73.7,179300,5.1
META-0978,Kevin Chen,Meta Platforms,META,Product,Staff,70.4,447700,8.4
META-0979,Michael Martinez,Meta Platforms,META,Operations,Staff,69.1,152500,4.4
META-0980,Chen Davis,Meta Platforms,META,Research & AI,Staff,86.8,347400,4.8
META-0981,Elena Yamamoto,Meta Platforms,META,Engineering,Principal,65.6,232200,2.6
META-0982,Carlos Silva,Meta Platforms,META,Research & AI,Principal,80.2,380200,5.6
META-0983,Mary Hassan,Meta Platforms,META,Research & AI,Senior,73.1,192300,5.0
META-0984,Fatima Khan,Meta Platforms,META,Engineering,Staff,76.6,213800,3.8
META-0985,Olivia Wilson,Meta Platforms,META,Operations,Senior,71.9,497900,6.2
META-0986,Ahmed Garcia,Meta Platforms,META,Product,Principal,63.9,463800,5.8
META-0987,Michael Murphy,Meta Platforms,META,Research & AI,Senior,64.0,150800,2.2
META-0988,Linda Rossi,Meta Platforms,META,Product,Staff,90.0,349300,3.3
META-0989,David Garcia,Meta Platforms,META,Legal & Policy,Senior Director,88.4,2081900,9.7
META-0990,Hiroshi Chen,Meta Platforms,META,Sales & GTM,C-Suite,89.5,3368900,19.1
META-0991,Thomas Patel,Meta Platforms,META,People/HR,Senior,93.0,372700,3.3
META-0992,James Singh,Meta Platforms,META,Engineering,Senior Director,77.3,504700,8.9
META-0993,David Rossi,Meta Platforms,META,Finance,Staff,73.7,238600,3.1
META-0994,Nina Brown,Meta Platforms,META,Research & AI,Senior Director,74.5,771500,9.8
META-0995,Ahmed Cohen,Meta Platforms,META,Legal & Policy,Staff,89.0,97800,2.4
META-0996,Carlos Anderson,Meta Platforms,META,Sales & GTM,Staff,77.3,303100,4.3
META-0997,Raj Lee,Meta Platforms,META,Design,Senior,80.6,160300,1.9
META-0998,Michael Wang,Meta Platforms,META,Product,VP,84.8,3102200,19.6
META-0999,Mary Anderson,Meta Platforms,META,Engineering,Staff,84.3,420400,4.2
META-1000,Hiroshi Garcia,Meta Platforms,META,Product,Staff,81.8,482200,1.2
